phase_id,pred_label,pred_prob_high,true_label
P1_V10_Phase1,0,0.49180314,0
P1_V10_Phase10,0,0.49364376,0
P1_V10_Phase11,0,0.49363074,0
P1_V10_Phase12,0,0.49060443,0
P1_V10_Phase13,1,0.5023762,0
P1_V10_Phase14,0,0.48808387,0
P1_V10_Phase15,0,0.48702246,0
P1_V10_Phase16,0,0.49095258,0
P1_V10_Phase2,0,0.4897935,0
P1_V10_Phase3,0,0.4900235,0
P1_V10_Phase4,0,0.4932582,0
P1_V10_Phase5,0,0.49405426,0
P1_V10_Phase6,0,0.49358615,0
P1_V10_Phase7,0,0.49379933,0
P1_V10_Phase8,0,0.4885803,0
P1_V10_Phase9,0,0.4978094,0
P1_V11_Phase1,0,0.49050263,0
P1_V11_Phase10,0,0.4910458,0
P1_V11_Phase11,0,0.49227518,0
P1_V11_Phase12,0,0.49348086,0
P1_V11_Phase2,0,0.49048084,0
P1_V11_Phase3,0,0.48999327,0
P1_V11_Phase4,0,0.48539516,0
P1_V11_Phase5,0,0.49297294,0
P1_V11_Phase6,0,0.48802245,0
P1_V11_Phase7,0,0.49165156,0
P1_V11_Phase8,0,0.48801878,0
P1_V11_Phase9,0,0.49176311,0
P1_V12_Phase1,0,0.49152952,0
P1_V12_Phase10,0,0.4880958,1
P1_V12_Phase11,0,0.49199313,1
P1_V12_Phase12,0,0.4888743,1
P1_V12_Phase13,0,0.49044937,1
P1_V12_Phase14,0,0.49529153,1
P1_V12_Phase15,0,0.48832494,1
P1_V12_Phase16,0,0.49541467,1
P1_V12_Phase17,0,0.49956918,1
P1_V12_Phase18,0,0.49376336,1
P1_V12_Phase19,0,0.49704692,1
P1_V12_Phase2,0,0.49149537,0
P1_V12_Phase20,0,0.48964664,1
P1_V12_Phase21,0,0.4919198,1
P1_V12_Phase22,0,0.48519194,1
P1_V12_Phase23,0,0.49169257,1
P1_V12_Phase25,0,0.49698865,1
P1_V12_Phase26,0,0.48950535,1
P1_V12_Phase27,0,0.48993778,1
P1_V12_Phase28,0,0.4833311,1
P1_V12_Phase29,0,0.48997054,1
P1_V12_Phase3,0,0.48708263,0
P1_V12_Phase30,0,0.493099,0
P1_V12_Phase31,0,0.49010396,1
P1_V12_Phase32,0,0.48910812,0
P1_V12_Phase33,0,0.48909822,1
P1_V12_Phase34,1,0.50536865,0
P1_V12_Phase35,0,0.4896517,0
P1_V12_Phase36,0,0.49115756,0
P1_V12_Phase37,0,0.4867622,0
P1_V12_Phase38,0,0.4900993,1
P1_V12_Phase39,0,0.48716918,0
P1_V12_Phase4,0,0.49162012,1
P1_V12_Phase40,0,0.4887678,1
P1_V12_Phase41,0,0.48759478,0
P1_V12_Phase42,0,0.49159732,1
P1_V12_Phase43,0,0.4889446,1
P1_V12_Phase44,0,0.4907441,1
P1_V12_Phase45,0,0.4829546,1
P1_V12_Phase46,0,0.49181733,1
P1_V12_Phase47,0,0.48578456,0
P1_V12_Phase48,0,0.49169418,0
P1_V12_Phase49,0,0.48393774,1
P1_V12_Phase5,0,0.49130705,1
P1_V12_Phase50,0,0.4868125,0
P1_V12_Phase51,0,0.4879907,1
P1_V12_Phase52,0,0.4827614,0
P1_V12_Phase53,0,0.48807526,1
P1_V12_Phase54,0,0.48660943,0
P1_V12_Phase55,0,0.49256888,0
P1_V12_Phase56,0,0.49389032,0
P1_V12_Phase57,0,0.4849941,1
P1_V12_Phase58,0,0.48988873,0
P1_V12_Phase59,0,0.48929462,1
P1_V12_Phase6,0,0.49265125,1
P1_V12_Phase60,0,0.4866278,0
P1_V12_Phase61,0,0.48734456,0
P1_V12_Phase62,0,0.49288344,0
P1_V12_Phase63,0,0.48967084,0
P1_V12_Phase64,0,0.4851922,0
P1_V12_Phase65,0,0.48258355,0
P1_V12_Phase66,0,0.48994178,0
P1_V12_Phase67,0,0.4850904,0
P1_V12_Phase68,0,0.4902265,0
P1_V12_Phase69,0,0.48535302,0
P1_V12_Phase7,0,0.49189904,1
P1_V12_Phase8,0,0.49019092,1
P1_V12_Phase9,0,0.4873168,1
P1_V13_Phase1,0,0.49283877,0
P1_V13_Phase10,0,0.4926636,0
P1_V13_Phase100,0,0.4891118,1
P1_V13_Phase101,1,0.5016409,1
P1_V13_Phase102,0,0.49001846,1
P1_V13_Phase103,0,0.48336744,1
P1_V13_Phase11,0,0.48908103,1
P1_V13_Phase12,0,0.48883978,1
P1_V13_Phase13,0,0.49492234,1
P1_V13_Phase14,0,0.49130237,1
P1_V13_Phase15,0,0.48851052,0
P1_V13_Phase16,0,0.48520017,0
P1_V13_Phase17,0,0.48661244,0
P1_V13_Phase18,0,0.49202132,0
P1_V13_Phase19,0,0.48522553,1
P1_V13_Phase2,0,0.4888296,0
P1_V13_Phase20,0,0.49077925,0
P1_V13_Phase21,0,0.48875317,0
P1_V13_Phase22,0,0.49028352,0
P1_V13_Phase23,0,0.49436855,0
P1_V13_Phase24,0,0.4952599,0
P1_V13_Phase25,0,0.4871599,0
P1_V13_Phase26,0,0.4893797,0
P1_V13_Phase27,0,0.48917457,0
P1_V13_Phase28,0,0.49988717,1
P1_V13_Phase29,1,0.5061723,0
P1_V13_Phase3,0,0.49269748,0
P1_V13_Phase30,1,0.50259805,0
P1_V13_Phase31,0,0.49015775,0
P1_V13_Phase32,0,0.49115682,0
P1_V13_Phase33,0,0.4945683,0
P1_V13_Phase34,0,0.49674723,1
P1_V13_Phase36,0,0.4900182,0
P1_V13_Phase37,0,0.4897221,0
P1_V13_Phase38,0,0.48724312,0
P1_V13_Phase39,0,0.49524993,0
P1_V13_Phase4,0,0.49455935,0
P1_V13_Phase40,0,0.49101382,0
P1_V13_Phase41,0,0.4871348,1
P1_V13_Phase42,0,0.48737067,1
P1_V13_Phase43,0,0.48972842,0
P1_V13_Phase44,0,0.49268126,1
P1_V13_Phase45,0,0.4917376,1
P1_V13_Phase46,0,0.49141246,1
P1_V13_Phase47,1,0.5015745,0
P1_V13_Phase48,0,0.4860942,1
P1_V13_Phase49,0,0.4866718,1
P1_V13_Phase5,0,0.48641688,0
P1_V13_Phase50,0,0.48615018,1
P1_V13_Phase51,0,0.48793814,0
P1_V13_Phase52,0,0.48667118,0
P1_V13_Phase53,0,0.49088204,0
P1_V13_Phase54,0,0.49170774,0
P1_V13_Phase55,0,0.4903564,0
P1_V13_Phase56,0,0.48705786,1
P1_V13_Phase57,0,0.48497635,0
P1_V13_Phase58,0,0.48579288,0
P1_V13_Phase59,0,0.49028206,0
P1_V13_Phase6,0,0.49661767,1
P1_V13_Phase60,0,0.4888836,0
P1_V13_Phase61,0,0.49406233,1
P1_V13_Phase62,0,0.48914072,1
P1_V13_Phase63,0,0.48723918,1
P1_V13_Phase64,0,0.4895545,1
P1_V13_Phase65,0,0.49733156,1
P1_V13_Phase66,0,0.48745245,1
P1_V13_Phase67,0,0.49015942,1
P1_V13_Phase68,0,0.4829876,1
P1_V13_Phase69,0,0.48718163,1
P1_V13_Phase7,1,0.5034332,1
P1_V13_Phase70,0,0.49081576,1
P1_V13_Phase71,0,0.49419767,0
P1_V13_Phase72,0,0.4911786,1
P1_V13_Phase73,0,0.49150524,0
P1_V13_Phase74,0,0.48848444,0
P1_V13_Phase75,0,0.49249712,0
P1_V13_Phase76,0,0.4888148,1
P1_V13_Phase77,0,0.48867178,1
P1_V13_Phase78,0,0.4898139,1
P1_V13_Phase79,0,0.488688,1
P1_V13_Phase8,0,0.4857078,0
P1_V13_Phase80,1,0.51052195,1
P1_V13_Phase81,0,0.48349056,1
P1_V13_Phase82,0,0.4924462,1
P1_V13_Phase83,0,0.48918042,1
P1_V13_Phase84,0,0.4888161,1
P1_V13_Phase85,0,0.4897893,1
P1_V13_Phase86,0,0.49084285,1
P1_V13_Phase87,1,0.50742495,1
P1_V13_Phase88,0,0.48286977,1
P1_V13_Phase89,0,0.4909562,0
P1_V13_Phase9,0,0.49274057,0
P1_V13_Phase90,0,0.49539867,1
P1_V13_Phase91,0,0.49246123,1
P1_V13_Phase92,0,0.48937586,1
P1_V13_Phase93,0,0.48989266,1
P1_V13_Phase94,0,0.49237907,1
P1_V13_Phase95,0,0.49554753,1
P1_V13_Phase96,0,0.49471408,1
P1_V13_Phase97,0,0.49103245,1
P1_V13_Phase98,0,0.4915979,1
P1_V13_Phase99,0,0.49851093,1
P1_V14_Phase1,0,0.4919089,0
P1_V14_Phase10,0,0.48930067,1
P1_V14_Phase11,0,0.48948234,1
P1_V14_Phase12,0,0.49538943,0
P1_V14_Phase13,0,0.49161464,1
P1_V14_Phase14,0,0.4832306,0
P1_V14_Phase15,0,0.4842312,1
P1_V14_Phase16,0,0.48728558,0
P1_V14_Phase17,0,0.48946646,1
P1_V14_Phase18,1,0.50173795,1
P1_V14_Phase19,0,0.48781583,1
P1_V14_Phase2,0,0.48318663,0
P1_V14_Phase20,0,0.4927197,1
P1_V14_Phase21,0,0.48948497,1
P1_V14_Phase22,0,0.4969085,1
P1_V14_Phase23,0,0.48811218,1
P1_V14_Phase24,0,0.4903685,1
P1_V14_Phase25,0,0.4928308,1
P1_V14_Phase26,0,0.48637,0
P1_V14_Phase27,0,0.4909547,1
P1_V14_Phase28,0,0.49362397,1
P1_V14_Phase29,0,0.48966405,1
P1_V14_Phase3,0,0.49140579,0
P1_V14_Phase30,0,0.48908243,1
P1_V14_Phase31,0,0.48814955,0
P1_V14_Phase32,0,0.4883945,1
P1_V14_Phase33,0,0.49485806,1
P1_V14_Phase34,0,0.48398772,1
P1_V14_Phase35,0,0.4884465,1
P1_V14_Phase36,0,0.48945495,1
P1_V14_Phase37,0,0.49331215,1
P1_V14_Phase38,0,0.49021763,1
P1_V14_Phase39,0,0.49244314,1
P1_V14_Phase4,0,0.49272478,1
P1_V14_Phase40,0,0.4910746,1
P1_V14_Phase41,0,0.4927238,0
P1_V14_Phase42,0,0.4916847,1
P1_V14_Phase43,0,0.48887205,0
P1_V14_Phase44,0,0.48809665,0
P1_V14_Phase45,0,0.49255896,0
P1_V14_Phase46,0,0.48429286,1
P1_V14_Phase5,0,0.48245603,1
P1_V14_Phase6,0,0.49126664,1
P1_V14_Phase7,0,0.48409924,1
P1_V14_Phase8,0,0.4960406,0
P1_V14_Phase9,0,0.4937914,1
P1_V15_Phase1,0,0.49476427,1
P1_V15_Phase10,0,0.49118787,1
P1_V15_Phase11,0,0.4925275,1
P1_V15_Phase12,1,0.5063961,1
P1_V15_Phase13,1,0.5019885,1
P1_V15_Phase14,1,0.5061195,1
P1_V15_Phase15,0,0.49548075,1
P1_V15_Phase16,0,0.49409264,1
P1_V15_Phase17,1,0.5036798,1
P1_V15_Phase18,0,0.4913619,1
P1_V15_Phase19,0,0.48653996,1
P1_V15_Phase2,0,0.48859015,1
P1_V15_Phase20,0,0.48976263,1
P1_V15_Phase21,0,0.49078754,1
P1_V15_Phase22,0,0.49322766,0
P1_V15_Phase23,0,0.49517116,1
P1_V15_Phase24,1,0.50781524,1
P1_V15_Phase25,0,0.48846862,1
P1_V15_Phase26,0,0.49938163,1
P1_V15_Phase27,0,0.48985478,1
P1_V15_Phase28,0,0.49791175,0
P1_V15_Phase29,0,0.4895024,1
P1_V15_Phase3,0,0.49395996,0
P1_V15_Phase30,0,0.48839778,0
P1_V15_Phase31,0,0.4958268,1
P1_V15_Phase32,1,0.51170397,1
P1_V15_Phase33,0,0.49120212,1
P1_V15_Phase34,1,0.50664836,0
P1_V15_Phase35,0,0.49895224,1
P1_V15_Phase36,0,0.4902143,1
P1_V15_Phase37,0,0.4860086,0
P1_V15_Phase38,1,0.5063019,1
P1_V15_Phase39,0,0.4891887,1
P1_V15_Phase4,1,0.50153136,1
P1_V15_Phase40,0,0.4911401,1
P1_V15_Phase41,0,0.491919,1
P1_V15_Phase42,0,0.4925805,0
P1_V15_Phase43,0,0.49160746,0
P1_V15_Phase44,0,0.48785812,1
P1_V15_Phase45,0,0.48847628,0
P1_V15_Phase46,0,0.49232113,0
P1_V15_Phase47,0,0.49010888,1
P1_V15_Phase48,0,0.48807302,1
P1_V15_Phase49,0,0.4940137,1
P1_V15_Phase5,0,0.4975544,1
P1_V15_Phase50,0,0.49427646,1
P1_V15_Phase51,1,0.5032803,1
P1_V15_Phase52,0,0.49779844,1
P1_V15_Phase53,1,0.5111163,1
P1_V15_Phase54,0,0.48844975,0
P1_V15_Phase6,0,0.49042723,1
P1_V15_Phase7,0,0.49081174,0
P1_V15_Phase8,0,0.4911693,1
P1_V15_Phase9,0,0.4913721,0
P1_V16_Phase1,0,0.4874219,1
P1_V16_Phase11,0,0.49494997,1
P1_V16_Phase12,0,0.49122083,0
P1_V16_Phase13,0,0.49124208,1
P1_V16_Phase14,0,0.4873146,0
P1_V16_Phase17,0,0.49129155,0
P1_V16_Phase18,0,0.4877498,0
P1_V16_Phase2,0,0.48912665,1
P1_V16_Phase20,0,0.49189365,0
P1_V16_Phase21,0,0.48417822,1
P1_V16_Phase22,0,0.49280345,0
P1_V16_Phase23,0,0.49124345,0
P1_V16_Phase24,0,0.4845367,0
P1_V16_Phase25,0,0.49433604,0
P1_V16_Phase3,0,0.48797742,0
P1_V16_Phase4,0,0.4892195,1
P1_V16_Phase5,0,0.4931072,0
P1_V16_Phase6,0,0.48209938,0
P1_V16_Phase7,0,0.489959,1
P1_V16_Phase8,0,0.49193737,1
P1_V16_Phase9,1,0.5034356,0
P1_V17_Phase1,0,0.49999222,0
P1_V17_Phase10,0,0.4882903,1
P1_V17_Phase11,0,0.49644107,0
P1_V17_Phase12,0,0.48726523,1
P1_V17_Phase13,0,0.49171767,1
P1_V17_Phase14,0,0.49254,1
P1_V17_Phase15,0,0.4913227,1
P1_V17_Phase16,0,0.4896761,1
P1_V17_Phase17,0,0.48688662,1
P1_V17_Phase18,0,0.4865029,1
P1_V17_Phase19,0,0.4876429,1
P1_V17_Phase2,0,0.49084628,0
P1_V17_Phase20,0,0.48756808,0
P1_V17_Phase21,0,0.48589554,1
P1_V17_Phase22,1,0.50975615,0
P1_V17_Phase23,0,0.4892621,0
P1_V17_Phase24,0,0.49310553,0
P1_V17_Phase25,1,0.5100452,1
P1_V17_Phase26,0,0.4927115,0
P1_V17_Phase27,0,0.48672977,0
P1_V17_Phase28,0,0.48885274,0
P1_V17_Phase29,0,0.48616284,1
P1_V17_Phase3,0,0.48847553,1
P1_V17_Phase30,0,0.48231134,1
P1_V17_Phase31,0,0.4837506,1
P1_V17_Phase32,0,0.4907494,0
P1_V17_Phase33,0,0.48403817,1
P1_V17_Phase34,0,0.4885454,1
P1_V17_Phase35,0,0.49099717,1
P1_V17_Phase36,0,0.49127352,1
P1_V17_Phase37,0,0.49193648,1
P1_V17_Phase38,0,0.48756924,1
P1_V17_Phase39,0,0.49127975,1
P1_V17_Phase4,0,0.49100795,1
P1_V17_Phase40,0,0.48810962,1
P1_V17_Phase41,0,0.48463973,1
P1_V17_Phase42,0,0.48852286,1
P1_V17_Phase43,0,0.489705,1
P1_V17_Phase44,0,0.4907174,1
P1_V17_Phase45,0,0.49105877,1
P1_V17_Phase46,0,0.48656505,1
P1_V17_Phase47,0,0.48546404,1
P1_V17_Phase48,0,0.4912518,1
P1_V17_Phase49,0,0.49134085,1
P1_V17_Phase5,0,0.49079654,1
P1_V17_Phase50,0,0.4923726,1
P1_V17_Phase51,0,0.4896353,1
P1_V17_Phase52,1,0.5003486,0
P1_V17_Phase53,0,0.48145345,0
P1_V17_Phase6,0,0.49154776,0
P1_V17_Phase7,0,0.48856005,0
P1_V17_Phase8,0,0.4874143,0
P1_V17_Phase9,0,0.48696175,1
P1_V18_Phase1,0,0.4918068,0
P1_V18_Phase10,0,0.49287978,1
P1_V18_Phase11,0,0.49526253,1
P1_V18_Phase12,0,0.4935727,1
P1_V18_Phase13,0,0.48481035,1
P1_V18_Phase14,0,0.48874408,0
P1_V18_Phase15,0,0.49314156,1
P1_V18_Phase16,0,0.49153003,1
P1_V18_Phase17,0,0.49193746,1
P1_V18_Phase18,0,0.4911934,0
P1_V18_Phase19,0,0.48960665,1
P1_V18_Phase2,0,0.4923038,1
P1_V18_Phase20,0,0.48956347,0
P1_V18_Phase21,0,0.48291612,0
P1_V18_Phase22,0,0.49264616,0
P1_V18_Phase23,0,0.48701787,0
P1_V18_Phase24,0,0.4883644,0
P1_V18_Phase25,0,0.49697033,1
P1_V18_Phase26,0,0.49281615,0
P1_V18_Phase27,0,0.495818,1
P1_V18_Phase28,0,0.49053723,0
P1_V18_Phase29,1,0.51291233,0
P1_V18_Phase3,0,0.49970233,1
P1_V18_Phase30,0,0.49038872,1
P1_V18_Phase31,0,0.4883654,1
P1_V18_Phase32,0,0.49227202,0
P1_V18_Phase33,0,0.49801508,0
P1_V18_Phase34,0,0.485256,1
P1_V18_Phase35,1,0.51664954,1
P1_V18_Phase36,0,0.48647663,0
P1_V18_Phase37,0,0.48596,1
P1_V18_Phase38,0,0.4871944,1
P1_V18_Phase39,0,0.48738906,1
P1_V18_Phase4,0,0.49406466,0
P1_V18_Phase40,0,0.4908939,1
P1_V18_Phase41,0,0.4927086,1
P1_V18_Phase42,0,0.48520482,0
P1_V18_Phase43,0,0.48898858,1
P1_V18_Phase44,0,0.48559302,1
P1_V18_Phase45,1,0.50337446,0
P1_V18_Phase46,0,0.4929626,0
P1_V18_Phase47,0,0.4858586,1
P1_V18_Phase48,1,0.51645136,1
P1_V18_Phase49,0,0.49299753,1
P1_V18_Phase5,0,0.4854203,0
P1_V18_Phase50,0,0.490775,0
P1_V18_Phase51,0,0.49181914,1
P1_V18_Phase52,0,0.49106556,0
P1_V18_Phase53,0,0.48821664,0
P1_V18_Phase54,1,0.5105235,1
P1_V18_Phase55,0,0.48904288,0
P1_V18_Phase56,0,0.4910668,1
P1_V18_Phase57,0,0.49083632,0
P1_V18_Phase58,0,0.49013656,0
P1_V18_Phase59,0,0.49467668,1
P1_V18_Phase6,0,0.4936984,1
P1_V18_Phase60,0,0.49133658,1
P1_V18_Phase61,0,0.49039298,0
P1_V18_Phase62,0,0.49155012,0
P1_V18_Phase63,0,0.4920295,0
P1_V18_Phase64,1,0.50335026,1
P1_V18_Phase65,0,0.4857532,0
P1_V18_Phase66,0,0.48699382,1
P1_V18_Phase67,0,0.48789775,1
P1_V18_Phase68,0,0.48601156,1
P1_V18_Phase69,0,0.4949034,1
P1_V18_Phase7,0,0.48472998,1
P1_V18_Phase70,0,0.4935874,1
P1_V18_Phase71,1,0.50167423,0
P1_V18_Phase72,0,0.49269864,0
P1_V18_Phase73,0,0.48889986,0
P1_V18_Phase74,0,0.48621225,0
P1_V18_Phase75,0,0.49681225,0
P1_V18_Phase76,0,0.49482787,1
P1_V18_Phase77,0,0.48961467,0
P1_V18_Phase78,1,0.5037509,0
P1_V18_Phase79,0,0.48992163,1
P1_V18_Phase8,0,0.49252936,0
P1_V18_Phase80,1,0.50000304,1
P1_V18_Phase81,0,0.4986992,1
P1_V18_Phase82,0,0.4935581,1
P1_V18_Phase9,0,0.49640945,1
P1_V19_Phase1,0,0.49149343,1
P1_V19_Phase10,0,0.49210995,0
P1_V19_Phase11,0,0.48972067,0
P1_V19_Phase12,0,0.49350104,0
P1_V19_Phase13,0,0.49153233,1
P1_V19_Phase14,0,0.49604407,1
P1_V19_Phase15,0,0.49093944,0
P1_V19_Phase16,0,0.4864987,0
P1_V19_Phase17,0,0.4871671,1
P1_V19_Phase18,0,0.4890814,1
P1_V19_Phase19,0,0.4944886,0
P1_V19_Phase2,0,0.49353784,0
P1_V19_Phase20,0,0.4907032,1
P1_V19_Phase21,0,0.4913736,0
P1_V19_Phase22,1,0.50068426,0
P1_V19_Phase23,0,0.48521867,0
P1_V19_Phase24,0,0.4903811,1
P1_V19_Phase25,0,0.4888187,1
P1_V19_Phase26,0,0.49204943,1
P1_V19_Phase27,0,0.49124038,0
P1_V19_Phase28,0,0.48889935,1
P1_V19_Phase29,0,0.48998505,0
P1_V19_Phase3,0,0.48862904,1
P1_V19_Phase30,0,0.49343362,0
P1_V19_Phase31,0,0.49063882,1
P1_V19_Phase32,0,0.49893346,0
P1_V19_Phase33,0,0.49101338,0
P1_V19_Phase34,0,0.4929434,1
P1_V19_Phase35,0,0.48841554,0
P1_V19_Phase36,0,0.49071097,0
P1_V19_Phase37,1,0.503664,1
P1_V19_Phase38,0,0.49769655,0
P1_V19_Phase39,0,0.48989055,1
P1_V19_Phase4,0,0.49113882,0
P1_V19_Phase40,0,0.48896414,0
P1_V19_Phase41,0,0.48871404,0
P1_V19_Phase42,0,0.49477655,1
P1_V19_Phase43,0,0.49094293,0
P1_V19_Phase44,0,0.49124482,1
P1_V19_Phase45,0,0.4874461,0
P1_V19_Phase46,0,0.48870063,1
P1_V19_Phase47,0,0.4889327,1
P1_V19_Phase48,0,0.48705655,0
P1_V19_Phase49,0,0.48613635,0
P1_V19_Phase5,0,0.49108234,0
P1_V19_Phase50,0,0.48941633,0
P1_V19_Phase51,0,0.4915349,1
P1_V19_Phase52,0,0.4898006,0
P1_V19_Phase53,0,0.49285266,0
P1_V19_Phase54,0,0.49070588,0
P1_V19_Phase55,0,0.4898457,0
P1_V19_Phase56,0,0.48460987,0
P1_V19_Phase57,0,0.4851809,0
P1_V19_Phase58,0,0.48783028,1
P1_V19_Phase59,0,0.4918351,1
P1_V19_Phase6,0,0.48638833,1
P1_V19_Phase60,1,0.5046108,1
P1_V19_Phase61,0,0.48680186,1
P1_V19_Phase62,0,0.4896005,1
P1_V19_Phase63,0,0.48938236,1
P1_V19_Phase64,0,0.48997316,0
P1_V19_Phase65,0,0.48998234,0
P1_V19_Phase66,0,0.4908235,1
P1_V19_Phase67,0,0.49095494,1
P1_V19_Phase68,0,0.48775885,1
P1_V19_Phase69,0,0.48788264,1
P1_V19_Phase7,0,0.4826715,0
P1_V19_Phase70,1,0.50082886,1
P1_V19_Phase71,0,0.4852895,1
P1_V19_Phase72,0,0.49037656,0
P1_V19_Phase73,0,0.48662835,1
P1_V19_Phase74,0,0.48605198,1
P1_V19_Phase75,0,0.48818454,0
P1_V19_Phase76,0,0.4858285,0
P1_V19_Phase8,0,0.4902257,1
P1_V19_Phase9,0,0.4910073,0
P1_V1_Phase1,0,0.48757273,0
P1_V1_Phase10,1,0.5035806,0
P1_V1_Phase11,0,0.48740748,0
P1_V1_Phase2,0,0.4954675,0
P1_V1_Phase3,0,0.4910996,0
P1_V1_Phase4,0,0.49860215,0
P1_V1_Phase5,0,0.4894534,0
P1_V1_Phase6,0,0.4953959,0
P1_V1_Phase7,0,0.49435723,0
P1_V1_Phase8,0,0.4915881,0
P1_V1_Phase9,0,0.4868513,0
P1_V20_Phase1,0,0.49974534,1
P1_V20_Phase10,1,0.50461584,1
P1_V20_Phase11,0,0.48714587,1
P1_V20_Phase12,0,0.49024186,1
P1_V20_Phase13,0,0.4919062,1
P1_V20_Phase14,0,0.49111682,1
P1_V20_Phase15,1,0.512245,1
P1_V20_Phase16,0,0.4896487,1
P1_V20_Phase17,0,0.48953313,1
P1_V20_Phase18,0,0.4915013,0
P1_V20_Phase19,0,0.49524766,0
P1_V20_Phase2,0,0.48665187,1
P1_V20_Phase20,0,0.48868498,0
P1_V20_Phase21,0,0.49156404,1
P1_V20_Phase22,0,0.4928254,1
P1_V20_Phase23,0,0.4899381,1
P1_V20_Phase24,0,0.4899777,1
P1_V20_Phase25,0,0.48491064,1
P1_V20_Phase26,0,0.4935756,1
P1_V20_Phase27,0,0.488417,1
P1_V20_Phase28,0,0.49271238,1
P1_V20_Phase29,0,0.48302236,1
P1_V20_Phase3,0,0.4892542,1
P1_V20_Phase30,0,0.49686325,1
P1_V20_Phase31,0,0.4861384,1
P1_V20_Phase32,0,0.4892037,0
P1_V20_Phase4,0,0.48811457,1
P1_V20_Phase5,0,0.48796284,1
P1_V20_Phase6,0,0.48778662,0
P1_V20_Phase7,0,0.48985514,1
P1_V20_Phase8,0,0.4855837,1
P1_V20_Phase9,0,0.4868969,1
P1_V21_Phase1,0,0.48039728,0
P1_V21_Phase10,0,0.48762804,1
P1_V21_Phase11,1,0.5080551,1
P1_V21_Phase12,0,0.4972664,1
P1_V21_Phase13,0,0.49186665,0
P1_V21_Phase14,0,0.48749074,0
P1_V21_Phase15,0,0.49125656,1
P1_V21_Phase16,0,0.49188155,0
P1_V21_Phase17,0,0.48524547,0
P1_V21_Phase18,0,0.4951008,0
P1_V21_Phase19,1,0.50244784,0
P1_V21_Phase2,0,0.4901044,1
P1_V21_Phase20,0,0.49233693,0
P1_V21_Phase21,0,0.491061,1
P1_V21_Phase22,0,0.49219832,1
P1_V21_Phase23,0,0.49654797,0
P1_V21_Phase24,1,0.5008449,1
P1_V21_Phase25,0,0.49054822,1
P1_V21_Phase26,0,0.49231604,0
P1_V21_Phase27,0,0.48729298,1
P1_V21_Phase28,0,0.49972844,1
P1_V21_Phase29,0,0.4910377,0
P1_V21_Phase3,0,0.48500264,0
P1_V21_Phase30,0,0.4857077,1
P1_V21_Phase31,0,0.49018535,1
P1_V21_Phase33,0,0.48879537,1
P1_V21_Phase34,0,0.48561105,1
P1_V21_Phase35,0,0.4864655,0
P1_V21_Phase36,0,0.4887094,0
P1_V21_Phase37,0,0.48680344,0
P1_V21_Phase38,0,0.48828006,1
P1_V21_Phase39,0,0.4941055,1
P1_V21_Phase4,0,0.4893887,0
P1_V21_Phase40,0,0.4871665,1
P1_V21_Phase41,0,0.48835793,1
P1_V21_Phase42,0,0.4864315,1
P1_V21_Phase43,0,0.4820056,1
P1_V21_Phase44,0,0.48976114,1
P1_V21_Phase45,0,0.49083245,1
P1_V21_Phase46,0,0.49179944,1
P1_V21_Phase47,0,0.48498687,1
P1_V21_Phase48,0,0.4888024,1
P1_V21_Phase49,0,0.49476695,0
P1_V21_Phase5,0,0.48953933,0
P1_V21_Phase50,0,0.4852094,0
P1_V21_Phase51,0,0.48776698,1
P1_V21_Phase52,0,0.4902877,0
P1_V21_Phase53,0,0.49091205,0
P1_V21_Phase54,0,0.4903095,0
P1_V21_Phase55,0,0.48486996,1
P1_V21_Phase56,0,0.4892853,1
P1_V21_Phase57,1,0.50441265,0
P1_V21_Phase58,0,0.48810112,0
P1_V21_Phase59,1,0.50833046,0
P1_V21_Phase6,0,0.48278272,1
P1_V21_Phase60,0,0.4884216,0
P1_V21_Phase61,0,0.49011704,0
P1_V21_Phase62,0,0.49091378,1
P1_V21_Phase63,0,0.48514628,1
P1_V21_Phase64,0,0.49901092,1
P1_V21_Phase65,0,0.49141166,0
P1_V21_Phase66,0,0.48826072,0
P1_V21_Phase67,0,0.4891254,1
P1_V21_Phase68,0,0.49680352,0
P1_V21_Phase7,0,0.48618835,0
P1_V21_Phase8,0,0.48623982,1
P1_V21_Phase9,0,0.49088746,1
P1_V22_Phase1,0,0.4927155,0
P1_V22_Phase10,0,0.4911484,1
P1_V22_Phase100,0,0.48808965,1
P1_V22_Phase101,0,0.48807958,1
P1_V22_Phase102,0,0.48968548,1
P1_V22_Phase103,0,0.48840687,1
P1_V22_Phase104,0,0.48979977,1
P1_V22_Phase105,0,0.49072668,0
P1_V22_Phase106,0,0.48650342,0
P1_V22_Phase107,0,0.49117175,1
P1_V22_Phase108,0,0.48661485,1
P1_V22_Phase109,0,0.4902924,1
P1_V22_Phase11,0,0.48319304,1
P1_V22_Phase110,0,0.47917622,0
P1_V22_Phase111,0,0.49027446,0
P1_V22_Phase112,0,0.48958716,0
P1_V22_Phase113,0,0.49114877,0
P1_V22_Phase114,0,0.49253994,0
P1_V22_Phase115,0,0.49801266,1
P1_V22_Phase116,0,0.49078938,0
P1_V22_Phase117,1,0.5139986,0
P1_V22_Phase118,0,0.49049705,0
P1_V22_Phase119,0,0.48713338,1
P1_V22_Phase12,0,0.48460466,1
P1_V22_Phase13,0,0.48828074,0
P1_V22_Phase14,0,0.49176422,1
P1_V22_Phase15,0,0.4962858,1
P1_V22_Phase16,0,0.49473146,1
P1_V22_Phase17,1,0.50539976,1
P1_V22_Phase18,0,0.4889647,1
P1_V22_Phase19,0,0.48844033,1
P1_V22_Phase2,0,0.48814842,1
P1_V22_Phase20,0,0.48669186,1
P1_V22_Phase21,0,0.49190766,0
P1_V22_Phase22,0,0.49458998,1
P1_V22_Phase23,0,0.49347517,1
P1_V22_Phase24,0,0.49559855,0
P1_V22_Phase25,0,0.48995838,1
P1_V22_Phase26,0,0.4924623,1
P1_V22_Phase27,0,0.49181753,1
P1_V22_Phase28,0,0.49513587,0
P1_V22_Phase29,1,0.51185554,1
P1_V22_Phase3,0,0.49607712,1
P1_V22_Phase30,0,0.48578873,1
P1_V22_Phase31,0,0.49038073,1
P1_V22_Phase32,0,0.48733234,1
P1_V22_Phase33,1,0.50317645,0
P1_V22_Phase34,0,0.48761362,0
P1_V22_Phase35,0,0.48985752,0
P1_V22_Phase36,0,0.48619664,1
P1_V22_Phase37,0,0.48926446,0
P1_V22_Phase38,0,0.49243808,0
P1_V22_Phase39,0,0.48966748,1
P1_V22_Phase4,0,0.48468634,1
P1_V22_Phase40,0,0.49061134,1
P1_V22_Phase41,0,0.4998071,1
P1_V22_Phase42,0,0.4969198,1
P1_V22_Phase43,0,0.49368894,0
P1_V22_Phase44,0,0.49475706,1
P1_V22_Phase45,0,0.49009338,1
P1_V22_Phase46,0,0.4937984,1
P1_V22_Phase47,0,0.49529406,1
P1_V22_Phase48,1,0.5021492,1
P1_V22_Phase49,0,0.4934507,1
P1_V22_Phase5,0,0.489185,1
P1_V22_Phase50,0,0.48980471,1
P1_V22_Phase51,0,0.49007836,1
P1_V22_Phase52,0,0.48818314,1
P1_V22_Phase53,0,0.4902027,0
P1_V22_Phase54,0,0.4903817,1
P1_V22_Phase55,0,0.49233043,1
P1_V22_Phase56,0,0.48577476,1
P1_V22_Phase57,0,0.48898277,1
P1_V22_Phase58,0,0.49139974,1
P1_V22_Phase59,0,0.4940275,0
P1_V22_Phase6,0,0.48771197,1
P1_V22_Phase60,0,0.49545082,1
P1_V22_Phase61,0,0.4967258,1
P1_V22_Phase62,0,0.48758024,1
P1_V22_Phase63,0,0.49005634,1
P1_V22_Phase64,0,0.49442735,1
P1_V22_Phase65,0,0.49706593,0
P1_V22_Phase66,0,0.49342915,0
P1_V22_Phase67,0,0.49239817,1
P1_V22_Phase68,0,0.49296245,1
P1_V22_Phase69,0,0.48962462,0
P1_V22_Phase7,0,0.49125046,1
P1_V22_Phase70,0,0.48827007,1
P1_V22_Phase71,0,0.48739532,1
P1_V22_Phase72,0,0.48588514,1
P1_V22_Phase73,0,0.49072587,1
P1_V22_Phase74,0,0.4910242,0
P1_V22_Phase75,0,0.4870613,1
P1_V22_Phase76,0,0.48999634,1
P1_V22_Phase77,0,0.4902566,0
P1_V22_Phase78,0,0.4878436,1
P1_V22_Phase79,0,0.49155763,1
P1_V22_Phase8,0,0.48674735,1
P1_V22_Phase80,0,0.49788612,1
P1_V22_Phase81,0,0.48817185,1
P1_V22_Phase82,0,0.49033064,0
P1_V22_Phase83,0,0.49135658,1
P1_V22_Phase84,0,0.48719144,1
P1_V22_Phase85,0,0.48788127,1
P1_V22_Phase86,0,0.4996647,1
P1_V22_Phase87,0,0.4934012,1
P1_V22_Phase88,0,0.49060813,1
P1_V22_Phase89,0,0.49365428,1
P1_V22_Phase9,0,0.4895106,1
P1_V22_Phase90,0,0.48936117,0
P1_V22_Phase91,0,0.48843277,0
P1_V22_Phase92,0,0.49217853,0
P1_V22_Phase93,0,0.49215668,1
P1_V22_Phase94,0,0.48964277,0
P1_V22_Phase95,0,0.49182907,0
P1_V22_Phase96,0,0.4910469,1
P1_V22_Phase97,0,0.48610228,1
P1_V22_Phase98,0,0.49286583,0
P1_V22_Phase99,0,0.4866662,1
P1_V23_Phase10,0,0.4900155,0
P1_V23_Phase11,1,0.50003564,1
P1_V23_Phase12,0,0.4855859,1
P1_V23_Phase13,0,0.48770645,1
P1_V23_Phase14,0,0.49156207,1
P1_V23_Phase15,0,0.49286023,1
P1_V23_Phase16,0,0.49836662,0
P1_V23_Phase17,0,0.48389143,1
P1_V23_Phase18,0,0.49704474,1
P1_V23_Phase19,0,0.49190268,1
P1_V23_Phase2,0,0.49722505,1
P1_V23_Phase20,0,0.4872396,0
P1_V23_Phase21,0,0.48655015,1
P1_V23_Phase22,0,0.4904034,1
P1_V23_Phase23,0,0.48629433,1
P1_V23_Phase24,0,0.48209053,1
P1_V23_Phase25,0,0.4924685,0
P1_V23_Phase26,0,0.48907316,0
P1_V23_Phase27,0,0.48996696,1
P1_V23_Phase28,1,0.5116654,1
P1_V23_Phase29,0,0.4920852,1
P1_V23_Phase3,0,0.48549882,1
P1_V23_Phase30,0,0.4862377,1
P1_V23_Phase31,0,0.4942776,1
P1_V23_Phase33,0,0.49447468,1
P1_V23_Phase34,0,0.48642606,0
P1_V23_Phase35,0,0.49464253,0
P1_V23_Phase36,0,0.4906761,1
P1_V23_Phase37,0,0.4912873,0
P1_V23_Phase38,0,0.49181253,0
P1_V23_Phase39,0,0.48541453,0
P1_V23_Phase4,0,0.4896035,0
P1_V23_Phase40,0,0.48976797,0
P1_V23_Phase41,0,0.48107177,1
P1_V23_Phase42,0,0.4895106,0
P1_V23_Phase43,1,0.50768787,1
P1_V23_Phase44,0,0.49037424,1
P1_V23_Phase45,0,0.49961126,0
P1_V23_Phase46,0,0.48459387,0
P1_V23_Phase47,0,0.4981647,0
P1_V23_Phase48,0,0.48974356,1
P1_V23_Phase49,0,0.48801577,0
P1_V23_Phase5,0,0.48944125,1
P1_V23_Phase50,1,0.50483966,0
P1_V23_Phase51,0,0.4874621,1
P1_V23_Phase52,0,0.4912964,0
P1_V23_Phase53,0,0.49052742,0
P1_V23_Phase54,0,0.49423137,0
P1_V23_Phase55,0,0.49255937,0
P1_V23_Phase56,0,0.49441728,0
P1_V23_Phase57,0,0.4906813,0
P1_V23_Phase58,0,0.49940076,1
P1_V23_Phase59,0,0.48446637,1
P1_V23_Phase6,0,0.4870332,0
P1_V23_Phase60,1,0.5011002,1
P1_V23_Phase62,0,0.48725045,1
P1_V23_Phase63,0,0.49040526,0
P1_V23_Phase64,0,0.49347028,1
P1_V23_Phase65,0,0.48734447,0
P1_V23_Phase66,0,0.48973036,1
P1_V23_Phase67,0,0.4907103,0
P1_V23_Phase68,0,0.4909209,1
P1_V23_Phase69,0,0.49303895,0
P1_V23_Phase7,0,0.4904674,1
P1_V23_Phase70,0,0.49804747,1
P1_V23_Phase71,0,0.48632732,0
P1_V23_Phase72,1,0.5015677,0
P1_V23_Phase73,0,0.49149057,1
P1_V23_Phase74,0,0.4961132,1
P1_V23_Phase75,0,0.49198788,1
P1_V23_Phase76,0,0.49227908,0
P1_V23_Phase77,1,0.506751,1
P1_V23_Phase78,0,0.4945968,1
P1_V23_Phase79,0,0.49133733,0
P1_V23_Phase8,0,0.48981315,1
P1_V23_Phase80,0,0.48816186,0
P1_V23_Phase81,0,0.48495093,0
P1_V23_Phase82,0,0.48897454,0
P1_V23_Phase9,0,0.48828226,1
P1_V24_Phase1,0,0.48624295,1
P1_V24_Phase10,0,0.48877317,0
P1_V24_Phase100,0,0.4855524,1
P1_V24_Phase101,0,0.48966435,0
P1_V24_Phase102,0,0.4938488,1
P1_V24_Phase103,0,0.49103326,1
P1_V24_Phase104,0,0.49209917,1
P1_V24_Phase105,0,0.49805516,1
P1_V24_Phase106,0,0.4930709,1
P1_V24_Phase107,0,0.48717245,1
P1_V24_Phase108,0,0.48334432,0
P1_V24_Phase109,0,0.48781896,1
P1_V24_Phase11,0,0.48883948,0
P1_V24_Phase110,0,0.4831485,1
P1_V24_Phase111,0,0.49777052,0
P1_V24_Phase112,0,0.48838937,1
P1_V24_Phase113,0,0.49121848,1
P1_V24_Phase114,0,0.48926926,1
P1_V24_Phase115,1,0.5026175,1
P1_V24_Phase116,1,0.50104284,1
P1_V24_Phase117,0,0.49085534,1
P1_V24_Phase118,0,0.4887347,1
P1_V24_Phase119,0,0.4889145,1
P1_V24_Phase12,0,0.49190912,0
P1_V24_Phase120,0,0.48621538,1
P1_V24_Phase121,0,0.48907676,1
P1_V24_Phase122,0,0.49633288,0
P1_V24_Phase123,0,0.48933747,1
P1_V24_Phase124,0,0.48692587,0
P1_V24_Phase125,0,0.48573625,1
P1_V24_Phase126,0,0.4892475,1
P1_V24_Phase127,1,0.501982,0
P1_V24_Phase13,0,0.49560943,1
P1_V24_Phase14,0,0.4893933,0
P1_V24_Phase15,0,0.49705982,1
P1_V24_Phase16,0,0.48807642,1
P1_V24_Phase17,0,0.48498443,1
P1_V24_Phase18,0,0.49433944,1
P1_V24_Phase19,0,0.49009177,1
P1_V24_Phase2,0,0.49168748,1
P1_V24_Phase20,0,0.48933336,1
P1_V24_Phase21,0,0.49595025,1
P1_V24_Phase22,0,0.48497236,1
P1_V24_Phase23,0,0.48530555,1
P1_V24_Phase24,0,0.48605815,1
P1_V24_Phase25,0,0.4866708,1
P1_V24_Phase26,0,0.4913602,1
P1_V24_Phase27,0,0.4883907,1
P1_V24_Phase28,0,0.49122947,1
P1_V24_Phase29,0,0.49024788,1
P1_V24_Phase3,0,0.49910676,1
P1_V24_Phase30,0,0.48548803,1
P1_V24_Phase31,0,0.4874792,1
P1_V24_Phase32,0,0.4876607,1
P1_V24_Phase33,0,0.48463145,1
P1_V24_Phase34,0,0.48557806,1
P1_V24_Phase35,0,0.49511987,1
P1_V24_Phase36,0,0.4922387,1
P1_V24_Phase37,0,0.49191353,1
P1_V24_Phase38,0,0.48508748,1
P1_V24_Phase39,0,0.49003515,0
P1_V24_Phase4,1,0.500346,1
P1_V24_Phase40,0,0.49000844,1
P1_V24_Phase41,0,0.49499696,0
P1_V24_Phase42,0,0.48522085,0
P1_V24_Phase43,1,0.50830483,1
P1_V24_Phase44,0,0.48845083,1
P1_V24_Phase45,0,0.48642495,1
P1_V24_Phase46,0,0.4910401,1
P1_V24_Phase47,0,0.48958504,1
P1_V24_Phase48,0,0.4893744,1
P1_V24_Phase49,0,0.49008247,1
P1_V24_Phase5,0,0.49624044,1
P1_V24_Phase50,0,0.49282378,1
P1_V24_Phase51,0,0.4855724,1
P1_V24_Phase52,0,0.49040177,1
P1_V24_Phase53,0,0.4945564,1
P1_V24_Phase54,0,0.49610376,1
P1_V24_Phase55,0,0.48875135,1
P1_V24_Phase56,0,0.49079055,1
P1_V24_Phase57,0,0.49565437,0
P1_V24_Phase58,0,0.49395368,1
P1_V24_Phase59,0,0.49332806,0
P1_V24_Phase6,0,0.49896607,1
P1_V24_Phase60,0,0.48891854,1
P1_V24_Phase61,0,0.49148834,1
P1_V24_Phase62,0,0.49159917,0
P1_V24_Phase63,0,0.49498248,1
P1_V24_Phase64,0,0.4934502,0
P1_V24_Phase65,0,0.48781177,1
P1_V24_Phase66,0,0.4932597,0
P1_V24_Phase67,0,0.48552546,1
P1_V24_Phase68,0,0.49952656,1
P1_V24_Phase69,0,0.48537704,1
P1_V24_Phase7,0,0.4893202,1
P1_V24_Phase70,0,0.49282113,1
P1_V24_Phase71,0,0.4863422,0
P1_V24_Phase72,0,0.48967803,1
P1_V24_Phase73,0,0.49411523,1
P1_V24_Phase74,0,0.48849612,1
P1_V24_Phase75,0,0.49640524,1
P1_V24_Phase76,0,0.48724267,0
P1_V24_Phase77,0,0.49535325,1
P1_V24_Phase78,0,0.4916296,1
P1_V24_Phase79,0,0.49221984,0
P1_V24_Phase8,0,0.48811615,1
P1_V24_Phase80,0,0.48982027,0
P1_V24_Phase81,1,0.506207,0
P1_V24_Phase82,0,0.48961765,1
P1_V24_Phase83,0,0.49350652,1
P1_V24_Phase84,0,0.4911287,1
P1_V24_Phase85,1,0.5015235,0
P1_V24_Phase86,0,0.49434367,0
P1_V24_Phase87,0,0.4917707,1
P1_V24_Phase88,0,0.4895761,1
P1_V24_Phase89,0,0.4904219,1
P1_V24_Phase9,0,0.4915656,1
P1_V24_Phase90,0,0.4914128,1
P1_V24_Phase91,1,0.5005035,0
P1_V24_Phase92,0,0.48514888,1
P1_V24_Phase93,0,0.4906625,1
P1_V24_Phase94,0,0.49280077,1
P1_V24_Phase95,0,0.49635184,1
P1_V24_Phase96,0,0.49497557,1
P1_V24_Phase97,0,0.48465863,1
P1_V24_Phase98,0,0.4897402,1
P1_V24_Phase99,0,0.49400365,1
P1_V25_Phase1,0,0.4867554,0
P1_V25_Phase10,0,0.4950071,1
P1_V25_Phase100,0,0.485441,1
P1_V25_Phase101,0,0.4929323,0
P1_V25_Phase102,0,0.49102932,0
P1_V25_Phase103,0,0.48956788,1
P1_V25_Phase11,0,0.4915025,0
P1_V25_Phase12,0,0.4897529,1
P1_V25_Phase13,0,0.4859517,1
P1_V25_Phase14,0,0.49315724,0
P1_V25_Phase15,0,0.4915484,1
P1_V25_Phase16,0,0.48838946,0
P1_V25_Phase17,0,0.48989457,0
P1_V25_Phase18,0,0.49367443,0
P1_V25_Phase19,0,0.4917352,1
P1_V25_Phase2,0,0.49937418,1
P1_V25_Phase20,0,0.49157056,1
P1_V25_Phase21,0,0.48959357,1
P1_V25_Phase22,0,0.48986483,1
P1_V25_Phase23,0,0.4946796,1
P1_V25_Phase24,0,0.4872024,1
P1_V25_Phase25,0,0.49053735,0
P1_V25_Phase26,0,0.48694903,1
P1_V25_Phase27,0,0.49110726,0
P1_V25_Phase28,0,0.48996007,1
P1_V25_Phase29,0,0.4887106,0
P1_V25_Phase3,0,0.48883379,1
P1_V25_Phase30,0,0.49237475,0
P1_V25_Phase31,0,0.49654168,1
P1_V25_Phase32,0,0.4941586,0
P1_V25_Phase33,0,0.49253157,1
P1_V25_Phase34,1,0.50365275,1
P1_V25_Phase35,0,0.48909557,1
P1_V25_Phase36,0,0.4912486,0
P1_V25_Phase37,0,0.48999298,0
P1_V25_Phase38,0,0.49285462,1
P1_V25_Phase39,0,0.4939262,0
P1_V25_Phase4,0,0.49109033,0
P1_V25_Phase40,0,0.49009642,1
P1_V25_Phase41,0,0.48962927,0
P1_V25_Phase42,0,0.48257777,0
P1_V25_Phase43,0,0.48586845,1
P1_V25_Phase44,0,0.49048057,1
P1_V25_Phase45,0,0.49102363,1
P1_V25_Phase46,0,0.49488863,1
P1_V25_Phase47,0,0.49221793,0
P1_V25_Phase48,0,0.4894778,1
P1_V25_Phase49,0,0.4913471,0
P1_V25_Phase5,0,0.4895747,0
P1_V25_Phase50,0,0.48757592,1
P1_V25_Phase51,0,0.4897081,0
P1_V25_Phase52,0,0.49167848,1
P1_V25_Phase53,0,0.48558223,0
P1_V25_Phase54,0,0.48411733,0
P1_V25_Phase55,0,0.4874465,0
P1_V25_Phase56,0,0.49102873,1
P1_V25_Phase57,0,0.4868084,1
P1_V25_Phase58,0,0.49080855,0
P1_V25_Phase59,0,0.48553905,0
P1_V25_Phase6,0,0.4849929,1
P1_V25_Phase60,0,0.4897376,0
P1_V25_Phase61,0,0.48806185,0
P1_V25_Phase62,1,0.5041706,0
P1_V25_Phase63,0,0.49009907,1
P1_V25_Phase64,0,0.4928984,1
P1_V25_Phase65,0,0.4844501,1
P1_V25_Phase66,0,0.48843116,1
P1_V25_Phase67,1,0.5045301,0
P1_V25_Phase68,0,0.49133632,0
P1_V25_Phase69,0,0.4881889,1
P1_V25_Phase7,0,0.4869732,1
P1_V25_Phase70,0,0.4900224,1
P1_V25_Phase71,0,0.49078253,1
P1_V25_Phase72,0,0.48904762,1
P1_V25_Phase73,0,0.49046052,1
P1_V25_Phase74,0,0.4908089,1
P1_V25_Phase75,0,0.48853815,1
P1_V25_Phase76,0,0.49261335,1
P1_V25_Phase77,0,0.49223968,1
P1_V25_Phase78,0,0.49339557,1
P1_V25_Phase79,0,0.49162215,1
P1_V25_Phase8,0,0.49100646,1
P1_V25_Phase80,0,0.49194834,1
P1_V25_Phase81,0,0.4924114,1
P1_V25_Phase82,0,0.48821202,1
P1_V25_Phase83,0,0.49404347,1
P1_V25_Phase84,0,0.49225706,1
P1_V25_Phase85,0,0.4937199,1
P1_V25_Phase86,0,0.49022603,0
P1_V25_Phase87,0,0.48400998,0
P1_V25_Phase88,0,0.49080867,0
P1_V25_Phase89,0,0.4878882,0
P1_V25_Phase9,0,0.49028814,1
P1_V25_Phase90,0,0.48783228,1
P1_V25_Phase91,0,0.4901224,1
P1_V25_Phase92,0,0.49028417,0
P1_V25_Phase93,0,0.49013495,1
P1_V25_Phase94,1,0.50051886,1
P1_V25_Phase95,0,0.4875117,1
P1_V25_Phase96,0,0.49480566,1
P1_V25_Phase97,0,0.4915242,1
P1_V25_Phase98,0,0.48711628,1
P1_V25_Phase99,0,0.48692057,1
P1_V27_Phase1,0,0.4913588,0
P1_V27_Phase2,1,0.50987566,0
P1_V27_Phase3,0,0.48759285,0
P1_V27_Phase4,0,0.4871734,0
P1_V27_Phase6,1,0.5013363,0
P1_V27_Phase8,0,0.48669234,0
P1_V27_Phase9,0,0.48805115,0
P1_V28_Phase1,0,0.48432064,1
P1_V28_Phase10,0,0.48959187,1
P1_V28_Phase11,0,0.48708326,0
P1_V28_Phase12,0,0.48702362,1
P1_V28_Phase13,0,0.48893005,1
P1_V28_Phase14,0,0.4905002,0
P1_V28_Phase15,0,0.4920007,1
P1_V28_Phase16,0,0.48934776,1
P1_V28_Phase17,0,0.49114162,1
P1_V28_Phase18,0,0.4921149,1
P1_V28_Phase19,0,0.4906436,1
P1_V28_Phase2,0,0.4920426,1
P1_V28_Phase20,0,0.48861256,1
P1_V28_Phase21,0,0.48546642,0
P1_V28_Phase22,0,0.4906201,0
P1_V28_Phase23,0,0.48328158,0
P1_V28_Phase24,1,0.5018718,1
P1_V28_Phase25,0,0.493415,1
P1_V28_Phase26,0,0.48314175,0
P1_V28_Phase27,0,0.4879792,1
P1_V28_Phase28,0,0.49456567,1
P1_V28_Phase29,0,0.48816934,1
P1_V28_Phase3,0,0.49100417,1
P1_V28_Phase30,0,0.48887712,1
P1_V28_Phase31,0,0.48784286,0
P1_V28_Phase32,0,0.4888572,0
P1_V28_Phase33,0,0.4893106,0
P1_V28_Phase34,0,0.493193,0
P1_V28_Phase35,0,0.4900868,0
P1_V28_Phase36,0,0.48745164,1
P1_V28_Phase37,0,0.48666632,1
P1_V28_Phase38,0,0.48577687,1
P1_V28_Phase4,0,0.48866904,1
P1_V28_Phase5,0,0.48950905,0
P1_V28_Phase6,0,0.4946027,1
P1_V28_Phase7,0,0.4873615,1
P1_V28_Phase8,0,0.48681962,1
P1_V28_Phase9,0,0.48907447,1
P1_V29_Phase1,0,0.48938647,1
P1_V29_Phase10,0,0.49364132,1
P1_V29_Phase100,0,0.48719746,1
P1_V29_Phase101,0,0.49034548,1
P1_V29_Phase102,0,0.48497802,1
P1_V29_Phase103,0,0.48776254,1
P1_V29_Phase104,0,0.4922543,1
P1_V29_Phase105,0,0.4926189,0
P1_V29_Phase106,0,0.4888155,1
P1_V29_Phase107,0,0.4894583,1
P1_V29_Phase108,1,0.5048869,1
P1_V29_Phase109,0,0.4885386,1
P1_V29_Phase11,0,0.48857072,1
P1_V29_Phase110,0,0.4895477,1
P1_V29_Phase111,0,0.4901171,0
P1_V29_Phase112,0,0.48734424,1
P1_V29_Phase113,0,0.48995212,1
P1_V29_Phase114,0,0.4872998,1
P1_V29_Phase115,0,0.48845282,1
P1_V29_Phase116,0,0.4863766,0
P1_V29_Phase117,0,0.49475554,1
P1_V29_Phase118,0,0.4919637,1
P1_V29_Phase119,0,0.49308133,0
P1_V29_Phase12,0,0.48722377,1
P1_V29_Phase120,1,0.5080389,0
P1_V29_Phase121,0,0.49230945,1
P1_V29_Phase122,0,0.49617675,0
P1_V29_Phase123,0,0.49360237,0
P1_V29_Phase124,0,0.4906123,0
P1_V29_Phase125,0,0.4940489,1
P1_V29_Phase126,0,0.48974258,0
P1_V29_Phase127,0,0.4913082,0
P1_V29_Phase128,0,0.49161273,0
P1_V29_Phase129,0,0.48532683,0
P1_V29_Phase13,0,0.4835609,1
P1_V29_Phase130,0,0.48909348,0
P1_V29_Phase131,0,0.4843327,1
P1_V29_Phase132,1,0.5058938,1
P1_V29_Phase133,0,0.4902123,1
P1_V29_Phase134,0,0.48850492,1
P1_V29_Phase135,0,0.4947619,1
P1_V29_Phase136,0,0.48853996,1
P1_V29_Phase137,0,0.4889588,0
P1_V29_Phase138,0,0.48850653,0
P1_V29_Phase14,0,0.49241617,1
P1_V29_Phase15,0,0.48512754,1
P1_V29_Phase16,0,0.48870423,1
P1_V29_Phase17,0,0.49957034,1
P1_V29_Phase18,0,0.490619,1
P1_V29_Phase19,0,0.4910949,0
P1_V29_Phase2,0,0.4922516,1
P1_V29_Phase20,0,0.4852014,1
P1_V29_Phase21,0,0.49700764,1
P1_V29_Phase22,0,0.48852655,1
P1_V29_Phase23,0,0.49354252,0
P1_V29_Phase24,0,0.48454297,1
P1_V29_Phase25,0,0.49865216,1
P1_V29_Phase26,0,0.49083364,1
P1_V29_Phase27,0,0.49903247,1
P1_V29_Phase28,0,0.4934954,1
P1_V29_Phase29,0,0.49101895,1
P1_V29_Phase3,0,0.4914735,0
P1_V29_Phase30,0,0.49290934,0
P1_V29_Phase31,0,0.49983075,1
P1_V29_Phase32,0,0.48468894,1
P1_V29_Phase33,0,0.49106902,1
P1_V29_Phase34,0,0.4898507,0
P1_V29_Phase35,1,0.5119408,1
P1_V29_Phase36,0,0.49093962,1
P1_V29_Phase37,0,0.48698127,1
P1_V29_Phase38,0,0.48710635,1
P1_V29_Phase39,1,0.5021394,1
P1_V29_Phase4,0,0.49198318,0
P1_V29_Phase40,1,0.500261,1
P1_V29_Phase41,0,0.48620835,1
P1_V29_Phase42,0,0.48943153,0
P1_V29_Phase43,0,0.49063632,1
P1_V29_Phase44,0,0.48769316,0
P1_V29_Phase45,0,0.4896892,1
P1_V29_Phase46,0,0.49182677,1
P1_V29_Phase47,1,0.5080852,1
P1_V29_Phase48,0,0.48285726,1
P1_V29_Phase49,0,0.49170905,1
P1_V29_Phase5,0,0.49186465,1
P1_V29_Phase50,0,0.4977713,0
P1_V29_Phase51,0,0.49451616,1
P1_V29_Phase52,1,0.5023573,1
P1_V29_Phase53,0,0.48977235,1
P1_V29_Phase54,0,0.49202198,1
P1_V29_Phase55,0,0.48720792,1
P1_V29_Phase56,1,0.50196975,0
P1_V29_Phase57,0,0.492604,1
P1_V29_Phase58,1,0.5015818,1
P1_V29_Phase59,0,0.4895576,0
P1_V29_Phase6,0,0.48926708,1
P1_V29_Phase60,1,0.5037457,0
P1_V29_Phase61,1,0.5123001,0
P1_V29_Phase62,0,0.4898003,0
P1_V29_Phase63,0,0.49307796,0
P1_V29_Phase64,0,0.49194798,1
P1_V29_Phase65,0,0.4840089,1
P1_V29_Phase66,0,0.489263,1
P1_V29_Phase67,0,0.4921701,1
P1_V29_Phase68,0,0.48993462,1
P1_V29_Phase69,0,0.48513156,1
P1_V29_Phase7,0,0.4890533,1
P1_V29_Phase70,0,0.49239984,1
P1_V29_Phase71,0,0.49074957,1
P1_V29_Phase72,0,0.49149358,1
P1_V29_Phase73,0,0.4917374,1
P1_V29_Phase74,0,0.48861468,1
P1_V29_Phase75,0,0.49713135,1
P1_V29_Phase76,0,0.49762842,1
P1_V29_Phase77,0,0.49780256,1
P1_V29_Phase78,0,0.49282786,1
P1_V29_Phase79,0,0.4886783,0
P1_V29_Phase8,1,0.50418395,1
P1_V29_Phase80,0,0.4880872,1
P1_V29_Phase81,0,0.48976415,1
P1_V29_Phase82,0,0.4879738,1
P1_V29_Phase83,0,0.49678117,1
P1_V29_Phase84,0,0.49912345,0
P1_V29_Phase85,0,0.49655372,1
P1_V29_Phase86,0,0.4859251,1
P1_V29_Phase87,0,0.49063843,1
P1_V29_Phase88,1,0.5025462,1
P1_V29_Phase89,0,0.4886055,1
P1_V29_Phase9,0,0.48694763,1
P1_V29_Phase90,0,0.48812827,0
P1_V29_Phase91,0,0.4965003,1
P1_V29_Phase92,0,0.49144608,0
P1_V29_Phase93,0,0.49382287,0
P1_V29_Phase94,0,0.4847116,0
P1_V29_Phase95,0,0.48799515,0
P1_V29_Phase96,0,0.49056947,0
P1_V29_Phase97,0,0.4926365,0
P1_V29_Phase98,0,0.4857053,1
P1_V29_Phase99,1,0.5029032,1
P1_V2_Phase1,0,0.48480934,0
P1_V2_Phase10,0,0.49838483,0
P1_V2_Phase11,0,0.48877344,0
P1_V2_Phase12,0,0.4899072,0
P1_V2_Phase13,0,0.48640236,1
P1_V2_Phase14,0,0.48545793,0
P1_V2_Phase15,0,0.4904112,1
P1_V2_Phase16,0,0.48695597,0
P1_V2_Phase17,0,0.49076748,0
P1_V2_Phase18,0,0.4971681,0
P1_V2_Phase19,0,0.49200466,0
P1_V2_Phase2,0,0.4861274,0
P1_V2_Phase20,0,0.49049383,1
P1_V2_Phase21,0,0.48696345,0
P1_V2_Phase22,0,0.48496002,0
P1_V2_Phase23,0,0.4919859,0
P1_V2_Phase24,0,0.49831903,1
P1_V2_Phase25,0,0.49061292,1
P1_V2_Phase26,0,0.49121478,0
P1_V2_Phase27,0,0.49226975,0
P1_V2_Phase28,0,0.48889157,0
P1_V2_Phase29,0,0.4886647,0
P1_V2_Phase3,0,0.49978435,0
P1_V2_Phase30,0,0.4863657,1
P1_V2_Phase31,0,0.48470244,0
P1_V2_Phase4,0,0.48681763,0
P1_V2_Phase5,0,0.48593554,0
P1_V2_Phase6,0,0.48743314,1
P1_V2_Phase7,0,0.49244165,0
P1_V2_Phase8,0,0.48552394,0
P1_V2_Phase9,0,0.48673323,1
P1_V30_Phase1,0,0.48448917,0
P1_V30_Phase10,0,0.49058616,1
P1_V30_Phase11,0,0.48914495,1
P1_V30_Phase12,0,0.4901408,1
P1_V30_Phase13,0,0.4991355,1
P1_V30_Phase14,0,0.48917878,0
P1_V30_Phase15,0,0.49127313,1
P1_V30_Phase16,0,0.4916647,1
P1_V30_Phase17,1,0.50450927,1
P1_V30_Phase18,1,0.50118566,0
P1_V30_Phase19,0,0.49404684,1
P1_V30_Phase2,0,0.4914892,1
P1_V30_Phase20,0,0.4872241,1
P1_V30_Phase21,0,0.49435017,1
P1_V30_Phase22,0,0.4928922,1
P1_V30_Phase23,0,0.49356288,1
P1_V30_Phase24,0,0.49083182,1
P1_V30_Phase25,0,0.48933807,1
P1_V30_Phase26,0,0.49348447,0
P1_V30_Phase27,0,0.49078295,1
P1_V30_Phase28,0,0.4907196,1
P1_V30_Phase29,0,0.4910096,1
P1_V30_Phase3,0,0.48414204,1
P1_V30_Phase30,0,0.49125966,1
P1_V30_Phase31,0,0.48940396,1
P1_V30_Phase32,0,0.48923406,1
P1_V30_Phase33,0,0.4853679,1
P1_V30_Phase34,0,0.48834136,1
P1_V30_Phase35,1,0.5007405,1
P1_V30_Phase36,0,0.4914154,1
P1_V30_Phase37,0,0.48969087,1
P1_V30_Phase38,0,0.4843694,1
P1_V30_Phase39,0,0.48572913,0
P1_V30_Phase4,0,0.4891738,1
P1_V30_Phase40,0,0.4864117,1
P1_V30_Phase41,0,0.49429774,1
P1_V30_Phase42,0,0.49068558,1
P1_V30_Phase43,0,0.4886211,1
P1_V30_Phase44,0,0.48646846,1
P1_V30_Phase45,0,0.49213997,1
P1_V30_Phase46,0,0.4949119,1
P1_V30_Phase47,0,0.49018753,1
P1_V30_Phase48,0,0.49116436,1
P1_V30_Phase49,0,0.49349874,1
P1_V30_Phase5,0,0.49196532,0
P1_V30_Phase50,0,0.48919496,1
P1_V30_Phase51,0,0.4995005,1
P1_V30_Phase52,0,0.4900015,1
P1_V30_Phase53,0,0.48801732,1
P1_V30_Phase54,0,0.48857924,1
P1_V30_Phase55,0,0.489217,1
P1_V30_Phase56,0,0.48907775,1
P1_V30_Phase57,0,0.48988163,1
P1_V30_Phase58,0,0.49042746,0
P1_V30_Phase59,0,0.4872237,0
P1_V30_Phase6,0,0.49116668,1
P1_V30_Phase60,0,0.48995605,1
P1_V30_Phase61,0,0.49195167,1
P1_V30_Phase62,0,0.49685845,1
P1_V30_Phase7,0,0.4906205,1
P1_V30_Phase8,0,0.4910477,1
P1_V30_Phase9,0,0.48784986,0
P1_V31_Phase1,0,0.49121502,1
P1_V31_Phase10,0,0.49166265,1
P1_V31_Phase11,0,0.49320635,1
P1_V31_Phase12,1,0.5020853,1
P1_V31_Phase13,1,0.5130085,1
P1_V31_Phase14,0,0.48905525,1
P1_V31_Phase15,0,0.49138328,1
P1_V31_Phase16,0,0.4900426,1
P1_V31_Phase17,0,0.4983857,1
P1_V31_Phase18,0,0.48806247,1
P1_V31_Phase19,0,0.49095413,1
P1_V31_Phase2,0,0.4929762,1
P1_V31_Phase20,0,0.49094653,0
P1_V31_Phase21,0,0.48657244,0
P1_V31_Phase22,0,0.48351425,1
P1_V31_Phase23,0,0.48896265,1
P1_V31_Phase24,0,0.49075985,1
P1_V31_Phase25,0,0.4849546,1
P1_V31_Phase26,0,0.48931178,1
P1_V31_Phase27,0,0.48878092,1
P1_V31_Phase3,1,0.50068194,0
P1_V31_Phase4,0,0.48837328,1
P1_V31_Phase5,0,0.4948946,1
P1_V31_Phase6,0,0.4943169,1
P1_V31_Phase7,0,0.4960093,1
P1_V31_Phase8,0,0.4877737,1
P1_V31_Phase9,0,0.48494354,1
P1_V32_Phase1,0,0.48976353,1
P1_V32_Phase10,0,0.48938787,1
P1_V32_Phase11,0,0.4872673,1
P1_V32_Phase12,0,0.495818,1
P1_V32_Phase13,0,0.48960522,0
P1_V32_Phase14,0,0.49486867,1
P1_V32_Phase15,0,0.48943743,1
P1_V32_Phase16,0,0.4876557,0
P1_V32_Phase17,0,0.48660347,0
P1_V32_Phase18,0,0.48888007,1
P1_V32_Phase19,0,0.49166346,1
P1_V32_Phase2,1,0.5048375,1
P1_V32_Phase20,0,0.4959852,1
P1_V32_Phase21,0,0.49630123,1
P1_V32_Phase22,0,0.48495343,1
P1_V32_Phase24,0,0.49653542,1
P1_V32_Phase25,1,0.50699264,0
P1_V32_Phase26,0,0.4889631,1
P1_V32_Phase27,0,0.4908067,1
P1_V32_Phase28,0,0.48860753,1
P1_V32_Phase3,0,0.49110812,0
P1_V32_Phase30,1,0.50142235,1
P1_V32_Phase31,0,0.4951808,1
P1_V32_Phase32,0,0.48382446,1
P1_V32_Phase33,0,0.49425265,1
P1_V32_Phase34,0,0.4875197,1
P1_V32_Phase35,0,0.49060002,1
P1_V32_Phase36,0,0.4835175,1
P1_V32_Phase37,0,0.4900294,0
P1_V32_Phase38,0,0.4874122,1
P1_V32_Phase39,0,0.4914723,1
P1_V32_Phase4,0,0.48882246,0
P1_V32_Phase40,0,0.48948526,0
P1_V32_Phase41,0,0.48888144,1
P1_V32_Phase42,0,0.48616642,1
P1_V32_Phase43,0,0.49218524,0
P1_V32_Phase44,0,0.48588994,1
P1_V32_Phase45,0,0.49208474,1
P1_V32_Phase46,1,0.502057,0
P1_V32_Phase5,0,0.49264243,1
P1_V32_Phase6,0,0.4931324,0
P1_V32_Phase7,0,0.48337126,1
P1_V32_Phase8,0,0.48467,1
P1_V32_Phase9,0,0.49091193,0
P1_V33_Phase1,0,0.4824419,0
P1_V33_Phase10,0,0.48688334,1
P1_V33_Phase11,0,0.48982918,1
P1_V33_Phase12,0,0.48757967,1
P1_V33_Phase13,0,0.4902952,1
P1_V33_Phase14,0,0.48681974,0
P1_V33_Phase15,0,0.48548165,1
P1_V33_Phase16,0,0.49124488,1
P1_V33_Phase17,0,0.49127263,0
P1_V33_Phase18,0,0.48872283,1
P1_V33_Phase19,0,0.4911624,1
P1_V33_Phase2,0,0.48984745,0
P1_V33_Phase20,0,0.4872082,0
P1_V33_Phase21,0,0.48996985,1
P1_V33_Phase22,0,0.4880571,1
P1_V33_Phase23,0,0.4910852,1
P1_V33_Phase24,0,0.48697287,1
P1_V33_Phase25,0,0.49106297,0
P1_V33_Phase26,0,0.49017525,1
P1_V33_Phase3,1,0.5035987,0
P1_V33_Phase4,0,0.48806265,1
P1_V33_Phase5,0,0.4911101,1
P1_V33_Phase6,0,0.4855315,1
P1_V33_Phase7,1,0.506995,1
P1_V33_Phase8,0,0.48450622,0
P1_V33_Phase9,0,0.4893785,1
P1_V3_Phase1,0,0.48794746,1
P1_V3_Phase10,0,0.48831502,0
P1_V3_Phase11,0,0.486566,0
P1_V3_Phase12,0,0.4906711,0
P1_V3_Phase13,0,0.48948175,0
P1_V3_Phase14,0,0.49121425,0
P1_V3_Phase15,0,0.48830816,1
P1_V3_Phase16,0,0.49009034,0
P1_V3_Phase17,0,0.488789,0
P1_V3_Phase18,0,0.48752195,0
P1_V3_Phase19,0,0.48782274,0
P1_V3_Phase2,0,0.49243814,0
P1_V3_Phase20,0,0.48750418,0
P1_V3_Phase21,0,0.49140054,0
P1_V3_Phase22,0,0.49091694,1
P1_V3_Phase23,0,0.48783708,0
P1_V3_Phase24,0,0.48690438,0
P1_V3_Phase25,0,0.48958945,1
P1_V3_Phase26,0,0.48504868,1
P1_V3_Phase27,0,0.48951384,0
P1_V3_Phase28,0,0.48584065,1
P1_V3_Phase29,0,0.48724815,0
P1_V3_Phase3,0,0.48825547,0
P1_V3_Phase30,0,0.48613992,1
P1_V3_Phase31,0,0.494011,0
P1_V3_Phase32,0,0.49175546,0
P1_V3_Phase33,0,0.48828894,1
P1_V3_Phase34,0,0.4918772,1
P1_V3_Phase35,0,0.48947328,1
P1_V3_Phase36,0,0.4861796,1
P1_V3_Phase37,0,0.48774227,1
P1_V3_Phase38,0,0.49307975,1
P1_V3_Phase39,0,0.49167502,1
P1_V3_Phase4,0,0.4897866,0
P1_V3_Phase40,0,0.48779127,0
P1_V3_Phase5,0,0.4861258,1
P1_V3_Phase6,0,0.49185655,0
P1_V3_Phase7,0,0.48787493,0
P1_V3_Phase8,0,0.4904175,1
P1_V3_Phase9,0,0.4873973,0
P1_V4_Phase1,0,0.4902118,0
P1_V4_Phase10,0,0.4892446,0
P1_V4_Phase11,0,0.49228418,1
P1_V4_Phase12,0,0.4853622,1
P1_V4_Phase13,0,0.49169874,0
P1_V4_Phase14,1,0.5049441,0
P1_V4_Phase15,0,0.48916066,1
P1_V4_Phase16,0,0.49177727,0
P1_V4_Phase17,0,0.4911667,0
P1_V4_Phase18,0,0.4897336,0
P1_V4_Phase19,0,0.48472565,0
P1_V4_Phase2,0,0.48993847,0
P1_V4_Phase20,0,0.49602845,0
P1_V4_Phase21,0,0.4895754,0
P1_V4_Phase22,1,0.5028419,0
P1_V4_Phase23,0,0.49097165,1
P1_V4_Phase24,0,0.4902841,0
P1_V4_Phase25,0,0.4895023,0
P1_V4_Phase27,0,0.49476808,0
P1_V4_Phase28,0,0.4915212,0
P1_V4_Phase29,0,0.49561638,0
P1_V4_Phase3,0,0.48968863,1
P1_V4_Phase30,0,0.48707724,1
P1_V4_Phase31,0,0.485538,1
P1_V4_Phase32,0,0.4869152,0
P1_V4_Phase33,0,0.4886934,1
P1_V4_Phase34,0,0.4910579,0
P1_V4_Phase35,0,0.48739913,0
P1_V4_Phase37,0,0.49364826,0
P1_V4_Phase38,0,0.4933982,0
P1_V4_Phase39,0,0.4881932,0
P1_V4_Phase4,0,0.48888847,0
P1_V4_Phase40,0,0.48895225,0
P1_V4_Phase41,0,0.48787224,1
P1_V4_Phase42,0,0.48823047,0
P1_V4_Phase43,0,0.48777592,1
P1_V4_Phase45,1,0.5098929,0
P1_V4_Phase46,0,0.48977688,1
P1_V4_Phase47,0,0.49076068,1
P1_V4_Phase48,0,0.49232534,0
P1_V4_Phase49,0,0.48940504,0
P1_V4_Phase5,0,0.49103227,0
P1_V4_Phase50,0,0.48724064,0
P1_V4_Phase52,0,0.48432627,0
P1_V4_Phase53,1,0.50571156,0
P1_V4_Phase6,0,0.49095476,1
P1_V4_Phase7,0,0.49020782,1
P1_V4_Phase8,0,0.4896572,1
P1_V4_Phase9,0,0.48934087,1
P1_V5_Phase1,0,0.4972076,0
P1_V5_Phase10,0,0.4913172,0
P1_V5_Phase12,0,0.4874559,0
P1_V5_Phase13,0,0.49559978,0
P1_V5_Phase14,0,0.4945361,0
P1_V5_Phase15,0,0.48527622,0
P1_V5_Phase17,1,0.503074,0
P1_V5_Phase18,0,0.4875394,0
P1_V5_Phase19,0,0.49345675,0
P1_V5_Phase2,0,0.49057627,0
P1_V5_Phase20,0,0.49341962,1
P1_V5_Phase21,0,0.49131802,0
P1_V5_Phase22,0,0.49447143,0
P1_V5_Phase3,0,0.4919894,0
P1_V5_Phase4,0,0.49181736,0
P1_V5_Phase5,1,0.50420856,1
P1_V5_Phase6,0,0.49592343,0
P1_V5_Phase7,0,0.49289626,1
P1_V5_Phase8,0,0.49374068,0
P1_V5_Phase9,0,0.4912042,0
P1_V6_Phase1,0,0.489926,0
P1_V6_Phase10,0,0.48915982,1
P1_V6_Phase11,0,0.49658036,1
P1_V6_Phase12,0,0.49054,1
P1_V6_Phase13,0,0.49033335,1
P1_V6_Phase14,0,0.4948583,1
P1_V6_Phase15,0,0.4903509,1
P1_V6_Phase16,0,0.49373108,1
P1_V6_Phase17,1,0.50503916,1
P1_V6_Phase18,1,0.50023526,1
P1_V6_Phase19,0,0.4890222,1
P1_V6_Phase2,0,0.4955124,1
P1_V6_Phase20,0,0.49723047,1
P1_V6_Phase21,0,0.48855156,1
P1_V6_Phase22,0,0.49301797,0
P1_V6_Phase23,0,0.49035376,0
P1_V6_Phase24,0,0.4875499,1
P1_V6_Phase25,1,0.50905085,0
P1_V6_Phase26,1,0.50560886,0
P1_V6_Phase27,0,0.4953553,1
P1_V6_Phase28,0,0.48844883,1
P1_V6_Phase29,0,0.4940282,0
P1_V6_Phase3,1,0.5059722,0
P1_V6_Phase4,0,0.4913502,0
P1_V6_Phase5,0,0.4859524,1
P1_V6_Phase6,0,0.49218658,0
P1_V6_Phase7,0,0.48892367,0
P1_V6_Phase8,0,0.4867843,0
P1_V6_Phase9,0,0.4899835,1
P1_V7_Phase1,0,0.4909243,1
P1_V7_Phase10,0,0.4992032,1
P1_V7_Phase100,0,0.48740932,1
P1_V7_Phase101,1,0.5016597,1
P1_V7_Phase102,0,0.49233988,1
P1_V7_Phase103,0,0.49737483,0
P1_V7_Phase104,0,0.49468654,1
P1_V7_Phase105,0,0.49330175,1
P1_V7_Phase106,0,0.4848134,1
P1_V7_Phase107,0,0.4901962,1
P1_V7_Phase108,1,0.5094024,1
P1_V7_Phase109,0,0.4864484,1
P1_V7_Phase11,0,0.493962,1
P1_V7_Phase110,0,0.48961586,1
P1_V7_Phase111,0,0.49036747,1
P1_V7_Phase112,0,0.49491334,0
P1_V7_Phase113,0,0.4926681,0
P1_V7_Phase114,0,0.49147183,0
P1_V7_Phase115,1,0.5025298,0
P1_V7_Phase116,0,0.4878628,1
P1_V7_Phase117,0,0.48733565,0
P1_V7_Phase118,0,0.49327782,1
P1_V7_Phase119,1,0.5069328,1
P1_V7_Phase12,1,0.50136584,1
P1_V7_Phase120,0,0.4887384,1
P1_V7_Phase121,0,0.49909788,1
P1_V7_Phase122,0,0.48859262,1
P1_V7_Phase123,0,0.4879668,1
P1_V7_Phase124,0,0.4892677,0
P1_V7_Phase125,0,0.48559973,1
P1_V7_Phase126,0,0.49108928,1
P1_V7_Phase127,0,0.48694706,1
P1_V7_Phase128,0,0.49996948,1
P1_V7_Phase129,0,0.4938955,1
P1_V7_Phase13,0,0.4928564,1
P1_V7_Phase130,0,0.4967518,1
P1_V7_Phase131,0,0.48834297,1
P1_V7_Phase132,1,0.5060715,1
P1_V7_Phase133,0,0.48970056,1
P1_V7_Phase134,0,0.49182707,1
P1_V7_Phase135,0,0.4917527,1
P1_V7_Phase136,0,0.49017248,1
P1_V7_Phase137,0,0.48950386,1
P1_V7_Phase138,0,0.49291962,1
P1_V7_Phase139,0,0.4910034,1
P1_V7_Phase14,0,0.4889335,1
P1_V7_Phase140,0,0.4942913,1
P1_V7_Phase141,0,0.48927093,0
P1_V7_Phase142,0,0.49350744,1
P1_V7_Phase143,0,0.49321228,1
P1_V7_Phase144,0,0.48533642,1
P1_V7_Phase145,0,0.49940866,1
P1_V7_Phase146,0,0.485876,0
P1_V7_Phase147,0,0.49246463,1
P1_V7_Phase148,0,0.48988694,0
P1_V7_Phase149,0,0.48830378,0
P1_V7_Phase15,0,0.4900796,1
P1_V7_Phase150,0,0.48848405,0
P1_V7_Phase151,0,0.48603186,1
P1_V7_Phase16,0,0.49363402,1
P1_V7_Phase17,0,0.49274343,1
P1_V7_Phase18,0,0.4901496,1
P1_V7_Phase19,0,0.49083048,0
P1_V7_Phase2,0,0.49206817,1
P1_V7_Phase20,1,0.5096275,0
P1_V7_Phase21,0,0.4919385,1
P1_V7_Phase22,0,0.4935399,1
P1_V7_Phase23,0,0.49129924,0
P1_V7_Phase25,0,0.49326375,1
P1_V7_Phase26,0,0.49331304,0
P1_V7_Phase27,0,0.49168703,0
P1_V7_Phase28,0,0.48775157,1
P1_V7_Phase29,0,0.48880544,1
P1_V7_Phase3,1,0.5066446,1
P1_V7_Phase30,0,0.48060828,0
P1_V7_Phase31,0,0.49145246,1
P1_V7_Phase32,0,0.49178648,0
P1_V7_Phase33,0,0.4850638,0
P1_V7_Phase34,0,0.48768908,1
P1_V7_Phase35,0,0.48674673,1
P1_V7_Phase36,0,0.48950177,1
P1_V7_Phase37,1,0.5008984,1
P1_V7_Phase38,0,0.49382553,1
P1_V7_Phase39,0,0.4850029,1
P1_V7_Phase4,0,0.4894987,1
P1_V7_Phase40,0,0.49102566,1
P1_V7_Phase41,0,0.49013236,1
P1_V7_Phase42,0,0.4936391,1
P1_V7_Phase43,1,0.5114534,1
P1_V7_Phase44,0,0.49273062,0
P1_V7_Phase45,0,0.49032703,0
P1_V7_Phase46,0,0.48753563,1
P1_V7_Phase47,1,0.50317186,1
P1_V7_Phase48,0,0.490483,1
P1_V7_Phase49,0,0.48869124,1
P1_V7_Phase5,0,0.48910916,1
P1_V7_Phase50,1,0.5077538,1
P1_V7_Phase51,0,0.48783934,0
P1_V7_Phase52,0,0.490851,1
P1_V7_Phase53,1,0.5040969,1
P1_V7_Phase54,0,0.49368596,0
P1_V7_Phase55,0,0.49176553,0
P1_V7_Phase56,0,0.48638043,1
P1_V7_Phase57,0,0.490804,1
P1_V7_Phase58,0,0.48727378,1
P1_V7_Phase59,0,0.4933876,0
P1_V7_Phase6,0,0.49032483,1
P1_V7_Phase60,0,0.48526978,1
P1_V7_Phase61,0,0.49163523,1
P1_V7_Phase62,0,0.4877877,0
P1_V7_Phase63,0,0.49192053,0
P1_V7_Phase64,1,0.5132867,1
P1_V7_Phase65,1,0.50606453,1
P1_V7_Phase66,0,0.49227676,1
P1_V7_Phase67,0,0.48931414,1
P1_V7_Phase68,0,0.48848048,0
P1_V7_Phase69,0,0.4938915,0
P1_V7_Phase7,0,0.49005473,1
P1_V7_Phase70,0,0.48870856,0
P1_V7_Phase71,0,0.48706916,1
P1_V7_Phase72,0,0.49111933,1
P1_V7_Phase73,0,0.4902848,1
P1_V7_Phase74,0,0.49172196,1
P1_V7_Phase75,1,0.51315933,0
P1_V7_Phase76,0,0.4922234,1
P1_V7_Phase77,0,0.49037194,1
P1_V7_Phase78,0,0.4903758,1
P1_V7_Phase79,1,0.5095062,1
P1_V7_Phase8,0,0.48944557,0
P1_V7_Phase80,0,0.4968253,0
P1_V7_Phase81,1,0.50295925,1
P1_V7_Phase82,0,0.48816928,1
P1_V7_Phase83,1,0.50729257,1
P1_V7_Phase84,0,0.48609072,1
P1_V7_Phase85,0,0.4899038,1
P1_V7_Phase86,0,0.49197385,1
P1_V7_Phase87,0,0.48673204,1
P1_V7_Phase88,0,0.4915421,1
P1_V7_Phase89,0,0.49555874,1
P1_V7_Phase9,0,0.49141517,0
P1_V7_Phase90,0,0.48886245,1
P1_V7_Phase91,0,0.49000612,1
P1_V7_Phase92,0,0.48904908,0
P1_V7_Phase93,0,0.49973273,1
P1_V7_Phase94,0,0.48799598,1
P1_V7_Phase95,0,0.49149063,1
P1_V7_Phase96,0,0.48637298,1
P1_V7_Phase97,0,0.48961824,1
P1_V7_Phase98,0,0.48768368,1
P1_V7_Phase99,0,0.48679262,0
P1_V9_Phase1,0,0.4917972,0
P1_V9_Phase3,0,0.48985466,0
P1_V9_Phase4,0,0.48479035,0
P1_V9_Phase5,0,0.48914602,0
P1_V9_Phase6,0,0.4867523,0
P1_V9_Phase7,0,0.4848326,0
P1_V9_Phase8,0,0.49306455,1
P1_V9_Phase9,0,0.4919623,0
P2_V10_Phase1,0,0.48915803,0
P2_V10_Phase10,0,0.490209,0
P2_V10_Phase12,0,0.49214584,0
P2_V10_Phase13,0,0.48741555,0
P2_V10_Phase14,0,0.4923215,0
P2_V10_Phase15,1,0.5049208,0
P2_V10_Phase16,0,0.49089316,0
P2_V10_Phase17,0,0.48684186,0
P2_V10_Phase18,0,0.48878625,0
P2_V10_Phase19,0,0.49282146,0
P2_V10_Phase2,0,0.49132946,0
P2_V10_Phase20,1,0.5086028,0
P2_V10_Phase21,0,0.49260372,0
P2_V10_Phase22,0,0.49146166,0
P2_V10_Phase3,0,0.49107978,0
P2_V10_Phase4,0,0.48674133,0
P2_V10_Phase5,0,0.4915185,0
P2_V10_Phase6,0,0.49861673,0
P2_V10_Phase7,0,0.4898764,0
P2_V10_Phase8,0,0.48752257,0
P2_V10_Phase9,0,0.49067584,0
P2_V11_Phase1,0,0.49223667,0
P2_V11_Phase10,0,0.48828062,0
P2_V11_Phase100,0,0.48600158,1
P2_V11_Phase101,0,0.49164352,1
P2_V11_Phase102,0,0.4873902,0
P2_V11_Phase103,0,0.49048966,1
P2_V11_Phase104,0,0.485271,0
P2_V11_Phase105,0,0.4907249,0
P2_V11_Phase11,0,0.48724884,1
P2_V11_Phase12,0,0.49073577,0
P2_V11_Phase13,0,0.48888698,0
P2_V11_Phase14,1,0.5067155,1
P2_V11_Phase15,0,0.48967293,0
P2_V11_Phase16,0,0.49099243,1
P2_V11_Phase17,0,0.49042436,1
P2_V11_Phase18,0,0.48577836,1
P2_V11_Phase19,0,0.49083358,1
P2_V11_Phase2,0,0.49052298,0
P2_V11_Phase20,0,0.48689145,1
P2_V11_Phase21,0,0.4885317,0
P2_V11_Phase22,0,0.48394978,1
P2_V11_Phase23,0,0.4864773,1
P2_V11_Phase24,0,0.48981962,1
P2_V11_Phase25,1,0.5040995,1
P2_V11_Phase26,1,0.51024115,0
P2_V11_Phase27,1,0.51420844,0
P2_V11_Phase28,0,0.49001184,0
P2_V11_Phase29,0,0.48923853,0
P2_V11_Phase3,0,0.48815036,1
P2_V11_Phase30,1,0.50928324,0
P2_V11_Phase31,0,0.4873854,0
P2_V11_Phase32,1,0.5019537,1
P2_V11_Phase33,1,0.50626254,0
P2_V11_Phase34,0,0.49450418,1
P2_V11_Phase35,0,0.49079093,1
P2_V11_Phase36,0,0.48668584,0
P2_V11_Phase37,0,0.4942773,1
P2_V11_Phase38,0,0.49379715,0
P2_V11_Phase39,0,0.49406454,1
P2_V11_Phase4,0,0.49006256,0
P2_V11_Phase40,0,0.4896625,0
P2_V11_Phase41,0,0.49036792,1
P2_V11_Phase42,0,0.4908653,1
P2_V11_Phase43,0,0.4904217,1
P2_V11_Phase44,0,0.4892464,1
P2_V11_Phase45,0,0.49446929,0
P2_V11_Phase46,0,0.4887258,0
P2_V11_Phase47,0,0.48649186,1
P2_V11_Phase48,0,0.49752435,1
P2_V11_Phase49,0,0.48586145,0
P2_V11_Phase5,0,0.48730156,1
P2_V11_Phase50,0,0.49139085,0
P2_V11_Phase51,1,0.5075289,0
P2_V11_Phase52,0,0.49455887,1
P2_V11_Phase53,0,0.49210486,1
P2_V11_Phase54,0,0.49542952,1
P2_V11_Phase55,0,0.48699817,1
P2_V11_Phase56,0,0.48867488,0
P2_V11_Phase57,0,0.4924708,1
P2_V11_Phase58,0,0.49369773,1
P2_V11_Phase59,1,0.50216824,1
P2_V11_Phase6,1,0.5012193,0
P2_V11_Phase60,1,0.50146997,0
P2_V11_Phase61,0,0.49904734,1
P2_V11_Phase62,0,0.49262163,1
P2_V11_Phase63,1,0.5127796,0
P2_V11_Phase64,0,0.49301898,0
P2_V11_Phase65,0,0.48988247,0
P2_V11_Phase66,0,0.49760634,0
P2_V11_Phase67,0,0.48979643,1
P2_V11_Phase68,0,0.48994878,1
P2_V11_Phase69,0,0.48816597,1
P2_V11_Phase7,0,0.48584902,1
P2_V11_Phase70,0,0.49378017,1
P2_V11_Phase71,0,0.4849036,1
P2_V11_Phase72,0,0.48781604,0
P2_V11_Phase73,0,0.49595284,1
P2_V11_Phase74,0,0.4910825,1
P2_V11_Phase75,0,0.48964766,0
P2_V11_Phase76,0,0.48911983,1
P2_V11_Phase77,0,0.4926156,1
P2_V11_Phase78,0,0.4957407,1
P2_V11_Phase79,0,0.49002,1
P2_V11_Phase8,0,0.48063716,0
P2_V11_Phase80,0,0.4972098,1
P2_V11_Phase81,0,0.49008012,1
P2_V11_Phase82,0,0.49839595,1
P2_V11_Phase83,1,0.501412,0
P2_V11_Phase84,0,0.49229226,1
P2_V11_Phase85,0,0.49513277,0
P2_V11_Phase86,0,0.48690268,1
P2_V11_Phase87,1,0.50830805,0
P2_V11_Phase88,0,0.48959568,0
P2_V11_Phase89,0,0.49263406,1
P2_V11_Phase9,0,0.49429497,1
P2_V11_Phase90,0,0.4916587,0
P2_V11_Phase91,0,0.49478576,0
P2_V11_Phase92,0,0.49539983,0
P2_V11_Phase93,0,0.4940373,1
P2_V11_Phase94,0,0.49128187,1
P2_V11_Phase95,0,0.48273835,1
P2_V11_Phase96,0,0.49031693,1
P2_V11_Phase97,0,0.49637705,1
P2_V11_Phase98,1,0.50188035,0
P2_V11_Phase99,0,0.49213734,1
P2_V12_Phase1,0,0.49111804,0
P2_V12_Phase10,0,0.4927457,0
P2_V12_Phase2,1,0.50208133,0
P2_V12_Phase3,0,0.4909437,0
P2_V12_Phase4,1,0.5062022,0
P2_V12_Phase5,0,0.49481818,0
P2_V12_Phase6,0,0.49258375,1
P2_V12_Phase7,0,0.49706507,0
P2_V12_Phase8,1,0.50090724,0
P2_V12_Phase9,1,0.50139385,0
P2_V13_Phase1,1,0.50416213,0
P2_V13_Phase10,0,0.49227974,0
P2_V13_Phase11,1,0.5111936,1
P2_V13_Phase12,0,0.49391863,0
P2_V13_Phase13,0,0.48217827,1
P2_V13_Phase14,0,0.4871863,1
P2_V13_Phase15,0,0.48389184,1
P2_V13_Phase16,0,0.49345315,1
P2_V13_Phase17,0,0.491193,1
P2_V13_Phase18,0,0.48513022,1
P2_V13_Phase19,0,0.48851764,1
P2_V13_Phase2,1,0.5179924,0
P2_V13_Phase20,0,0.487905,1
P2_V13_Phase21,1,0.50099385,1
P2_V13_Phase22,0,0.4922277,1
P2_V13_Phase23,0,0.4994768,1
P2_V13_Phase24,0,0.4965248,0
P2_V13_Phase25,0,0.4891414,1
P2_V13_Phase26,0,0.48884195,0
P2_V13_Phase27,0,0.48878807,1
P2_V13_Phase28,0,0.48983914,0
P2_V13_Phase29,0,0.4983384,1
P2_V13_Phase3,0,0.49048832,0
P2_V13_Phase30,0,0.49041638,1
P2_V13_Phase31,0,0.49163166,1
P2_V13_Phase32,0,0.49124354,1
P2_V13_Phase33,0,0.48858854,1
P2_V13_Phase34,0,0.49584526,1
P2_V13_Phase35,0,0.4910662,0
P2_V13_Phase36,0,0.4878325,1
P2_V13_Phase37,0,0.49328822,0
P2_V13_Phase38,0,0.493985,1
P2_V13_Phase39,0,0.48737645,0
P2_V13_Phase4,0,0.49297318,0
P2_V13_Phase40,0,0.4869968,1
P2_V13_Phase41,0,0.48742932,1
P2_V13_Phase42,0,0.48717928,1
P2_V13_Phase43,1,0.50076276,1
P2_V13_Phase44,0,0.48635948,0
P2_V13_Phase45,0,0.48963457,1
P2_V13_Phase5,0,0.49394327,1
P2_V13_Phase6,1,0.5002119,0
P2_V13_Phase7,0,0.49243698,0
P2_V13_Phase8,0,0.4946116,1
P2_V13_Phase9,0,0.48424375,0
P2_V14_Phase1,0,0.49240834,1
P2_V14_Phase10,0,0.4867175,1
P2_V14_Phase11,0,0.49083456,1
P2_V14_Phase12,0,0.4883124,1
P2_V14_Phase13,0,0.49267018,1
P2_V14_Phase14,1,0.5066297,0
P2_V14_Phase15,0,0.49255303,1
P2_V14_Phase16,0,0.48697037,0
P2_V14_Phase17,0,0.48476174,0
P2_V14_Phase18,0,0.49476913,0
P2_V14_Phase19,0,0.49227342,0
P2_V14_Phase2,0,0.48502833,1
P2_V14_Phase20,0,0.49035892,1
P2_V14_Phase21,0,0.49095452,1
P2_V14_Phase22,0,0.48824486,1
P2_V14_Phase23,0,0.48869896,1
P2_V14_Phase24,0,0.4892957,1
P2_V14_Phase25,0,0.48782167,0
P2_V14_Phase26,0,0.48748288,0
P2_V14_Phase27,0,0.4878372,1
P2_V14_Phase28,0,0.49117327,1
P2_V14_Phase29,0,0.49945125,0
P2_V14_Phase3,0,0.4888561,1
P2_V14_Phase30,0,0.4843099,0
P2_V14_Phase31,0,0.49097908,1
P2_V14_Phase32,0,0.48950785,0
P2_V14_Phase33,0,0.49648467,0
P2_V14_Phase34,0,0.48839042,1
P2_V14_Phase35,0,0.4892605,0
P2_V14_Phase36,0,0.49150178,1
P2_V14_Phase37,0,0.4880815,1
P2_V14_Phase38,0,0.48532,1
P2_V14_Phase39,0,0.48771787,0
P2_V14_Phase4,0,0.49055943,1
P2_V14_Phase40,0,0.49107322,1
P2_V14_Phase41,0,0.48845065,1
P2_V14_Phase42,0,0.49429217,0
P2_V14_Phase43,0,0.48794115,1
P2_V14_Phase44,0,0.48410258,0
P2_V14_Phase45,0,0.48910028,0
P2_V14_Phase46,0,0.49479446,0
P2_V14_Phase5,0,0.48873007,1
P2_V14_Phase6,0,0.49002954,1
P2_V14_Phase7,0,0.48797658,1
P2_V14_Phase8,0,0.4926883,0
P2_V14_Phase9,0,0.4998933,1
P2_V15_Phase1,0,0.49025792,0
P2_V15_Phase10,0,0.49413517,0
P2_V15_Phase2,0,0.48983997,0
P2_V15_Phase3,0,0.48550335,0
P2_V15_Phase4,0,0.4905234,0
P2_V15_Phase5,0,0.4870595,0
P2_V15_Phase6,0,0.49334893,0
P2_V15_Phase7,0,0.4848421,0
P2_V15_Phase8,0,0.48939794,1
P2_V15_Phase9,0,0.49134842,0
P2_V16_Phase1,0,0.4914537,0
P2_V16_Phase10,0,0.4914828,0
P2_V16_Phase2,0,0.49172992,0
P2_V16_Phase3,0,0.4900334,0
P2_V16_Phase4,0,0.49415228,0
P2_V16_Phase5,0,0.49067047,0
P2_V16_Phase6,1,0.5004836,0
P2_V16_Phase7,0,0.48620224,0
P2_V16_Phase8,0,0.48468736,0
P2_V16_Phase9,0,0.48707393,0
P2_V17_Phase1,1,0.50222564,1
P2_V17_Phase10,0,0.49780622,0
P2_V17_Phase11,0,0.48946273,1
P2_V17_Phase12,0,0.49011296,1
P2_V17_Phase13,0,0.49486285,1
P2_V17_Phase14,0,0.4879459,0
P2_V17_Phase15,0,0.49495375,1
P2_V17_Phase16,0,0.49496803,1
P2_V17_Phase17,0,0.49239746,1
P2_V17_Phase18,0,0.48890588,1
P2_V17_Phase19,0,0.48655108,0
P2_V17_Phase2,0,0.48844567,1
P2_V17_Phase20,0,0.49265116,1
P2_V17_Phase21,0,0.49002475,1
P2_V17_Phase22,0,0.4953709,1
P2_V17_Phase23,0,0.49365914,1
P2_V17_Phase24,0,0.49191636,0
P2_V17_Phase25,0,0.49433023,1
P2_V17_Phase26,0,0.49029723,0
P2_V17_Phase27,0,0.49416837,1
P2_V17_Phase28,0,0.49127987,1
P2_V17_Phase29,0,0.4901888,1
P2_V17_Phase3,0,0.49355838,1
P2_V17_Phase30,0,0.4881691,1
P2_V17_Phase31,0,0.49473542,1
P2_V17_Phase32,1,0.5005875,0
P2_V17_Phase33,0,0.48830113,0
P2_V17_Phase34,0,0.49163923,0
P2_V17_Phase35,0,0.48710394,1
P2_V17_Phase36,0,0.4859858,0
P2_V17_Phase37,0,0.4932482,0
P2_V17_Phase38,0,0.48851275,1
P2_V17_Phase39,0,0.4894161,0
P2_V17_Phase4,1,0.502745,1
P2_V17_Phase40,0,0.48910525,1
P2_V17_Phase41,0,0.49011073,1
P2_V17_Phase42,0,0.49866664,1
P2_V17_Phase43,0,0.48841757,0
P2_V17_Phase44,1,0.5135423,1
P2_V17_Phase5,0,0.49231082,1
P2_V17_Phase6,0,0.49185807,1
P2_V17_Phase7,0,0.49447212,1
P2_V17_Phase8,1,0.5053889,1
P2_V17_Phase9,0,0.48747087,0
P2_V18_Phase1,0,0.4922521,1
P2_V18_Phase10,0,0.4911838,1
P2_V18_Phase11,0,0.4886204,1
P2_V18_Phase2,0,0.4841031,1
P2_V18_Phase3,0,0.48997393,1
P2_V18_Phase4,0,0.48691228,1
P2_V18_Phase5,0,0.49011645,1
P2_V18_Phase6,0,0.48886177,1
P2_V18_Phase7,0,0.48615623,1
P2_V18_Phase8,0,0.4859398,1
P2_V18_Phase9,0,0.487673,1
P2_V19_Phase1,0,0.4873004,0
P2_V19_Phase2,0,0.48656043,0
P2_V19_Phase3,0,0.48542452,0
P2_V19_Phase4,0,0.48963764,0
P2_V19_Phase5,0,0.49842635,0
P2_V19_Phase6,0,0.48965475,0
P2_V19_Phase7,0,0.48965517,0
P2_V19_Phase8,0,0.49376178,0
P2_V19_Phase9,0,0.4885531,0
P2_V1_Phase1,0,0.49019378,1
P2_V1_Phase10,0,0.4903222,1
P2_V1_Phase11,1,0.5095151,0
P2_V1_Phase12,0,0.4942973,1
P2_V1_Phase13,0,0.49730384,0
P2_V1_Phase14,0,0.4956322,0
P2_V1_Phase15,0,0.49308914,0
P2_V1_Phase16,1,0.5135912,1
P2_V1_Phase17,0,0.48984224,1
P2_V1_Phase18,0,0.48913562,0
P2_V1_Phase19,0,0.49376443,1
P2_V1_Phase2,0,0.48761937,0
P2_V1_Phase20,0,0.4912334,1
P2_V1_Phase21,0,0.4997409,1
P2_V1_Phase22,0,0.48941845,1
P2_V1_Phase23,0,0.4959884,1
P2_V1_Phase24,0,0.49375588,1
P2_V1_Phase25,0,0.49127007,0
P2_V1_Phase26,1,0.50288534,0
P2_V1_Phase27,0,0.49592656,1
P2_V1_Phase28,0,0.48807916,1
P2_V1_Phase29,0,0.4905859,1
P2_V1_Phase3,1,0.50267226,0
P2_V1_Phase30,0,0.48674792,0
P2_V1_Phase31,0,0.48667693,0
P2_V1_Phase32,0,0.49179175,0
P2_V1_Phase33,0,0.48565346,0
P2_V1_Phase34,1,0.5072091,1
P2_V1_Phase35,0,0.49056518,1
P2_V1_Phase36,0,0.48772594,1
P2_V1_Phase37,0,0.4921287,0
P2_V1_Phase38,1,0.50086546,1
P2_V1_Phase39,0,0.48879555,0
P2_V1_Phase4,0,0.49150848,0
P2_V1_Phase40,0,0.4856111,0
P2_V1_Phase41,0,0.49187204,0
P2_V1_Phase42,0,0.49117336,0
P2_V1_Phase43,0,0.4900449,0
P2_V1_Phase44,0,0.4894347,0
P2_V1_Phase45,0,0.49031743,0
P2_V1_Phase46,0,0.48938945,1
P2_V1_Phase47,0,0.49273694,1
P2_V1_Phase48,0,0.48715827,1
P2_V1_Phase49,1,0.5005397,1
P2_V1_Phase5,0,0.4921979,0
P2_V1_Phase50,1,0.50088173,1
P2_V1_Phase51,0,0.4860582,1
P2_V1_Phase52,0,0.48942667,0
P2_V1_Phase53,0,0.4953436,0
P2_V1_Phase54,0,0.485595,0
P2_V1_Phase55,1,0.5057398,0
P2_V1_Phase56,0,0.4932298,1
P2_V1_Phase57,0,0.4851102,0
P2_V1_Phase6,0,0.49118245,1
P2_V1_Phase7,0,0.49329123,1
P2_V1_Phase8,0,0.49164888,0
P2_V1_Phase9,0,0.4887741,0
P2_V20_Phase1,0,0.4892503,0
P2_V20_Phase10,1,0.50626767,0
P2_V20_Phase11,0,0.4860949,1
P2_V20_Phase12,0,0.4863672,1
P2_V20_Phase13,0,0.49959782,1
P2_V20_Phase14,0,0.4889263,1
P2_V20_Phase15,0,0.49952215,0
P2_V20_Phase16,0,0.4913171,1
P2_V20_Phase17,0,0.48963535,1
P2_V20_Phase18,0,0.4893036,1
P2_V20_Phase19,0,0.48640484,1
P2_V20_Phase2,0,0.48959872,1
P2_V20_Phase20,0,0.49549386,0
P2_V20_Phase21,1,0.50533295,0
P2_V20_Phase22,0,0.49693123,0
P2_V20_Phase23,0,0.49337238,0
P2_V20_Phase24,0,0.49294034,1
P2_V20_Phase25,0,0.4929578,0
P2_V20_Phase26,0,0.4908855,0
P2_V20_Phase27,0,0.48825362,1
P2_V20_Phase28,0,0.49082363,1
P2_V20_Phase29,0,0.48901805,0
P2_V20_Phase3,0,0.48684055,1
P2_V20_Phase30,0,0.493268,0
P2_V20_Phase31,0,0.4898643,1
P2_V20_Phase32,0,0.49388474,0
P2_V20_Phase33,0,0.4958827,1
P2_V20_Phase34,0,0.48776215,1
P2_V20_Phase35,1,0.50821745,0
P2_V20_Phase36,0,0.4890872,1
P2_V20_Phase37,0,0.49112594,1
P2_V20_Phase38,0,0.48302463,1
P2_V20_Phase39,0,0.49309313,1
P2_V20_Phase4,0,0.48763326,0
P2_V20_Phase40,0,0.49173582,1
P2_V20_Phase41,0,0.4926279,1
P2_V20_Phase42,0,0.49136642,1
P2_V20_Phase43,0,0.49438983,0
P2_V20_Phase44,0,0.49160534,1
P2_V20_Phase45,0,0.48731235,0
P2_V20_Phase46,0,0.48911616,1
P2_V20_Phase5,0,0.4920391,1
P2_V20_Phase6,0,0.48835987,1
P2_V20_Phase7,1,0.51029515,1
P2_V20_Phase8,0,0.48836753,0
P2_V20_Phase9,0,0.48876163,0
P2_V21_Phase1,0,0.49336714,1
P2_V21_Phase10,1,0.5006337,0
P2_V21_Phase11,0,0.49183184,0
P2_V21_Phase12,0,0.49271366,1
P2_V21_Phase13,0,0.48991814,1
P2_V21_Phase14,0,0.48846412,0
P2_V21_Phase15,0,0.49195215,1
P2_V21_Phase16,0,0.4911247,0
P2_V21_Phase17,0,0.48610955,0
P2_V21_Phase18,0,0.49695915,0
P2_V21_Phase19,0,0.49852967,1
P2_V21_Phase2,1,0.5088553,0
P2_V21_Phase20,0,0.4936205,0
P2_V21_Phase21,0,0.48371723,0
P2_V21_Phase22,0,0.48482776,0
P2_V21_Phase23,1,0.5031168,0
P2_V21_Phase24,1,0.50266004,0
P2_V21_Phase25,0,0.49363282,1
P2_V21_Phase26,0,0.49916705,0
P2_V21_Phase27,0,0.49720266,1
P2_V21_Phase28,0,0.49163824,1
P2_V21_Phase29,0,0.4827963,0
P2_V21_Phase3,0,0.48799196,1
P2_V21_Phase30,0,0.48997,1
P2_V21_Phase31,0,0.49028006,0
P2_V21_Phase32,0,0.48460189,0
P2_V21_Phase33,0,0.49055067,0
P2_V21_Phase34,0,0.48850858,1
P2_V21_Phase35,0,0.4909707,1
P2_V21_Phase36,0,0.48952076,1
P2_V21_Phase4,0,0.49266827,1
P2_V21_Phase5,0,0.490034,0
P2_V21_Phase6,1,0.5016982,0
P2_V21_Phase7,0,0.49870896,1
P2_V21_Phase8,0,0.4953173,0
P2_V21_Phase9,0,0.48738047,1
P2_V22_Phase1,0,0.48501092,0
P2_V22_Phase10,0,0.48838946,1
P2_V22_Phase11,0,0.48550412,1
P2_V22_Phase12,0,0.49202156,0
P2_V22_Phase13,0,0.49037325,1
P2_V22_Phase14,0,0.4945975,1
P2_V22_Phase15,0,0.48992282,1
P2_V22_Phase16,0,0.48917216,1
P2_V22_Phase17,1,0.5028264,0
P2_V22_Phase18,0,0.4983623,0
P2_V22_Phase19,0,0.4971962,1
P2_V22_Phase2,1,0.50563717,1
P2_V22_Phase20,1,0.5032887,1
P2_V22_Phase21,0,0.49055496,1
P2_V22_Phase22,0,0.49305347,1
P2_V22_Phase23,1,0.50579196,1
P2_V22_Phase24,0,0.4921731,1
P2_V22_Phase25,0,0.4964398,1
P2_V22_Phase26,0,0.4952375,1
P2_V22_Phase27,0,0.486755,0
P2_V22_Phase28,0,0.4883802,0
P2_V22_Phase29,0,0.49515957,0
P2_V22_Phase3,0,0.48901248,1
P2_V22_Phase30,0,0.48145467,1
P2_V22_Phase31,1,0.5088762,1
P2_V22_Phase32,0,0.49467325,1
P2_V22_Phase33,0,0.49182123,1
P2_V22_Phase34,0,0.49165696,1
P2_V22_Phase35,1,0.5014032,1
P2_V22_Phase36,0,0.49070293,0
P2_V22_Phase37,0,0.48701704,1
P2_V22_Phase38,0,0.48787963,1
P2_V22_Phase39,0,0.493811,1
P2_V22_Phase4,0,0.49231893,1
P2_V22_Phase40,0,0.4858481,1
P2_V22_Phase41,0,0.4920256,1
P2_V22_Phase42,0,0.49286473,1
P2_V22_Phase43,1,0.50085855,0
P2_V22_Phase44,0,0.49091348,0
P2_V22_Phase45,0,0.49027345,1
P2_V22_Phase46,0,0.4889721,0
P2_V22_Phase47,0,0.49168736,0
P2_V22_Phase48,0,0.48755383,1
P2_V22_Phase5,0,0.49856502,1
P2_V22_Phase6,0,0.4904324,0
P2_V22_Phase7,0,0.48690188,1
P2_V22_Phase8,1,0.5018544,0
P2_V22_Phase9,0,0.48970068,1
P2_V23_Phase1,1,0.5042083,0
P2_V23_Phase10,0,0.4892478,0
P2_V23_Phase2,1,0.5072345,0
P2_V23_Phase3,0,0.48861703,0
P2_V23_Phase4,1,0.5039187,0
P2_V23_Phase5,0,0.48946595,0
P2_V23_Phase6,1,0.5052399,0
P2_V23_Phase7,0,0.49274066,0
P2_V23_Phase8,1,0.50259924,0
P2_V23_Phase9,0,0.49813187,1
P2_V24_Phase1,0,0.48945576,0
P2_V24_Phase10,1,0.50473064,0
P2_V24_Phase100,0,0.49149057,1
P2_V24_Phase101,1,0.5075126,0
P2_V24_Phase102,0,0.4929654,1
P2_V24_Phase103,0,0.49065328,1
P2_V24_Phase104,0,0.48898306,1
P2_V24_Phase105,0,0.4937171,1
P2_V24_Phase106,0,0.4847364,0
P2_V24_Phase107,0,0.49970856,1
P2_V24_Phase108,0,0.4972288,1
P2_V24_Phase109,0,0.48919544,1
P2_V24_Phase11,0,0.49268168,1
P2_V24_Phase110,0,0.49121565,0
P2_V24_Phase111,1,0.50804424,1
P2_V24_Phase112,0,0.49071184,0
P2_V24_Phase113,0,0.48754165,1
P2_V24_Phase114,0,0.4882854,1
P2_V24_Phase12,0,0.4923499,1
P2_V24_Phase13,1,0.5043804,1
P2_V24_Phase14,0,0.4920598,1
P2_V24_Phase15,0,0.4896271,1
P2_V24_Phase16,0,0.4894913,1
P2_V24_Phase17,0,0.49091247,0
P2_V24_Phase18,0,0.48963988,1
P2_V24_Phase19,0,0.4934784,0
P2_V24_Phase2,0,0.49457312,0
P2_V24_Phase20,0,0.49201694,1
P2_V24_Phase21,0,0.49323884,0
P2_V24_Phase22,0,0.48959765,1
P2_V24_Phase23,1,0.50049573,1
P2_V24_Phase24,0,0.4951271,1
P2_V24_Phase25,0,0.49782348,1
P2_V24_Phase26,0,0.488838,1
P2_V24_Phase27,0,0.48980135,1
P2_V24_Phase28,0,0.4971232,0
P2_V24_Phase29,1,0.5085458,1
P2_V24_Phase3,0,0.49000174,0
P2_V24_Phase30,0,0.4969056,0
P2_V24_Phase31,0,0.49061555,1
P2_V24_Phase32,0,0.49994865,0
P2_V24_Phase33,0,0.49086127,0
P2_V24_Phase34,0,0.49306145,0
P2_V24_Phase35,1,0.5034715,0
P2_V24_Phase36,0,0.49003035,0
P2_V24_Phase37,0,0.48643628,0
P2_V24_Phase38,0,0.48605603,1
P2_V24_Phase39,1,0.511178,0
P2_V24_Phase4,0,0.48395815,1
P2_V24_Phase40,0,0.48866144,0
P2_V24_Phase41,0,0.48802483,1
P2_V24_Phase42,0,0.48991388,1
P2_V24_Phase43,0,0.4879192,0
P2_V24_Phase44,0,0.48934713,0
P2_V24_Phase45,0,0.49648866,1
P2_V24_Phase46,0,0.4880735,1
P2_V24_Phase47,0,0.4874309,1
P2_V24_Phase48,0,0.49427724,0
P2_V24_Phase49,0,0.4921462,0
P2_V24_Phase5,0,0.49103314,0
P2_V24_Phase50,0,0.4917665,1
P2_V24_Phase51,0,0.49038053,0
P2_V24_Phase52,1,0.5107167,1
P2_V24_Phase53,0,0.48368686,1
P2_V24_Phase54,0,0.4919004,1
P2_V24_Phase55,0,0.49005347,1
P2_V24_Phase56,1,0.50216645,1
P2_V24_Phase57,0,0.4982565,1
P2_V24_Phase58,0,0.48575965,1
P2_V24_Phase59,0,0.49055636,1
P2_V24_Phase6,0,0.489457,1
P2_V24_Phase60,0,0.48851177,1
P2_V24_Phase61,0,0.48681653,1
P2_V24_Phase62,0,0.4935427,1
P2_V24_Phase63,0,0.48357034,1
P2_V24_Phase64,1,0.50483143,1
P2_V24_Phase65,0,0.48826435,1
P2_V24_Phase66,0,0.4893632,1
P2_V24_Phase67,1,0.50728524,1
P2_V24_Phase68,0,0.48861423,1
P2_V24_Phase69,0,0.48875123,1
P2_V24_Phase7,1,0.50756425,1
P2_V24_Phase70,0,0.49154532,1
P2_V24_Phase71,0,0.49794102,1
P2_V24_Phase72,0,0.48704425,1
P2_V24_Phase73,0,0.48881468,0
P2_V24_Phase74,0,0.4897333,0
P2_V24_Phase75,0,0.49258503,0
P2_V24_Phase76,0,0.491602,0
P2_V24_Phase77,0,0.48991972,1
P2_V24_Phase78,0,0.49507314,1
P2_V24_Phase79,0,0.49350476,0
P2_V24_Phase8,0,0.48372817,0
P2_V24_Phase80,0,0.49194908,1
P2_V24_Phase81,0,0.4911203,0
P2_V24_Phase82,0,0.48781046,1
P2_V24_Phase83,0,0.492826,1
P2_V24_Phase84,0,0.48669463,1
P2_V24_Phase85,0,0.49866268,0
P2_V24_Phase86,0,0.48831072,0
P2_V24_Phase87,0,0.49202543,0
P2_V24_Phase88,1,0.5048384,0
P2_V24_Phase89,0,0.49931544,0
P2_V24_Phase9,0,0.49125946,1
P2_V24_Phase90,0,0.49076638,1
P2_V24_Phase91,0,0.4844674,1
P2_V24_Phase92,0,0.4892444,0
P2_V24_Phase93,0,0.49004427,0
P2_V24_Phase94,0,0.4855533,1
P2_V24_Phase95,0,0.49828398,1
P2_V24_Phase96,0,0.48850602,1
P2_V24_Phase97,0,0.49065062,1
P2_V24_Phase98,0,0.49090526,1
P2_V24_Phase99,0,0.49199235,1
P2_V25_Phase1,0,0.49502414,1
P2_V25_Phase10,0,0.48874533,0
P2_V25_Phase100,0,0.48837578,0
P2_V25_Phase101,0,0.4894399,0
P2_V25_Phase102,0,0.48951772,1
P2_V25_Phase103,0,0.4906302,0
P2_V25_Phase104,1,0.50497884,1
P2_V25_Phase105,0,0.48556122,1
P2_V25_Phase106,0,0.48843634,1
P2_V25_Phase107,0,0.48959738,1
P2_V25_Phase108,0,0.49153674,1
P2_V25_Phase109,0,0.48393184,1
P2_V25_Phase11,1,0.5082872,0
P2_V25_Phase110,1,0.50377387,0
P2_V25_Phase111,0,0.49250948,1
P2_V25_Phase112,0,0.4870691,1
P2_V25_Phase113,0,0.48931065,1
P2_V25_Phase114,0,0.48982325,0
P2_V25_Phase115,0,0.49065328,1
P2_V25_Phase116,0,0.48896343,1
P2_V25_Phase118,0,0.49093622,0
P2_V25_Phase119,0,0.4911386,0
P2_V25_Phase12,0,0.49030054,0
P2_V25_Phase120,0,0.4916251,0
P2_V25_Phase121,0,0.4877469,0
P2_V25_Phase122,0,0.4983678,0
P2_V25_Phase123,0,0.49086943,1
P2_V25_Phase124,1,0.50518185,1
P2_V25_Phase125,0,0.49405172,0
P2_V25_Phase126,0,0.48950037,0
P2_V25_Phase127,1,0.50707996,1
P2_V25_Phase128,0,0.49512696,1
P2_V25_Phase129,0,0.49224192,1
P2_V25_Phase13,1,0.50496095,0
P2_V25_Phase131,0,0.48979622,0
P2_V25_Phase132,0,0.48552096,0
P2_V25_Phase133,1,0.5045815,0
P2_V25_Phase134,0,0.49641263,1
P2_V25_Phase135,0,0.49063435,1
P2_V25_Phase136,0,0.4878849,0
P2_V25_Phase137,0,0.4868127,1
P2_V25_Phase138,0,0.48653454,1
P2_V25_Phase139,0,0.4902662,0
P2_V25_Phase14,0,0.4902706,0
P2_V25_Phase140,0,0.49282122,1
P2_V25_Phase141,0,0.48488393,0
P2_V25_Phase142,0,0.48886433,1
P2_V25_Phase143,0,0.49964926,1
P2_V25_Phase144,0,0.49133754,0
P2_V25_Phase145,0,0.49210462,0
P2_V25_Phase146,0,0.49378762,1
P2_V25_Phase147,0,0.48631424,1
P2_V25_Phase148,0,0.49455848,1
P2_V25_Phase149,0,0.4915969,0
P2_V25_Phase15,0,0.48860258,1
P2_V25_Phase150,0,0.48797128,1
P2_V25_Phase151,0,0.4865733,0
P2_V25_Phase152,0,0.48831296,0
P2_V25_Phase153,0,0.49166265,1
P2_V25_Phase154,0,0.4935469,0
P2_V25_Phase155,0,0.4882069,0
P2_V25_Phase156,0,0.48995557,1
P2_V25_Phase157,0,0.4869357,0
P2_V25_Phase158,0,0.4875408,0
P2_V25_Phase159,0,0.49023417,0
P2_V25_Phase16,0,0.49421358,0
P2_V25_Phase160,0,0.48913974,0
P2_V25_Phase161,0,0.490253,1
P2_V25_Phase162,1,0.50538445,0
P2_V25_Phase163,0,0.49023882,1
P2_V25_Phase164,0,0.48939082,1
P2_V25_Phase165,0,0.48754275,1
P2_V25_Phase166,0,0.48624545,1
P2_V25_Phase167,0,0.48068854,1
P2_V25_Phase168,0,0.49746573,1
P2_V25_Phase169,0,0.49794468,1
P2_V25_Phase17,0,0.49251997,0
P2_V25_Phase18,0,0.48637486,0
P2_V25_Phase19,0,0.49413964,0
P2_V25_Phase2,0,0.4977749,1
P2_V25_Phase20,0,0.48946172,0
P2_V25_Phase21,1,0.50000155,0
P2_V25_Phase22,0,0.4950642,0
P2_V25_Phase23,0,0.4918459,0
P2_V25_Phase24,0,0.49726686,1
P2_V25_Phase25,0,0.490135,0
P2_V25_Phase26,1,0.51143414,0
P2_V25_Phase27,1,0.50620866,1
P2_V25_Phase28,0,0.48855662,1
P2_V25_Phase29,0,0.4862567,0
P2_V25_Phase3,0,0.48821187,0
P2_V25_Phase30,0,0.49009946,0
P2_V25_Phase31,0,0.49283502,0
P2_V25_Phase32,1,0.50837624,0
P2_V25_Phase34,0,0.48117137,0
P2_V25_Phase35,0,0.49923873,0
P2_V25_Phase36,0,0.4988523,0
P2_V25_Phase37,1,0.5002475,0
P2_V25_Phase38,1,0.50441855,0
P2_V25_Phase39,0,0.4882657,0
P2_V25_Phase4,0,0.4837665,0
P2_V25_Phase40,0,0.49557114,0
P2_V25_Phase41,0,0.49126953,0
P2_V25_Phase42,0,0.49191082,0
P2_V25_Phase43,0,0.49523854,0
P2_V25_Phase44,0,0.4921251,0
P2_V25_Phase45,0,0.49590412,1
P2_V25_Phase46,0,0.49024254,0
P2_V25_Phase47,0,0.48721015,1
P2_V25_Phase48,0,0.4995155,0
P2_V25_Phase49,1,0.50587,0
P2_V25_Phase5,0,0.48649767,0
P2_V25_Phase50,1,0.51484746,1
P2_V25_Phase51,0,0.49657854,0
P2_V25_Phase52,0,0.49487782,1
P2_V25_Phase53,0,0.49997622,0
P2_V25_Phase54,0,0.49915844,1
P2_V25_Phase55,0,0.4955208,0
P2_V25_Phase56,1,0.5001912,0
P2_V25_Phase57,0,0.4961971,1
P2_V25_Phase58,0,0.4920679,1
P2_V25_Phase59,0,0.4892819,1
P2_V25_Phase6,0,0.49128973,1
P2_V25_Phase60,1,0.50266445,1
P2_V25_Phase61,0,0.496672,0
P2_V25_Phase62,0,0.4953684,1
P2_V25_Phase63,0,0.49257147,0
P2_V25_Phase64,0,0.48825017,0
P2_V25_Phase65,0,0.48988736,0
P2_V25_Phase66,0,0.49184594,1
P2_V25_Phase67,1,0.5053446,0
P2_V25_Phase68,1,0.5032779,1
P2_V25_Phase69,1,0.50009966,1
P2_V25_Phase7,0,0.49022663,1
P2_V25_Phase70,0,0.4932199,0
P2_V25_Phase71,0,0.4875964,1
P2_V25_Phase72,1,0.5023906,1
P2_V25_Phase73,1,0.5078513,1
P2_V25_Phase74,1,0.50366014,1
P2_V25_Phase75,1,0.51646614,1
P2_V25_Phase76,0,0.49123195,0
P2_V25_Phase77,0,0.49110144,1
P2_V25_Phase78,1,0.5088043,0
P2_V25_Phase79,0,0.48889166,0
P2_V25_Phase8,0,0.49154878,1
P2_V25_Phase80,0,0.48708442,0
P2_V25_Phase81,0,0.49394214,1
P2_V25_Phase82,0,0.49000323,0
P2_V25_Phase83,1,0.5061687,1
P2_V25_Phase84,0,0.49632984,0
P2_V25_Phase86,0,0.4921118,1
P2_V25_Phase87,0,0.49070948,0
P2_V25_Phase88,0,0.4888447,1
P2_V25_Phase89,0,0.4886013,1
P2_V25_Phase9,0,0.49352673,0
P2_V25_Phase90,0,0.49392357,0
P2_V25_Phase91,0,0.48744404,0
P2_V25_Phase92,0,0.4894306,1
P2_V25_Phase93,0,0.48845842,0
P2_V25_Phase94,1,0.5072161,0
P2_V25_Phase95,0,0.48275083,0
P2_V25_Phase96,0,0.48824772,1
P2_V25_Phase97,0,0.4902885,0
P2_V25_Phase98,0,0.48983398,0
P2_V25_Phase99,0,0.48958248,0
P2_V26_Phase1,0,0.49137074,0
P2_V26_Phase2,0,0.49203143,0
P2_V26_Phase3,1,0.51537186,0
P2_V26_Phase4,0,0.492621,0
P2_V26_Phase5,0,0.49486497,0
P2_V26_Phase6,0,0.49608004,0
P2_V27_Phase1,0,0.4938135,1
P2_V27_Phase10,0,0.4948418,1
P2_V27_Phase11,0,0.48674238,1
P2_V27_Phase12,0,0.49457622,0
P2_V27_Phase13,0,0.4918356,0
P2_V27_Phase14,0,0.48441955,1
P2_V27_Phase15,1,0.5079625,0
P2_V27_Phase16,1,0.50531507,1
P2_V27_Phase17,1,0.5048127,0
P2_V27_Phase18,0,0.48818135,0
P2_V27_Phase19,0,0.49188006,0
P2_V27_Phase2,0,0.49603692,0
P2_V27_Phase20,0,0.4962511,0
P2_V27_Phase21,0,0.48740187,1
P2_V27_Phase22,0,0.4917838,1
P2_V27_Phase23,0,0.4836008,0
P2_V27_Phase24,0,0.48486483,1
P2_V27_Phase25,0,0.4946612,0
P2_V27_Phase26,0,0.4891682,0
P2_V27_Phase27,1,0.5022308,1
P2_V27_Phase28,1,0.50001496,0
P2_V27_Phase29,0,0.4930534,1
P2_V27_Phase3,0,0.48795152,0
P2_V27_Phase30,0,0.49274305,0
P2_V27_Phase31,0,0.48975083,0
P2_V27_Phase32,0,0.49194965,0
P2_V27_Phase33,0,0.4947704,0
P2_V27_Phase34,0,0.4877424,0
P2_V27_Phase35,0,0.4839387,1
P2_V27_Phase36,0,0.48877972,1
P2_V27_Phase37,0,0.48631668,1
P2_V27_Phase38,0,0.48583075,0
P2_V27_Phase39,1,0.5036021,1
P2_V27_Phase4,0,0.4893749,0
P2_V27_Phase40,0,0.490457,0
P2_V27_Phase41,0,0.48835573,1
P2_V27_Phase42,1,0.50529724,1
P2_V27_Phase43,0,0.48956797,1
P2_V27_Phase44,0,0.4902039,1
P2_V27_Phase45,0,0.4810529,1
P2_V27_Phase46,0,0.4936534,0
P2_V27_Phase47,0,0.4895779,0
P2_V27_Phase48,0,0.48722994,0
P2_V27_Phase49,0,0.49083054,0
P2_V27_Phase5,0,0.48632348,1
P2_V27_Phase50,0,0.48799598,1
P2_V27_Phase51,0,0.49567047,0
P2_V27_Phase52,0,0.48898968,0
P2_V27_Phase53,0,0.48884967,1
P2_V27_Phase54,0,0.492315,0
P2_V27_Phase55,0,0.48973438,0
P2_V27_Phase56,1,0.5007805,0
P2_V27_Phase57,0,0.4934789,1
P2_V27_Phase58,0,0.48887137,0
P2_V27_Phase59,0,0.49167114,0
P2_V27_Phase6,0,0.4945698,0
P2_V27_Phase60,0,0.49224308,0
P2_V27_Phase61,0,0.48535457,1
P2_V27_Phase62,1,0.5064972,0
P2_V27_Phase63,0,0.48638412,1
P2_V27_Phase64,0,0.49003905,0
P2_V27_Phase65,0,0.49916902,0
P2_V27_Phase66,0,0.48728523,0
P2_V27_Phase67,1,0.5021026,1
P2_V27_Phase68,0,0.49051684,0
P2_V27_Phase69,1,0.5055692,0
P2_V27_Phase7,0,0.49151492,0
P2_V27_Phase70,0,0.4846158,0
P2_V27_Phase71,0,0.4912816,0
P2_V27_Phase72,0,0.4895356,1
P2_V27_Phase73,0,0.49183673,0
P2_V27_Phase74,0,0.49118453,0
P2_V27_Phase75,0,0.48797676,0
P2_V27_Phase76,0,0.49111283,0
P2_V27_Phase77,0,0.48863623,0
P2_V27_Phase78,0,0.49390507,0
P2_V27_Phase79,0,0.4889292,0
P2_V27_Phase8,0,0.49032763,0
P2_V27_Phase80,0,0.49702913,0
P2_V27_Phase81,0,0.48940784,0
P2_V27_Phase82,0,0.49545693,0
P2_V27_Phase9,0,0.48887855,0
P2_V28_Phase1,0,0.49081466,0
P2_V28_Phase10,0,0.49103802,0
P2_V28_Phase11,0,0.4874603,1
P2_V28_Phase12,0,0.4899038,1
P2_V28_Phase13,0,0.49077305,0
P2_V28_Phase14,0,0.49165702,0
P2_V28_Phase15,0,0.48248252,0
P2_V28_Phase16,0,0.48992386,0
P2_V28_Phase17,1,0.50802046,0
P2_V28_Phase18,0,0.48864523,0
P2_V28_Phase19,1,0.5018929,1
P2_V28_Phase2,0,0.48889822,0
P2_V28_Phase20,0,0.49171042,1
P2_V28_Phase21,0,0.48888916,1
P2_V28_Phase22,0,0.49384156,1
P2_V28_Phase23,0,0.49309266,1
P2_V28_Phase24,0,0.49213615,1
P2_V28_Phase25,0,0.4901114,1
P2_V28_Phase26,0,0.49295014,1
P2_V28_Phase27,0,0.4894038,1
P2_V28_Phase28,0,0.4873187,1
P2_V28_Phase29,0,0.48520377,1
P2_V28_Phase3,0,0.4897541,1
P2_V28_Phase30,0,0.48667726,0
P2_V28_Phase31,0,0.49038088,0
P2_V28_Phase32,1,0.51440233,0
P2_V28_Phase33,0,0.48755825,0
P2_V28_Phase34,0,0.49061602,1
P2_V28_Phase35,1,0.51265454,0
P2_V28_Phase36,0,0.4893668,0
P2_V28_Phase37,0,0.49695203,0
P2_V28_Phase38,0,0.49033675,0
P2_V28_Phase39,0,0.49737963,0
P2_V28_Phase4,0,0.48470563,0
P2_V28_Phase40,0,0.4871944,1
P2_V28_Phase41,0,0.49801785,1
P2_V28_Phase42,0,0.48792946,1
P2_V28_Phase43,0,0.49577987,1
P2_V28_Phase44,0,0.49157694,0
P2_V28_Phase45,0,0.4867138,1
P2_V28_Phase46,0,0.49218497,0
P2_V28_Phase47,0,0.48968354,1
P2_V28_Phase48,0,0.49768943,1
P2_V28_Phase49,0,0.49321574,0
P2_V28_Phase5,0,0.48374274,1
P2_V28_Phase50,0,0.49011335,0
P2_V28_Phase6,0,0.48745757,1
P2_V28_Phase7,0,0.49487284,1
P2_V28_Phase8,0,0.49262667,1
P2_V28_Phase9,0,0.48666462,0
P2_V2_Phase1,0,0.4864838,1
P2_V2_Phase10,0,0.49236876,0
P2_V2_Phase11,0,0.4853178,0
P2_V2_Phase12,0,0.48528168,0
P2_V2_Phase13,0,0.48970854,1
P2_V2_Phase14,0,0.4944024,1
P2_V2_Phase15,0,0.49144667,1
P2_V2_Phase16,0,0.4881475,1
P2_V2_Phase17,0,0.48956814,1
P2_V2_Phase18,0,0.48596698,1
P2_V2_Phase19,0,0.48830467,1
P2_V2_Phase2,0,0.48923153,0
P2_V2_Phase20,0,0.49897912,1
P2_V2_Phase21,0,0.48990485,1
P2_V2_Phase22,0,0.49209973,1
P2_V2_Phase23,0,0.49695763,0
P2_V2_Phase24,0,0.49802506,1
P2_V2_Phase25,0,0.4909829,0
P2_V2_Phase26,0,0.4920901,1
P2_V2_Phase27,0,0.49545112,1
P2_V2_Phase28,0,0.49870726,1
P2_V2_Phase29,0,0.490914,0
P2_V2_Phase3,0,0.48636547,1
P2_V2_Phase30,0,0.48900568,1
P2_V2_Phase31,0,0.4889886,1
P2_V2_Phase32,0,0.4895707,1
P2_V2_Phase33,0,0.48895743,1
P2_V2_Phase34,0,0.48701522,1
P2_V2_Phase35,0,0.48643237,1
P2_V2_Phase36,0,0.4859268,1
P2_V2_Phase37,0,0.4874264,1
P2_V2_Phase38,0,0.4871171,1
P2_V2_Phase39,0,0.49141523,1
P2_V2_Phase4,0,0.49717584,0
P2_V2_Phase40,1,0.50233567,1
P2_V2_Phase41,0,0.4886509,0
P2_V2_Phase5,0,0.49019912,1
P2_V2_Phase6,0,0.48803923,0
P2_V2_Phase7,0,0.48752618,1
P2_V2_Phase8,0,0.4890775,1
P2_V2_Phase9,0,0.49153093,1
P2_V3_Phase1,1,0.50345653,1
P2_V3_Phase10,0,0.48534495,1
P2_V3_Phase11,1,0.5019317,1
P2_V3_Phase12,0,0.49249595,0
P2_V3_Phase13,0,0.48586255,1
P2_V3_Phase14,0,0.49485248,1
P2_V3_Phase15,0,0.4975701,0
P2_V3_Phase16,0,0.49103865,0
P2_V3_Phase17,0,0.49107224,0
P2_V3_Phase18,0,0.4892474,0
P2_V3_Phase19,0,0.48888943,1
P2_V3_Phase2,0,0.488999,1
P2_V3_Phase20,0,0.4927549,0
P2_V3_Phase21,0,0.48833802,0
P2_V3_Phase22,0,0.48857218,1
P2_V3_Phase23,0,0.4891348,1
P2_V3_Phase24,0,0.48987964,0
P2_V3_Phase25,0,0.48443073,1
P2_V3_Phase26,0,0.48957828,0
P2_V3_Phase27,0,0.4870884,1
P2_V3_Phase28,0,0.48976377,0
P2_V3_Phase29,0,0.48809046,0
P2_V3_Phase3,0,0.4851064,1
P2_V3_Phase30,0,0.48972034,1
P2_V3_Phase31,0,0.48858637,0
P2_V3_Phase32,0,0.49348623,1
P2_V3_Phase33,0,0.49295682,1
P2_V3_Phase34,0,0.48544598,1
P2_V3_Phase35,0,0.4916417,0
P2_V3_Phase36,0,0.4864887,1
P2_V3_Phase37,0,0.48747206,1
P2_V3_Phase38,0,0.4864951,1
P2_V3_Phase39,0,0.4920859,0
P2_V3_Phase4,0,0.49004897,1
P2_V3_Phase40,1,0.5006804,1
P2_V3_Phase41,0,0.4975404,1
P2_V3_Phase42,1,0.5088603,0
P2_V3_Phase43,0,0.4963914,1
P2_V3_Phase44,0,0.48799536,0
P2_V3_Phase45,0,0.49015108,1
P2_V3_Phase46,0,0.48578462,1
P2_V3_Phase47,0,0.49351695,1
P2_V3_Phase48,0,0.49977088,0
P2_V3_Phase5,0,0.49274892,1
P2_V3_Phase6,0,0.48940846,1
P2_V3_Phase7,0,0.49065807,1
P2_V3_Phase8,0,0.4928984,0
P2_V3_Phase9,0,0.49749914,1
P2_V4_Phase1,0,0.49286225,0
P2_V4_Phase10,0,0.49169263,1
P2_V4_Phase11,0,0.48636377,1
P2_V4_Phase12,0,0.48625675,1
P2_V4_Phase13,0,0.49036673,1
P2_V4_Phase14,0,0.48918074,0
P2_V4_Phase15,0,0.4927879,1
P2_V4_Phase16,0,0.48983598,1
P2_V4_Phase17,0,0.4891824,1
P2_V4_Phase18,0,0.48960143,1
P2_V4_Phase19,0,0.48843673,0
P2_V4_Phase2,0,0.4884404,0
P2_V4_Phase20,0,0.49102575,0
P2_V4_Phase21,0,0.48637822,1
P2_V4_Phase22,0,0.489595,1
P2_V4_Phase23,0,0.4905642,0
P2_V4_Phase24,0,0.48867607,0
P2_V4_Phase25,0,0.4904591,1
P2_V4_Phase26,0,0.48930514,0
P2_V4_Phase27,0,0.49036172,0
P2_V4_Phase28,0,0.48988792,0
P2_V4_Phase29,0,0.49049994,0
P2_V4_Phase3,0,0.4907762,1
P2_V4_Phase30,0,0.48721915,1
P2_V4_Phase31,0,0.49507523,1
P2_V4_Phase32,0,0.48660815,1
P2_V4_Phase33,1,0.50532657,1
P2_V4_Phase34,0,0.48938236,1
P2_V4_Phase35,0,0.4887846,1
P2_V4_Phase36,0,0.49556646,0
P2_V4_Phase37,0,0.48692927,0
P2_V4_Phase38,0,0.49100938,1
P2_V4_Phase39,0,0.48869258,1
P2_V4_Phase4,0,0.48729238,1
P2_V4_Phase40,0,0.49164066,1
P2_V4_Phase41,0,0.48875523,1
P2_V4_Phase42,0,0.49068397,1
P2_V4_Phase43,0,0.48986483,1
P2_V4_Phase44,0,0.48995224,0
P2_V4_Phase45,0,0.49022934,1
P2_V4_Phase46,0,0.49064896,1
P2_V4_Phase47,0,0.48705706,0
P2_V4_Phase48,0,0.48735672,0
P2_V4_Phase49,0,0.48595527,0
P2_V4_Phase5,0,0.49039534,1
P2_V4_Phase6,0,0.48907912,1
P2_V4_Phase7,0,0.48666278,1
P2_V4_Phase8,0,0.49212623,1
P2_V4_Phase9,0,0.48674962,1
P2_V5_Phase1,0,0.48868138,0
P2_V5_Phase10,0,0.48744243,1
P2_V5_Phase11,0,0.49753708,1
P2_V5_Phase12,0,0.48989874,1
P2_V5_Phase13,0,0.49272943,1
P2_V5_Phase14,1,0.5027809,0
P2_V5_Phase15,1,0.501748,1
P2_V5_Phase16,0,0.4823527,1
P2_V5_Phase17,0,0.48871827,1
P2_V5_Phase18,0,0.48354524,1
P2_V5_Phase19,0,0.48909,1
P2_V5_Phase2,0,0.49614778,1
P2_V5_Phase20,0,0.49037328,0
P2_V5_Phase21,0,0.48615792,1
P2_V5_Phase22,0,0.49628234,1
P2_V5_Phase23,1,0.5057332,1
P2_V5_Phase24,0,0.492462,1
P2_V5_Phase25,0,0.49197605,1
P2_V5_Phase26,0,0.49577853,1
P2_V5_Phase27,0,0.49102166,1
P2_V5_Phase28,0,0.48925936,0
P2_V5_Phase29,0,0.49093524,0
P2_V5_Phase3,0,0.4888111,1
P2_V5_Phase30,0,0.4865704,0
P2_V5_Phase31,0,0.4901752,1
P2_V5_Phase32,0,0.49083078,1
P2_V5_Phase33,0,0.49859554,1
P2_V5_Phase34,0,0.49120003,1
P2_V5_Phase35,0,0.48517117,0
P2_V5_Phase36,0,0.48951247,1
P2_V5_Phase37,0,0.483966,0
P2_V5_Phase38,0,0.49129224,0
P2_V5_Phase39,0,0.48599538,1
P2_V5_Phase4,0,0.48952895,1
P2_V5_Phase40,0,0.48947266,0
P2_V5_Phase41,0,0.49085367,0
P2_V5_Phase42,0,0.49726525,0
P2_V5_Phase43,0,0.48891035,0
P2_V5_Phase44,0,0.490522,0
P2_V5_Phase45,0,0.48753306,0
P2_V5_Phase5,0,0.4868126,1
P2_V5_Phase6,0,0.49021986,1
P2_V5_Phase7,0,0.49636048,1
P2_V5_Phase8,1,0.50047237,1
P2_V5_Phase9,0,0.491111,0
P2_V6_Phase1,0,0.48972675,0
P2_V6_Phase10,0,0.49072602,1
P2_V6_Phase11,0,0.49112138,1
P2_V6_Phase12,0,0.48958716,1
P2_V6_Phase13,0,0.49387428,0
P2_V6_Phase14,0,0.49550888,0
P2_V6_Phase15,0,0.4865835,0
P2_V6_Phase16,0,0.48355243,0
P2_V6_Phase17,0,0.48774496,0
P2_V6_Phase18,0,0.48873872,0
P2_V6_Phase19,0,0.4888489,0
P2_V6_Phase2,0,0.492423,1
P2_V6_Phase20,0,0.48982754,0
P2_V6_Phase21,0,0.48480925,1
P2_V6_Phase22,0,0.4845741,1
P2_V6_Phase23,0,0.48541954,1
P2_V6_Phase24,0,0.48716685,1
P2_V6_Phase25,0,0.486805,0
P2_V6_Phase26,0,0.49046513,1
P2_V6_Phase27,0,0.4898661,0
P2_V6_Phase28,0,0.49228337,0
P2_V6_Phase29,0,0.49612284,0
P2_V6_Phase3,0,0.49272048,0
P2_V6_Phase30,0,0.4876831,0
P2_V6_Phase31,0,0.49030727,0
P2_V6_Phase32,0,0.49244705,1
P2_V6_Phase33,0,0.48735544,0
P2_V6_Phase4,1,0.50147754,1
P2_V6_Phase5,0,0.4918768,1
P2_V6_Phase6,0,0.49241918,1
P2_V6_Phase7,0,0.49208742,1
P2_V6_Phase8,0,0.4903984,1
P2_V6_Phase9,1,0.50954086,1
P2_V7_Phase1,0,0.48980662,1
P2_V7_Phase10,0,0.4924155,1
P2_V7_Phase11,0,0.485809,0
P2_V7_Phase12,0,0.4878072,1
P2_V7_Phase13,0,0.48845568,0
P2_V7_Phase14,0,0.49068853,0
P2_V7_Phase15,0,0.48695335,1
P2_V7_Phase16,0,0.4877873,1
P2_V7_Phase17,0,0.49061248,0
P2_V7_Phase18,0,0.4845868,1
P2_V7_Phase19,0,0.48517242,1
P2_V7_Phase2,0,0.49075332,1
P2_V7_Phase20,0,0.49096408,0
P2_V7_Phase21,0,0.48620704,1
P2_V7_Phase22,0,0.48869446,0
P2_V7_Phase23,1,0.5015931,1
P2_V7_Phase24,0,0.4856663,1
P2_V7_Phase25,0,0.48590562,1
P2_V7_Phase26,0,0.4878848,1
P2_V7_Phase27,0,0.4949341,1
P2_V7_Phase28,0,0.48977026,0
P2_V7_Phase29,0,0.496874,0
P2_V7_Phase3,0,0.48756227,1
P2_V7_Phase30,0,0.489316,0
P2_V7_Phase31,0,0.48914665,0
P2_V7_Phase32,0,0.48597023,0
P2_V7_Phase33,0,0.4894315,0
P2_V7_Phase34,0,0.48899552,1
P2_V7_Phase35,1,0.5043983,1
P2_V7_Phase36,1,0.5014226,1
P2_V7_Phase37,0,0.4923391,1
P2_V7_Phase38,0,0.48824325,1
P2_V7_Phase39,0,0.48848873,0
P2_V7_Phase4,0,0.49188086,0
P2_V7_Phase40,0,0.48432854,0
P2_V7_Phase41,0,0.4900652,0
P2_V7_Phase42,0,0.48597866,0
P2_V7_Phase43,0,0.49024954,0
P2_V7_Phase44,0,0.4904385,0
P2_V7_Phase46,0,0.48807573,1
P2_V7_Phase47,0,0.489682,0
P2_V7_Phase48,0,0.48597232,1
P2_V7_Phase49,0,0.48524225,1
P2_V7_Phase5,0,0.49038276,1
P2_V7_Phase50,0,0.48578373,0
P2_V7_Phase6,0,0.483914,1
P2_V7_Phase7,0,0.48563313,0
P2_V7_Phase8,0,0.4952451,0
P2_V7_Phase9,0,0.4895838,0
P2_V8_Phase1,0,0.4897391,1
P2_V8_Phase10,0,0.48885107,1
P2_V8_Phase11,0,0.49075624,1
P2_V8_Phase12,0,0.49614632,1
P2_V8_Phase13,0,0.48680487,0
P2_V8_Phase14,1,0.5058979,0
P2_V8_Phase15,0,0.4949499,1
P2_V8_Phase16,0,0.492865,0
P2_V8_Phase17,0,0.49206495,0
P2_V8_Phase18,0,0.4899605,1
P2_V8_Phase19,0,0.48889732,0
P2_V8_Phase2,0,0.49162722,1
P2_V8_Phase20,0,0.49242303,0
P2_V8_Phase21,0,0.48856428,0
P2_V8_Phase22,0,0.49187794,1
P2_V8_Phase23,0,0.49082553,1
P2_V8_Phase24,0,0.49272686,1
P2_V8_Phase25,0,0.4884238,1
P2_V8_Phase26,0,0.48961386,1
P2_V8_Phase27,0,0.48769668,1
P2_V8_Phase28,0,0.48724854,1
P2_V8_Phase29,0,0.48837227,0
P2_V8_Phase3,0,0.48764172,0
P2_V8_Phase30,0,0.490117,1
P2_V8_Phase31,0,0.49202424,1
P2_V8_Phase32,0,0.4883222,0
P2_V8_Phase33,0,0.49433017,1
P2_V8_Phase34,0,0.4986992,1
P2_V8_Phase35,0,0.4898312,0
P2_V8_Phase36,0,0.48915496,1
P2_V8_Phase37,0,0.49192193,1
P2_V8_Phase38,0,0.48669857,1
P2_V8_Phase39,0,0.49130413,0
P2_V8_Phase4,0,0.48935965,0
P2_V8_Phase40,1,0.5069388,1
P2_V8_Phase41,1,0.50693166,1
P2_V8_Phase42,0,0.4861211,1
P2_V8_Phase43,1,0.50007063,0
P2_V8_Phase44,0,0.48795384,0
P2_V8_Phase45,0,0.49212438,0
P2_V8_Phase46,0,0.499545,1
P2_V8_Phase47,0,0.48894534,1
P2_V8_Phase48,0,0.49380574,0
P2_V8_Phase49,0,0.49393484,0
P2_V8_Phase5,0,0.48867133,1
P2_V8_Phase50,0,0.49027923,0
P2_V8_Phase51,0,0.48639643,0
P2_V8_Phase6,0,0.48939013,1
P2_V8_Phase7,1,0.50864106,0
P2_V8_Phase8,0,0.49746844,1
P2_V8_Phase9,0,0.49097353,1
P2_V9_Phase1,0,0.49133763,1
P2_V9_Phase10,0,0.4910884,0
P2_V9_Phase11,0,0.4935886,0
P2_V9_Phase12,0,0.49178106,1
P2_V9_Phase13,0,0.49338242,0
P2_V9_Phase14,0,0.4901606,1
P2_V9_Phase15,0,0.48861036,1
P2_V9_Phase16,0,0.49701464,1
P2_V9_Phase17,0,0.49273404,1
P2_V9_Phase18,0,0.4885841,1
P2_V9_Phase19,0,0.4991309,0
P2_V9_Phase2,0,0.49003157,1
P2_V9_Phase20,0,0.48961207,1
P2_V9_Phase21,0,0.49384966,1
P2_V9_Phase22,0,0.4896296,1
P2_V9_Phase23,0,0.48847526,0
P2_V9_Phase24,0,0.4934553,1
P2_V9_Phase25,0,0.48899037,0
P2_V9_Phase26,0,0.48896676,1
P2_V9_Phase27,0,0.4838882,1
P2_V9_Phase28,0,0.49161983,1
P2_V9_Phase29,0,0.48643577,0
P2_V9_Phase3,0,0.49228543,1
P2_V9_Phase30,0,0.48780677,1
P2_V9_Phase31,0,0.49380216,0
P2_V9_Phase32,0,0.48553705,1
P2_V9_Phase33,0,0.49046794,1
P2_V9_Phase34,1,0.5004216,0
P2_V9_Phase35,0,0.4864999,1
P2_V9_Phase36,0,0.48612773,1
P2_V9_Phase37,0,0.48342693,1
P2_V9_Phase4,0,0.49913025,1
P2_V9_Phase5,0,0.48890477,0
P2_V9_Phase6,0,0.4886936,1
P2_V9_Phase7,0,0.49237928,0
P2_V9_Phase8,0,0.49052167,0
P2_V9_Phase9,0,0.48506588,0
P3_V10_Phase1,0,0.49024865,0
P3_V10_Phase10,0,0.4894227,0
P3_V10_Phase11,0,0.49027485,1
P3_V10_Phase12,1,0.5122006,1
P3_V10_Phase13,0,0.48454744,0
P3_V10_Phase14,0,0.49120897,1
P3_V10_Phase15,0,0.48942897,1
P3_V10_Phase16,1,0.5047094,0
P3_V10_Phase17,0,0.4958669,0
P3_V10_Phase18,0,0.4948479,1
P3_V10_Phase19,1,0.5145702,0
P3_V10_Phase2,0,0.48951927,1
P3_V10_Phase20,0,0.49134046,0
P3_V10_Phase21,0,0.49217245,1
P3_V10_Phase22,0,0.48890162,0
P3_V10_Phase23,0,0.48670992,1
P3_V10_Phase24,1,0.50494057,0
P3_V10_Phase25,1,0.5143893,0
P3_V10_Phase26,0,0.48784807,0
P3_V10_Phase27,0,0.4888272,0
P3_V10_Phase28,1,0.51462555,1
P3_V10_Phase29,0,0.4903372,0
P3_V10_Phase3,0,0.48856252,0
P3_V10_Phase30,0,0.49251267,1
P3_V10_Phase31,0,0.49318364,1
P3_V10_Phase32,1,0.50699276,0
P3_V10_Phase33,0,0.49976197,0
P3_V10_Phase34,0,0.4877339,1
P3_V10_Phase35,0,0.49130327,1
P3_V10_Phase36,0,0.49393824,0
P3_V10_Phase37,0,0.4945633,0
P3_V10_Phase38,0,0.4900579,1
P3_V10_Phase39,0,0.49375907,1
P3_V10_Phase4,0,0.49274784,0
P3_V10_Phase40,0,0.49722987,0
P3_V10_Phase41,1,0.5009593,0
P3_V10_Phase42,0,0.48862684,0
P3_V10_Phase43,0,0.49135834,1
P3_V10_Phase44,0,0.4881491,0
P3_V10_Phase45,0,0.49693254,1
P3_V10_Phase46,0,0.4892255,1
P3_V10_Phase47,0,0.49446458,1
P3_V10_Phase48,1,0.5042936,0
P3_V10_Phase49,0,0.49354666,0
P3_V10_Phase5,0,0.49479762,1
P3_V10_Phase50,0,0.4942225,0
P3_V10_Phase6,0,0.4883836,0
P3_V10_Phase7,0,0.48985824,1
P3_V10_Phase8,0,0.4913551,1
P3_V10_Phase9,0,0.4906876,0
P3_V11_Phase1,0,0.49165624,0
P3_V11_Phase10,0,0.4943826,1
P3_V11_Phase11,0,0.4897424,0
P3_V11_Phase12,0,0.486702,0
P3_V11_Phase13,0,0.486001,0
P3_V11_Phase14,0,0.48971018,0
P3_V11_Phase16,0,0.49034667,1
P3_V11_Phase17,0,0.48999095,1
P3_V11_Phase18,0,0.4900806,0
P3_V11_Phase19,0,0.49563882,0
P3_V11_Phase2,0,0.49734285,0
P3_V11_Phase20,0,0.48903126,0
P3_V11_Phase21,1,0.5032184,1
P3_V11_Phase22,0,0.48611832,1
P3_V11_Phase23,1,0.5021611,1
P3_V11_Phase24,0,0.48989138,1
P3_V11_Phase25,0,0.49547085,0
P3_V11_Phase26,1,0.5124069,1
P3_V11_Phase27,0,0.49285707,1
P3_V11_Phase28,0,0.48610252,1
P3_V11_Phase29,0,0.48473004,0
P3_V11_Phase3,0,0.49355572,0
P3_V11_Phase30,0,0.49218178,0
P3_V11_Phase31,0,0.48892188,0
P3_V11_Phase32,0,0.48688436,0
P3_V11_Phase33,0,0.48607138,1
P3_V11_Phase34,0,0.49792856,0
P3_V11_Phase35,0,0.48752704,0
P3_V11_Phase36,0,0.49148792,0
P3_V11_Phase37,0,0.48913264,0
P3_V11_Phase38,0,0.48894405,1
P3_V11_Phase39,0,0.486544,1
P3_V11_Phase4,0,0.4854206,0
P3_V11_Phase40,0,0.49343538,1
P3_V11_Phase41,0,0.4909263,0
P3_V11_Phase42,0,0.48876962,1
P3_V11_Phase43,0,0.4942973,0
P3_V11_Phase44,1,0.5050537,0
P3_V11_Phase45,0,0.48538145,1
P3_V11_Phase46,0,0.49563435,1
P3_V11_Phase47,0,0.4903653,1
P3_V11_Phase48,0,0.48955712,0
P3_V11_Phase49,1,0.5070797,0
P3_V11_Phase5,0,0.48958042,0
P3_V11_Phase50,0,0.49532357,0
P3_V11_Phase51,0,0.49724126,0
P3_V11_Phase6,0,0.4954915,0
P3_V11_Phase7,0,0.49092993,0
P3_V11_Phase8,0,0.4869286,0
P3_V11_Phase9,0,0.49091417,1
P3_V12_Phase1,0,0.4941241,1
P3_V12_Phase10,0,0.48771244,0
P3_V12_Phase11,0,0.48748007,0
P3_V12_Phase12,0,0.49025813,0
P3_V12_Phase13,0,0.4909358,1
P3_V12_Phase14,0,0.48887125,0
P3_V12_Phase15,0,0.48668495,0
P3_V12_Phase16,0,0.48462728,0
P3_V12_Phase17,0,0.4921634,1
P3_V12_Phase18,0,0.49059492,0
P3_V12_Phase19,0,0.49493986,1
P3_V12_Phase2,0,0.4899446,1
P3_V12_Phase20,0,0.48752576,1
P3_V12_Phase21,1,0.5045972,0
P3_V12_Phase22,0,0.48875013,0
P3_V12_Phase23,0,0.4856264,0
P3_V12_Phase24,0,0.48791724,0
P3_V12_Phase25,0,0.4913013,0
P3_V12_Phase26,0,0.48888874,0
P3_V12_Phase27,0,0.49228343,0
P3_V12_Phase28,0,0.48705333,1
P3_V12_Phase29,0,0.49548215,0
P3_V12_Phase3,0,0.49174234,0
P3_V12_Phase30,0,0.49165276,0
P3_V12_Phase31,0,0.49235758,0
P3_V12_Phase32,0,0.48919994,0
P3_V12_Phase33,0,0.48785168,0
P3_V12_Phase34,0,0.48797685,0
P3_V12_Phase35,0,0.48602518,1
P3_V12_Phase36,0,0.49062896,1
P3_V12_Phase37,0,0.4890306,1
P3_V12_Phase38,0,0.49143794,1
P3_V12_Phase39,0,0.48900276,0
P3_V12_Phase4,1,0.5044824,0
P3_V12_Phase40,1,0.5020181,1
P3_V12_Phase41,0,0.4874483,1
P3_V12_Phase42,0,0.49043414,0
P3_V12_Phase43,0,0.48822495,0
P3_V12_Phase44,0,0.4944755,0
P3_V12_Phase45,0,0.49125248,1
P3_V12_Phase5,0,0.48604795,1
P3_V12_Phase6,0,0.4865541,1
P3_V12_Phase7,0,0.49107382,1
P3_V12_Phase8,0,0.48611817,1
P3_V12_Phase9,0,0.48730046,0
P3_V13_Phase10,0,0.49803108,0
P3_V13_Phase11,0,0.48990658,0
P3_V13_Phase12,0,0.49514282,0
P3_V13_Phase13,0,0.48920724,0
P3_V13_Phase14,0,0.49353456,1
P3_V13_Phase15,1,0.5041847,0
P3_V13_Phase16,1,0.50880677,0
P3_V13_Phase17,0,0.4955635,0
P3_V13_Phase18,0,0.4988585,0
P3_V13_Phase19,1,0.5059311,0
P3_V13_Phase2,0,0.49050686,1
P3_V13_Phase20,0,0.4994862,0
P3_V13_Phase21,0,0.49013317,0
P3_V13_Phase22,0,0.48722667,0
P3_V13_Phase23,0,0.48858866,0
P3_V13_Phase24,0,0.48616603,0
P3_V13_Phase25,0,0.490078,0
P3_V13_Phase26,0,0.4930849,0
P3_V13_Phase27,0,0.49015945,0
P3_V13_Phase28,0,0.48968077,0
P3_V13_Phase29,0,0.4870012,1
P3_V13_Phase3,0,0.49307823,0
P3_V13_Phase30,0,0.49634513,0
P3_V13_Phase4,0,0.48483324,0
P3_V13_Phase5,0,0.48920643,0
P3_V13_Phase6,0,0.49197185,0
P3_V13_Phase7,0,0.4925529,0
P3_V13_Phase8,0,0.48779863,0
P3_V13_Phase9,0,0.49363184,0
P3_V14_Phase1,0,0.48920432,1
P3_V14_Phase10,0,0.49694473,0
P3_V14_Phase11,0,0.48616907,0
P3_V14_Phase12,0,0.49717313,0
P3_V14_Phase13,0,0.4909659,0
P3_V14_Phase14,0,0.48909956,0
P3_V14_Phase15,0,0.49578586,0
P3_V14_Phase16,0,0.4919002,0
P3_V14_Phase17,0,0.4868104,1
P3_V14_Phase18,1,0.50315905,1
P3_V14_Phase19,0,0.48989224,0
P3_V14_Phase2,0,0.48773852,1
P3_V14_Phase20,0,0.48508725,0
P3_V14_Phase21,1,0.5043513,1
P3_V14_Phase22,0,0.48826054,0
P3_V14_Phase23,0,0.4924461,1
P3_V14_Phase24,0,0.49281394,0
P3_V14_Phase25,0,0.48541832,1
P3_V14_Phase26,0,0.49969462,1
P3_V14_Phase27,0,0.48919487,0
P3_V14_Phase28,1,0.50417846,0
P3_V14_Phase3,0,0.4941852,1
P3_V14_Phase4,0,0.4890518,0
P3_V14_Phase5,1,0.5063568,0
P3_V14_Phase6,0,0.49252903,0
P3_V14_Phase7,1,0.5000705,1
P3_V14_Phase8,0,0.49809608,1
P3_V14_Phase9,0,0.49279213,1
P3_V16_Phase1,0,0.4874934,0
P3_V16_Phase10,0,0.48966548,1
P3_V16_Phase11,1,0.5026845,0
P3_V16_Phase12,0,0.49086863,0
P3_V16_Phase13,0,0.49556586,1
P3_V16_Phase14,0,0.49130586,0
P3_V16_Phase15,0,0.49235123,0
P3_V16_Phase16,0,0.4932693,1
P3_V16_Phase17,0,0.49371234,0
P3_V16_Phase18,0,0.48899403,0
P3_V16_Phase19,0,0.49075222,1
P3_V16_Phase2,1,0.5070198,0
P3_V16_Phase20,0,0.4942389,0
P3_V16_Phase21,0,0.49093497,0
P3_V16_Phase22,0,0.48537704,0
P3_V16_Phase23,0,0.48289636,1
P3_V16_Phase24,0,0.4912304,1
P3_V16_Phase25,0,0.4943782,0
P3_V16_Phase26,0,0.48971346,0
P3_V16_Phase27,0,0.49362627,0
P3_V16_Phase28,0,0.48980558,1
P3_V16_Phase29,0,0.4877713,1
P3_V16_Phase3,0,0.49430138,0
P3_V16_Phase30,0,0.49303237,0
P3_V16_Phase31,0,0.4886217,1
P3_V16_Phase32,0,0.49104086,0
P3_V16_Phase33,0,0.49074337,1
P3_V16_Phase34,0,0.48853865,1
P3_V16_Phase35,0,0.48975506,1
P3_V16_Phase36,0,0.49105096,1
P3_V16_Phase37,0,0.48602054,0
P3_V16_Phase38,0,0.49577513,1
P3_V16_Phase39,0,0.4906413,0
P3_V16_Phase4,0,0.49087152,0
P3_V16_Phase40,0,0.49247438,0
P3_V16_Phase5,0,0.49040347,0
P3_V16_Phase6,0,0.491821,0
P3_V16_Phase7,0,0.48851275,0
P3_V16_Phase8,0,0.48919785,0
P3_V16_Phase9,0,0.4983992,0
P3_V17_Phase1,0,0.489781,0
P3_V17_Phase10,0,0.4956757,0
P3_V17_Phase11,0,0.4970342,1
P3_V17_Phase12,0,0.49077895,0
P3_V17_Phase13,0,0.49101776,0
P3_V17_Phase14,0,0.49240848,0
P3_V17_Phase15,0,0.49976513,0
P3_V17_Phase16,1,0.50128657,0
P3_V17_Phase17,0,0.49088025,0
P3_V17_Phase18,0,0.48955256,0
P3_V17_Phase19,0,0.48591444,1
P3_V17_Phase2,0,0.4879429,1
P3_V17_Phase20,1,0.5173516,0
P3_V17_Phase21,0,0.49344084,0
P3_V17_Phase22,0,0.492443,0
P3_V17_Phase23,0,0.4899381,1
P3_V17_Phase24,0,0.49302503,1
P3_V17_Phase25,0,0.4932265,1
P3_V17_Phase26,0,0.4909274,1
P3_V17_Phase27,0,0.4931385,0
P3_V17_Phase28,1,0.51565397,1
P3_V17_Phase29,0,0.49008548,1
P3_V17_Phase3,0,0.4895385,0
P3_V17_Phase4,0,0.48896614,0
P3_V17_Phase5,0,0.49405703,0
P3_V17_Phase6,0,0.4899792,1
P3_V17_Phase7,0,0.4871984,1
P3_V17_Phase8,0,0.49809566,0
P3_V17_Phase9,0,0.4903936,0
P3_V18_Phase1,0,0.49677232,0
P3_V18_Phase10,0,0.49179918,1
P3_V18_Phase11,1,0.5036218,1
P3_V18_Phase12,0,0.49258113,1
P3_V18_Phase13,0,0.49577317,1
P3_V18_Phase14,0,0.4909695,1
P3_V18_Phase15,0,0.49102947,1
P3_V18_Phase16,0,0.48390955,0
P3_V18_Phase17,0,0.4989349,0
P3_V18_Phase18,0,0.4986181,0
P3_V18_Phase19,1,0.500649,1
P3_V18_Phase2,0,0.48917854,0
P3_V18_Phase20,0,0.4892462,1
P3_V18_Phase21,0,0.48966336,1
P3_V18_Phase22,0,0.49259442,0
P3_V18_Phase23,0,0.4943117,1
P3_V18_Phase24,1,0.50338805,1
P3_V18_Phase25,0,0.48749867,1
P3_V18_Phase26,0,0.49148563,1
P3_V18_Phase27,0,0.49205068,1
P3_V18_Phase28,0,0.49012065,1
P3_V18_Phase29,0,0.48715553,1
P3_V18_Phase3,0,0.49181274,1
P3_V18_Phase30,0,0.49600315,1
P3_V18_Phase31,0,0.49811894,1
P3_V18_Phase32,0,0.4851305,1
P3_V18_Phase33,0,0.49367797,1
P3_V18_Phase34,0,0.48991895,1
P3_V18_Phase35,0,0.49477166,1
P3_V18_Phase36,0,0.48990387,1
P3_V18_Phase37,0,0.4886169,1
P3_V18_Phase38,0,0.49027842,1
P3_V18_Phase39,0,0.48658237,0
P3_V18_Phase4,0,0.49684557,0
P3_V18_Phase5,0,0.49727908,0
P3_V18_Phase6,0,0.49038804,0
P3_V18_Phase7,0,0.4877977,1
P3_V18_Phase8,0,0.4842505,1
P3_V18_Phase9,0,0.49208212,1
P3_V19_Phase1,0,0.49089563,1
P3_V19_Phase10,0,0.48394877,1
P3_V19_Phase100,0,0.48810768,0
P3_V19_Phase102,0,0.49950203,1
P3_V19_Phase103,0,0.4942643,0
P3_V19_Phase104,0,0.48688486,0
P3_V19_Phase105,0,0.49217454,1
P3_V19_Phase106,0,0.49690062,0
P3_V19_Phase11,0,0.4884157,1
P3_V19_Phase12,0,0.48522475,0
P3_V19_Phase13,1,0.5117747,0
P3_V19_Phase14,0,0.48856688,0
P3_V19_Phase15,0,0.48682916,0
P3_V19_Phase16,0,0.48986655,0
P3_V19_Phase17,0,0.4876355,0
P3_V19_Phase18,0,0.49165452,0
P3_V19_Phase19,0,0.493748,1
P3_V19_Phase2,0,0.49068066,1
P3_V19_Phase20,0,0.49125773,1
P3_V19_Phase21,0,0.49487233,1
P3_V19_Phase22,0,0.4882585,1
P3_V19_Phase23,0,0.4889674,0
P3_V19_Phase26,0,0.49142608,1
P3_V19_Phase27,1,0.5121319,1
P3_V19_Phase28,1,0.500562,1
P3_V19_Phase29,0,0.48788106,1
P3_V19_Phase3,0,0.4905968,1
P3_V19_Phase30,0,0.48207167,1
P3_V19_Phase32,0,0.48461556,0
P3_V19_Phase33,0,0.4893716,1
P3_V19_Phase34,0,0.48926938,1
P3_V19_Phase35,0,0.48695046,1
P3_V19_Phase36,0,0.48969042,1
P3_V19_Phase37,1,0.51197875,0
P3_V19_Phase38,0,0.49130005,0
P3_V19_Phase40,0,0.4876046,0
P3_V19_Phase41,1,0.50828683,0
P3_V19_Phase42,0,0.49852562,0
P3_V19_Phase43,0,0.4910486,1
P3_V19_Phase44,0,0.491738,0
P3_V19_Phase45,0,0.49312344,0
P3_V19_Phase46,0,0.48864374,1
P3_V19_Phase47,0,0.49195814,0
P3_V19_Phase48,0,0.49278116,0
P3_V19_Phase49,0,0.48567578,0
P3_V19_Phase5,0,0.49250296,1
P3_V19_Phase50,0,0.49237284,0
P3_V19_Phase51,0,0.484491,0
P3_V19_Phase52,0,0.49365592,1
P3_V19_Phase53,0,0.48910335,0
P3_V19_Phase54,0,0.49948335,0
P3_V19_Phase55,0,0.4849847,0
P3_V19_Phase56,0,0.4927336,1
P3_V19_Phase57,1,0.5059896,0
P3_V19_Phase58,0,0.490129,1
P3_V19_Phase59,0,0.49345756,0
P3_V19_Phase6,0,0.485176,1
P3_V19_Phase60,0,0.49140584,1
P3_V19_Phase61,0,0.48555478,1
P3_V19_Phase62,0,0.49151874,1
P3_V19_Phase63,0,0.48958373,1
P3_V19_Phase64,0,0.4927304,1
P3_V19_Phase65,0,0.48599085,1
P3_V19_Phase66,0,0.48524743,1
P3_V19_Phase67,0,0.48531508,0
P3_V19_Phase68,1,0.5041308,0
P3_V19_Phase69,0,0.49359816,0
P3_V19_Phase7,0,0.49188706,1
P3_V19_Phase71,1,0.5032755,1
P3_V19_Phase73,0,0.48640275,1
P3_V19_Phase74,0,0.4877265,0
P3_V19_Phase75,0,0.48421577,1
P3_V19_Phase76,0,0.48739162,0
P3_V19_Phase77,0,0.48690918,0
P3_V19_Phase78,0,0.48394257,0
P3_V19_Phase79,0,0.4915733,1
P3_V19_Phase8,0,0.4935757,1
P3_V19_Phase80,0,0.4807714,0
P3_V19_Phase81,0,0.48976544,1
P3_V19_Phase82,1,0.5029569,1
P3_V19_Phase84,0,0.49037325,0
P3_V19_Phase85,0,0.48323247,0
P3_V19_Phase86,0,0.4951628,1
P3_V19_Phase87,0,0.4897458,1
P3_V19_Phase88,0,0.48317817,1
P3_V19_Phase89,0,0.4899554,1
P3_V19_Phase9,0,0.49161902,1
P3_V19_Phase90,0,0.4916896,0
P3_V19_Phase91,0,0.4889643,0
P3_V19_Phase92,0,0.4831208,0
P3_V19_Phase93,0,0.48956808,1
P3_V19_Phase94,0,0.4904994,1
P3_V19_Phase96,0,0.4884765,0
P3_V19_Phase97,0,0.48656133,0
P3_V19_Phase98,0,0.49278575,0
P3_V19_Phase99,0,0.48891664,1
P3_V1_Phase1,0,0.49251744,0
P3_V1_Phase10,0,0.49315298,1
P3_V1_Phase11,0,0.49680552,0
P3_V1_Phase12,1,0.50418365,0
P3_V1_Phase13,0,0.48980856,0
P3_V1_Phase14,0,0.4908986,0
P3_V1_Phase15,1,0.50909865,0
P3_V1_Phase16,0,0.49497467,1
P3_V1_Phase17,0,0.49898797,0
P3_V1_Phase18,0,0.4935344,1
P3_V1_Phase19,0,0.49868828,1
P3_V1_Phase2,0,0.490901,0
P3_V1_Phase20,0,0.49085268,0
P3_V1_Phase21,0,0.4975019,0
P3_V1_Phase22,0,0.48993197,0
P3_V1_Phase23,0,0.49264783,0
P3_V1_Phase24,0,0.49117455,0
P3_V1_Phase25,0,0.48741692,0
P3_V1_Phase26,0,0.4898029,0
P3_V1_Phase27,0,0.48805213,1
P3_V1_Phase28,0,0.49012384,0
P3_V1_Phase29,1,0.5101992,0
P3_V1_Phase3,0,0.48897174,1
P3_V1_Phase30,1,0.5044347,0
P3_V1_Phase31,0,0.49055088,0
P3_V1_Phase32,0,0.49413952,0
P3_V1_Phase33,0,0.49686068,0
P3_V1_Phase34,0,0.49902278,0
P3_V1_Phase35,0,0.49161756,0
P3_V1_Phase36,1,0.50854015,1
P3_V1_Phase37,0,0.4918802,1
P3_V1_Phase38,0,0.48893997,1
P3_V1_Phase39,0,0.4911892,0
P3_V1_Phase4,1,0.5200577,1
P3_V1_Phase40,0,0.49419388,1
P3_V1_Phase41,0,0.4906239,0
P3_V1_Phase42,0,0.4955187,0
P3_V1_Phase43,0,0.48768485,0
P3_V1_Phase44,0,0.4889489,0
P3_V1_Phase45,0,0.48685628,0
P3_V1_Phase46,0,0.48802412,0
P3_V1_Phase47,0,0.4860572,0
P3_V1_Phase48,0,0.49209857,0
P3_V1_Phase49,0,0.4985415,0
P3_V1_Phase5,0,0.48906478,1
P3_V1_Phase50,0,0.49811125,1
P3_V1_Phase6,0,0.4971502,1
P3_V1_Phase7,1,0.5006607,0
P3_V1_Phase8,0,0.49820045,0
P3_V1_Phase9,0,0.49177578,0
P3_V2_Phase1,0,0.48553622,1
P3_V2_Phase10,0,0.48826033,1
P3_V2_Phase11,0,0.49029893,0
P3_V2_Phase12,0,0.49033713,1
P3_V2_Phase13,0,0.492477,0
P3_V2_Phase14,0,0.49606913,1
P3_V2_Phase15,0,0.49373809,0
P3_V2_Phase16,0,0.48761162,1
P3_V2_Phase2,1,0.5047513,0
P3_V2_Phase3,1,0.5004504,0
P3_V2_Phase4,0,0.4867794,0
P3_V2_Phase5,0,0.49218708,0
P3_V2_Phase6,0,0.48934686,0
P3_V2_Phase7,0,0.48857018,0
P3_V2_Phase8,0,0.4937528,1
P3_V2_Phase9,0,0.49136052,0
P3_V3_Phase1,0,0.48782885,0
P3_V3_Phase10,0,0.4871282,0
P3_V3_Phase11,0,0.49436206,1
P3_V3_Phase12,0,0.49759084,1
P3_V3_Phase13,0,0.48945117,0
P3_V3_Phase14,0,0.48824173,0
P3_V3_Phase15,0,0.49081028,0
P3_V3_Phase16,0,0.48598456,1
P3_V3_Phase17,0,0.49608588,1
P3_V3_Phase18,0,0.4908596,1
P3_V3_Phase19,0,0.48716813,0
P3_V3_Phase2,0,0.49024394,1
P3_V3_Phase20,0,0.486264,0
P3_V3_Phase21,0,0.48713621,0
P3_V3_Phase22,1,0.5018886,0
P3_V3_Phase23,0,0.48857853,0
P3_V3_Phase24,0,0.48575196,0
P3_V3_Phase25,0,0.483779,1
P3_V3_Phase26,0,0.48659685,0
P3_V3_Phase27,0,0.4905205,1
P3_V3_Phase28,0,0.4920307,0
P3_V3_Phase29,0,0.49267954,0
P3_V3_Phase3,0,0.4915809,0
P3_V3_Phase30,0,0.4894465,0
P3_V3_Phase4,0,0.49102616,0
P3_V3_Phase5,0,0.4852275,0
P3_V3_Phase6,0,0.49030077,1
P3_V3_Phase7,0,0.48270348,0
P3_V3_Phase8,0,0.49061313,0
P3_V3_Phase9,0,0.4869121,0
P3_V4_Phase1,0,0.4943763,0
P3_V4_Phase10,0,0.48836043,0
P3_V4_Phase100,1,0.50193006,1
P3_V4_Phase101,1,0.50033873,0
P3_V4_Phase102,0,0.49603897,0
P3_V4_Phase103,0,0.49493468,0
P3_V4_Phase104,0,0.48561302,0
P3_V4_Phase105,0,0.49187928,0
P3_V4_Phase106,0,0.4916088,0
P3_V4_Phase107,0,0.49234354,0
P3_V4_Phase108,0,0.49180487,0
P3_V4_Phase109,1,0.50092214,0
P3_V4_Phase11,0,0.4958895,0
P3_V4_Phase110,0,0.49649066,0
P3_V4_Phase111,0,0.4924537,0
P3_V4_Phase112,1,0.5100436,0
P3_V4_Phase113,0,0.4941613,0
P3_V4_Phase114,0,0.49481732,0
P3_V4_Phase115,0,0.48998114,0
P3_V4_Phase116,0,0.48884964,0
P3_V4_Phase117,0,0.491701,0
P3_V4_Phase118,0,0.49746248,0
P3_V4_Phase119,0,0.49109355,0
P3_V4_Phase12,0,0.49156344,0
P3_V4_Phase120,0,0.49041328,0
P3_V4_Phase121,0,0.49359217,0
P3_V4_Phase122,0,0.48234755,0
P3_V4_Phase123,0,0.48909098,0
P3_V4_Phase13,0,0.493112,0
P3_V4_Phase14,0,0.49049357,0
P3_V4_Phase15,0,0.494829,0
P3_V4_Phase16,0,0.49797407,0
P3_V4_Phase17,1,0.5072657,0
P3_V4_Phase18,1,0.5094258,0
P3_V4_Phase19,1,0.5009683,0
P3_V4_Phase2,0,0.49324694,1
P3_V4_Phase20,0,0.49518216,0
P3_V4_Phase21,0,0.49291125,0
P3_V4_Phase22,0,0.48739162,0
P3_V4_Phase23,0,0.49389863,0
P3_V4_Phase24,0,0.4904277,0
P3_V4_Phase25,0,0.49649265,0
P3_V4_Phase26,0,0.48904714,0
P3_V4_Phase27,0,0.49411315,0
P3_V4_Phase28,0,0.49895805,0
P3_V4_Phase29,0,0.49410614,0
P3_V4_Phase3,1,0.5074164,0
P3_V4_Phase30,0,0.4963137,0
P3_V4_Phase31,0,0.49116817,0
P3_V4_Phase32,0,0.49941716,0
P3_V4_Phase33,0,0.48902038,0
P3_V4_Phase34,0,0.490287,0
P3_V4_Phase35,0,0.49782547,0
P3_V4_Phase36,0,0.4959382,1
P3_V4_Phase37,0,0.49120712,0
P3_V4_Phase38,0,0.48601964,0
P3_V4_Phase39,0,0.49770603,0
P3_V4_Phase4,0,0.49177325,1
P3_V4_Phase40,0,0.49082547,1
P3_V4_Phase41,0,0.4889924,0
P3_V4_Phase42,0,0.4888869,0
P3_V4_Phase43,1,0.5026382,0
P3_V4_Phase44,1,0.5039335,0
P3_V4_Phase45,0,0.49059457,0
P3_V4_Phase46,0,0.49898762,0
P3_V4_Phase47,0,0.49900967,0
P3_V4_Phase48,0,0.49327487,0
P3_V4_Phase49,0,0.49441713,0
P3_V4_Phase5,0,0.49902353,0
P3_V4_Phase50,0,0.49073815,0
P3_V4_Phase51,0,0.49199918,0
P3_V4_Phase52,0,0.49160793,0
P3_V4_Phase53,0,0.49066788,0
P3_V4_Phase54,0,0.48697513,0
P3_V4_Phase55,0,0.49150383,0
P3_V4_Phase56,0,0.49006158,0
P3_V4_Phase57,0,0.48344037,0
P3_V4_Phase58,1,0.5022438,0
P3_V4_Phase59,0,0.49219057,0
P3_V4_Phase6,1,0.5025557,0
P3_V4_Phase60,0,0.49269104,0
P3_V4_Phase61,0,0.4935375,0
P3_V4_Phase62,0,0.4910137,0
P3_V4_Phase63,0,0.49079612,1
P3_V4_Phase64,1,0.5105492,1
P3_V4_Phase65,0,0.49501124,1
P3_V4_Phase66,0,0.48730335,1
P3_V4_Phase67,0,0.49329036,0
P3_V4_Phase68,0,0.49524415,1
P3_V4_Phase69,0,0.49718523,0
P3_V4_Phase7,1,0.5102726,0
P3_V4_Phase70,0,0.49086782,0
P3_V4_Phase71,0,0.49226865,0
P3_V4_Phase72,0,0.49504742,0
P3_V4_Phase73,0,0.4921829,0
P3_V4_Phase74,0,0.49300733,0
P3_V4_Phase75,0,0.49058428,0
P3_V4_Phase76,0,0.49638814,0
P3_V4_Phase77,0,0.49476564,1
P3_V4_Phase78,0,0.48853016,0
P3_V4_Phase79,0,0.4901049,0
P3_V4_Phase8,0,0.4846735,0
P3_V4_Phase80,0,0.48925313,0
P3_V4_Phase81,0,0.49370006,0
P3_V4_Phase82,0,0.49225524,0
P3_V4_Phase83,0,0.49765843,0
P3_V4_Phase84,0,0.49914125,0
P3_V4_Phase85,0,0.49453667,0
P3_V4_Phase86,0,0.49508524,0
P3_V4_Phase87,0,0.4922793,0
P3_V4_Phase88,0,0.491391,1
P3_V4_Phase89,0,0.48973057,0
P3_V4_Phase9,1,0.50211775,0
P3_V4_Phase90,1,0.50094676,0
P3_V4_Phase91,0,0.49022225,0
P3_V4_Phase92,0,0.48698056,0
P3_V4_Phase93,1,0.5027824,0
P3_V4_Phase94,0,0.490115,0
P3_V4_Phase95,0,0.4847835,0
P3_V4_Phase96,0,0.49878097,0
P3_V4_Phase97,0,0.4882589,0
P3_V4_Phase98,1,0.50724477,0
P3_V4_Phase99,0,0.48985273,0
P3_V5_Phase1,0,0.4941241,1
P3_V5_Phase10,0,0.48771244,0
P3_V5_Phase11,0,0.48748007,0
P3_V5_Phase12,0,0.49025813,0
P3_V5_Phase13,0,0.4909358,1
P3_V5_Phase14,0,0.48887125,0
P3_V5_Phase15,0,0.48668495,0
P3_V5_Phase16,0,0.48462728,0
P3_V5_Phase17,0,0.4921634,1
P3_V5_Phase18,0,0.49059492,0
P3_V5_Phase19,0,0.49493986,1
P3_V5_Phase2,0,0.4899446,1
P3_V5_Phase20,0,0.48752576,1
P3_V5_Phase21,1,0.5045972,0
P3_V5_Phase22,0,0.48875013,0
P3_V5_Phase23,0,0.4856264,0
P3_V5_Phase24,0,0.48791724,0
P3_V5_Phase25,0,0.4913013,0
P3_V5_Phase26,0,0.48888874,0
P3_V5_Phase27,0,0.49228343,0
P3_V5_Phase28,0,0.48705333,1
P3_V5_Phase29,0,0.49548215,0
P3_V5_Phase3,0,0.49174234,0
P3_V5_Phase30,0,0.49165276,0
P3_V5_Phase31,0,0.49235758,0
P3_V5_Phase32,0,0.48919994,0
P3_V5_Phase33,0,0.48785168,0
P3_V5_Phase34,0,0.48797685,0
P3_V5_Phase35,0,0.48602518,1
P3_V5_Phase36,0,0.49062896,1
P3_V5_Phase37,0,0.4890306,1
P3_V5_Phase38,0,0.49143794,1
P3_V5_Phase39,0,0.48900276,0
P3_V5_Phase4,1,0.5044824,0
P3_V5_Phase40,1,0.5020181,1
P3_V5_Phase41,0,0.4874483,1
P3_V5_Phase42,0,0.49043414,0
P3_V5_Phase43,0,0.48822495,0
P3_V5_Phase44,0,0.4944755,0
P3_V5_Phase45,0,0.49125248,1
P3_V5_Phase5,0,0.48604795,1
P3_V5_Phase6,0,0.4865541,1
P3_V5_Phase7,0,0.49107382,1
P3_V5_Phase8,0,0.48611817,1
P3_V5_Phase9,0,0.48730046,0
P3_V6_Phase1,0,0.4911699,0
P3_V6_Phase10,0,0.49127057,0
P3_V6_Phase11,0,0.4876362,1
P3_V6_Phase12,0,0.48693305,1
P3_V6_Phase13,0,0.4908801,1
P3_V6_Phase14,0,0.4860251,1
P3_V6_Phase15,1,0.51189756,1
P3_V6_Phase16,0,0.4949933,1
P3_V6_Phase17,0,0.4969608,0
P3_V6_Phase18,0,0.49080908,0
P3_V6_Phase19,0,0.49054778,0
P3_V6_Phase2,0,0.49286872,0
P3_V6_Phase20,0,0.4927697,0
P3_V6_Phase21,0,0.48736656,0
P3_V6_Phase22,0,0.4921996,1
P3_V6_Phase23,0,0.49151015,0
P3_V6_Phase24,0,0.49032834,1
P3_V6_Phase25,0,0.4913221,0
P3_V6_Phase26,1,0.50800127,0
P3_V6_Phase27,1,0.505086,0
P3_V6_Phase28,0,0.49882513,0
P3_V6_Phase29,0,0.48910272,0
P3_V6_Phase3,1,0.5001749,0
P3_V6_Phase30,0,0.49934044,1
P3_V6_Phase31,0,0.49535018,0
P3_V6_Phase32,0,0.4887694,0
P3_V6_Phase33,0,0.49106488,0
P3_V6_Phase34,0,0.48859933,1
P3_V6_Phase35,0,0.48723978,0
P3_V6_Phase36,0,0.4988407,0
P3_V6_Phase37,0,0.49955487,0
P3_V6_Phase38,0,0.494257,0
P3_V6_Phase39,0,0.49696663,0
P3_V6_Phase4,0,0.4926417,0
P3_V6_Phase40,0,0.49123946,1
P3_V6_Phase41,0,0.49402037,1
P3_V6_Phase42,0,0.49225864,0
P3_V6_Phase43,0,0.49159652,0
P3_V6_Phase44,0,0.49388003,0
P3_V6_Phase45,0,0.48267418,0
P3_V6_Phase46,1,0.5003034,0
P3_V6_Phase47,1,0.50031203,0
P3_V6_Phase48,1,0.5018146,0
P3_V6_Phase49,0,0.4875627,1
P3_V6_Phase5,0,0.4961535,0
P3_V6_Phase50,0,0.48835877,1
P3_V6_Phase51,0,0.4930046,0
P3_V6_Phase52,0,0.49169585,0
P3_V6_Phase53,0,0.49724057,1
P3_V6_Phase54,0,0.49215657,0
P3_V6_Phase55,0,0.49965057,1
P3_V6_Phase56,0,0.48762533,0
P3_V6_Phase57,1,0.5171854,0
P3_V6_Phase58,0,0.4915186,0
P3_V6_Phase59,0,0.49331135,0
P3_V6_Phase6,0,0.49877295,0
P3_V6_Phase60,0,0.49592257,1
P3_V6_Phase61,0,0.48901987,1
P3_V6_Phase62,0,0.48845,0
P3_V6_Phase63,0,0.48986045,0
P3_V6_Phase64,0,0.49051687,0
P3_V6_Phase65,1,0.5102696,0
P3_V6_Phase66,0,0.48754522,0
P3_V6_Phase67,0,0.4974933,0
P3_V6_Phase68,0,0.4906251,0
P3_V6_Phase69,0,0.48810363,0
P3_V6_Phase7,0,0.49047163,0
P3_V6_Phase70,0,0.4895528,1
P3_V6_Phase71,0,0.48962718,0
P3_V6_Phase72,0,0.48816022,0
P3_V6_Phase73,1,0.5010999,1
P3_V6_Phase74,0,0.4940631,1
P3_V6_Phase75,0,0.4989111,0
P3_V6_Phase76,0,0.4888936,1
P3_V6_Phase77,0,0.49169788,1
P3_V6_Phase78,0,0.49751547,1
P3_V6_Phase79,0,0.48779336,1
P3_V6_Phase8,0,0.48251188,1
P3_V6_Phase80,0,0.4878677,0
P3_V6_Phase81,0,0.48951423,0
P3_V6_Phase82,0,0.49425703,0
P3_V6_Phase83,0,0.48924962,0
P3_V6_Phase84,0,0.48891687,0
P3_V6_Phase85,1,0.5013712,1
P3_V6_Phase9,0,0.4897153,0
P3_V7_Phase10,0,0.49803108,0
P3_V7_Phase11,0,0.48990658,0
P3_V7_Phase12,0,0.49514282,0
P3_V7_Phase13,0,0.48920724,0
P3_V7_Phase14,0,0.49353456,1
P3_V7_Phase15,1,0.5041847,0
P3_V7_Phase16,1,0.50880677,0
P3_V7_Phase17,0,0.4955635,0
P3_V7_Phase18,0,0.4988585,0
P3_V7_Phase19,1,0.5059311,0
P3_V7_Phase2,0,0.49050686,1
P3_V7_Phase20,0,0.4994862,0
P3_V7_Phase21,0,0.49013317,0
P3_V7_Phase22,0,0.48722667,0
P3_V7_Phase23,0,0.48858866,0
P3_V7_Phase24,0,0.48616603,0
P3_V7_Phase25,0,0.490078,0
P3_V7_Phase26,0,0.4930849,0
P3_V7_Phase27,0,0.49015945,0
P3_V7_Phase28,0,0.48968077,0
P3_V7_Phase29,0,0.4870012,1
P3_V7_Phase3,0,0.49307823,0
P3_V7_Phase30,0,0.49634513,0
P3_V7_Phase4,0,0.48483324,0
P3_V7_Phase5,0,0.48920643,0
P3_V7_Phase6,0,0.49197185,0
P3_V7_Phase7,0,0.4925529,0
P3_V7_Phase8,0,0.48779863,0
P3_V7_Phase9,0,0.49363184,0
P3_V8_Phase1,0,0.49877208,0
P3_V8_Phase10,0,0.49155018,0
P3_V8_Phase2,0,0.4956831,0
P3_V8_Phase3,0,0.49591324,0
P3_V8_Phase4,0,0.49865875,0
P3_V8_Phase5,0,0.48603943,0
P3_V8_Phase6,1,0.51497585,0
P3_V8_Phase7,0,0.48982146,0
P3_V8_Phase8,0,0.49612224,0
P3_V8_Phase9,0,0.4973409,0
P3_V9_Phase1,0,0.49066997,0
P3_V9_Phase10,0,0.4913811,0
P3_V9_Phase11,0,0.48843274,1
P3_V9_Phase12,0,0.48886934,1
P3_V9_Phase13,0,0.49034184,0
P3_V9_Phase14,0,0.49772298,0
P3_V9_Phase15,0,0.49368495,1
P3_V9_Phase16,0,0.49018523,0
P3_V9_Phase17,0,0.4822452,0
P3_V9_Phase18,0,0.49040967,0
P3_V9_Phase19,0,0.4931862,1
P3_V9_Phase2,0,0.48577964,0
P3_V9_Phase20,1,0.51032585,1
P3_V9_Phase21,0,0.48776242,0
P3_V9_Phase22,0,0.49558026,0
P3_V9_Phase23,0,0.48611206,1
P3_V9_Phase24,0,0.4903586,1
P3_V9_Phase25,0,0.49271372,1
P3_V9_Phase26,1,0.50021225,0
P3_V9_Phase27,0,0.48673955,0
P3_V9_Phase28,0,0.49749708,0
P3_V9_Phase29,0,0.49143842,1
P3_V9_Phase3,0,0.48606455,0
P3_V9_Phase30,0,0.48916218,1
P3_V9_Phase31,0,0.49375027,1
P3_V9_Phase32,1,0.5092568,1
P3_V9_Phase33,0,0.48385233,0
P3_V9_Phase34,0,0.49153015,0
P3_V9_Phase35,0,0.49627855,0
P3_V9_Phase36,1,0.50169075,0
P3_V9_Phase37,0,0.49172553,1
P3_V9_Phase38,0,0.4845633,1
P3_V9_Phase39,0,0.49272802,0
P3_V9_Phase4,0,0.4928324,1
P3_V9_Phase5,0,0.49119923,1
P3_V9_Phase6,0,0.49136662,0
P3_V9_Phase7,0,0.48985222,1
P3_V9_Phase8,0,0.4918684,0
P3_V9_Phase9,0,0.48832428,1
P4_V10_Phase1,0,0.489781,0
P4_V10_Phase10,0,0.4956757,0
P4_V10_Phase11,0,0.4970342,1
P4_V10_Phase12,0,0.49077895,0
P4_V10_Phase13,0,0.49101776,0
P4_V10_Phase14,0,0.49240848,0
P4_V10_Phase15,0,0.49976513,0
P4_V10_Phase16,1,0.50128657,0
P4_V10_Phase17,0,0.49088025,0
P4_V10_Phase18,0,0.48955256,0
P4_V10_Phase19,0,0.48591444,1
P4_V10_Phase2,0,0.4879429,1
P4_V10_Phase20,1,0.5173516,0
P4_V10_Phase21,0,0.49344084,0
P4_V10_Phase22,0,0.492443,0
P4_V10_Phase23,0,0.4899381,1
P4_V10_Phase24,0,0.49302503,1
P4_V10_Phase25,0,0.4932265,1
P4_V10_Phase26,0,0.4909274,1
P4_V10_Phase27,0,0.4931385,0
P4_V10_Phase28,1,0.51565397,1
P4_V10_Phase29,0,0.49008548,1
P4_V10_Phase3,0,0.4895385,0
P4_V10_Phase4,0,0.48896614,0
P4_V10_Phase5,0,0.49405703,0
P4_V10_Phase6,0,0.4899792,1
P4_V10_Phase7,0,0.4871984,1
P4_V10_Phase8,0,0.49809566,0
P4_V10_Phase9,0,0.4903936,0
P4_V11_Phase1,0,0.49877208,0
P4_V11_Phase10,0,0.49155018,0
P4_V11_Phase2,0,0.4956831,0
P4_V11_Phase3,0,0.49591324,0
P4_V11_Phase4,0,0.49865875,0
P4_V11_Phase5,0,0.48603943,0
P4_V11_Phase6,1,0.51497585,0
P4_V11_Phase7,0,0.48982146,0
P4_V11_Phase8,0,0.49612224,0
P4_V11_Phase9,0,0.4973409,0
P4_V12_Phase1,0,0.4874934,0
P4_V12_Phase10,0,0.48966548,1
P4_V12_Phase11,1,0.5026845,0
P4_V12_Phase12,0,0.49086863,0
P4_V12_Phase13,0,0.49556586,1
P4_V12_Phase14,0,0.49130586,0
P4_V12_Phase15,0,0.49235123,0
P4_V12_Phase16,0,0.4932693,1
P4_V12_Phase17,0,0.49371234,0
P4_V12_Phase18,0,0.48899403,0
P4_V12_Phase19,0,0.49075222,1
P4_V12_Phase2,1,0.5070198,0
P4_V12_Phase20,0,0.4942389,0
P4_V12_Phase21,0,0.49093497,0
P4_V12_Phase22,0,0.48537704,0
P4_V12_Phase23,0,0.48289636,1
P4_V12_Phase24,0,0.4912304,1
P4_V12_Phase25,0,0.4943782,0
P4_V12_Phase26,0,0.48971346,0
P4_V12_Phase27,0,0.49362627,0
P4_V12_Phase28,0,0.48980558,1
P4_V12_Phase29,0,0.4877713,1
P4_V12_Phase3,0,0.49430138,0
P4_V12_Phase30,0,0.49303237,0
P4_V12_Phase31,0,0.4886217,1
P4_V12_Phase32,0,0.49104086,0
P4_V12_Phase33,0,0.49074337,1
P4_V12_Phase34,0,0.48853865,1
P4_V12_Phase35,0,0.48975506,1
P4_V12_Phase36,0,0.49105096,1
P4_V12_Phase37,0,0.48602054,0
P4_V12_Phase38,0,0.49577513,1
P4_V12_Phase39,0,0.4906413,0
P4_V12_Phase4,0,0.49087152,0
P4_V12_Phase40,0,0.49247438,0
P4_V12_Phase5,0,0.49040347,0
P4_V12_Phase6,0,0.491821,0
P4_V12_Phase7,0,0.48851275,0
P4_V12_Phase8,0,0.48919785,0
P4_V12_Phase9,0,0.4983992,0
P4_V13_Phase1,0,0.4941241,1
P4_V13_Phase10,0,0.48771244,0
P4_V13_Phase11,0,0.48748007,0
P4_V13_Phase12,0,0.49025813,0
P4_V13_Phase13,0,0.4909358,1
P4_V13_Phase14,0,0.48887125,0
P4_V13_Phase15,0,0.48668495,0
P4_V13_Phase16,0,0.48462728,0
P4_V13_Phase17,0,0.4921634,1
P4_V13_Phase18,0,0.49059492,0
P4_V13_Phase19,0,0.49493986,1
P4_V13_Phase2,0,0.4899446,1
P4_V13_Phase20,0,0.48752576,1
P4_V13_Phase21,1,0.5045972,0
P4_V13_Phase22,0,0.48875013,0
P4_V13_Phase23,0,0.4856264,0
P4_V13_Phase24,0,0.48791724,0
P4_V13_Phase25,0,0.4913013,0
P4_V13_Phase26,0,0.48888874,0
P4_V13_Phase27,0,0.49228343,0
P4_V13_Phase28,0,0.48705333,1
P4_V13_Phase29,0,0.49548215,0
P4_V13_Phase3,0,0.49174234,0
P4_V13_Phase30,0,0.49165276,0
P4_V13_Phase31,0,0.49235758,0
P4_V13_Phase32,0,0.48919994,0
P4_V13_Phase33,0,0.48785168,0
P4_V13_Phase34,0,0.48797685,0
P4_V13_Phase35,0,0.48602518,1
P4_V13_Phase36,0,0.49062896,1
P4_V13_Phase37,0,0.4890306,1
P4_V13_Phase38,0,0.49143794,1
P4_V13_Phase39,0,0.48900276,0
P4_V13_Phase4,1,0.5044824,0
P4_V13_Phase40,1,0.5020181,1
P4_V13_Phase41,0,0.4874483,1
P4_V13_Phase42,0,0.49043414,0
P4_V13_Phase43,0,0.48822495,0
P4_V13_Phase44,0,0.4944755,0
P4_V13_Phase45,0,0.49125248,1
P4_V13_Phase5,0,0.48604795,1
P4_V13_Phase6,0,0.4865541,1
P4_V13_Phase7,0,0.49107382,1
P4_V13_Phase8,0,0.48611817,1
P4_V13_Phase9,0,0.48730046,0
P4_V14_Phase1,0,0.48920432,1
P4_V14_Phase10,0,0.49694473,0
P4_V14_Phase11,0,0.48616907,0
P4_V14_Phase12,0,0.49717313,0
P4_V14_Phase13,0,0.4909659,0
P4_V14_Phase14,0,0.48909956,0
P4_V14_Phase15,0,0.49578586,0
P4_V14_Phase16,0,0.4919002,0
P4_V14_Phase17,0,0.4868104,1
P4_V14_Phase18,1,0.50315905,1
P4_V14_Phase19,0,0.48989224,0
P4_V14_Phase2,0,0.48773852,1
P4_V14_Phase20,0,0.48508725,0
P4_V14_Phase21,1,0.5043513,1
P4_V14_Phase22,0,0.48826054,0
P4_V14_Phase23,0,0.4924461,1
P4_V14_Phase24,0,0.48926055,0
P4_V14_Phase25,0,0.48541832,1
P4_V14_Phase26,0,0.49969462,1
P4_V14_Phase27,0,0.48919487,0
P4_V14_Phase28,1,0.50417846,0
P4_V14_Phase3,0,0.4941852,1
P4_V14_Phase4,0,0.4890518,0
P4_V14_Phase5,1,0.5063568,0
P4_V14_Phase6,0,0.49252903,0
P4_V14_Phase7,1,0.5000705,1
P4_V14_Phase8,0,0.49809608,1
P4_V14_Phase9,0,0.49279213,1
P4_V1_Phase1,1,0.51113856,0
P4_V1_Phase10,0,0.49751577,1
P4_V1_Phase11,1,0.50759083,0
P4_V1_Phase12,0,0.49205154,1
P4_V1_Phase13,1,0.508711,1
P4_V1_Phase14,0,0.48980275,0
P4_V1_Phase15,1,0.5066448,1
P4_V1_Phase16,0,0.48656514,0
P4_V1_Phase17,0,0.4891061,0
P4_V1_Phase18,0,0.49255306,0
P4_V1_Phase19,0,0.49168035,1
P4_V1_Phase2,0,0.49523938,0
P4_V1_Phase20,0,0.49942383,0
P4_V1_Phase21,0,0.4937097,0
P4_V1_Phase22,0,0.49533024,0
P4_V1_Phase23,0,0.4915584,0
P4_V1_Phase24,0,0.4911492,1
P4_V1_Phase25,0,0.48965082,0
P4_V1_Phase26,0,0.49298018,0
P4_V1_Phase27,1,0.508144,0
P4_V1_Phase28,0,0.49571753,1
P4_V1_Phase29,0,0.49689415,0
P4_V1_Phase3,0,0.4878842,0
P4_V1_Phase30,1,0.5034201,0
P4_V1_Phase31,0,0.49522853,0
P4_V1_Phase32,0,0.4942642,0
P4_V1_Phase33,0,0.48769644,0
P4_V1_Phase34,0,0.4960716,1
P4_V1_Phase35,1,0.5179976,0
P4_V1_Phase36,0,0.49193347,0
P4_V1_Phase37,0,0.48833954,0
P4_V1_Phase38,0,0.48730296,0
P4_V1_Phase39,0,0.49091142,1
P4_V1_Phase4,0,0.48898774,0
P4_V1_Phase40,0,0.48610556,1
P4_V1_Phase41,0,0.4882004,0
P4_V1_Phase42,0,0.49091646,1
P4_V1_Phase43,0,0.49016008,1
P4_V1_Phase44,0,0.4908192,1
P4_V1_Phase45,0,0.49018306,1
P4_V1_Phase46,0,0.49662107,1
P4_V1_Phase47,0,0.4878015,1
P4_V1_Phase48,0,0.4916725,1
P4_V1_Phase49,0,0.49120793,0
P4_V1_Phase5,0,0.4903002,0
P4_V1_Phase50,0,0.49238908,0
P4_V1_Phase6,0,0.4841326,1
P4_V1_Phase7,0,0.4895064,1
P4_V1_Phase8,0,0.4896569,1
P4_V1_Phase9,1,0.50635904,0
P4_V2_Phase1,1,0.5029,0
P4_V2_Phase10,0,0.49255905,0
P4_V2_Phase11,0,0.49093038,0
P4_V2_Phase12,0,0.49242574,0
P4_V2_Phase13,0,0.48961776,0
P4_V2_Phase14,0,0.49365556,0
P4_V2_Phase15,0,0.48956567,0
P4_V2_Phase16,0,0.49538586,0
P4_V2_Phase17,0,0.48665148,0
P4_V2_Phase18,1,0.5095302,1
P4_V2_Phase19,0,0.49371606,0
P4_V2_Phase2,0,0.4899146,0
P4_V2_Phase20,0,0.4925216,0
P4_V2_Phase21,0,0.4863029,1
P4_V2_Phase22,1,0.5023125,0
P4_V2_Phase23,0,0.49303523,0
P4_V2_Phase24,0,0.49051005,0
P4_V2_Phase25,0,0.48955706,0
P4_V2_Phase26,0,0.4884324,0
P4_V2_Phase27,0,0.489296,1
P4_V2_Phase28,0,0.4858056,1
P4_V2_Phase29,0,0.48899764,1
P4_V2_Phase3,0,0.4890538,1
P4_V2_Phase30,0,0.49051705,0
P4_V2_Phase31,0,0.49434316,1
P4_V2_Phase32,0,0.48827302,1
P4_V2_Phase4,0,0.48896503,0
P4_V2_Phase5,0,0.48502845,0
P4_V2_Phase6,0,0.49112213,0
P4_V2_Phase7,1,0.5076521,0
P4_V2_Phase8,0,0.49185202,0
P4_V2_Phase9,0,0.48878875,0
P4_V3_Phase1,0,0.49376073,0
P4_V3_Phase10,0,0.49172208,1
P4_V3_Phase11,0,0.4911198,0
P4_V3_Phase12,0,0.48829982,0
P4_V3_Phase13,0,0.48964766,1
P4_V3_Phase14,1,0.5016532,1
P4_V3_Phase15,1,0.5046936,0
P4_V3_Phase16,0,0.4877426,1
P4_V3_Phase17,0,0.4908622,1
P4_V3_Phase18,0,0.49844855,0
P4_V3_Phase19,0,0.490819,0
P4_V3_Phase2,0,0.48614627,0
P4_V3_Phase20,0,0.49222103,0
P4_V3_Phase21,0,0.49091482,1
P4_V3_Phase22,0,0.4893336,1
P4_V3_Phase23,0,0.4909577,0
P4_V3_Phase24,0,0.48590446,0
P4_V3_Phase25,0,0.48765486,0
P4_V3_Phase26,0,0.49030513,0
P4_V3_Phase27,0,0.49254027,0
P4_V3_Phase28,0,0.49196395,0
P4_V3_Phase29,0,0.4949511,0
P4_V3_Phase3,0,0.49373165,1
P4_V3_Phase30,0,0.49084228,1
P4_V3_Phase31,0,0.49077064,0
P4_V3_Phase32,0,0.4966292,0
P4_V3_Phase33,0,0.4987662,0
P4_V3_Phase34,1,0.50546837,0
P4_V3_Phase35,0,0.4974223,0
P4_V3_Phase36,0,0.49143293,0
P4_V3_Phase37,0,0.49140608,0
P4_V3_Phase38,0,0.4886823,0
P4_V3_Phase39,0,0.49163753,0
P4_V3_Phase4,0,0.49120954,0
P4_V3_Phase40,0,0.49081627,0
P4_V3_Phase41,0,0.48593545,0
P4_V3_Phase42,0,0.48873726,0
P4_V3_Phase43,1,0.50047624,1
P4_V3_Phase44,0,0.4953909,0
P4_V3_Phase45,0,0.48771614,0
P4_V3_Phase46,0,0.49538592,1
P4_V3_Phase47,0,0.49247536,0
P4_V3_Phase48,0,0.49018374,0
P4_V3_Phase49,0,0.4872859,0
P4_V3_Phase5,0,0.49630928,0
P4_V3_Phase50,0,0.48907146,0
P4_V3_Phase51,1,0.5025426,1
P4_V3_Phase52,0,0.48540792,1
P4_V3_Phase53,0,0.49130592,0
P4_V3_Phase54,0,0.4914423,1
P4_V3_Phase55,0,0.49088135,0
P4_V3_Phase56,0,0.48367074,0
P4_V3_Phase57,0,0.4871766,0
P4_V3_Phase58,0,0.49614996,0
P4_V3_Phase59,0,0.49053124,0
P4_V3_Phase6,0,0.49092653,0
P4_V3_Phase60,0,0.49878988,0
P4_V3_Phase61,0,0.4934839,0
P4_V3_Phase62,0,0.49392065,0
P4_V3_Phase63,1,0.5039674,0
P4_V3_Phase64,0,0.4904045,0
P4_V3_Phase65,0,0.4918222,0
P4_V3_Phase66,0,0.492061,0
P4_V3_Phase67,1,0.5197653,0
P4_V3_Phase68,0,0.48264274,0
P4_V3_Phase7,0,0.49128526,0
P4_V3_Phase8,0,0.48975676,0
P4_V3_Phase9,0,0.49076402,0
P4_V4_Phase1,1,0.5073336,0
P4_V4_Phase10,0,0.48637807,1
P4_V4_Phase11,0,0.49540886,0
P4_V4_Phase12,1,0.5027006,0
P4_V4_Phase13,0,0.4878567,0
P4_V4_Phase14,0,0.49418205,0
P4_V4_Phase15,1,0.5064195,1
P4_V4_Phase16,0,0.48433787,0
P4_V4_Phase17,0,0.48615056,1
P4_V4_Phase18,0,0.48919904,0
P4_V4_Phase19,0,0.48716053,0
P4_V4_Phase2,1,0.50837606,0
P4_V4_Phase20,0,0.49509394,0
P4_V4_Phase21,1,0.5021718,0
P4_V4_Phase22,1,0.50920343,0
P4_V4_Phase23,0,0.48769155,0
P4_V4_Phase24,1,0.50070155,0
P4_V4_Phase25,0,0.49231422,1
P4_V4_Phase26,1,0.50178295,0
P4_V4_Phase27,0,0.49263257,1
P4_V4_Phase28,0,0.48925078,1
P4_V4_Phase29,1,0.5034587,1
P4_V4_Phase3,0,0.4914771,0
P4_V4_Phase30,0,0.49085486,0
P4_V4_Phase31,0,0.48676348,0
P4_V4_Phase32,0,0.49169987,1
P4_V4_Phase33,0,0.49888182,1
P4_V4_Phase34,0,0.49225044,1
P4_V4_Phase35,0,0.4977073,1
P4_V4_Phase36,1,0.50011426,0
P4_V4_Phase37,0,0.49847326,0
P4_V4_Phase38,0,0.4927497,1
P4_V4_Phase39,0,0.48779064,0
P4_V4_Phase4,0,0.4903032,0
P4_V4_Phase40,0,0.48991615,0
P4_V4_Phase41,0,0.49705815,0
P4_V4_Phase42,0,0.49408695,0
P4_V4_Phase5,0,0.4894361,0
P4_V4_Phase6,0,0.4916425,0
P4_V4_Phase7,1,0.5026014,0
P4_V4_Phase8,0,0.48979798,0
P4_V4_Phase9,0,0.49567217,0
P4_V5_Phase1,0,0.4881952,0
P4_V5_Phase10,0,0.4886464,1
P4_V5_Phase11,0,0.4845684,1
P4_V5_Phase12,0,0.4889056,1
P4_V5_Phase13,0,0.4893223,1
P4_V5_Phase14,0,0.4853003,0
P4_V5_Phase15,0,0.48764545,1
P4_V5_Phase16,0,0.4926779,1
P4_V5_Phase17,0,0.49941045,0
P4_V5_Phase18,0,0.4936959,0
P4_V5_Phase19,0,0.4929974,0
P4_V5_Phase2,0,0.49039516,0
P4_V5_Phase20,0,0.48515695,0
P4_V5_Phase21,0,0.4897921,1
P4_V5_Phase3,0,0.4982393,0
P4_V5_Phase4,0,0.49145883,0
P4_V5_Phase5,0,0.4953162,0
P4_V5_Phase6,0,0.48784783,0
P4_V5_Phase7,0,0.4955542,1
P4_V5_Phase8,0,0.4875367,1
P4_V5_Phase9,0,0.48495302,1
P4_V6_Phase1,0,0.48833138,1
P4_V6_Phase10,1,0.50007904,0
P4_V6_Phase11,0,0.4908227,0
P4_V6_Phase12,0,0.48616427,0
P4_V6_Phase13,0,0.49312913,1
P4_V6_Phase14,0,0.49965742,0
P4_V6_Phase15,0,0.4951223,1
P4_V6_Phase16,0,0.48853552,1
P4_V6_Phase17,0,0.49575415,1
P4_V6_Phase18,0,0.49194974,1
P4_V6_Phase19,0,0.49084374,1
P4_V6_Phase2,0,0.4919002,1
P4_V6_Phase20,0,0.49153015,1
P4_V6_Phase21,0,0.48487726,1
P4_V6_Phase22,0,0.4972329,1
P4_V6_Phase23,0,0.49174148,0
P4_V6_Phase24,1,0.5013056,0
P4_V6_Phase25,0,0.49040425,0
P4_V6_Phase26,0,0.4905287,0
P4_V6_Phase27,0,0.49012557,1
P4_V6_Phase28,0,0.49024427,1
P4_V6_Phase29,0,0.48997185,0
P4_V6_Phase3,0,0.49319258,1
P4_V6_Phase30,0,0.49185392,0
P4_V6_Phase31,0,0.48630348,1
P4_V6_Phase32,0,0.49134213,1
P4_V6_Phase33,0,0.48727483,1
P4_V6_Phase34,0,0.4901082,0
P4_V6_Phase35,0,0.48849145,0
P4_V6_Phase36,0,0.49157262,0
P4_V6_Phase37,0,0.48588085,0
P4_V6_Phase38,0,0.48730966,1
P4_V6_Phase39,0,0.49489948,0
P4_V6_Phase4,0,0.49009722,0
P4_V6_Phase40,0,0.49194464,1
P4_V6_Phase41,0,0.49086314,0
P4_V6_Phase42,0,0.48870823,1
P4_V6_Phase43,0,0.49273616,1
P4_V6_Phase44,0,0.49706438,0
P4_V6_Phase45,0,0.4832173,0
P4_V6_Phase46,0,0.48664632,0
P4_V6_Phase47,0,0.48666847,0
P4_V6_Phase48,0,0.48789483,0
P4_V6_Phase49,0,0.48832214,0
P4_V6_Phase5,0,0.49172726,0
P4_V6_Phase50,0,0.4999728,0
P4_V6_Phase51,1,0.50304,0
P4_V6_Phase52,0,0.48740253,1
P4_V6_Phase53,0,0.4881824,0
P4_V6_Phase54,0,0.4912971,0
P4_V6_Phase55,0,0.49155524,0
P4_V6_Phase56,0,0.48587573,1
P4_V6_Phase57,0,0.4965241,0
P4_V6_Phase58,0,0.49176508,1
P4_V6_Phase59,1,0.50062,0
P4_V6_Phase6,0,0.4897373,1
P4_V6_Phase60,0,0.48814693,0
P4_V6_Phase61,0,0.48710948,0
P4_V6_Phase62,0,0.49641323,1
P4_V6_Phase63,0,0.49210665,0
P4_V6_Phase64,0,0.4923633,0
P4_V6_Phase65,0,0.48850936,1
P4_V6_Phase66,0,0.4908021,1
P4_V6_Phase67,1,0.5004543,0
P4_V6_Phase68,0,0.49192715,0
P4_V6_Phase69,1,0.51823556,0
P4_V6_Phase7,0,0.49683732,0
P4_V6_Phase70,0,0.4934762,0
P4_V6_Phase71,0,0.48998752,1
P4_V6_Phase72,0,0.49004284,0
P4_V6_Phase73,0,0.49197492,0
P4_V6_Phase74,0,0.4914943,0
P4_V6_Phase75,0,0.49144074,1
P4_V6_Phase76,0,0.49027058,1
P4_V6_Phase8,0,0.48496392,0
P4_V6_Phase9,0,0.4825269,1
P4_V7_Phase1,0,0.49083146,0
P4_V7_Phase10,0,0.48954648,0
P4_V7_Phase11,0,0.4974272,1
P4_V7_Phase12,1,0.5044147,0
P4_V7_Phase13,1,0.5096221,1
P4_V7_Phase14,0,0.49750984,1
P4_V7_Phase15,0,0.49258873,1
P4_V7_Phase16,0,0.4975699,1
P4_V7_Phase17,0,0.49078137,0
P4_V7_Phase18,0,0.4917041,1
P4_V7_Phase19,0,0.49711478,0
P4_V7_Phase2,0,0.48735833,1
P4_V7_Phase20,0,0.49994484,0
P4_V7_Phase21,0,0.49020204,0
P4_V7_Phase22,0,0.48972258,1
P4_V7_Phase23,0,0.49171478,0
P4_V7_Phase24,1,0.505957,1
P4_V7_Phase25,0,0.4916801,0
P4_V7_Phase26,0,0.4865229,0
P4_V7_Phase27,0,0.49192512,0
P4_V7_Phase28,0,0.49288502,0
P4_V7_Phase29,0,0.49135002,0
P4_V7_Phase3,0,0.49572688,1
P4_V7_Phase30,1,0.5010978,0
P4_V7_Phase31,0,0.49653897,0
P4_V7_Phase32,0,0.49922445,0
P4_V7_Phase33,0,0.48867378,0
P4_V7_Phase34,0,0.4888407,0
P4_V7_Phase35,1,0.51305836,0
P4_V7_Phase36,0,0.49299404,1
P4_V7_Phase37,1,0.5013631,1
P4_V7_Phase38,0,0.486476,0
P4_V7_Phase39,1,0.5090234,1
P4_V7_Phase4,0,0.49120912,0
P4_V7_Phase40,0,0.48961598,1
P4_V7_Phase41,0,0.48997036,0
P4_V7_Phase42,0,0.48601058,0
P4_V7_Phase43,0,0.48840684,0
P4_V7_Phase44,0,0.49078184,1
P4_V7_Phase45,0,0.49182814,0
P4_V7_Phase5,0,0.4985421,1
P4_V7_Phase6,0,0.49235222,0
P4_V7_Phase7,0,0.49114704,1
P4_V7_Phase8,0,0.49164438,0
P4_V7_Phase9,0,0.48838714,0
P4_V8_Phase1,0,0.49165624,0
P4_V8_Phase10,0,0.4943826,1
P4_V8_Phase11,0,0.4897424,0
P4_V8_Phase12,0,0.486702,0
P4_V8_Phase13,0,0.486001,0
P4_V8_Phase14,0,0.48971018,0
P4_V8_Phase16,0,0.49034667,1
P4_V8_Phase17,0,0.48999095,1
P4_V8_Phase18,0,0.4900806,0
P4_V8_Phase19,0,0.49563882,0
P4_V8_Phase2,0,0.49734285,0
P4_V8_Phase20,0,0.48903126,0
P4_V8_Phase21,1,0.5032184,1
P4_V8_Phase22,0,0.48611832,1
P4_V8_Phase23,1,0.5021611,1
P4_V8_Phase24,0,0.48989138,1
P4_V8_Phase25,0,0.49547085,0
P4_V8_Phase26,1,0.5124069,1
P4_V8_Phase27,0,0.49285707,1
P4_V8_Phase28,0,0.48610252,1
P4_V8_Phase29,0,0.48473004,0
P4_V8_Phase3,0,0.49355572,0
P4_V8_Phase30,0,0.49218178,0
P4_V8_Phase31,0,0.48892188,0
P4_V8_Phase32,0,0.48688436,0
P4_V8_Phase33,0,0.48607138,1
P4_V8_Phase34,0,0.49792856,0
P4_V8_Phase35,0,0.48752704,0
P4_V8_Phase36,0,0.49148792,0
P4_V8_Phase37,0,0.48913264,0
P4_V8_Phase38,0,0.48894405,1
P4_V8_Phase39,0,0.486544,1
P4_V8_Phase4,0,0.4854206,0
P4_V8_Phase40,0,0.49343538,1
P4_V8_Phase41,0,0.4909263,0
P4_V8_Phase42,0,0.48876962,1
P4_V8_Phase43,0,0.4942973,0
P4_V8_Phase44,1,0.5050537,0
P4_V8_Phase45,0,0.48538145,1
P4_V8_Phase46,0,0.49563435,1
P4_V8_Phase47,0,0.4903653,1
P4_V8_Phase48,0,0.48955712,0
P4_V8_Phase49,1,0.5070797,0
P4_V8_Phase5,0,0.48958042,0
P4_V8_Phase50,0,0.49532357,0
P4_V8_Phase51,0,0.49724126,0
P4_V8_Phase6,0,0.4954915,0
P4_V8_Phase7,0,0.49092993,0
P4_V8_Phase8,0,0.4869286,0
P4_V8_Phase9,0,0.49091417,1
P4_V9_Phase1,0,0.4911699,0
P4_V9_Phase10,0,0.49127057,0
P4_V9_Phase11,0,0.4876362,1
P4_V9_Phase12,0,0.48693305,1
P4_V9_Phase13,0,0.4908801,1
P4_V9_Phase14,0,0.4860251,1
P4_V9_Phase15,1,0.51189756,1
P4_V9_Phase16,0,0.4949933,1
P4_V9_Phase17,0,0.4969608,0
P4_V9_Phase18,0,0.49080908,0
P4_V9_Phase19,0,0.49054778,0
P4_V9_Phase2,0,0.49286872,0
P4_V9_Phase20,0,0.4927697,0
P4_V9_Phase21,0,0.48736656,0
P4_V9_Phase22,0,0.4921996,1
P4_V9_Phase23,0,0.49151015,0
P4_V9_Phase24,0,0.49032834,1
P4_V9_Phase25,0,0.4913221,0
P4_V9_Phase26,1,0.50800127,0
P4_V9_Phase27,1,0.505086,0
P4_V9_Phase28,0,0.49882513,0
P4_V9_Phase29,0,0.48910272,0
P4_V9_Phase3,1,0.5001749,0
P4_V9_Phase30,0,0.49934044,1
P4_V9_Phase31,0,0.49535018,0
P4_V9_Phase32,0,0.4887694,0
P4_V9_Phase33,0,0.49106488,0
P4_V9_Phase34,0,0.48859933,1
P4_V9_Phase35,0,0.48723978,0
P4_V9_Phase36,0,0.4988407,0
P4_V9_Phase37,0,0.49955487,0
P4_V9_Phase38,0,0.494257,0
P4_V9_Phase39,0,0.49696663,0
P4_V9_Phase4,0,0.4926417,0
P4_V9_Phase40,0,0.49123946,1
P4_V9_Phase41,0,0.49402037,1
P4_V9_Phase42,0,0.49225864,0
P4_V9_Phase43,0,0.49159652,0
P4_V9_Phase44,0,0.49388003,0
P4_V9_Phase45,0,0.48267418,0
P4_V9_Phase46,1,0.5003034,0
P4_V9_Phase47,1,0.50031203,0
P4_V9_Phase48,1,0.5018146,0
P4_V9_Phase49,0,0.4875627,1
P4_V9_Phase5,0,0.4961535,0
P4_V9_Phase50,0,0.48835877,1
P4_V9_Phase51,0,0.4930046,0
P4_V9_Phase52,0,0.49169585,0
P4_V9_Phase53,0,0.49724057,1
P4_V9_Phase54,0,0.49215657,0
P4_V9_Phase55,0,0.49965057,1
P4_V9_Phase56,0,0.48762533,0
P4_V9_Phase57,1,0.5171854,0
P4_V9_Phase58,0,0.4915186,0
P4_V9_Phase59,0,0.49331135,0
P4_V9_Phase6,0,0.49877295,0
P4_V9_Phase60,0,0.49592257,1
P4_V9_Phase61,0,0.48901987,1
P4_V9_Phase62,0,0.48845,0
P4_V9_Phase63,0,0.48986045,0
P4_V9_Phase64,0,0.49051687,0
P4_V9_Phase65,1,0.5102696,0
P4_V9_Phase66,0,0.48754522,0
P4_V9_Phase67,0,0.4974933,0
P4_V9_Phase68,0,0.4906251,0
P4_V9_Phase69,0,0.48810363,0
P4_V9_Phase7,0,0.49047163,0
P4_V9_Phase70,0,0.4895528,1
P4_V9_Phase71,0,0.48962718,0
P4_V9_Phase72,0,0.48816022,0
P4_V9_Phase73,1,0.5010999,1
P4_V9_Phase74,0,0.4940631,1
P4_V9_Phase75,0,0.4989111,0
P4_V9_Phase76,0,0.4888936,1
P4_V9_Phase77,0,0.49169788,1
P4_V9_Phase78,0,0.49751547,1
P4_V9_Phase79,0,0.48779336,1
P4_V9_Phase8,0,0.48251188,1
P4_V9_Phase80,0,0.4878677,0
P4_V9_Phase81,0,0.48951423,0
P4_V9_Phase82,0,0.49425703,0
P4_V9_Phase83,0,0.48924962,0
P4_V9_Phase84,0,0.48891687,0
P4_V9_Phase85,1,0.5013712,1
P4_V9_Phase9,0,0.4897153,0
P5_V10_Phase1,0,0.4894669,0
P5_V10_Phase10,0,0.48885462,0
P5_V10_Phase11,0,0.48669004,0
P5_V10_Phase12,0,0.48994976,0
P5_V10_Phase13,0,0.489856,1
P5_V10_Phase14,0,0.48896408,1
P5_V10_Phase15,0,0.490937,1
P5_V10_Phase16,0,0.48906973,1
P5_V10_Phase17,0,0.48771262,0
P5_V10_Phase18,0,0.4939655,1
P5_V10_Phase19,0,0.4857859,1
P5_V10_Phase2,0,0.48652562,0
P5_V10_Phase20,0,0.4891547,1
P5_V10_Phase21,0,0.48451847,0
P5_V10_Phase22,0,0.48204622,0
P5_V10_Phase23,0,0.49056718,0
P5_V10_Phase24,1,0.5024844,1
P5_V10_Phase25,0,0.49265006,0
P5_V10_Phase26,0,0.48723045,0
P5_V10_Phase27,0,0.49945882,1
P5_V10_Phase28,0,0.48611432,1
P5_V10_Phase29,0,0.492162,0
P5_V10_Phase3,0,0.49034318,0
P5_V10_Phase30,0,0.48974803,1
P5_V10_Phase31,0,0.4958369,1
P5_V10_Phase32,0,0.48964778,1
P5_V10_Phase33,0,0.4939234,1
P5_V10_Phase34,0,0.48595873,1
P5_V10_Phase35,0,0.4869713,0
P5_V10_Phase36,0,0.48573828,1
P5_V10_Phase37,0,0.4852749,0
P5_V10_Phase38,0,0.4876905,1
P5_V10_Phase39,0,0.48569998,0
P5_V10_Phase4,0,0.4883408,0
P5_V10_Phase40,0,0.4848626,0
P5_V10_Phase41,0,0.4838398,0
P5_V10_Phase42,0,0.48911926,1
P5_V10_Phase43,0,0.48969054,0
P5_V10_Phase44,0,0.49269754,0
P5_V10_Phase45,0,0.48672536,0
P5_V10_Phase46,0,0.48763132,0
P5_V10_Phase47,0,0.49070987,0
P5_V10_Phase5,1,0.51523846,0
P5_V10_Phase6,0,0.49219278,0
P5_V10_Phase7,0,0.48567584,0
P5_V10_Phase8,0,0.48887897,0
P5_V10_Phase9,0,0.4891483,0
P5_V11_Phase1,0,0.49133596,1
P5_V11_Phase10,0,0.48890406,0
P5_V11_Phase11,0,0.48952332,1
P5_V11_Phase12,0,0.48786592,0
P5_V11_Phase13,0,0.49227756,0
P5_V11_Phase14,1,0.50363886,0
P5_V11_Phase15,0,0.4987982,1
P5_V11_Phase16,1,0.50587267,0
P5_V11_Phase17,0,0.48922417,1
P5_V11_Phase18,0,0.48837814,1
P5_V11_Phase19,0,0.4888638,1
P5_V11_Phase2,0,0.48908642,1
P5_V11_Phase20,0,0.49531943,1
P5_V11_Phase21,0,0.48987222,0
P5_V11_Phase22,0,0.4929242,1
P5_V11_Phase23,0,0.49115923,1
P5_V11_Phase24,0,0.48619685,1
P5_V11_Phase25,1,0.50191265,1
P5_V11_Phase26,0,0.4893231,0
P5_V11_Phase27,0,0.48966807,0
P5_V11_Phase28,0,0.4909668,1
P5_V11_Phase29,0,0.4899216,1
P5_V11_Phase3,0,0.49207196,1
P5_V11_Phase30,0,0.49039516,1
P5_V11_Phase31,0,0.49490994,0
P5_V11_Phase32,0,0.49119145,0
P5_V11_Phase33,0,0.4884797,1
P5_V11_Phase34,0,0.4885543,1
P5_V11_Phase35,0,0.49133077,0
P5_V11_Phase36,0,0.49558753,1
P5_V11_Phase37,0,0.49220213,0
P5_V11_Phase38,0,0.48629978,1
P5_V11_Phase39,0,0.49324843,0
P5_V11_Phase4,0,0.49289265,0
P5_V11_Phase5,0,0.49667314,0
P5_V11_Phase6,0,0.49223772,1
P5_V11_Phase7,0,0.48874012,1
P5_V11_Phase8,0,0.4928092,0
P5_V11_Phase9,0,0.4981306,0
P5_V12_Phase1,0,0.48842332,1
P5_V12_Phase10,0,0.48879495,1
P5_V12_Phase11,0,0.48495263,0
P5_V12_Phase12,0,0.4895591,0
P5_V12_Phase13,0,0.48372874,1
P5_V12_Phase14,0,0.49020964,1
P5_V12_Phase15,0,0.4867937,0
P5_V12_Phase16,0,0.48956648,0
P5_V12_Phase17,0,0.48892653,0
P5_V12_Phase18,0,0.4906733,0
P5_V12_Phase19,0,0.4921158,0
P5_V12_Phase2,0,0.48822346,1
P5_V12_Phase20,1,0.5069012,1
P5_V12_Phase21,0,0.4922152,1
P5_V12_Phase22,0,0.492875,0
P5_V12_Phase23,0,0.49178946,1
P5_V12_Phase24,0,0.49522865,0
P5_V12_Phase25,1,0.51222867,1
P5_V12_Phase26,0,0.48751873,0
P5_V12_Phase27,0,0.49430954,1
P5_V12_Phase28,0,0.49352196,0
P5_V12_Phase29,0,0.49746653,0
P5_V12_Phase3,0,0.48771757,1
P5_V12_Phase30,0,0.48693615,1
P5_V12_Phase31,1,0.5022838,0
P5_V12_Phase32,0,0.489865,1
P5_V12_Phase33,0,0.48789313,0
P5_V12_Phase34,0,0.4985548,1
P5_V12_Phase35,1,0.5088002,1
P5_V12_Phase36,0,0.49281293,0
P5_V12_Phase37,0,0.48958975,0
P5_V12_Phase38,0,0.49203563,0
P5_V12_Phase39,0,0.49025178,1
P5_V12_Phase4,0,0.48685497,0
P5_V12_Phase40,0,0.49037355,1
P5_V12_Phase41,0,0.49139312,0
P5_V12_Phase42,0,0.4928039,0
P5_V12_Phase43,0,0.49755818,1
P5_V12_Phase44,0,0.49643904,0
P5_V12_Phase5,0,0.49071392,1
P5_V12_Phase6,0,0.49336198,0
P5_V12_Phase7,0,0.49285978,0
P5_V12_Phase8,0,0.49416155,0
P5_V12_Phase9,0,0.4923333,0
P5_V13_Phase1,0,0.49144205,0
P5_V13_Phase2,0,0.4909947,0
P5_V13_Phase3,0,0.49210313,0
P5_V13_Phase4,0,0.4898646,0
P5_V13_Phase5,1,0.50480825,0
P5_V14_Phase1,0,0.48866102,0
P5_V14_Phase10,1,0.5001705,0
P5_V14_Phase11,0,0.48995852,0
P5_V14_Phase12,1,0.5080926,0
P5_V14_Phase13,0,0.48914865,0
P5_V14_Phase2,0,0.49156603,0
P5_V14_Phase3,0,0.49165604,0
P5_V14_Phase4,0,0.4876501,0
P5_V14_Phase5,0,0.48529142,1
P5_V14_Phase6,0,0.4920188,0
P5_V14_Phase7,0,0.49242073,0
P5_V14_Phase8,0,0.49317488,0
P5_V14_Phase9,0,0.48705852,0
P5_V15_Phase1,0,0.49621478,0
P5_V15_Phase2,0,0.492141,0
P5_V15_Phase3,0,0.49133423,0
P5_V15_Phase4,0,0.49582773,0
P5_V15_Phase5,1,0.50275826,0
P5_V15_Phase6,0,0.4915022,0
P5_V15_Phase7,0,0.49162996,0
P5_V15_Phase8,0,0.499391,0
P5_V16_Phase1,1,0.5023346,1
P5_V16_Phase10,0,0.49169567,1
P5_V16_Phase11,0,0.49576324,1
P5_V16_Phase12,0,0.49049827,1
P5_V16_Phase13,0,0.49502265,1
P5_V16_Phase14,0,0.4899769,1
P5_V16_Phase15,0,0.4945903,1
P5_V16_Phase16,0,0.49402723,1
P5_V16_Phase17,1,0.50305724,1
P5_V16_Phase18,0,0.4901431,1
P5_V16_Phase19,1,0.5057089,1
P5_V16_Phase2,0,0.4878661,1
P5_V16_Phase20,0,0.49121448,1
P5_V16_Phase21,0,0.48968896,1
P5_V16_Phase22,1,0.504883,1
P5_V16_Phase23,0,0.48842505,1
P5_V16_Phase24,0,0.4907793,1
P5_V16_Phase25,1,0.5036819,1
P5_V16_Phase3,1,0.5117984,1
P5_V16_Phase4,0,0.4942656,1
P5_V16_Phase5,0,0.49208346,0
P5_V16_Phase6,0,0.495501,0
P5_V16_Phase7,1,0.50548095,1
P5_V16_Phase8,0,0.49451828,1
P5_V16_Phase9,0,0.49199873,1
P5_V17_Phase1,0,0.49156088,1
P5_V17_Phase10,0,0.48900655,1
P5_V17_Phase11,0,0.49161753,1
P5_V17_Phase12,0,0.49314737,1
P5_V17_Phase13,0,0.49923742,1
P5_V17_Phase14,0,0.4948291,1
P5_V17_Phase15,0,0.486762,1
P5_V17_Phase16,0,0.49219674,1
P5_V17_Phase17,0,0.4961155,1
P5_V17_Phase18,0,0.49233893,0
P5_V17_Phase2,0,0.4857134,1
P5_V17_Phase3,1,0.5012831,1
P5_V17_Phase4,0,0.49322823,1
P5_V17_Phase5,0,0.4924472,1
P5_V17_Phase6,0,0.49966735,0
P5_V17_Phase7,0,0.49022505,1
P5_V17_Phase8,0,0.491275,1
P5_V17_Phase9,0,0.49368873,1
P5_V18_Phase1,0,0.494569,1
P5_V18_Phase10,0,0.48948088,0
P5_V18_Phase11,0,0.49594375,0
P5_V18_Phase12,0,0.4954673,0
P5_V18_Phase13,0,0.48777455,0
P5_V18_Phase14,0,0.4988055,0
P5_V18_Phase15,0,0.49508452,1
P5_V18_Phase16,1,0.5050075,1
P5_V18_Phase17,0,0.4908667,0
P5_V18_Phase18,0,0.4972272,1
P5_V18_Phase19,0,0.4993566,1
P5_V18_Phase2,1,0.5148185,1
P5_V18_Phase20,0,0.49418405,1
P5_V18_Phase21,0,0.4902504,1
P5_V18_Phase22,0,0.49191117,1
P5_V18_Phase23,0,0.48839137,1
P5_V18_Phase24,0,0.4920995,0
P5_V18_Phase25,0,0.48865128,0
P5_V18_Phase26,0,0.48720267,0
P5_V18_Phase27,0,0.48993048,1
P5_V18_Phase28,0,0.49487588,1
P5_V18_Phase29,0,0.49340737,1
P5_V18_Phase3,0,0.49103868,1
P5_V18_Phase30,0,0.49658543,1
P5_V18_Phase31,0,0.49478114,0
P5_V18_Phase32,1,0.5090367,0
P5_V18_Phase33,0,0.492647,0
P5_V18_Phase34,0,0.4870128,1
P5_V18_Phase35,0,0.4940116,1
P5_V18_Phase36,1,0.50340563,1
P5_V18_Phase37,0,0.49272996,0
P5_V18_Phase38,0,0.49842083,1
P5_V18_Phase4,0,0.48980772,1
P5_V18_Phase5,0,0.48811203,0
P5_V18_Phase6,0,0.4881392,1
P5_V18_Phase7,1,0.5043047,1
P5_V18_Phase8,1,0.50071466,1
P5_V18_Phase9,0,0.49887294,1
P5_V19_Phase1,0,0.4891185,1
P5_V19_Phase10,0,0.48790383,1
P5_V19_Phase11,0,0.4977586,1
P5_V19_Phase12,0,0.49087858,0
P5_V19_Phase13,0,0.4897061,1
P5_V19_Phase14,0,0.4896831,1
P5_V19_Phase15,0,0.4882229,1
P5_V19_Phase16,0,0.4876681,1
P5_V19_Phase17,0,0.49813065,1
P5_V19_Phase18,0,0.48784867,1
P5_V19_Phase19,0,0.49060056,1
P5_V19_Phase2,0,0.48921788,1
P5_V19_Phase20,0,0.48923105,1
P5_V19_Phase21,0,0.4907322,1
P5_V19_Phase22,0,0.48971993,1
P5_V19_Phase23,0,0.48585635,0
P5_V19_Phase24,0,0.4865257,0
P5_V19_Phase25,0,0.49200502,1
P5_V19_Phase26,0,0.49073583,1
P5_V19_Phase27,0,0.49013758,1
P5_V19_Phase28,1,0.5139862,1
P5_V19_Phase29,0,0.48712647,1
P5_V19_Phase3,0,0.48987415,1
P5_V19_Phase30,1,0.5176292,1
P5_V19_Phase31,0,0.492134,1
P5_V19_Phase32,0,0.49181902,1
P5_V19_Phase33,0,0.4949778,1
P5_V19_Phase34,0,0.48801005,0
P5_V19_Phase35,0,0.49278963,0
P5_V19_Phase36,0,0.483734,1
P5_V19_Phase37,0,0.49081212,1
P5_V19_Phase38,1,0.5130001,0
P5_V19_Phase39,0,0.49337447,0
P5_V19_Phase4,0,0.4899313,1
P5_V19_Phase40,0,0.4865273,0
P5_V19_Phase41,1,0.50992745,1
P5_V19_Phase42,0,0.4890627,1
P5_V19_Phase5,0,0.48742947,1
P5_V19_Phase6,0,0.498107,1
P5_V19_Phase7,0,0.4897888,1
P5_V19_Phase8,0,0.48961568,1
P5_V19_Phase9,0,0.49544105,1
P5_V1_Phase1,1,0.51294017,0
P5_V1_Phase10,0,0.48699233,1
P5_V1_Phase11,0,0.48570523,0
P5_V1_Phase12,0,0.4926377,0
P5_V1_Phase13,0,0.49202305,1
P5_V1_Phase14,0,0.48867205,0
P5_V1_Phase15,0,0.49273115,0
P5_V1_Phase16,0,0.4925043,0
P5_V1_Phase17,0,0.49187762,0
P5_V1_Phase18,0,0.49188533,0
P5_V1_Phase19,0,0.49220434,1
P5_V1_Phase2,0,0.4883372,0
P5_V1_Phase20,1,0.50281054,0
P5_V1_Phase21,1,0.5055396,0
P5_V1_Phase22,1,0.5024637,0
P5_V1_Phase23,0,0.490358,0
P5_V1_Phase24,0,0.49744418,0
P5_V1_Phase25,0,0.48711774,1
P5_V1_Phase26,0,0.49206948,0
P5_V1_Phase27,0,0.49198452,0
P5_V1_Phase28,0,0.4893504,1
P5_V1_Phase29,0,0.49103838,0
P5_V1_Phase3,0,0.49175024,0
P5_V1_Phase30,0,0.4867469,0
P5_V1_Phase31,0,0.4925275,1
P5_V1_Phase32,0,0.49034184,1
P5_V1_Phase33,0,0.48665148,1
P5_V1_Phase34,0,0.48725477,0
P5_V1_Phase35,1,0.50280017,1
P5_V1_Phase36,0,0.49179408,1
P5_V1_Phase37,0,0.49242705,0
P5_V1_Phase38,0,0.49722543,0
P5_V1_Phase39,0,0.48899415,0
P5_V1_Phase4,0,0.49153027,0
P5_V1_Phase40,0,0.48251855,0
P5_V1_Phase41,0,0.48969248,0
P5_V1_Phase42,0,0.48984423,0
P5_V1_Phase43,0,0.4865474,1
P5_V1_Phase44,0,0.48766613,1
P5_V1_Phase45,0,0.4960695,1
P5_V1_Phase46,0,0.4993196,1
P5_V1_Phase5,0,0.48919645,0
P5_V1_Phase6,0,0.4990486,1
P5_V1_Phase7,0,0.49278507,0
P5_V1_Phase8,0,0.49041596,1
P5_V1_Phase9,0,0.4871439,0
P5_V20_Phase1,0,0.49289086,1
P5_V20_Phase10,0,0.4991382,1
P5_V20_Phase11,0,0.4986539,1
P5_V20_Phase12,0,0.4931952,0
P5_V20_Phase13,0,0.4936455,1
P5_V20_Phase14,0,0.49287957,1
P5_V20_Phase15,0,0.49381718,0
P5_V20_Phase16,0,0.48823455,0
P5_V20_Phase17,0,0.49373043,1
P5_V20_Phase18,0,0.49434125,1
P5_V20_Phase19,0,0.48842207,0
P5_V20_Phase2,0,0.49275738,1
P5_V20_Phase20,0,0.48914334,1
P5_V20_Phase21,0,0.48711595,1
P5_V20_Phase22,1,0.50222725,0
P5_V20_Phase23,0,0.49722385,1
P5_V20_Phase24,0,0.49933073,0
P5_V20_Phase25,0,0.48737866,0
P5_V20_Phase26,0,0.49115962,1
P5_V20_Phase27,0,0.49294588,0
P5_V20_Phase28,0,0.4882428,0
P5_V20_Phase29,0,0.489843,1
P5_V20_Phase3,1,0.5040786,1
P5_V20_Phase4,0,0.48677132,0
P5_V20_Phase5,0,0.49177423,0
P5_V20_Phase6,0,0.4968531,1
P5_V20_Phase7,0,0.49263972,1
P5_V20_Phase8,0,0.49780533,1
P5_V20_Phase9,0,0.48917526,1
P5_V21_Phase1,0,0.4974039,0
P5_V21_Phase10,0,0.4879122,0
P5_V21_Phase11,0,0.49164626,0
P5_V21_Phase12,0,0.48882344,0
P5_V21_Phase13,0,0.49088997,0
P5_V21_Phase14,0,0.4927136,1
P5_V21_Phase15,0,0.49066758,0
P5_V21_Phase16,0,0.4910084,0
P5_V21_Phase17,0,0.48970017,0
P5_V21_Phase18,0,0.4999217,1
P5_V21_Phase19,0,0.49127594,1
P5_V21_Phase2,0,0.48812157,1
P5_V21_Phase20,0,0.49228543,0
P5_V21_Phase21,0,0.4992931,1
P5_V21_Phase22,0,0.49652094,1
P5_V21_Phase23,0,0.489445,0
P5_V21_Phase24,0,0.4897886,0
P5_V21_Phase25,1,0.50517625,1
P5_V21_Phase26,0,0.48951763,1
P5_V21_Phase27,0,0.49342424,1
P5_V21_Phase28,0,0.4892806,0
P5_V21_Phase29,0,0.48506042,0
P5_V21_Phase3,0,0.49278796,1
P5_V21_Phase30,0,0.4904817,0
P5_V21_Phase31,0,0.4882926,1
P5_V21_Phase32,1,0.50295436,1
P5_V21_Phase33,0,0.48662505,1
P5_V21_Phase34,0,0.49190176,1
P5_V21_Phase35,0,0.4880031,0
P5_V21_Phase36,0,0.48822936,1
P5_V21_Phase37,0,0.4951285,0
P5_V21_Phase38,0,0.49525416,0
P5_V21_Phase39,0,0.49803635,0
P5_V21_Phase4,0,0.48982525,0
P5_V21_Phase40,0,0.49182245,1
P5_V21_Phase41,0,0.4908084,1
P5_V21_Phase42,0,0.48440945,0
P5_V21_Phase43,0,0.49103895,1
P5_V21_Phase44,0,0.4889796,1
P5_V21_Phase45,0,0.49489695,1
P5_V21_Phase46,0,0.49147412,1
P5_V21_Phase5,0,0.4855758,1
P5_V21_Phase6,0,0.49017438,0
P5_V21_Phase7,0,0.48646674,1
P5_V21_Phase8,0,0.48956802,1
P5_V21_Phase9,0,0.4965511,1
P5_V22_Phase1,0,0.49088585,0
P5_V22_Phase10,1,0.5207552,0
P5_V22_Phase11,0,0.490465,0
P5_V22_Phase12,1,0.5196783,0
P5_V22_Phase13,0,0.4950462,0
P5_V22_Phase14,0,0.4955766,1
P5_V22_Phase15,1,0.507033,0
P5_V22_Phase16,0,0.49015173,0
P5_V22_Phase17,0,0.4977173,0
P5_V22_Phase18,0,0.4900061,0
P5_V22_Phase19,0,0.49466076,0
P5_V22_Phase2,0,0.4891367,0
P5_V22_Phase20,0,0.4929433,0
P5_V22_Phase21,0,0.48862776,1
P5_V22_Phase22,0,0.49201235,1
P5_V22_Phase23,0,0.49018282,0
P5_V22_Phase24,1,0.5053637,0
P5_V22_Phase25,0,0.49299458,0
P5_V22_Phase3,0,0.48966503,1
P5_V22_Phase4,0,0.48690757,0
P5_V22_Phase5,0,0.49288008,0
P5_V22_Phase6,0,0.4902825,1
P5_V22_Phase7,0,0.49123374,0
P5_V22_Phase8,0,0.48921606,1
P5_V22_Phase9,0,0.49441135,1
P5_V23_Phase1,1,0.5024344,1
P5_V23_Phase10,0,0.4891054,0
P5_V23_Phase11,0,0.48505312,0
P5_V23_Phase12,0,0.48639372,0
P5_V23_Phase13,0,0.4931034,0
P5_V23_Phase14,0,0.49379545,0
P5_V23_Phase15,0,0.49139974,0
P5_V23_Phase16,0,0.49557668,1
P5_V23_Phase17,0,0.48736325,1
P5_V23_Phase18,0,0.48957884,0
P5_V23_Phase19,0,0.491143,1
P5_V23_Phase2,0,0.4908775,0
P5_V23_Phase20,0,0.49356207,1
P5_V23_Phase21,0,0.49239862,1
P5_V23_Phase22,0,0.49239275,0
P5_V23_Phase23,0,0.4942462,0
P5_V23_Phase24,1,0.5008121,1
P5_V23_Phase25,1,0.50556886,0
P5_V23_Phase3,0,0.4950967,0
P5_V23_Phase4,0,0.49404562,0
P5_V23_Phase5,0,0.4927491,0
P5_V23_Phase6,0,0.48611838,0
P5_V23_Phase7,0,0.49043453,0
P5_V23_Phase8,0,0.49461034,1
P5_V23_Phase9,0,0.49609715,1
P5_V24_Phase11,0,0.48880526,0
P5_V24_Phase12,1,0.51895356,0
P5_V24_Phase13,0,0.49922812,0
P5_V24_Phase14,1,0.5045183,1
P5_V24_Phase15,0,0.4866692,0
P5_V24_Phase16,0,0.4873225,0
P5_V24_Phase17,0,0.49086407,0
P5_V24_Phase18,0,0.49863183,1
P5_V24_Phase19,0,0.4923073,1
P5_V24_Phase2,1,0.50264734,1
P5_V24_Phase20,0,0.49222532,1
P5_V24_Phase21,1,0.5096624,0
P5_V24_Phase3,1,0.5038541,0
P5_V24_Phase4,1,0.50054246,0
P5_V24_Phase5,1,0.50312495,0
P5_V24_Phase6,0,0.4974325,1
P5_V24_Phase7,0,0.49437997,0
P5_V24_Phase8,0,0.4934825,0
P5_V24_Phase9,0,0.48590785,1
P5_V25_Phase1,1,0.5035069,1
P5_V25_Phase10,0,0.4919852,1
P5_V25_Phase11,0,0.48813674,1
P5_V25_Phase12,0,0.48900577,1
P5_V25_Phase13,0,0.4872137,1
P5_V25_Phase14,1,0.5010807,1
P5_V25_Phase15,0,0.48939902,1
P5_V25_Phase16,0,0.49028078,1
P5_V25_Phase17,0,0.48936406,1
P5_V25_Phase18,0,0.49161094,1
P5_V25_Phase19,0,0.48857364,1
P5_V25_Phase2,1,0.5115222,1
P5_V25_Phase20,0,0.48911017,1
P5_V25_Phase21,0,0.49092725,1
P5_V25_Phase22,0,0.49309576,1
P5_V25_Phase23,0,0.48671135,0
P5_V25_Phase24,0,0.49059957,0
P5_V25_Phase25,0,0.49249178,1
P5_V25_Phase26,1,0.5012178,0
P5_V25_Phase27,0,0.4975048,1
P5_V25_Phase28,0,0.4917035,1
P5_V25_Phase29,0,0.4909287,1
P5_V25_Phase3,0,0.49709958,1
P5_V25_Phase30,0,0.4944136,1
P5_V25_Phase31,0,0.49260563,1
P5_V25_Phase32,0,0.49163184,1
P5_V25_Phase33,0,0.49117422,1
P5_V25_Phase34,0,0.49241298,1
P5_V25_Phase35,0,0.492961,1
P5_V25_Phase36,0,0.49033582,1
P5_V25_Phase37,0,0.49154824,1
P5_V25_Phase38,1,0.5073559,1
P5_V25_Phase39,0,0.49870127,0
P5_V25_Phase4,0,0.49023616,1
P5_V25_Phase40,0,0.49325123,1
P5_V25_Phase41,0,0.49459147,1
P5_V25_Phase42,1,0.5016075,1
P5_V25_Phase43,0,0.49558765,1
P5_V25_Phase44,1,0.5015559,1
P5_V25_Phase45,0,0.49167332,1
P5_V25_Phase46,1,0.5010973,0
P5_V25_Phase47,0,0.4894426,0
P5_V25_Phase48,0,0.49012163,0
P5_V25_Phase49,1,0.50116175,1
P5_V25_Phase5,0,0.4934051,1
P5_V25_Phase50,1,0.5041053,1
P5_V25_Phase51,0,0.49119058,0
P5_V25_Phase52,0,0.4945989,1
P5_V25_Phase53,0,0.49825412,1
P5_V25_Phase54,0,0.49765417,1
P5_V25_Phase55,0,0.49328038,1
P5_V25_Phase56,0,0.4899151,1
P5_V25_Phase57,1,0.50660074,1
P5_V25_Phase58,0,0.49332413,0
P5_V25_Phase59,0,0.49513105,1
P5_V25_Phase6,1,0.5096415,1
P5_V25_Phase60,1,0.5006258,1
P5_V25_Phase7,0,0.49025437,1
P5_V25_Phase8,0,0.49321768,0
P5_V25_Phase9,1,0.5167899,1
P5_V26_Phase1,0,0.49284893,1
P5_V26_Phase10,0,0.49230286,0
P5_V26_Phase11,0,0.49151602,1
P5_V26_Phase12,0,0.4915254,1
P5_V26_Phase13,1,0.5053255,1
P5_V26_Phase14,0,0.4983125,1
P5_V26_Phase15,1,0.50131065,0
P5_V26_Phase16,0,0.4879643,1
P5_V26_Phase17,0,0.4946027,1
P5_V26_Phase18,0,0.49111027,0
P5_V26_Phase19,1,0.50408095,1
P5_V26_Phase2,0,0.4908067,1
P5_V26_Phase20,0,0.4886892,0
P5_V26_Phase21,0,0.49126235,1
P5_V26_Phase22,1,0.50624806,1
P5_V26_Phase23,1,0.50332355,1
P5_V26_Phase24,0,0.49144864,1
P5_V26_Phase25,0,0.4939999,0
P5_V26_Phase26,0,0.4897771,1
P5_V26_Phase27,1,0.5017606,0
P5_V26_Phase28,1,0.5004209,1
P5_V26_Phase29,1,0.5049785,1
P5_V26_Phase3,0,0.4948302,1
P5_V26_Phase30,0,0.48851323,0
P5_V26_Phase31,0,0.48681468,1
P5_V26_Phase32,0,0.49041253,0
P5_V26_Phase33,0,0.49240842,1
P5_V26_Phase34,1,0.5110897,1
P5_V26_Phase35,1,0.50688595,1
P5_V26_Phase36,0,0.49515998,1
P5_V26_Phase37,0,0.49157342,0
P5_V26_Phase38,0,0.49463686,0
P5_V26_Phase39,1,0.5019277,1
P5_V26_Phase4,0,0.49055496,1
P5_V26_Phase40,0,0.4890324,1
P5_V26_Phase41,0,0.48453245,0
P5_V26_Phase42,1,0.5091138,1
P5_V26_Phase43,1,0.50706416,1
P5_V26_Phase44,0,0.49753165,1
P5_V26_Phase45,1,0.503084,0
P5_V26_Phase46,0,0.48980466,0
P5_V26_Phase47,1,0.50474274,1
P5_V26_Phase48,1,0.5007268,0
P5_V26_Phase49,0,0.48623487,1
P5_V26_Phase5,0,0.4967699,1
P5_V26_Phase50,0,0.49707374,1
P5_V26_Phase51,0,0.4907931,0
P5_V26_Phase52,0,0.4893677,1
P5_V26_Phase53,0,0.49364358,0
P5_V26_Phase54,0,0.49247265,1
P5_V26_Phase6,0,0.48717347,0
P5_V26_Phase7,0,0.48998523,1
P5_V26_Phase8,0,0.4903757,1
P5_V26_Phase9,0,0.49086225,1
P5_V27_Phase1,0,0.49049756,1
P5_V27_Phase10,0,0.49270645,0
P5_V27_Phase11,0,0.4918535,1
P5_V27_Phase12,1,0.5042555,1
P5_V27_Phase13,0,0.49559397,1
P5_V27_Phase14,0,0.4942003,0
P5_V27_Phase15,0,0.49711928,1
P5_V27_Phase16,1,0.5001829,1
P5_V27_Phase17,0,0.4960149,0
P5_V27_Phase18,0,0.49292386,1
P5_V27_Phase19,0,0.4970668,1
P5_V27_Phase2,0,0.4861379,0
P5_V27_Phase20,0,0.49192512,0
P5_V27_Phase21,0,0.49840847,1
P5_V27_Phase22,0,0.4889531,0
P5_V27_Phase23,0,0.4893545,1
P5_V27_Phase3,1,0.5083886,1
P5_V27_Phase4,1,0.51177776,1
P5_V27_Phase5,0,0.49205092,1
P5_V27_Phase6,0,0.49665713,0
P5_V27_Phase7,0,0.4884774,1
P5_V27_Phase8,0,0.49248773,1
P5_V27_Phase9,0,0.49599817,1
P5_V28_Phase1,0,0.48885223,1
P5_V28_Phase10,0,0.49259356,0
P5_V28_Phase11,0,0.49060893,0
P5_V28_Phase12,1,0.50385135,1
P5_V28_Phase13,0,0.49986392,1
P5_V28_Phase14,0,0.4987764,1
P5_V28_Phase15,1,0.5071997,1
P5_V28_Phase16,1,0.5044811,1
P5_V28_Phase17,0,0.49202347,1
P5_V28_Phase18,0,0.48938227,0
P5_V28_Phase19,0,0.4953831,0
P5_V28_Phase2,0,0.48460284,0
P5_V28_Phase20,0,0.48534954,1
P5_V28_Phase21,0,0.49257413,0
P5_V28_Phase22,0,0.49468276,1
P5_V28_Phase23,0,0.49067846,0
P5_V28_Phase24,0,0.4961799,0
P5_V28_Phase25,0,0.49573275,0
P5_V28_Phase3,0,0.49167696,0
P5_V28_Phase4,1,0.5134056,1
P5_V28_Phase5,0,0.49880168,1
P5_V28_Phase6,1,0.50237936,0
P5_V28_Phase7,0,0.49765685,1
P5_V28_Phase8,0,0.4916601,0
P5_V28_Phase9,1,0.5047293,0
P5_V29_Phase1,1,0.5008379,0
P5_V29_Phase10,0,0.48436427,1
P5_V29_Phase11,0,0.49357527,0
P5_V29_Phase12,0,0.49659058,1
P5_V29_Phase13,0,0.4923946,1
P5_V29_Phase14,0,0.48539066,1
P5_V29_Phase15,0,0.4880874,1
P5_V29_Phase16,1,0.5075932,0
P5_V29_Phase17,1,0.50338435,1
P5_V29_Phase18,0,0.4900431,1
P5_V29_Phase19,1,0.50152194,1
P5_V29_Phase2,1,0.50665647,1
P5_V29_Phase20,0,0.49625108,1
P5_V29_Phase21,0,0.49677464,1
P5_V29_Phase22,1,0.50247306,1
P5_V29_Phase23,1,0.5042902,1
P5_V29_Phase24,0,0.49306005,1
P5_V29_Phase25,0,0.4992419,0
P5_V29_Phase26,0,0.48937428,1
P5_V29_Phase27,0,0.49347746,1
P5_V29_Phase28,1,0.50024086,1
P5_V29_Phase29,0,0.49238157,1
P5_V29_Phase3,0,0.49411306,1
P5_V29_Phase30,0,0.48452315,1
P5_V29_Phase31,0,0.49138924,0
P5_V29_Phase32,0,0.49054992,0
P5_V29_Phase33,0,0.49296564,1
P5_V29_Phase34,0,0.49672848,1
P5_V29_Phase35,0,0.49086165,0
P5_V29_Phase36,1,0.50091404,0
P5_V29_Phase37,0,0.49652782,1
P5_V29_Phase38,0,0.49964753,0
P5_V29_Phase39,0,0.48918024,1
P5_V29_Phase4,0,0.49517462,1
P5_V29_Phase40,1,0.5204789,1
P5_V29_Phase41,1,0.5011892,0
P5_V29_Phase42,0,0.4872744,1
P5_V29_Phase43,0,0.4886052,1
P5_V29_Phase44,0,0.48246765,1
P5_V29_Phase45,0,0.48999995,1
P5_V29_Phase46,0,0.4967217,1
P5_V29_Phase47,1,0.5065598,0
P5_V29_Phase48,0,0.49067965,1
P5_V29_Phase49,1,0.5014304,0
P5_V29_Phase5,0,0.4994527,1
P5_V29_Phase50,0,0.49317333,1
P5_V29_Phase51,0,0.49144945,1
P5_V29_Phase52,0,0.4943991,1
P5_V29_Phase53,0,0.49058175,1
P5_V29_Phase54,1,0.50387293,1
P5_V29_Phase55,1,0.5030278,1
P5_V29_Phase6,0,0.49782884,1
P5_V29_Phase7,0,0.49583048,1
P5_V29_Phase8,0,0.49292186,1
P5_V29_Phase9,0,0.49279383,1
P5_V2_Phase1,0,0.48901308,1
P5_V2_Phase10,0,0.48588696,0
P5_V2_Phase11,0,0.49490198,0
P5_V2_Phase12,0,0.49580497,1
P5_V2_Phase13,0,0.49072894,0
P5_V2_Phase14,0,0.49476048,1
P5_V2_Phase15,0,0.4971047,0
P5_V2_Phase16,0,0.48755783,0
P5_V2_Phase17,0,0.48822275,1
P5_V2_Phase18,0,0.49099487,0
P5_V2_Phase2,0,0.4985529,1
P5_V2_Phase3,1,0.5081029,1
P5_V2_Phase4,0,0.4897519,0
P5_V2_Phase5,0,0.48901582,1
P5_V2_Phase6,0,0.49943486,0
P5_V2_Phase7,0,0.4986325,0
P5_V2_Phase8,0,0.4895538,0
P5_V2_Phase9,0,0.4886805,0
P5_V30_Phase1,0,0.49162525,1
P5_V30_Phase10,0,0.48788723,1
P5_V30_Phase11,0,0.4969565,0
P5_V30_Phase12,0,0.48821762,1
P5_V30_Phase13,0,0.49574438,1
P5_V30_Phase14,0,0.49189365,0
P5_V30_Phase15,1,0.50036484,0
P5_V30_Phase16,0,0.49357963,1
P5_V30_Phase17,1,0.5040024,0
P5_V30_Phase18,0,0.49160582,0
P5_V30_Phase19,0,0.4919978,0
P5_V30_Phase2,0,0.4927022,0
P5_V30_Phase20,0,0.4855375,1
P5_V30_Phase21,0,0.49238095,0
P5_V30_Phase22,0,0.49664047,0
P5_V30_Phase23,0,0.4930572,1
P5_V30_Phase24,0,0.48705754,1
P5_V30_Phase25,0,0.49663538,0
P5_V30_Phase26,0,0.49241337,1
P5_V30_Phase27,0,0.48685583,1
P5_V30_Phase28,1,0.5004972,1
P5_V30_Phase29,0,0.49233034,1
P5_V30_Phase3,0,0.48873618,1
P5_V30_Phase30,1,0.50895447,1
P5_V30_Phase31,0,0.49874595,0
P5_V30_Phase32,0,0.49515143,1
P5_V30_Phase33,0,0.49416953,1
P5_V30_Phase34,0,0.49053276,1
P5_V30_Phase35,0,0.49191615,1
P5_V30_Phase36,0,0.49912164,1
P5_V30_Phase37,0,0.4982242,1
P5_V30_Phase38,0,0.48952964,0
P5_V30_Phase39,1,0.500206,1
P5_V30_Phase4,0,0.48907858,1
P5_V30_Phase40,0,0.49025437,1
P5_V30_Phase41,0,0.48745227,1
P5_V30_Phase42,0,0.48785186,0
P5_V30_Phase43,1,0.5024741,1
P5_V30_Phase44,1,0.5000775,1
P5_V30_Phase45,0,0.4909154,1
P5_V30_Phase46,0,0.4928188,1
P5_V30_Phase47,1,0.50365055,1
P5_V30_Phase48,0,0.49219128,1
P5_V30_Phase49,0,0.4911495,1
P5_V30_Phase5,0,0.48867962,1
P5_V30_Phase50,0,0.49634695,0
P5_V30_Phase51,0,0.49472225,0
P5_V30_Phase52,0,0.49722525,1
P5_V30_Phase53,0,0.49289906,0
P5_V30_Phase54,0,0.48898733,1
P5_V30_Phase55,0,0.49547312,0
P5_V30_Phase56,0,0.49158624,0
P5_V30_Phase57,0,0.49015704,0
P5_V30_Phase58,0,0.49068177,1
P5_V30_Phase59,0,0.49873763,0
P5_V30_Phase6,0,0.49182874,1
P5_V30_Phase60,0,0.4879554,1
P5_V30_Phase61,0,0.4903383,0
P5_V30_Phase7,0,0.48781213,1
P5_V30_Phase8,0,0.49918061,1
P5_V30_Phase9,0,0.4886211,1
P5_V31_Phase1,0,0.48900166,1
P5_V31_Phase10,1,0.50103605,1
P5_V31_Phase11,0,0.48981372,1
P5_V31_Phase12,0,0.4949108,1
P5_V31_Phase13,0,0.49973768,1
P5_V31_Phase14,0,0.49260536,1
P5_V31_Phase15,1,0.5057095,1
P5_V31_Phase16,0,0.48923808,1
P5_V31_Phase17,0,0.48157477,1
P5_V31_Phase18,0,0.49585974,1
P5_V31_Phase19,0,0.48589894,0
P5_V31_Phase2,1,0.5067785,1
P5_V31_Phase20,1,0.50211364,1
P5_V31_Phase21,0,0.4950102,1
P5_V31_Phase22,0,0.489176,1
P5_V31_Phase23,1,0.50917244,1
P5_V31_Phase24,0,0.49394134,1
P5_V31_Phase25,0,0.4917819,1
P5_V31_Phase26,0,0.4951693,1
P5_V31_Phase27,0,0.49410656,1
P5_V31_Phase28,0,0.49241063,1
P5_V31_Phase29,0,0.49429223,1
P5_V31_Phase3,1,0.50895226,1
P5_V31_Phase30,0,0.49095833,1
P5_V31_Phase4,0,0.49278066,1
P5_V31_Phase5,0,0.49638712,1
P5_V31_Phase6,0,0.49749944,1
P5_V31_Phase7,0,0.4890918,1
P5_V31_Phase8,0,0.48784316,1
P5_V31_Phase9,0,0.4882143,1
P5_V32_Phase1,1,0.50208455,1
P5_V32_Phase10,0,0.49136546,0
P5_V32_Phase11,0,0.48636383,0
P5_V32_Phase12,1,0.5143845,0
P5_V32_Phase13,0,0.49141052,0
P5_V32_Phase14,0,0.4925288,0
P5_V32_Phase15,1,0.50106823,1
P5_V32_Phase16,0,0.4909094,1
P5_V32_Phase17,1,0.5012256,1
P5_V32_Phase18,0,0.49179623,1
P5_V32_Phase19,1,0.5181476,1
P5_V32_Phase2,0,0.49787897,1
P5_V32_Phase20,0,0.4919265,1
P5_V32_Phase21,1,0.50501966,1
P5_V32_Phase22,0,0.49104032,1
P5_V32_Phase23,0,0.49161556,1
P5_V32_Phase24,1,0.51548195,1
P5_V32_Phase25,0,0.49541828,0
P5_V32_Phase26,1,0.50294584,0
P5_V32_Phase27,0,0.49093148,1
P5_V32_Phase28,0,0.49534276,0
P5_V32_Phase29,1,0.5072086,1
P5_V32_Phase3,0,0.4882529,1
P5_V32_Phase30,0,0.48891994,1
P5_V32_Phase31,1,0.501904,0
P5_V32_Phase32,0,0.48681945,0
P5_V32_Phase33,1,0.50540954,1
P5_V32_Phase34,1,0.50009924,1
P5_V32_Phase35,0,0.49744684,1
P5_V32_Phase36,0,0.48852,1
P5_V32_Phase37,0,0.49276215,0
P5_V32_Phase38,0,0.49353248,0
P5_V32_Phase39,1,0.5039271,1
P5_V32_Phase4,0,0.49155667,0
P5_V32_Phase40,1,0.5088132,1
P5_V32_Phase41,0,0.49208596,0
P5_V32_Phase42,0,0.49594244,1
P5_V32_Phase43,0,0.49887678,1
P5_V32_Phase44,0,0.48845387,0
P5_V32_Phase45,0,0.49124095,1
P5_V32_Phase46,0,0.48752078,1
P5_V32_Phase47,0,0.4978749,1
P5_V32_Phase48,0,0.49174967,1
P5_V32_Phase49,0,0.49118644,0
P5_V32_Phase5,1,0.50043964,1
P5_V32_Phase50,0,0.49401057,1
P5_V32_Phase6,0,0.4961919,1
P5_V32_Phase7,0,0.4971488,1
P5_V32_Phase8,0,0.48789194,0
P5_V32_Phase9,0,0.4887212,0
P5_V33_Phase1,0,0.48935917,0
P5_V33_Phase10,0,0.49681625,1
P5_V33_Phase11,0,0.491896,0
P5_V33_Phase12,1,0.50181264,0
P5_V33_Phase13,0,0.4928663,1
P5_V33_Phase14,0,0.4907872,1
P5_V33_Phase15,0,0.49671543,1
P5_V33_Phase16,0,0.49257025,0
P5_V33_Phase17,0,0.49020854,1
P5_V33_Phase18,0,0.49500978,1
P5_V33_Phase19,1,0.50034124,1
P5_V33_Phase2,0,0.48930028,0
P5_V33_Phase20,0,0.4991221,0
P5_V33_Phase21,1,0.5006411,1
P5_V33_Phase22,1,0.5044342,1
P5_V33_Phase23,0,0.49005163,0
P5_V33_Phase24,0,0.48969644,1
P5_V33_Phase25,0,0.48896137,0
P5_V33_Phase26,0,0.49252868,1
P5_V33_Phase27,0,0.49608368,1
P5_V33_Phase28,0,0.49164566,1
P5_V33_Phase29,1,0.52559745,0
P5_V33_Phase3,0,0.4901157,0
P5_V33_Phase30,0,0.4872817,1
P5_V33_Phase31,1,0.501408,0
P5_V33_Phase32,0,0.4898303,0
P5_V33_Phase33,1,0.5080578,1
P5_V33_Phase34,0,0.49954632,1
P5_V33_Phase35,0,0.4847711,1
P5_V33_Phase36,0,0.4911239,1
P5_V33_Phase37,0,0.48582593,1
P5_V33_Phase38,0,0.49634272,1
P5_V33_Phase39,0,0.496826,0
P5_V33_Phase4,0,0.496843,1
P5_V33_Phase40,0,0.49633697,0
P5_V33_Phase41,0,0.49188194,1
P5_V33_Phase42,0,0.49094152,0
P5_V33_Phase43,0,0.49474582,1
P5_V33_Phase44,0,0.48708537,1
P5_V33_Phase45,0,0.49236226,0
P5_V33_Phase46,1,0.5052304,1
P5_V33_Phase47,1,0.5094694,1
P5_V33_Phase48,0,0.48905733,1
P5_V33_Phase49,0,0.4993727,1
P5_V33_Phase5,0,0.49039638,1
P5_V33_Phase50,0,0.4921126,1
P5_V33_Phase51,0,0.49485976,1
P5_V33_Phase52,1,0.5067624,0
P5_V33_Phase53,0,0.49384668,1
P5_V33_Phase54,0,0.49986678,1
P5_V33_Phase55,0,0.4884892,1
P5_V33_Phase56,0,0.4922008,1
P5_V33_Phase6,0,0.49977386,1
P5_V33_Phase7,0,0.48767477,0
P5_V33_Phase8,1,0.505589,1
P5_V33_Phase9,1,0.5039432,1
P5_V34_Phase1,0,0.492902,1
P5_V34_Phase10,0,0.49609715,1
P5_V34_Phase11,0,0.4891054,0
P5_V34_Phase12,0,0.48505312,0
P5_V34_Phase13,0,0.48639372,0
P5_V34_Phase14,0,0.4931034,0
P5_V34_Phase15,0,0.49379545,0
P5_V34_Phase16,0,0.49139974,0
P5_V34_Phase17,0,0.49557668,1
P5_V34_Phase18,0,0.48736325,1
P5_V34_Phase19,0,0.48957884,0
P5_V34_Phase2,1,0.5024344,1
P5_V34_Phase20,0,0.491143,1
P5_V34_Phase21,0,0.49356207,1
P5_V34_Phase22,0,0.49239862,1
P5_V34_Phase23,0,0.49239275,0
P5_V34_Phase24,0,0.4942462,0
P5_V34_Phase25,1,0.5008121,1
P5_V34_Phase26,1,0.50556886,0
P5_V34_Phase3,0,0.4908775,0
P5_V34_Phase4,0,0.4950967,0
P5_V34_Phase5,0,0.49404562,0
P5_V34_Phase6,0,0.4927491,0
P5_V34_Phase7,0,0.48611838,0
P5_V34_Phase8,0,0.49043453,0
P5_V34_Phase9,0,0.49461034,1
P5_V35_Phase1,0,0.49887863,1
P5_V35_Phase10,0,0.49511668,1
P5_V35_Phase11,0,0.49615443,1
P5_V35_Phase12,1,0.5125676,0
P5_V35_Phase13,1,0.5085457,1
P5_V35_Phase14,1,0.5080115,1
P5_V35_Phase15,0,0.49148712,1
P5_V35_Phase16,0,0.49652845,0
P5_V35_Phase17,1,0.5087305,1
P5_V35_Phase18,0,0.48540756,1
P5_V35_Phase19,1,0.5091895,0
P5_V35_Phase2,0,0.4918332,1
P5_V35_Phase20,1,0.5020148,0
P5_V35_Phase21,1,0.5114618,1
P5_V35_Phase22,0,0.49482465,1
P5_V35_Phase23,1,0.50140536,1
P5_V35_Phase24,0,0.49241462,1
P5_V35_Phase25,1,0.50219697,1
P5_V35_Phase26,0,0.49392992,1
P5_V35_Phase27,0,0.49209753,0
P5_V35_Phase28,1,0.5037386,1
P5_V35_Phase29,0,0.4964216,0
P5_V35_Phase3,0,0.49625203,1
P5_V35_Phase30,0,0.49445227,0
P5_V35_Phase31,0,0.49227658,0
P5_V35_Phase32,0,0.48579168,0
P5_V35_Phase33,0,0.48659763,1
P5_V35_Phase34,0,0.4881243,0
P5_V35_Phase35,0,0.4919753,0
P5_V35_Phase36,0,0.4893673,0
P5_V35_Phase37,0,0.48859754,1
P5_V35_Phase38,0,0.48887023,1
P5_V35_Phase39,0,0.491527,1
P5_V35_Phase4,1,0.5039748,1
P5_V35_Phase40,0,0.48655075,1
P5_V35_Phase41,0,0.4881315,0
P5_V35_Phase5,0,0.4893709,1
P5_V35_Phase6,0,0.49549416,1
P5_V35_Phase7,0,0.49352807,1
P5_V35_Phase8,0,0.48906642,1
P5_V35_Phase9,0,0.49518612,1
P5_V36_Phase1,0,0.49251166,1
P5_V36_Phase10,0,0.49027345,1
P5_V36_Phase11,0,0.4935044,1
P5_V36_Phase12,0,0.4868148,1
P5_V36_Phase13,0,0.4898944,0
P5_V36_Phase14,0,0.49407917,0
P5_V36_Phase15,0,0.49116978,1
P5_V36_Phase16,0,0.49162,0
P5_V36_Phase17,1,0.5134884,0
P5_V36_Phase18,0,0.4940526,0
P5_V36_Phase19,0,0.49467683,0
P5_V36_Phase2,1,0.51636565,1
P5_V36_Phase20,1,0.52556264,1
P5_V36_Phase21,0,0.48643622,0
P5_V36_Phase3,0,0.49047706,0
P5_V36_Phase4,0,0.49456635,0
P5_V36_Phase5,0,0.4933586,0
P5_V36_Phase6,0,0.49659172,0
P5_V36_Phase7,0,0.48925513,1
P5_V36_Phase8,0,0.4913166,1
P5_V36_Phase9,0,0.49408913,1
P5_V37_Phase1,1,0.50692314,1
P5_V37_Phase10,1,0.5017974,1
P5_V37_Phase11,0,0.4981257,1
P5_V37_Phase12,1,0.5093392,1
P5_V37_Phase13,0,0.49321926,1
P5_V37_Phase14,0,0.49306542,0
P5_V37_Phase15,0,0.4960524,1
P5_V37_Phase16,0,0.48727128,0
P5_V37_Phase17,1,0.5014097,1
P5_V37_Phase18,0,0.4992272,1
P5_V37_Phase19,0,0.48716867,1
P5_V37_Phase2,1,0.51200515,1
P5_V37_Phase20,0,0.49082965,1
P5_V37_Phase21,0,0.49455252,0
P5_V37_Phase22,0,0.4915548,0
P5_V37_Phase23,0,0.48957452,0
P5_V37_Phase24,0,0.49746707,0
P5_V37_Phase25,1,0.5013709,1
P5_V37_Phase26,0,0.49475643,1
P5_V37_Phase27,0,0.4945962,0
P5_V37_Phase28,0,0.49111953,1
P5_V37_Phase29,1,0.5026568,1
P5_V37_Phase3,1,0.500304,0
P5_V37_Phase30,0,0.49193102,1
P5_V37_Phase31,0,0.49609837,1
P5_V37_Phase32,0,0.48733023,0
P5_V37_Phase33,0,0.4875608,0
P5_V37_Phase34,0,0.4897956,1
P5_V37_Phase35,0,0.4881607,0
P5_V37_Phase36,0,0.49301052,1
P5_V37_Phase37,0,0.49168655,0
P5_V37_Phase4,1,0.5004741,1
P5_V37_Phase5,0,0.4858213,0
P5_V37_Phase6,1,0.51453954,1
P5_V37_Phase7,0,0.49304482,1
P5_V37_Phase8,0,0.49348965,1
P5_V37_Phase9,0,0.49186546,1
P5_V38_Phase1,0,0.499701,1
P5_V38_Phase10,1,0.50210744,0
P5_V38_Phase11,0,0.4996336,0
P5_V38_Phase12,0,0.48587486,0
P5_V38_Phase13,0,0.49369985,0
P5_V38_Phase14,0,0.48980644,1
P5_V38_Phase15,0,0.4960488,0
P5_V38_Phase16,0,0.48806247,0
P5_V38_Phase17,0,0.49482763,0
P5_V38_Phase18,1,0.5018998,1
P5_V38_Phase19,0,0.49163243,0
P5_V38_Phase2,0,0.49090287,0
P5_V38_Phase20,0,0.4929384,0
P5_V38_Phase21,0,0.49015746,0
P5_V38_Phase22,0,0.4890806,1
P5_V38_Phase23,0,0.49249214,1
P5_V38_Phase24,0,0.4971466,0
P5_V38_Phase25,0,0.4905085,0
P5_V38_Phase26,1,0.50460494,0
P5_V38_Phase27,0,0.49614277,0
P5_V38_Phase28,0,0.49052486,1
P5_V38_Phase29,0,0.49505666,0
P5_V38_Phase3,0,0.48918504,0
P5_V38_Phase30,1,0.5061996,0
P5_V38_Phase31,0,0.496717,0
P5_V38_Phase32,0,0.48670998,0
P5_V38_Phase33,0,0.48871356,0
P5_V38_Phase34,0,0.4901042,1
P5_V38_Phase35,0,0.49087623,0
P5_V38_Phase4,0,0.4971135,0
P5_V38_Phase5,1,0.5099788,0
P5_V38_Phase6,0,0.49254495,1
P5_V38_Phase7,1,0.50003767,0
P5_V38_Phase8,0,0.49113354,0
P5_V38_Phase9,0,0.4950089,1
P5_V39_Phase1,0,0.49875912,0
P5_V39_Phase10,0,0.49256945,1
P5_V39_Phase11,0,0.4924908,1
P5_V39_Phase12,0,0.49084452,0
P5_V39_Phase13,0,0.48902845,0
P5_V39_Phase14,0,0.48993585,1
P5_V39_Phase15,0,0.4983294,1
P5_V39_Phase16,0,0.49122834,1
P5_V39_Phase17,0,0.49215558,0
P5_V39_Phase18,0,0.48855713,0
P5_V39_Phase19,0,0.4923029,0
P5_V39_Phase2,0,0.49617457,0
P5_V39_Phase20,0,0.492415,1
P5_V39_Phase21,0,0.48891768,1
P5_V39_Phase22,0,0.49191537,1
P5_V39_Phase23,0,0.4826987,1
P5_V39_Phase24,0,0.48792565,0
P5_V39_Phase25,0,0.4852832,1
P5_V39_Phase26,0,0.48661828,1
P5_V39_Phase27,0,0.48431557,0
P5_V39_Phase28,0,0.48747182,0
P5_V39_Phase29,0,0.48358294,0
P5_V39_Phase3,0,0.48878875,0
P5_V39_Phase30,0,0.49376616,0
P5_V39_Phase31,0,0.48808116,0
P5_V39_Phase32,0,0.48791903,1
P5_V39_Phase33,0,0.49142903,0
P5_V39_Phase34,0,0.49182248,1
P5_V39_Phase35,0,0.48763388,1
P5_V39_Phase36,0,0.48960274,1
P5_V39_Phase37,0,0.49719363,0
P5_V39_Phase38,0,0.49729416,1
P5_V39_Phase39,0,0.48532158,0
P5_V39_Phase4,0,0.49043843,1
P5_V39_Phase40,0,0.48974147,1
P5_V39_Phase41,0,0.48943296,1
P5_V39_Phase42,0,0.4920888,1
P5_V39_Phase43,0,0.49514282,0
P5_V39_Phase44,1,0.50847685,0
P5_V39_Phase5,0,0.48275012,0
P5_V39_Phase6,0,0.4873101,0
P5_V39_Phase7,0,0.48940742,0
P5_V39_Phase8,0,0.49247175,1
P5_V39_Phase9,0,0.48738548,0
P5_V3_Phase1,0,0.49385053,0
P5_V3_Phase10,0,0.49318606,1
P5_V3_Phase11,0,0.49414998,1
P5_V3_Phase12,0,0.49163842,0
P5_V3_Phase13,0,0.49498752,1
P5_V3_Phase14,0,0.4946642,0
P5_V3_Phase15,0,0.4907412,1
P5_V3_Phase16,0,0.4983247,1
P5_V3_Phase17,0,0.49153033,1
P5_V3_Phase18,1,0.5044543,0
P5_V3_Phase19,0,0.4964401,0
P5_V3_Phase2,0,0.48935848,0
P5_V3_Phase20,0,0.48898602,0
P5_V3_Phase21,0,0.4894398,0
P5_V3_Phase22,0,0.48584154,1
P5_V3_Phase23,0,0.49393383,1
P5_V3_Phase24,0,0.4982815,0
P5_V3_Phase25,1,0.50735193,0
P5_V3_Phase26,1,0.50191325,0
P5_V3_Phase27,0,0.4964177,1
P5_V3_Phase28,0,0.49912098,0
P5_V3_Phase29,0,0.49147737,1
P5_V3_Phase3,1,0.50475127,0
P5_V3_Phase30,0,0.49562103,1
P5_V3_Phase31,0,0.4976117,1
P5_V3_Phase32,1,0.50172836,1
P5_V3_Phase33,0,0.4929947,0
P5_V3_Phase34,0,0.48906156,0
P5_V3_Phase35,1,0.5003309,0
P5_V3_Phase36,0,0.48816633,1
P5_V3_Phase37,0,0.49137396,0
P5_V3_Phase38,0,0.49114808,1
P5_V3_Phase39,0,0.48748657,0
P5_V3_Phase4,0,0.48752898,0
P5_V3_Phase40,0,0.4851634,0
P5_V3_Phase41,0,0.4985578,1
P5_V3_Phase5,0,0.49140832,0
P5_V3_Phase6,1,0.51044357,0
P5_V3_Phase7,1,0.50098634,0
P5_V3_Phase8,0,0.491363,0
P5_V3_Phase9,0,0.4903977,0
P5_V40_Phase1,0,0.4894669,0
P5_V40_Phase10,0,0.48885462,0
P5_V40_Phase11,0,0.48669004,0
P5_V40_Phase12,0,0.48994976,0
P5_V40_Phase13,0,0.489856,1
P5_V40_Phase14,0,0.48896408,1
P5_V40_Phase15,0,0.490937,1
P5_V40_Phase16,0,0.48906973,1
P5_V40_Phase17,0,0.48771262,0
P5_V40_Phase18,0,0.4939655,1
P5_V40_Phase19,0,0.4857859,1
P5_V40_Phase2,0,0.48652562,0
P5_V40_Phase20,0,0.4891547,1
P5_V40_Phase21,0,0.48451847,0
P5_V40_Phase22,0,0.48204622,0
P5_V40_Phase23,0,0.49056718,0
P5_V40_Phase24,1,0.5024844,1
P5_V40_Phase25,0,0.49265006,0
P5_V40_Phase26,0,0.48723045,0
P5_V40_Phase27,0,0.49945882,1
P5_V40_Phase28,0,0.48611432,1
P5_V40_Phase29,0,0.492162,0
P5_V40_Phase3,0,0.49034318,0
P5_V40_Phase30,0,0.48974803,1
P5_V40_Phase31,0,0.4958369,1
P5_V40_Phase32,0,0.48964778,1
P5_V40_Phase33,0,0.4939234,1
P5_V40_Phase34,0,0.48595873,1
P5_V40_Phase35,0,0.4869713,0
P5_V40_Phase36,0,0.48573828,1
P5_V40_Phase37,0,0.4852749,0
P5_V40_Phase38,0,0.4876905,1
P5_V40_Phase39,0,0.48569998,0
P5_V40_Phase4,0,0.4883408,0
P5_V40_Phase40,0,0.4848626,0
P5_V40_Phase41,0,0.4838398,0
P5_V40_Phase42,0,0.48911926,1
P5_V40_Phase43,0,0.48969054,0
P5_V40_Phase44,0,0.49269754,0
P5_V40_Phase45,0,0.48672536,0
P5_V40_Phase46,0,0.48763132,0
P5_V40_Phase47,0,0.49070987,0
P5_V40_Phase5,1,0.51523846,0
P5_V40_Phase6,0,0.49219278,0
P5_V40_Phase7,0,0.48567584,0
P5_V40_Phase8,0,0.48887897,0
P5_V40_Phase9,0,0.4891483,0
P5_V41_Phase1,1,0.5023346,1
P5_V41_Phase10,0,0.49169567,1
P5_V41_Phase11,0,0.49576324,1
P5_V41_Phase12,0,0.49049827,1
P5_V41_Phase13,0,0.49502265,1
P5_V41_Phase14,0,0.4899769,1
P5_V41_Phase15,0,0.4945903,1
P5_V41_Phase16,0,0.49402723,1
P5_V41_Phase17,1,0.50305724,1
P5_V41_Phase18,0,0.4901431,1
P5_V41_Phase19,1,0.5057089,1
P5_V41_Phase2,0,0.4878661,1
P5_V41_Phase20,0,0.49121448,1
P5_V41_Phase21,0,0.48968896,1
P5_V41_Phase22,1,0.504883,1
P5_V41_Phase23,0,0.48842505,1
P5_V41_Phase24,0,0.4907793,1
P5_V41_Phase25,1,0.5036819,1
P5_V41_Phase3,1,0.5117984,1
P5_V41_Phase4,0,0.4942656,1
P5_V41_Phase5,0,0.49208346,0
P5_V41_Phase6,0,0.495501,0
P5_V41_Phase7,1,0.50548095,1
P5_V41_Phase8,0,0.49451828,1
P5_V41_Phase9,0,0.49199873,1
P5_V42_Phase1,0,0.49289086,1
P5_V42_Phase10,0,0.4991382,1
P5_V42_Phase11,0,0.4986539,1
P5_V42_Phase12,0,0.4931952,0
P5_V42_Phase13,0,0.4936455,1
P5_V42_Phase14,0,0.49287957,1
P5_V42_Phase15,0,0.49381718,0
P5_V42_Phase16,0,0.48823455,0
P5_V42_Phase17,0,0.49373043,1
P5_V42_Phase18,0,0.49434125,1
P5_V42_Phase19,0,0.48842207,0
P5_V42_Phase2,0,0.49275738,1
P5_V42_Phase20,0,0.48914334,1
P5_V42_Phase21,0,0.48711595,1
P5_V42_Phase22,1,0.50222725,0
P5_V42_Phase23,0,0.49722385,1
P5_V42_Phase24,0,0.49933073,0
P5_V42_Phase25,0,0.48737866,0
P5_V42_Phase26,0,0.49115962,1
P5_V42_Phase27,0,0.49294588,0
P5_V42_Phase28,0,0.4882428,0
P5_V42_Phase29,0,0.489843,1
P5_V42_Phase3,1,0.5040786,1
P5_V42_Phase4,0,0.48677132,0
P5_V42_Phase5,0,0.49177423,0
P5_V42_Phase6,0,0.4968531,1
P5_V42_Phase7,0,0.49263972,1
P5_V42_Phase8,0,0.49780533,1
P5_V42_Phase9,0,0.48917526,1
P5_V4_Phase1,0,0.4898816,0
P5_V4_Phase10,0,0.49033841,1
P5_V4_Phase11,0,0.48788202,0
P5_V4_Phase2,0,0.48494565,0
P5_V4_Phase3,0,0.4888399,0
P5_V4_Phase4,0,0.48719397,0
P5_V4_Phase5,0,0.4953512,0
P5_V4_Phase6,0,0.49159768,0
P5_V4_Phase7,0,0.48637918,0
P5_V4_Phase8,0,0.4905078,1
P5_V4_Phase9,1,0.5051467,0
P5_V5_Phase1,0,0.49198276,0
P5_V5_Phase10,0,0.4910495,0
P5_V5_Phase11,0,0.4900868,0
P5_V5_Phase12,0,0.4997904,1
P5_V5_Phase13,0,0.48970893,0
P5_V5_Phase14,0,0.49933872,0
P5_V5_Phase15,0,0.4972754,0
P5_V5_Phase16,0,0.4909839,0
P5_V5_Phase17,0,0.49065983,0
P5_V5_Phase18,0,0.4914221,0
P5_V5_Phase19,0,0.4896461,0
P5_V5_Phase2,0,0.49155173,0
P5_V5_Phase20,0,0.49584147,0
P5_V5_Phase21,0,0.49282148,1
P5_V5_Phase22,0,0.48723722,1
P5_V5_Phase23,0,0.49392003,1
P5_V5_Phase24,0,0.49178952,1
P5_V5_Phase25,0,0.49757162,0
P5_V5_Phase26,0,0.4910909,0
P5_V5_Phase27,0,0.4899577,1
P5_V5_Phase28,1,0.5055249,0
P5_V5_Phase29,0,0.48443848,0
P5_V5_Phase3,0,0.48794752,0
P5_V5_Phase30,0,0.48870906,0
P5_V5_Phase31,1,0.5121174,1
P5_V5_Phase32,0,0.49977708,0
P5_V5_Phase33,0,0.482825,1
P5_V5_Phase34,0,0.49385297,1
P5_V5_Phase35,0,0.48828757,0
P5_V5_Phase36,0,0.49187946,1
P5_V5_Phase37,0,0.4897892,1
P5_V5_Phase38,0,0.48815316,0
P5_V5_Phase39,0,0.49290565,0
P5_V5_Phase4,0,0.49193898,1
P5_V5_Phase5,0,0.49054062,0
P5_V5_Phase6,0,0.49271,0
P5_V5_Phase7,1,0.5017509,0
P5_V5_Phase8,0,0.4903705,0
P5_V5_Phase9,1,0.51478934,0
P5_V6_Phase1,0,0.48400083,0
P5_V6_Phase10,0,0.4953685,0
P5_V6_Phase11,0,0.49230847,0
P5_V6_Phase12,0,0.49222916,1
P5_V6_Phase13,0,0.49110416,1
P5_V6_Phase14,0,0.4930876,0
P5_V6_Phase15,0,0.48990852,1
P5_V6_Phase16,0,0.49378812,1
P5_V6_Phase17,0,0.49128667,1
P5_V6_Phase18,0,0.49139804,1
P5_V6_Phase19,0,0.49842346,0
P5_V6_Phase2,0,0.49242705,0
P5_V6_Phase20,0,0.48596245,0
P5_V6_Phase21,0,0.49689585,0
P5_V6_Phase22,1,0.5037744,1
P5_V6_Phase23,0,0.4984351,0
P5_V6_Phase24,0,0.48998928,1
P5_V6_Phase25,0,0.48522785,1
P5_V6_Phase26,1,0.50319666,0
P5_V6_Phase27,1,0.5078482,0
P5_V6_Phase28,0,0.4916536,1
P5_V6_Phase29,0,0.49059856,1
P5_V6_Phase3,0,0.48897356,1
P5_V6_Phase30,0,0.49064106,0
P5_V6_Phase31,0,0.4934081,1
P5_V6_Phase32,0,0.4904407,0
P5_V6_Phase33,0,0.4913752,0
P5_V6_Phase4,0,0.49253902,0
P5_V6_Phase5,0,0.48718283,1
P5_V6_Phase6,0,0.48945558,0
P5_V6_Phase7,0,0.49752432,1
P5_V6_Phase8,0,0.4878978,1
P5_V6_Phase9,0,0.48973575,0
P5_V7_Phase1,0,0.49875912,0
P5_V7_Phase10,0,0.49256945,1
P5_V7_Phase11,0,0.4924908,1
P5_V7_Phase12,0,0.49084452,0
P5_V7_Phase13,0,0.48902845,0
P5_V7_Phase14,0,0.48993585,1
P5_V7_Phase15,0,0.4983294,1
P5_V7_Phase16,0,0.49122834,1
P5_V7_Phase17,0,0.49215558,0
P5_V7_Phase18,0,0.48855713,0
P5_V7_Phase19,0,0.4923029,0
P5_V7_Phase2,0,0.49617457,0
P5_V7_Phase20,0,0.492415,1
P5_V7_Phase21,0,0.48891768,1
P5_V7_Phase22,0,0.49191537,1
P5_V7_Phase23,0,0.4826987,1
P5_V7_Phase24,0,0.48792565,0
P5_V7_Phase25,0,0.4852832,1
P5_V7_Phase26,0,0.48661828,1
P5_V7_Phase27,0,0.48431557,0
P5_V7_Phase28,0,0.48747182,0
P5_V7_Phase29,0,0.48358294,0
P5_V7_Phase3,0,0.48878875,0
P5_V7_Phase30,0,0.49376616,0
P5_V7_Phase31,0,0.48808116,0
P5_V7_Phase32,0,0.48791903,1
P5_V7_Phase33,0,0.49142903,0
P5_V7_Phase34,0,0.49182248,1
P5_V7_Phase35,0,0.48763388,1
P5_V7_Phase36,0,0.48960274,1
P5_V7_Phase37,0,0.49719363,0
P5_V7_Phase38,0,0.49729416,1
P5_V7_Phase39,0,0.48532158,0
P5_V7_Phase4,0,0.49043843,1
P5_V7_Phase40,0,0.48974147,1
P5_V7_Phase41,0,0.48943296,1
P5_V7_Phase42,0,0.4920888,1
P5_V7_Phase43,0,0.49514282,0
P5_V7_Phase44,1,0.50847685,0
P5_V7_Phase5,0,0.48275012,0
P5_V7_Phase6,0,0.4873101,0
P5_V7_Phase7,0,0.48940742,0
P5_V7_Phase8,0,0.49247175,1
P5_V7_Phase9,0,0.48738548,0
P5_V8_Phase1,0,0.48722988,1
P5_V8_Phase10,0,0.4893574,0
P5_V8_Phase11,0,0.49182758,0
P5_V8_Phase12,0,0.49228215,0
P5_V8_Phase13,0,0.49707997,0
P5_V8_Phase14,0,0.4899301,0
P5_V8_Phase15,0,0.48887527,1
P5_V8_Phase16,0,0.48719463,0
P5_V8_Phase17,0,0.48634967,0
P5_V8_Phase18,1,0.50043803,0
P5_V8_Phase19,0,0.49105772,1
P5_V8_Phase2,0,0.4918295,0
P5_V8_Phase20,0,0.4904532,0
P5_V8_Phase21,0,0.4914618,0
P5_V8_Phase22,1,0.500295,1
P5_V8_Phase23,0,0.49201754,1
P5_V8_Phase24,0,0.4924522,1
P5_V8_Phase25,0,0.4900703,1
P5_V8_Phase26,0,0.49048063,0
P5_V8_Phase27,0,0.48896688,1
P5_V8_Phase28,0,0.49171445,1
P5_V8_Phase29,0,0.49695197,1
P5_V8_Phase3,0,0.49119952,0
P5_V8_Phase30,0,0.48960721,1
P5_V8_Phase31,1,0.5081194,1
P5_V8_Phase32,0,0.49054128,0
P5_V8_Phase33,0,0.4884044,1
P5_V8_Phase34,0,0.49521238,0
P5_V8_Phase35,0,0.4933987,0
P5_V8_Phase36,0,0.4935319,0
P5_V8_Phase37,0,0.4890546,0
P5_V8_Phase38,0,0.48828194,1
P5_V8_Phase39,1,0.5000999,0
P5_V8_Phase4,0,0.49095964,1
P5_V8_Phase40,0,0.48912176,1
P5_V8_Phase41,0,0.48628297,0
P5_V8_Phase42,0,0.49050003,0
P5_V8_Phase43,0,0.49326885,1
P5_V8_Phase44,0,0.49212733,1
P5_V8_Phase45,0,0.49007204,0
P5_V8_Phase46,0,0.494248,0
P5_V8_Phase47,0,0.49173927,1
P5_V8_Phase48,0,0.49064684,0
P5_V8_Phase49,0,0.49148053,0
P5_V8_Phase5,0,0.4870186,0
P5_V8_Phase50,0,0.49219963,1
P5_V8_Phase51,0,0.4910087,0
P5_V8_Phase52,0,0.49226114,1
P5_V8_Phase53,0,0.48977765,1
P5_V8_Phase6,0,0.49242213,0
P5_V8_Phase7,0,0.49363315,1
P5_V8_Phase8,0,0.49364942,0
P5_V8_Phase9,0,0.48884782,1
P5_V9_Phase1,0,0.48814362,0
P5_V9_Phase10,0,0.4858682,0
P5_V9_Phase11,0,0.4923047,1
P5_V9_Phase12,0,0.48317435,1
P5_V9_Phase13,1,0.50228274,1
P5_V9_Phase14,0,0.48945743,0
P5_V9_Phase15,0,0.4909151,1
P5_V9_Phase16,0,0.49085107,0
P5_V9_Phase17,0,0.48549852,1
P5_V9_Phase18,0,0.48762417,1
P5_V9_Phase19,0,0.49395552,0
P5_V9_Phase2,0,0.4888741,1
P5_V9_Phase20,0,0.49159208,0
P5_V9_Phase21,0,0.4924652,1
P5_V9_Phase22,0,0.4931943,0
P5_V9_Phase23,0,0.48984262,1
P5_V9_Phase24,0,0.48476917,0
P5_V9_Phase25,0,0.49047098,1
P5_V9_Phase26,0,0.49137998,1
P5_V9_Phase27,0,0.48688945,1
P5_V9_Phase28,0,0.48983958,0
P5_V9_Phase29,0,0.48906806,0
P5_V9_Phase3,0,0.49422,1
P5_V9_Phase30,0,0.49150765,0
P5_V9_Phase4,0,0.48724738,1
P5_V9_Phase5,0,0.484032,0
P5_V9_Phase6,0,0.48368478,1
P5_V9_Phase7,0,0.48811382,0
P5_V9_Phase8,0,0.4889618,1
P5_V9_Phase9,0,0.48776293,0
P6_V10_Phase1,0,0.496334,1
P6_V10_Phase10,0,0.4941831,1
P6_V10_Phase11,0,0.49278507,0
P6_V10_Phase12,0,0.485816,0
P6_V10_Phase13,0,0.49695638,0
P6_V10_Phase14,0,0.49046412,0
P6_V10_Phase15,0,0.49323368,0
P6_V10_Phase16,1,0.50112134,0
P6_V10_Phase17,0,0.49897605,0
P6_V10_Phase18,0,0.49261248,0
P6_V10_Phase19,0,0.49027482,1
P6_V10_Phase2,0,0.49262744,0
P6_V10_Phase20,0,0.49319467,1
P6_V10_Phase21,1,0.50386965,1
P6_V10_Phase22,0,0.4872369,1
P6_V10_Phase23,0,0.49138722,1
P6_V10_Phase24,0,0.493451,1
P6_V10_Phase25,0,0.49935934,1
P6_V10_Phase26,1,0.50999427,1
P6_V10_Phase27,0,0.4880487,1
P6_V10_Phase28,0,0.49448222,1
P6_V10_Phase29,0,0.487994,1
P6_V10_Phase3,0,0.48984528,1
P6_V10_Phase30,0,0.4990576,1
P6_V10_Phase31,1,0.5099235,1
P6_V10_Phase32,0,0.4997628,1
P6_V10_Phase33,0,0.49116546,1
P6_V10_Phase34,1,0.50374055,0
P6_V10_Phase35,0,0.4901093,1
P6_V10_Phase36,0,0.4917391,1
P6_V10_Phase37,0,0.490438,1
P6_V10_Phase4,0,0.48989186,0
P6_V10_Phase5,0,0.49349993,1
P6_V10_Phase6,0,0.49331337,1
P6_V10_Phase7,1,0.5042796,1
P6_V10_Phase8,0,0.4917628,1
P6_V10_Phase9,1,0.5134869,0
P6_V11_Phase1,0,0.49230915,1
P6_V11_Phase10,0,0.48506436,1
P6_V11_Phase11,0,0.48882043,0
P6_V11_Phase12,0,0.49204594,0
P6_V11_Phase13,0,0.48810962,0
P6_V11_Phase14,0,0.49239534,0
P6_V11_Phase15,0,0.49297088,0
P6_V11_Phase16,0,0.48883587,1
P6_V11_Phase17,0,0.4918737,0
P6_V11_Phase18,0,0.48865923,0
P6_V11_Phase19,1,0.5146239,0
P6_V11_Phase2,0,0.49129185,1
P6_V11_Phase20,1,0.50345325,0
P6_V11_Phase21,0,0.49014014,1
P6_V11_Phase22,0,0.4937787,1
P6_V11_Phase23,0,0.48492607,0
P6_V11_Phase24,1,0.5016521,0
P6_V11_Phase25,0,0.49114168,0
P6_V11_Phase26,0,0.49083757,1
P6_V11_Phase27,0,0.49318865,1
P6_V11_Phase28,0,0.4915047,1
P6_V11_Phase29,1,0.5172304,1
P6_V11_Phase3,0,0.4896605,1
P6_V11_Phase30,0,0.49631152,1
P6_V11_Phase31,0,0.49206853,1
P6_V11_Phase32,0,0.49058312,1
P6_V11_Phase33,0,0.4995452,1
P6_V11_Phase34,0,0.4955528,1
P6_V11_Phase35,0,0.49254975,0
P6_V11_Phase36,0,0.4921356,0
P6_V11_Phase37,0,0.49158397,0
P6_V11_Phase38,0,0.4979987,0
P6_V11_Phase39,0,0.49096385,1
P6_V11_Phase4,1,0.51121956,0
P6_V11_Phase5,0,0.49121955,1
P6_V11_Phase6,0,0.4923068,1
P6_V11_Phase7,0,0.49148175,1
P6_V11_Phase8,0,0.49339122,0
P6_V11_Phase9,0,0.4999069,0
P6_V12_Phase1,0,0.49046412,0
P6_V12_Phase10,0,0.4955344,1
P6_V12_Phase11,0,0.4911834,0
P6_V12_Phase12,0,0.48982307,0
P6_V12_Phase13,0,0.4939035,0
P6_V12_Phase14,0,0.4943392,0
P6_V12_Phase15,0,0.4978886,0
P6_V12_Phase16,0,0.4995541,1
P6_V12_Phase17,0,0.49850738,0
P6_V12_Phase18,0,0.49349865,1
P6_V12_Phase19,0,0.49260437,0
P6_V12_Phase2,0,0.48866776,0
P6_V12_Phase20,0,0.4869093,0
P6_V12_Phase21,0,0.4980913,0
P6_V12_Phase22,0,0.4865654,0
P6_V12_Phase23,1,0.5090998,1
P6_V12_Phase24,1,0.5016714,0
P6_V12_Phase25,0,0.4881104,1
P6_V12_Phase26,0,0.49475938,1
P6_V12_Phase27,0,0.48885024,1
P6_V12_Phase28,0,0.4889606,0
P6_V12_Phase29,0,0.49202058,0
P6_V12_Phase3,0,0.49187258,1
P6_V12_Phase30,0,0.49164534,1
P6_V12_Phase31,1,0.5068374,0
P6_V12_Phase32,0,0.49210054,1
P6_V12_Phase33,0,0.49036354,1
P6_V12_Phase34,0,0.49236116,1
P6_V12_Phase4,0,0.4980643,1
P6_V12_Phase5,0,0.49070442,1
P6_V12_Phase6,1,0.50113237,0
P6_V12_Phase7,0,0.49339852,1
P6_V12_Phase8,1,0.50311446,1
P6_V12_Phase9,0,0.49563324,1
P6_V13_Phase1,0,0.4881466,1
P6_V13_Phase10,0,0.49743062,0
P6_V13_Phase11,1,0.50280035,0
P6_V13_Phase12,0,0.49458823,1
P6_V13_Phase13,0,0.49840358,0
P6_V13_Phase14,0,0.49274647,0
P6_V13_Phase15,0,0.4928875,0
P6_V13_Phase16,0,0.49491018,0
P6_V13_Phase2,0,0.4888232,0
P6_V13_Phase3,0,0.48925832,0
P6_V13_Phase4,0,0.49322373,0
P6_V13_Phase5,0,0.49090225,0
P6_V13_Phase6,0,0.49048457,1
P6_V13_Phase7,0,0.4883931,1
P6_V13_Phase8,0,0.4901648,1
P6_V13_Phase9,1,0.5001652,0
P6_V14_Phase1,0,0.48981538,0
P6_V14_Phase10,0,0.49631748,1
P6_V14_Phase11,0,0.4944155,1
P6_V14_Phase12,0,0.4954197,1
P6_V14_Phase13,0,0.4914467,1
P6_V14_Phase14,1,0.50239366,0
P6_V14_Phase15,0,0.4866741,0
P6_V14_Phase16,0,0.4869492,0
P6_V14_Phase17,0,0.48962063,0
P6_V14_Phase18,1,0.5101353,1
P6_V14_Phase19,1,0.5104864,0
P6_V14_Phase2,1,0.5214512,0
P6_V14_Phase20,0,0.49367785,0
P6_V14_Phase21,0,0.4961941,1
P6_V14_Phase22,0,0.4915797,0
P6_V14_Phase3,0,0.4911327,0
P6_V14_Phase4,0,0.48955503,0
P6_V14_Phase5,0,0.4908543,1
P6_V14_Phase6,0,0.49049488,1
P6_V14_Phase7,0,0.4918976,1
P6_V14_Phase8,0,0.4909107,1
P6_V14_Phase9,1,0.5024266,1
P6_V15_Phase1,1,0.51503974,1
P6_V15_Phase10,0,0.48552948,0
P6_V15_Phase11,0,0.49018505,0
P6_V15_Phase12,1,0.5171482,0
P6_V15_Phase13,0,0.49933887,1
P6_V15_Phase14,0,0.4930282,0
P6_V15_Phase15,0,0.49467194,1
P6_V15_Phase16,1,0.5025426,1
P6_V15_Phase17,0,0.49145156,1
P6_V15_Phase18,0,0.49016953,1
P6_V15_Phase19,0,0.4925488,0
P6_V15_Phase2,1,0.5046608,0
P6_V15_Phase20,1,0.500594,0
P6_V15_Phase21,0,0.48926938,0
P6_V15_Phase22,0,0.4929685,1
P6_V15_Phase23,0,0.49303553,0
P6_V15_Phase24,0,0.49165308,1
P6_V15_Phase25,0,0.48666632,0
P6_V15_Phase3,0,0.4904909,1
P6_V15_Phase4,0,0.4957184,1
P6_V15_Phase5,1,0.5003431,1
P6_V15_Phase6,0,0.49674585,0
P6_V15_Phase7,0,0.4991595,1
P6_V15_Phase8,0,0.48836738,0
P6_V15_Phase9,0,0.49371654,0
P6_V16_Phase1,1,0.5091582,0
P6_V16_Phase10,1,0.50316006,0
P6_V16_Phase11,0,0.49050748,0
P6_V16_Phase12,0,0.49253127,0
P6_V16_Phase13,0,0.49276268,1
P6_V16_Phase14,0,0.49108925,0
P6_V16_Phase15,0,0.48770472,0
P6_V16_Phase16,0,0.4906235,1
P6_V16_Phase17,0,0.49593514,1
P6_V16_Phase18,0,0.4872995,0
P6_V16_Phase19,0,0.49100602,1
P6_V16_Phase2,1,0.50151926,1
P6_V16_Phase20,0,0.4913898,1
P6_V16_Phase21,0,0.49089065,1
P6_V16_Phase22,1,0.50285625,0
P6_V16_Phase23,0,0.4953168,0
P6_V16_Phase24,0,0.48842952,1
P6_V16_Phase25,0,0.48793128,0
P6_V16_Phase26,0,0.49414796,0
P6_V16_Phase27,0,0.49116948,1
P6_V16_Phase28,0,0.48828435,0
P6_V16_Phase29,0,0.4986721,0
P6_V16_Phase3,0,0.48649547,1
P6_V16_Phase30,0,0.49222723,0
P6_V16_Phase4,0,0.49528,0
P6_V16_Phase5,0,0.4986536,1
P6_V16_Phase6,0,0.49781364,0
P6_V16_Phase7,1,0.50526905,0
P6_V16_Phase8,0,0.49220777,1
P6_V16_Phase9,0,0.49589908,0
P6_V17_Phase1,0,0.49586254,0
P6_V17_Phase10,0,0.49544966,1
P6_V17_Phase11,1,0.5075327,1
P6_V17_Phase12,0,0.49249786,0
P6_V17_Phase13,0,0.48921543,0
P6_V17_Phase14,0,0.49333963,0
P6_V17_Phase15,0,0.49122122,1
P6_V17_Phase16,0,0.4907772,0
P6_V17_Phase17,0,0.49098268,1
P6_V17_Phase18,0,0.49649334,1
P6_V17_Phase19,0,0.4881287,1
P6_V17_Phase2,0,0.49173534,0
P6_V17_Phase20,1,0.50027007,0
P6_V17_Phase21,0,0.49198526,0
P6_V17_Phase22,0,0.4949571,0
P6_V17_Phase23,0,0.498605,1
P6_V17_Phase24,0,0.48932445,1
P6_V17_Phase25,0,0.49071154,0
P6_V17_Phase3,1,0.5073366,0
P6_V17_Phase4,0,0.49230307,1
P6_V17_Phase5,0,0.49182737,0
P6_V17_Phase6,0,0.49334222,0
P6_V17_Phase7,0,0.4925121,1
P6_V17_Phase8,0,0.48949036,1
P6_V17_Phase9,0,0.4954162,0
P6_V18_Phase1,0,0.499701,1
P6_V18_Phase10,1,0.50210744,0
P6_V18_Phase11,0,0.4996336,0
P6_V18_Phase12,0,0.48587486,0
P6_V18_Phase13,0,0.49369985,0
P6_V18_Phase14,0,0.48980644,1
P6_V18_Phase15,0,0.4960488,0
P6_V18_Phase16,0,0.48806247,0
P6_V18_Phase17,0,0.49482763,0
P6_V18_Phase18,1,0.5018998,1
P6_V18_Phase19,0,0.49163243,0
P6_V18_Phase2,0,0.49090287,0
P6_V18_Phase20,0,0.4929384,0
P6_V18_Phase21,0,0.49015746,0
P6_V18_Phase22,0,0.4890806,1
P6_V18_Phase23,0,0.49249214,1
P6_V18_Phase24,0,0.4971466,0
P6_V18_Phase25,0,0.4905085,0
P6_V18_Phase26,1,0.50460494,0
P6_V18_Phase27,0,0.49614277,0
P6_V18_Phase28,0,0.49052486,1
P6_V18_Phase29,0,0.49505666,0
P6_V18_Phase3,0,0.48918504,0
P6_V18_Phase30,1,0.5061996,0
P6_V18_Phase31,0,0.496717,0
P6_V18_Phase32,0,0.48670998,0
P6_V18_Phase33,0,0.48871356,0
P6_V18_Phase34,0,0.4901042,1
P6_V18_Phase35,0,0.49087623,0
P6_V18_Phase4,0,0.4971135,0
P6_V18_Phase5,1,0.5099788,0
P6_V18_Phase6,0,0.49254495,1
P6_V18_Phase7,1,0.50003767,0
P6_V18_Phase8,0,0.49113354,0
P6_V18_Phase9,0,0.4950089,1
P6_V19_Phase1,1,0.5132288,0
P6_V19_Phase10,0,0.4897725,1
P6_V19_Phase11,0,0.49499422,0
P6_V19_Phase12,0,0.4925202,1
P6_V19_Phase13,0,0.4877188,0
P6_V19_Phase14,0,0.4949816,1
P6_V19_Phase15,1,0.5026988,0
P6_V19_Phase16,0,0.49014693,1
P6_V19_Phase17,0,0.4923411,0
P6_V19_Phase18,0,0.49252182,0
P6_V19_Phase19,0,0.49709758,1
P6_V19_Phase2,0,0.4978536,1
P6_V19_Phase20,1,0.5084259,1
P6_V19_Phase21,1,0.5019302,1
P6_V19_Phase22,0,0.48974705,1
P6_V19_Phase23,0,0.48768574,1
P6_V19_Phase24,0,0.4902924,0
P6_V19_Phase25,0,0.49258816,1
P6_V19_Phase26,0,0.49831048,0
P6_V19_Phase27,1,0.50652474,1
P6_V19_Phase28,0,0.49226075,1
P6_V19_Phase29,0,0.48658788,1
P6_V19_Phase3,0,0.49293292,0
P6_V19_Phase30,0,0.493416,0
P6_V19_Phase31,0,0.48899922,0
P6_V19_Phase32,0,0.49808326,1
P6_V19_Phase33,0,0.48741323,0
P6_V19_Phase34,0,0.48612997,0
P6_V19_Phase35,0,0.4949456,0
P6_V19_Phase36,0,0.4930805,1
P6_V19_Phase37,0,0.48785618,1
P6_V19_Phase38,1,0.5009351,1
P6_V19_Phase39,0,0.4935239,0
P6_V19_Phase4,0,0.49949545,1
P6_V19_Phase40,0,0.49248472,1
P6_V19_Phase41,0,0.49088222,1
P6_V19_Phase42,0,0.49020955,1
P6_V19_Phase43,0,0.49474353,0
P6_V19_Phase44,0,0.49315757,0
P6_V19_Phase5,0,0.4994697,1
P6_V19_Phase6,0,0.48707673,0
P6_V19_Phase7,0,0.48973525,0
P6_V19_Phase8,0,0.4937969,0
P6_V19_Phase9,0,0.49086577,1
P6_V1_Phase1,0,0.48994443,0
P6_V1_Phase10,0,0.48803315,1
P6_V1_Phase11,0,0.4964879,1
P6_V1_Phase12,1,0.5055637,1
P6_V1_Phase13,0,0.49559978,0
P6_V1_Phase14,0,0.4912293,1
P6_V1_Phase15,0,0.48991734,0
P6_V1_Phase16,1,0.50050074,1
P6_V1_Phase17,0,0.4930449,0
P6_V1_Phase18,0,0.49320853,0
P6_V1_Phase19,0,0.49416813,0
P6_V1_Phase2,1,0.50014997,1
P6_V1_Phase20,1,0.5055325,1
P6_V1_Phase21,1,0.50015044,1
P6_V1_Phase22,0,0.49003306,1
P6_V1_Phase23,0,0.49728188,1
P6_V1_Phase24,0,0.49488488,0
P6_V1_Phase25,0,0.495894,0
P6_V1_Phase26,0,0.4920786,0
P6_V1_Phase27,1,0.50247,0
P6_V1_Phase28,0,0.49268258,0
P6_V1_Phase29,0,0.49442372,0
P6_V1_Phase3,0,0.4891605,0
P6_V1_Phase30,1,0.5013774,0
P6_V1_Phase31,0,0.49947518,0
P6_V1_Phase32,0,0.4947677,1
P6_V1_Phase33,0,0.49143603,0
P6_V1_Phase34,0,0.49290267,1
P6_V1_Phase35,0,0.48991975,0
P6_V1_Phase36,1,0.50686973,0
P6_V1_Phase37,0,0.49149957,0
P6_V1_Phase4,0,0.48705906,1
P6_V1_Phase5,0,0.48936072,0
P6_V1_Phase6,0,0.48916918,1
P6_V1_Phase7,0,0.49205947,1
P6_V1_Phase8,1,0.50441015,1
P6_V1_Phase9,0,0.48766175,0
P6_V20_Phase1,0,0.4907658,1
P6_V20_Phase10,0,0.49965858,0
P6_V20_Phase11,0,0.4867429,0
P6_V20_Phase12,0,0.4958594,1
P6_V20_Phase13,0,0.49851638,0
P6_V20_Phase14,0,0.49016732,1
P6_V20_Phase15,1,0.50631136,1
P6_V20_Phase16,0,0.49982274,0
P6_V20_Phase17,0,0.4925603,1
P6_V20_Phase18,0,0.4922592,1
P6_V20_Phase19,1,0.50187147,0
P6_V20_Phase2,0,0.49768636,1
P6_V20_Phase20,0,0.49906123,1
P6_V20_Phase21,0,0.48981798,1
P6_V20_Phase22,0,0.49174145,1
P6_V20_Phase23,0,0.4914656,1
P6_V20_Phase24,0,0.4897501,0
P6_V20_Phase3,0,0.49058127,1
P6_V20_Phase4,0,0.48826936,0
P6_V20_Phase5,1,0.50201935,1
P6_V20_Phase6,0,0.49779415,0
P6_V20_Phase7,0,0.48925576,0
P6_V20_Phase8,0,0.48572862,0
P6_V20_Phase9,0,0.49391794,0
P6_V21_Phase1,0,0.49263573,0
P6_V21_Phase10,0,0.48978484,1
P6_V21_Phase11,0,0.48951963,1
P6_V21_Phase12,1,0.5061145,1
P6_V21_Phase13,0,0.48945692,0
P6_V21_Phase14,0,0.49620128,1
P6_V21_Phase15,0,0.49643534,0
P6_V21_Phase16,0,0.48585764,1
P6_V21_Phase17,1,0.50384355,1
P6_V21_Phase18,0,0.49919346,0
P6_V21_Phase19,0,0.48758027,0
P6_V21_Phase2,0,0.4972548,1
P6_V21_Phase20,1,0.5005827,0
P6_V21_Phase21,0,0.48932567,0
P6_V21_Phase22,0,0.49166942,1
P6_V21_Phase23,0,0.4931308,1
P6_V21_Phase24,1,0.50586575,0
P6_V21_Phase25,1,0.5031593,1
P6_V21_Phase26,1,0.50027156,1
P6_V21_Phase27,0,0.48654827,1
P6_V21_Phase28,0,0.4967796,1
P6_V21_Phase29,0,0.49028072,1
P6_V21_Phase3,1,0.50395834,1
P6_V21_Phase30,0,0.49457976,0
P6_V21_Phase31,1,0.5053128,0
P6_V21_Phase32,1,0.51072574,1
P6_V21_Phase33,0,0.49099132,1
P6_V21_Phase34,0,0.4877013,0
P6_V21_Phase35,0,0.4940764,1
P6_V21_Phase36,0,0.4895092,0
P6_V21_Phase37,0,0.49038556,0
P6_V21_Phase4,0,0.4903346,0
P6_V21_Phase5,0,0.48529503,1
P6_V21_Phase6,0,0.48910806,1
P6_V21_Phase7,0,0.48916295,1
P6_V21_Phase8,0,0.49423894,0
P6_V21_Phase9,0,0.49531165,1
P6_V22_Phase1,0,0.49583936,1
P6_V22_Phase10,0,0.49693015,1
P6_V22_Phase11,1,0.5089964,0
P6_V22_Phase12,0,0.49923348,1
P6_V22_Phase13,0,0.48951688,0
P6_V22_Phase14,1,0.50496936,0
P6_V22_Phase15,0,0.49012405,1
P6_V22_Phase16,0,0.4987792,1
P6_V22_Phase17,1,0.5041494,0
P6_V22_Phase18,1,0.5028045,1
P6_V22_Phase19,0,0.490031,0
P6_V22_Phase2,1,0.5004166,1
P6_V22_Phase3,0,0.48918,1
P6_V22_Phase4,1,0.5066161,0
P6_V22_Phase5,0,0.49618906,0
P6_V22_Phase6,1,0.5002123,1
P6_V22_Phase7,0,0.48800638,0
P6_V22_Phase8,0,0.49563405,0
P6_V22_Phase9,0,0.48940682,0
P6_V23_Phase1,0,0.49251166,1
P6_V23_Phase10,0,0.49027345,1
P6_V23_Phase11,0,0.4935044,1
P6_V23_Phase12,0,0.4868148,1
P6_V23_Phase13,0,0.4898944,0
P6_V23_Phase14,0,0.49407917,0
P6_V23_Phase15,0,0.49116978,1
P6_V23_Phase16,0,0.49162,0
P6_V23_Phase17,1,0.5134884,0
P6_V23_Phase18,0,0.4940526,0
P6_V23_Phase19,0,0.49467683,0
P6_V23_Phase2,1,0.51636565,1
P6_V23_Phase20,1,0.52556264,1
P6_V23_Phase21,0,0.48643622,0
P6_V23_Phase3,0,0.49047706,0
P6_V23_Phase4,0,0.49456635,0
P6_V23_Phase5,0,0.4933586,0
P6_V23_Phase6,0,0.49659172,0
P6_V23_Phase7,0,0.48925513,1
P6_V23_Phase8,0,0.4913166,1
P6_V23_Phase9,0,0.49408913,1
P6_V24_Phase1,0,0.49182373,1
P6_V24_Phase10,1,0.5094629,1
P6_V24_Phase11,0,0.4862299,1
P6_V24_Phase12,1,0.50063366,1
P6_V24_Phase13,1,0.5022401,1
P6_V24_Phase14,0,0.48356658,0
P6_V24_Phase15,0,0.49246112,1
P6_V24_Phase16,0,0.499517,1
P6_V24_Phase17,0,0.49081805,1
P6_V24_Phase18,0,0.48956242,1
P6_V24_Phase19,0,0.48860788,1
P6_V24_Phase2,0,0.49301836,1
P6_V24_Phase20,0,0.4913958,0
P6_V24_Phase21,1,0.5079975,0
P6_V24_Phase22,0,0.4813992,1
P6_V24_Phase23,0,0.4962192,0
P6_V24_Phase24,0,0.48915523,1
P6_V24_Phase25,0,0.49085045,0
P6_V24_Phase26,0,0.49511757,1
P6_V24_Phase27,0,0.4901583,1
P6_V24_Phase3,0,0.4834116,1
P6_V24_Phase4,0,0.49630696,1
P6_V24_Phase5,0,0.48444676,0
P6_V24_Phase6,1,0.50972325,1
P6_V24_Phase7,0,0.49016038,1
P6_V24_Phase8,0,0.4971784,0
P6_V24_Phase9,0,0.49092683,1
P6_V25_Phase1,0,0.49395508,0
P6_V25_Phase10,0,0.49146456,1
P6_V25_Phase11,1,0.5035925,0
P6_V25_Phase12,0,0.49445233,1
P6_V25_Phase13,1,0.50192696,1
P6_V25_Phase14,0,0.48777005,1
P6_V25_Phase15,0,0.49085534,1
P6_V25_Phase16,1,0.5019349,1
P6_V25_Phase17,0,0.49395227,1
P6_V25_Phase18,0,0.490987,0
P6_V25_Phase19,0,0.49857852,0
P6_V25_Phase2,0,0.49499223,0
P6_V25_Phase20,0,0.4889411,1
P6_V25_Phase21,0,0.4961143,0
P6_V25_Phase22,0,0.4884972,1
P6_V25_Phase23,0,0.49917033,0
P6_V25_Phase24,0,0.492805,1
P6_V25_Phase25,0,0.4871493,1
P6_V25_Phase26,0,0.4903368,1
P6_V25_Phase27,1,0.5068388,1
P6_V25_Phase28,0,0.49740607,1
P6_V25_Phase29,0,0.49228978,0
P6_V25_Phase3,0,0.4911053,1
P6_V25_Phase30,0,0.4881491,1
P6_V25_Phase31,1,0.5079578,1
P6_V25_Phase32,0,0.48842213,0
P6_V25_Phase33,0,0.4994902,1
P6_V25_Phase34,1,0.50200945,0
P6_V25_Phase35,0,0.487676,1
P6_V25_Phase36,1,0.5028901,0
P6_V25_Phase37,1,0.50474995,0
P6_V25_Phase38,0,0.4921147,1
P6_V25_Phase39,1,0.5069536,1
P6_V25_Phase4,0,0.49240756,0
P6_V25_Phase40,1,0.50404286,0
P6_V25_Phase41,0,0.48714328,1
P6_V25_Phase42,0,0.4917354,0
P6_V25_Phase43,0,0.49978304,0
P6_V25_Phase44,0,0.48818958,0
P6_V25_Phase5,0,0.48938346,0
P6_V25_Phase6,0,0.48728687,1
P6_V25_Phase7,0,0.489089,1
P6_V25_Phase8,0,0.4884138,1
P6_V25_Phase9,0,0.48467818,1
P6_V26_Phase1,1,0.50692314,1
P6_V26_Phase10,1,0.5017974,1
P6_V26_Phase11,0,0.4981257,1
P6_V26_Phase12,1,0.5093392,1
P6_V26_Phase13,0,0.49321926,1
P6_V26_Phase14,0,0.49306542,0
P6_V26_Phase15,0,0.4960524,1
P6_V26_Phase16,0,0.48727128,0
P6_V26_Phase17,1,0.5014097,1
P6_V26_Phase18,0,0.4992272,1
P6_V26_Phase19,0,0.48716867,1
P6_V26_Phase2,1,0.51200515,1
P6_V26_Phase20,0,0.49082965,1
P6_V26_Phase21,0,0.49455252,0
P6_V26_Phase22,0,0.4915548,0
P6_V26_Phase23,0,0.48957452,0
P6_V26_Phase24,0,0.49746707,0
P6_V26_Phase25,1,0.5013709,1
P6_V26_Phase26,0,0.49475643,1
P6_V26_Phase27,0,0.4945962,0
P6_V26_Phase28,0,0.49111953,1
P6_V26_Phase29,1,0.5026568,1
P6_V26_Phase3,1,0.500304,0
P6_V26_Phase30,0,0.49193102,1
P6_V26_Phase31,0,0.49609837,1
P6_V26_Phase32,0,0.48733023,0
P6_V26_Phase33,0,0.4875608,0
P6_V26_Phase34,0,0.4897956,1
P6_V26_Phase35,0,0.4881607,0
P6_V26_Phase36,0,0.49301052,1
P6_V26_Phase37,0,0.49168655,0
P6_V26_Phase4,1,0.5004741,1
P6_V26_Phase5,0,0.4858213,0
P6_V26_Phase6,1,0.51453954,1
P6_V26_Phase7,0,0.49304482,1
P6_V26_Phase8,0,0.49348965,1
P6_V26_Phase9,0,0.49186546,1
P6_V27_Phase1,0,0.4982472,1
P6_V27_Phase10,0,0.48983294,1
P6_V27_Phase11,0,0.49065438,1
P6_V27_Phase12,0,0.49047104,1
P6_V27_Phase13,1,0.5064531,1
P6_V27_Phase14,1,0.5050531,1
P6_V27_Phase15,1,0.50781846,1
P6_V27_Phase16,0,0.4903572,0
P6_V27_Phase17,0,0.49355695,1
P6_V27_Phase18,0,0.48643735,1
P6_V27_Phase19,0,0.49736473,1
P6_V27_Phase2,0,0.48934883,1
P6_V27_Phase20,0,0.4956577,1
P6_V27_Phase21,0,0.48896027,1
P6_V27_Phase22,0,0.4933417,1
P6_V27_Phase23,1,0.50638574,1
P6_V27_Phase24,0,0.4961957,1
P6_V27_Phase25,0,0.4875261,0
P6_V27_Phase26,0,0.49302167,1
P6_V27_Phase27,0,0.4911877,0
P6_V27_Phase28,1,0.5110591,1
P6_V27_Phase29,0,0.4885467,1
P6_V27_Phase3,0,0.4885995,0
P6_V27_Phase30,0,0.4983075,1
P6_V27_Phase31,0,0.49522972,1
P6_V27_Phase32,0,0.48970714,1
P6_V27_Phase33,0,0.48527083,1
P6_V27_Phase34,0,0.4958523,1
P6_V27_Phase35,0,0.49260977,0
P6_V27_Phase36,0,0.48799804,1
P6_V27_Phase37,0,0.49969637,1
P6_V27_Phase38,0,0.49306273,0
P6_V27_Phase39,0,0.49060258,0
P6_V27_Phase4,1,0.5057339,1
P6_V27_Phase40,1,0.5050734,0
P6_V27_Phase5,0,0.49819517,0
P6_V27_Phase6,0,0.48934504,1
P6_V27_Phase7,0,0.49000734,1
P6_V27_Phase8,0,0.4950189,0
P6_V27_Phase9,0,0.49173173,0
P6_V28_Phase1,0,0.49385956,1
P6_V28_Phase10,0,0.49382108,1
P6_V28_Phase11,0,0.4954193,1
P6_V28_Phase12,1,0.5006424,0
P6_V28_Phase13,0,0.48912847,0
P6_V28_Phase14,0,0.49096859,1
P6_V28_Phase15,1,0.50684786,1
P6_V28_Phase16,1,0.5025647,1
P6_V28_Phase17,0,0.48793614,1
P6_V28_Phase18,0,0.49227515,1
P6_V28_Phase19,0,0.4913431,0
P6_V28_Phase2,0,0.4902308,1
P6_V28_Phase20,0,0.49075624,0
P6_V28_Phase21,1,0.50624317,0
P6_V28_Phase22,0,0.485193,1
P6_V28_Phase23,0,0.4922641,1
P6_V28_Phase24,1,0.502368,0
P6_V28_Phase25,0,0.48921818,1
P6_V28_Phase26,0,0.48828906,1
P6_V28_Phase27,1,0.50092447,1
P6_V28_Phase28,0,0.49082777,0
P6_V28_Phase29,0,0.49077165,1
P6_V28_Phase3,0,0.49298343,1
P6_V28_Phase30,0,0.49300796,0
P6_V28_Phase31,0,0.49259633,1
P6_V28_Phase32,0,0.49048996,1
P6_V28_Phase33,0,0.49455154,1
P6_V28_Phase34,0,0.49233115,1
P6_V28_Phase35,0,0.49252352,1
P6_V28_Phase36,0,0.49890888,1
P6_V28_Phase37,0,0.494021,0
P6_V28_Phase4,0,0.49167907,0
P6_V28_Phase5,1,0.50688326,1
P6_V28_Phase6,0,0.48985505,0
P6_V28_Phase7,1,0.5035168,1
P6_V28_Phase8,0,0.4925792,1
P6_V28_Phase9,0,0.4918352,1
P6_V29_Phase1,0,0.48959243,1
P6_V29_Phase10,0,0.493431,0
P6_V29_Phase11,0,0.4883046,1
P6_V29_Phase12,0,0.49774238,1
P6_V29_Phase13,0,0.48866192,1
P6_V29_Phase14,1,0.50086915,1
P6_V29_Phase15,0,0.4859402,1
P6_V29_Phase16,1,0.5009465,1
P6_V29_Phase17,1,0.506846,1
P6_V29_Phase18,0,0.49409828,1
P6_V29_Phase19,1,0.50461864,0
P6_V29_Phase2,0,0.49079475,1
P6_V29_Phase20,0,0.4893713,1
P6_V29_Phase21,0,0.4893063,0
P6_V29_Phase22,0,0.4901835,1
P6_V29_Phase23,0,0.48588765,0
P6_V29_Phase24,0,0.48936245,1
P6_V29_Phase25,0,0.48969397,0
P6_V29_Phase26,0,0.4982351,0
P6_V29_Phase27,0,0.49598637,0
P6_V29_Phase28,1,0.50444335,0
P6_V29_Phase29,0,0.49908474,1
P6_V29_Phase3,1,0.502669,1
P6_V29_Phase30,0,0.49304587,1
P6_V29_Phase31,0,0.49192157,1
P6_V29_Phase32,1,0.5066883,0
P6_V29_Phase33,0,0.4935692,1
P6_V29_Phase4,0,0.48903295,1
P6_V29_Phase5,0,0.4943091,0
P6_V29_Phase6,0,0.4997205,0
P6_V29_Phase7,0,0.4952875,1
P6_V29_Phase8,0,0.48990673,1
P6_V29_Phase9,0,0.4913686,1
P6_V2_Phase1,0,0.4905238,0
P6_V2_Phase10,1,0.5008265,0
P6_V2_Phase11,1,0.50823194,1
P6_V2_Phase12,0,0.49348286,1
P6_V2_Phase13,0,0.49297306,0
P6_V2_Phase14,1,0.5092821,0
P6_V2_Phase15,0,0.49283233,0
P6_V2_Phase16,0,0.48455936,1
P6_V2_Phase17,0,0.48894143,1
P6_V2_Phase18,0,0.49584192,0
P6_V2_Phase19,0,0.49289656,0
P6_V2_Phase2,1,0.5137542,1
P6_V2_Phase20,0,0.49146882,1
P6_V2_Phase21,0,0.49484324,1
P6_V2_Phase22,1,0.50526386,0
P6_V2_Phase23,0,0.49061507,0
P6_V2_Phase24,1,0.5025563,1
P6_V2_Phase25,0,0.49561572,0
P6_V2_Phase26,1,0.5141194,1
P6_V2_Phase27,1,0.50184524,0
P6_V2_Phase28,0,0.4937149,1
P6_V2_Phase29,1,0.50127774,0
P6_V2_Phase3,0,0.4916519,1
P6_V2_Phase30,1,0.50042504,0
P6_V2_Phase31,0,0.4910154,1
P6_V2_Phase32,0,0.48893222,1
P6_V2_Phase33,0,0.48940304,0
P6_V2_Phase34,0,0.4935051,0
P6_V2_Phase35,1,0.5018819,1
P6_V2_Phase36,0,0.49062353,0
P6_V2_Phase37,0,0.491953,0
P6_V2_Phase4,0,0.491821,1
P6_V2_Phase5,0,0.48952985,0
P6_V2_Phase6,0,0.48686156,0
P6_V2_Phase7,0,0.49190482,1
P6_V2_Phase8,0,0.4902971,1
P6_V2_Phase9,1,0.5036484,0
P6_V30_Phase1,0,0.49016178,0
P6_V30_Phase10,0,0.4987794,1
P6_V30_Phase11,0,0.49225184,1
P6_V30_Phase12,0,0.48981678,1
P6_V30_Phase13,0,0.489066,1
P6_V30_Phase14,0,0.49230537,1
P6_V30_Phase15,0,0.48678896,0
P6_V30_Phase16,0,0.49235523,0
P6_V30_Phase17,0,0.49233127,1
P6_V30_Phase18,0,0.4889723,1
P6_V30_Phase19,0,0.49694517,0
P6_V30_Phase2,0,0.48871925,1
P6_V30_Phase20,0,0.49210164,1
P6_V30_Phase21,0,0.4888312,0
P6_V30_Phase22,0,0.4938128,1
P6_V30_Phase23,0,0.49237183,1
P6_V30_Phase24,1,0.511607,1
P6_V30_Phase25,0,0.4930703,1
P6_V30_Phase26,0,0.48980156,0
P6_V30_Phase3,0,0.4909682,1
P6_V30_Phase4,1,0.5083952,1
P6_V30_Phase5,0,0.49156597,0
P6_V30_Phase6,0,0.48483157,0
P6_V30_Phase7,0,0.49132732,0
P6_V30_Phase8,0,0.48906347,1
P6_V30_Phase9,0,0.49306673,1
P6_V31_Phase1,0,0.49887863,1
P6_V31_Phase10,0,0.49511668,1
P6_V31_Phase11,0,0.49615443,1
P6_V31_Phase12,1,0.5125676,0
P6_V31_Phase13,1,0.5085457,1
P6_V31_Phase14,1,0.5080115,1
P6_V31_Phase15,0,0.49148712,1
P6_V31_Phase16,0,0.49652845,0
P6_V31_Phase17,1,0.5087305,1
P6_V31_Phase18,0,0.48540756,1
P6_V31_Phase19,1,0.5091895,0
P6_V31_Phase2,0,0.4918332,1
P6_V31_Phase20,1,0.5020148,0
P6_V31_Phase21,1,0.5114618,1
P6_V31_Phase22,0,0.49482465,1
P6_V31_Phase23,1,0.50140536,1
P6_V31_Phase24,0,0.49241462,1
P6_V31_Phase25,1,0.50219697,1
P6_V31_Phase26,0,0.49392992,1
P6_V31_Phase27,0,0.49209753,0
P6_V31_Phase28,1,0.5037386,1
P6_V31_Phase29,0,0.4964216,0
P6_V31_Phase3,0,0.49625203,1
P6_V31_Phase30,0,0.49445227,0
P6_V31_Phase31,0,0.49227658,0
P6_V31_Phase32,0,0.48579168,0
P6_V31_Phase33,0,0.48659763,1
P6_V31_Phase34,0,0.4881243,0
P6_V31_Phase35,0,0.4919753,0
P6_V31_Phase36,0,0.4893673,0
P6_V31_Phase37,0,0.48859754,1
P6_V31_Phase38,0,0.48887023,1
P6_V31_Phase39,0,0.491527,1
P6_V31_Phase4,1,0.5039748,1
P6_V31_Phase40,0,0.48655075,1
P6_V31_Phase41,0,0.4881315,0
P6_V31_Phase5,0,0.4893709,1
P6_V31_Phase6,0,0.49549416,1
P6_V31_Phase7,0,0.49352807,1
P6_V31_Phase8,0,0.48906642,1
P6_V31_Phase9,0,0.49518612,1
P6_V32_Phase1,0,0.49385053,0
P6_V32_Phase10,0,0.49318606,1
P6_V32_Phase11,0,0.49414998,1
P6_V32_Phase12,0,0.49163842,0
P6_V32_Phase13,0,0.49498752,1
P6_V32_Phase14,0,0.4946642,0
P6_V32_Phase15,0,0.4907412,1
P6_V32_Phase16,0,0.4983247,1
P6_V32_Phase17,0,0.49153033,1
P6_V32_Phase18,1,0.5044543,0
P6_V32_Phase19,0,0.4964401,0
P6_V32_Phase2,0,0.48935848,0
P6_V32_Phase20,0,0.48898602,0
P6_V32_Phase21,0,0.4894398,0
P6_V32_Phase22,0,0.48584154,1
P6_V32_Phase23,0,0.49393383,1
P6_V32_Phase24,0,0.4982815,0
P6_V32_Phase25,1,0.50735193,0
P6_V32_Phase26,1,0.50191325,0
P6_V32_Phase27,0,0.4964177,1
P6_V32_Phase28,0,0.49912098,0
P6_V32_Phase29,0,0.49147737,1
P6_V32_Phase3,1,0.50475127,0
P6_V32_Phase30,0,0.49562103,1
P6_V32_Phase31,0,0.4976117,1
P6_V32_Phase32,1,0.50172836,1
P6_V32_Phase33,0,0.4929947,0
P6_V32_Phase34,0,0.48906156,0
P6_V32_Phase35,1,0.5003309,0
P6_V32_Phase36,0,0.48816633,1
P6_V32_Phase37,0,0.49137396,0
P6_V32_Phase38,0,0.49114808,1
P6_V32_Phase39,0,0.48748657,0
P6_V32_Phase4,0,0.48752898,0
P6_V32_Phase40,0,0.4851634,0
P6_V32_Phase41,0,0.4985578,1
P6_V32_Phase5,0,0.49140832,0
P6_V32_Phase6,1,0.51044357,0
P6_V32_Phase7,1,0.50098634,0
P6_V32_Phase8,0,0.491363,0
P6_V32_Phase9,0,0.4903977,0
P6_V33_Phase1,0,0.4912412,1
P6_V33_Phase10,1,0.50204253,1
P6_V33_Phase11,0,0.4948524,0
P6_V33_Phase12,1,0.5029884,1
P6_V33_Phase13,0,0.48625976,1
P6_V33_Phase14,1,0.501555,1
P6_V33_Phase15,1,0.5025211,0
P6_V33_Phase16,1,0.5037184,1
P6_V33_Phase17,0,0.4854261,1
P6_V33_Phase18,0,0.4910587,1
P6_V33_Phase19,0,0.49227616,1
P6_V33_Phase2,0,0.48850113,1
P6_V33_Phase20,0,0.49538544,1
P6_V33_Phase21,0,0.49081615,1
P6_V33_Phase22,0,0.49308747,1
P6_V33_Phase23,1,0.50019777,1
P6_V33_Phase24,1,0.51695645,1
P6_V33_Phase25,0,0.4948842,1
P6_V33_Phase26,0,0.49525365,0
P6_V33_Phase27,1,0.50163275,0
P6_V33_Phase28,1,0.50033826,0
P6_V33_Phase29,0,0.49432993,1
P6_V33_Phase3,0,0.4940611,0
P6_V33_Phase30,0,0.4919944,1
P6_V33_Phase31,1,0.5062715,1
P6_V33_Phase32,0,0.49335572,1
P6_V33_Phase33,0,0.49177444,1
P6_V33_Phase34,0,0.4906469,1
P6_V33_Phase35,0,0.48583663,1
P6_V33_Phase36,0,0.4920723,0
P6_V33_Phase37,0,0.49347284,1
P6_V33_Phase38,0,0.497516,0
P6_V33_Phase39,0,0.49445027,1
P6_V33_Phase4,0,0.49044102,1
P6_V33_Phase40,0,0.4937003,0
P6_V33_Phase41,0,0.49403673,0
P6_V33_Phase42,0,0.49640313,1
P6_V33_Phase43,1,0.50418144,0
P6_V33_Phase44,0,0.49506646,1
P6_V33_Phase45,0,0.4842537,1
P6_V33_Phase46,0,0.49022463,0
P6_V33_Phase47,1,0.5033575,1
P6_V33_Phase48,0,0.49906653,0
P6_V33_Phase5,0,0.4906573,1
P6_V33_Phase6,0,0.49380285,1
P6_V33_Phase7,0,0.49230233,1
P6_V33_Phase8,0,0.49032146,0
P6_V33_Phase9,0,0.49023646,1
P6_V34_Phase1,0,0.4974039,0
P6_V34_Phase10,0,0.4879122,0
P6_V34_Phase11,0,0.49164626,0
P6_V34_Phase12,0,0.48882344,0
P6_V34_Phase13,0,0.49088997,0
P6_V34_Phase14,0,0.4927136,1
P6_V34_Phase15,0,0.49066758,0
P6_V34_Phase16,0,0.4910084,0
P6_V34_Phase17,0,0.48970017,0
P6_V34_Phase18,0,0.4999217,1
P6_V34_Phase19,0,0.49127594,1
P6_V34_Phase2,0,0.48812157,1
P6_V34_Phase20,0,0.49228543,0
P6_V34_Phase21,0,0.4992931,1
P6_V34_Phase22,0,0.49652094,1
P6_V34_Phase23,0,0.489445,0
P6_V34_Phase24,0,0.4897886,0
P6_V34_Phase25,1,0.50517625,1
P6_V34_Phase26,0,0.48951763,1
P6_V34_Phase27,0,0.49342424,1
P6_V34_Phase28,0,0.4892806,0
P6_V34_Phase29,0,0.48506042,0
P6_V34_Phase3,0,0.49278796,1
P6_V34_Phase30,0,0.4904817,0
P6_V34_Phase31,0,0.4882926,1
P6_V34_Phase32,1,0.50295436,1
P6_V34_Phase33,0,0.48662505,1
P6_V34_Phase34,0,0.49190176,1
P6_V34_Phase35,0,0.4880031,0
P6_V34_Phase36,0,0.48822936,1
P6_V34_Phase37,0,0.4951285,0
P6_V34_Phase38,0,0.49525416,0
P6_V34_Phase39,0,0.49803635,0
P6_V34_Phase4,0,0.48982525,0
P6_V34_Phase40,0,0.49182245,1
P6_V34_Phase41,0,0.4908084,1
P6_V34_Phase42,0,0.48440945,0
P6_V34_Phase43,0,0.49103895,1
P6_V34_Phase44,0,0.4889796,1
P6_V34_Phase45,0,0.49489695,1
P6_V34_Phase46,0,0.49147412,1
P6_V34_Phase5,0,0.4855758,1
P6_V34_Phase6,0,0.49017438,0
P6_V34_Phase7,0,0.48646674,1
P6_V34_Phase8,0,0.48956802,1
P6_V34_Phase9,0,0.4965511,1
P6_V35_Phase1,0,0.49626583,0
P6_V35_Phase10,0,0.49464697,0
P6_V35_Phase11,0,0.4888655,0
P6_V35_Phase12,0,0.49682996,1
P6_V35_Phase13,1,0.50110644,0
P6_V35_Phase14,0,0.491472,0
P6_V35_Phase15,0,0.48946708,0
P6_V35_Phase16,0,0.495492,1
P6_V35_Phase17,0,0.48958537,0
P6_V35_Phase18,0,0.48855045,0
P6_V35_Phase19,0,0.48848945,1
P6_V35_Phase2,0,0.49913108,0
P6_V35_Phase20,0,0.49573568,1
P6_V35_Phase21,0,0.48960426,0
P6_V35_Phase22,0,0.49857098,1
P6_V35_Phase23,0,0.49362418,1
P6_V35_Phase24,0,0.49426457,0
P6_V35_Phase25,1,0.5007543,0
P6_V35_Phase26,0,0.49889898,1
P6_V35_Phase27,0,0.49362627,1
P6_V35_Phase28,0,0.48694268,1
P6_V35_Phase29,0,0.48967895,0
P6_V35_Phase3,1,0.5025387,0
P6_V35_Phase30,0,0.49298838,0
P6_V35_Phase31,0,0.48631757,0
P6_V35_Phase4,1,0.50390923,1
P6_V35_Phase5,0,0.49150443,0
P6_V35_Phase6,0,0.49408814,1
P6_V35_Phase7,0,0.48968953,1
P6_V35_Phase8,0,0.48788643,1
P6_V35_Phase9,0,0.49079674,0
P6_V36_Phase1,0,0.49179876,1
P6_V36_Phase10,0,0.49564332,1
P6_V36_Phase11,1,0.5185793,0
P6_V36_Phase12,0,0.49177784,0
P6_V36_Phase13,0,0.49174014,1
P6_V36_Phase14,0,0.48631465,1
P6_V36_Phase15,1,0.51403314,1
P6_V36_Phase16,1,0.50874454,1
P6_V36_Phase17,0,0.48772645,0
P6_V36_Phase18,1,0.5061734,1
P6_V36_Phase19,1,0.511981,0
P6_V36_Phase2,0,0.49132654,1
P6_V36_Phase20,0,0.49723557,1
P6_V36_Phase21,0,0.49389207,0
P6_V36_Phase22,0,0.49845663,0
P6_V36_Phase23,0,0.49781603,0
P6_V36_Phase24,0,0.48967576,1
P6_V36_Phase25,0,0.48755822,1
P6_V36_Phase26,0,0.49222383,1
P6_V36_Phase27,0,0.4859531,0
P6_V36_Phase28,0,0.4975715,1
P6_V36_Phase29,0,0.4906678,0
P6_V36_Phase3,0,0.49226126,1
P6_V36_Phase30,1,0.5051101,1
P6_V36_Phase31,0,0.49447507,0
P6_V36_Phase32,0,0.49815115,1
P6_V36_Phase33,0,0.49194676,1
P6_V36_Phase34,0,0.49291158,1
P6_V36_Phase35,0,0.49801582,1
P6_V36_Phase36,0,0.49467158,1
P6_V36_Phase37,0,0.48830932,0
P6_V36_Phase38,0,0.4923003,0
P6_V36_Phase39,0,0.4931415,1
P6_V36_Phase4,0,0.4885326,1
P6_V36_Phase40,0,0.49926716,0
P6_V36_Phase41,1,0.5018362,0
P6_V36_Phase42,0,0.49355564,0
P6_V36_Phase43,1,0.511567,0
P6_V36_Phase5,0,0.489211,1
P6_V36_Phase6,0,0.4916423,1
P6_V36_Phase7,0,0.48652574,1
P6_V36_Phase8,0,0.48933387,0
P6_V36_Phase9,1,0.5076293,0
P6_V37_Phase1,0,0.48947316,0
P6_V37_Phase10,1,0.5077445,0
P6_V37_Phase100,0,0.4910507,1
P6_V37_Phase101,0,0.49525562,1
P6_V37_Phase102,0,0.48917416,1
P6_V37_Phase103,0,0.4920481,1
P6_V37_Phase104,0,0.49551108,1
P6_V37_Phase105,0,0.49430662,1
P6_V37_Phase106,1,0.5038316,1
P6_V37_Phase107,0,0.49161822,1
P6_V37_Phase108,0,0.48630506,0
P6_V37_Phase109,0,0.48744905,1
P6_V37_Phase11,1,0.50360024,0
P6_V37_Phase110,0,0.48842567,0
P6_V37_Phase111,0,0.49161378,1
P6_V37_Phase112,0,0.49011996,0
P6_V37_Phase113,0,0.48975292,0
P6_V37_Phase114,0,0.49139127,0
P6_V37_Phase115,0,0.49252045,1
P6_V37_Phase116,1,0.5124547,1
P6_V37_Phase117,0,0.49654526,0
P6_V37_Phase118,0,0.49595612,1
P6_V37_Phase119,1,0.50498974,1
P6_V37_Phase12,0,0.48664683,1
P6_V37_Phase120,0,0.48665413,1
P6_V37_Phase121,0,0.48848227,1
P6_V37_Phase122,0,0.49252394,1
P6_V37_Phase123,0,0.49209392,1
P6_V37_Phase124,1,0.5035836,1
P6_V37_Phase125,0,0.49180126,1
P6_V37_Phase126,0,0.4890744,0
P6_V37_Phase127,0,0.48857948,0
P6_V37_Phase128,0,0.4900185,1
P6_V37_Phase129,0,0.4877871,1
P6_V37_Phase13,0,0.49215105,1
P6_V37_Phase130,1,0.5083645,0
P6_V37_Phase131,0,0.49056867,0
P6_V37_Phase132,0,0.48796794,0
P6_V37_Phase133,0,0.49276865,1
P6_V37_Phase134,0,0.495588,1
P6_V37_Phase135,1,0.50012994,1
P6_V37_Phase136,1,0.5226263,1
P6_V37_Phase137,1,0.505572,1
P6_V37_Phase138,0,0.49220765,1
P6_V37_Phase139,0,0.48883834,1
P6_V37_Phase14,0,0.4879967,0
P6_V37_Phase140,1,0.50359285,1
P6_V37_Phase141,0,0.48516023,0
P6_V37_Phase142,0,0.48366094,0
P6_V37_Phase15,0,0.49462512,0
P6_V37_Phase16,0,0.49128532,0
P6_V37_Phase17,0,0.49571866,0
P6_V37_Phase18,1,0.5066258,1
P6_V37_Phase19,0,0.4974541,1
P6_V37_Phase2,0,0.49049425,0
P6_V37_Phase20,0,0.4972013,1
P6_V37_Phase21,0,0.48980543,1
P6_V37_Phase22,0,0.48902354,1
P6_V37_Phase23,1,0.50050277,1
P6_V37_Phase24,0,0.48794815,1
P6_V37_Phase25,0,0.4955189,1
P6_V37_Phase26,0,0.49651864,1
P6_V37_Phase27,0,0.4864874,1
P6_V37_Phase28,0,0.4898844,0
P6_V37_Phase29,0,0.4900426,0
P6_V37_Phase3,0,0.49214098,1
P6_V37_Phase30,0,0.49141738,0
P6_V37_Phase31,0,0.48703024,1
P6_V37_Phase32,1,0.5034397,0
P6_V37_Phase33,0,0.48662457,0
P6_V37_Phase34,0,0.48595628,1
P6_V37_Phase35,0,0.48984975,0
P6_V37_Phase36,0,0.4937681,1
P6_V37_Phase37,1,0.50072896,1
P6_V37_Phase38,0,0.4954129,0
P6_V37_Phase39,0,0.48887745,0
P6_V37_Phase4,0,0.4922174,1
P6_V37_Phase40,0,0.49019328,0
P6_V37_Phase41,0,0.48661664,1
P6_V37_Phase42,0,0.48609102,1
P6_V37_Phase43,0,0.49258032,0
P6_V37_Phase44,0,0.49045977,1
P6_V37_Phase45,0,0.48863643,1
P6_V37_Phase46,0,0.49433446,1
P6_V37_Phase47,0,0.48918945,1
P6_V37_Phase48,1,0.5034532,1
P6_V37_Phase49,0,0.48747525,0
P6_V37_Phase5,1,0.50006974,1
P6_V37_Phase50,0,0.49646842,1
P6_V37_Phase51,0,0.489869,1
P6_V37_Phase52,0,0.4897702,0
P6_V37_Phase53,1,0.50885946,1
P6_V37_Phase54,0,0.49584514,0
P6_V37_Phase55,0,0.49940735,1
P6_V37_Phase56,0,0.48912227,1
P6_V37_Phase57,0,0.49236205,1
P6_V37_Phase58,0,0.4866305,0
P6_V37_Phase59,0,0.49331295,0
P6_V37_Phase6,0,0.49297246,1
P6_V37_Phase60,0,0.4952358,1
P6_V37_Phase61,0,0.4892478,0
P6_V37_Phase62,0,0.49607137,0
P6_V37_Phase63,0,0.49050793,0
P6_V37_Phase64,0,0.49051118,0
P6_V37_Phase65,0,0.48978785,0
P6_V37_Phase66,0,0.49150786,1
P6_V37_Phase67,0,0.4878528,0
P6_V37_Phase68,1,0.5001583,0
P6_V37_Phase69,0,0.4817642,0
P6_V37_Phase7,1,0.5072945,1
P6_V37_Phase70,0,0.49558812,0
P6_V37_Phase71,0,0.48703516,0
P6_V37_Phase72,0,0.4860925,1
P6_V37_Phase73,0,0.49117163,1
P6_V37_Phase74,0,0.49110028,0
P6_V37_Phase75,0,0.4871051,1
P6_V37_Phase76,1,0.5013147,1
P6_V37_Phase77,0,0.4945485,1
P6_V37_Phase78,0,0.49380368,1
P6_V37_Phase79,0,0.4884731,0
P6_V37_Phase8,0,0.48932764,0
P6_V37_Phase80,0,0.4867261,1
P6_V37_Phase81,0,0.49329734,0
P6_V37_Phase82,1,0.5029275,1
P6_V37_Phase83,0,0.49561372,1
P6_V37_Phase84,0,0.49473676,1
P6_V37_Phase85,0,0.49245206,1
P6_V37_Phase86,0,0.4897779,1
P6_V37_Phase87,0,0.49440253,0
P6_V37_Phase88,1,0.50044245,1
P6_V37_Phase89,0,0.4887813,1
P6_V37_Phase9,0,0.48769924,1
P6_V37_Phase90,1,0.51183623,1
P6_V37_Phase91,0,0.49093413,1
P6_V37_Phase92,0,0.4896784,0
P6_V37_Phase93,0,0.48833016,1
P6_V37_Phase94,1,0.5021106,1
P6_V37_Phase95,1,0.5059178,1
P6_V37_Phase96,0,0.49120587,1
P6_V37_Phase98,1,0.51362574,1
P6_V37_Phase99,0,0.49490088,1
P6_V38_Phase1,1,0.51503974,1
P6_V38_Phase10,0,0.48552948,0
P6_V38_Phase11,0,0.49018505,0
P6_V38_Phase12,1,0.5171482,0
P6_V38_Phase13,0,0.49933887,1
P6_V38_Phase14,0,0.4930282,0
P6_V38_Phase15,0,0.49467194,1
P6_V38_Phase16,1,0.5025426,1
P6_V38_Phase17,0,0.49145156,1
P6_V38_Phase18,0,0.49016953,1
P6_V38_Phase19,0,0.4925488,0
P6_V38_Phase2,1,0.5046608,0
P6_V38_Phase20,1,0.500594,0
P6_V38_Phase21,0,0.48926938,0
P6_V38_Phase22,0,0.4929685,1
P6_V38_Phase23,0,0.49303553,0
P6_V38_Phase24,0,0.49165308,1
P6_V38_Phase25,0,0.48666632,0
P6_V38_Phase3,0,0.4904909,1
P6_V38_Phase4,0,0.4957184,1
P6_V38_Phase5,1,0.5003431,1
P6_V38_Phase6,0,0.49674585,0
P6_V38_Phase7,0,0.4991595,1
P6_V38_Phase8,0,0.48836738,0
P6_V38_Phase9,0,0.49371654,0
P6_V39_Phase1,1,0.5132288,0
P6_V39_Phase10,0,0.4897725,1
P6_V39_Phase11,0,0.49499422,0
P6_V39_Phase12,0,0.4925202,1
P6_V39_Phase13,0,0.4877188,0
P6_V39_Phase14,0,0.4949816,1
P6_V39_Phase15,1,0.5026988,0
P6_V39_Phase16,0,0.49014693,1
P6_V39_Phase17,0,0.4923411,0
P6_V39_Phase18,0,0.49252182,0
P6_V39_Phase19,0,0.49709758,1
P6_V39_Phase2,0,0.4978536,1
P6_V39_Phase20,1,0.5084259,1
P6_V39_Phase21,1,0.5019302,1
P6_V39_Phase22,0,0.48974705,1
P6_V39_Phase23,0,0.48768574,1
P6_V39_Phase24,0,0.4902924,0
P6_V39_Phase25,0,0.49258816,1
P6_V39_Phase26,0,0.49831048,0
P6_V39_Phase27,1,0.50652474,1
P6_V39_Phase28,0,0.49226075,1
P6_V39_Phase29,0,0.48658788,1
P6_V39_Phase3,0,0.49293292,0
P6_V39_Phase30,0,0.493416,0
P6_V39_Phase31,0,0.48899922,0
P6_V39_Phase32,0,0.49808326,1
P6_V39_Phase33,0,0.48741323,0
P6_V39_Phase34,0,0.48612997,0
P6_V39_Phase35,0,0.4949456,0
P6_V39_Phase36,0,0.4930805,1
P6_V39_Phase37,0,0.48785618,1
P6_V39_Phase38,1,0.5009351,1
P6_V39_Phase39,0,0.4935239,0
P6_V39_Phase4,0,0.49949545,1
P6_V39_Phase40,0,0.49248472,1
P6_V39_Phase41,0,0.49088222,1
P6_V39_Phase42,0,0.49020955,1
P6_V39_Phase43,0,0.49474353,0
P6_V39_Phase44,0,0.49315757,0
P6_V39_Phase5,0,0.4994697,1
P6_V39_Phase6,0,0.48707673,0
P6_V39_Phase7,0,0.48973525,0
P6_V39_Phase8,0,0.4937969,0
P6_V39_Phase9,0,0.49086577,1
P6_V3_Phase1,1,0.5011057,0
P6_V3_Phase10,0,0.489684,1
P6_V3_Phase11,0,0.49234983,0
P6_V3_Phase12,0,0.49531603,0
P6_V3_Phase13,0,0.49562588,0
P6_V3_Phase14,0,0.49559286,0
P6_V3_Phase15,1,0.52276087,0
P6_V3_Phase16,0,0.4853778,0
P6_V3_Phase17,0,0.4877421,0
P6_V3_Phase18,0,0.48900238,0
P6_V3_Phase19,0,0.48872674,1
P6_V3_Phase2,0,0.49161804,1
P6_V3_Phase20,1,0.5019326,1
P6_V3_Phase21,0,0.4963716,1
P6_V3_Phase22,0,0.48764098,0
P6_V3_Phase23,1,0.5060638,0
P6_V3_Phase24,0,0.49084532,0
P6_V3_Phase25,0,0.49485242,0
P6_V3_Phase26,0,0.49464765,0
P6_V3_Phase27,0,0.48689422,0
P6_V3_Phase28,0,0.4920485,1
P6_V3_Phase3,1,0.5013954,0
P6_V3_Phase4,0,0.49371192,0
P6_V3_Phase5,0,0.48935154,0
P6_V3_Phase6,1,0.5002574,0
P6_V3_Phase7,0,0.49658638,0
P6_V3_Phase8,0,0.49288878,0
P6_V3_Phase9,0,0.49118897,0
P6_V4_Phase1,0,0.49105933,0
P6_V4_Phase10,0,0.4925478,1
P6_V4_Phase11,0,0.49199605,1
P6_V4_Phase12,0,0.49091846,1
P6_V4_Phase13,0,0.49405563,0
P6_V4_Phase14,0,0.49169585,0
P6_V4_Phase15,0,0.48948777,0
P6_V4_Phase16,0,0.4969994,0
P6_V4_Phase17,0,0.49594256,1
P6_V4_Phase18,0,0.49328747,1
P6_V4_Phase19,0,0.4922391,1
P6_V4_Phase2,0,0.4915924,0
P6_V4_Phase20,0,0.4989888,0
P6_V4_Phase21,1,0.50695497,1
P6_V4_Phase22,0,0.4887738,0
P6_V4_Phase23,1,0.5024217,0
P6_V4_Phase24,0,0.4895684,1
P6_V4_Phase25,1,0.5209538,1
P6_V4_Phase26,1,0.5028518,0
P6_V4_Phase27,0,0.48880732,0
P6_V4_Phase28,0,0.49235606,0
P6_V4_Phase29,0,0.48899683,0
P6_V4_Phase3,0,0.48882702,0
P6_V4_Phase30,0,0.49806494,0
P6_V4_Phase31,0,0.4907841,1
P6_V4_Phase32,0,0.4927457,0
P6_V4_Phase33,0,0.48798266,0
P6_V4_Phase34,1,0.5007971,0
P6_V4_Phase35,1,0.50075436,0
P6_V4_Phase4,1,0.5086032,1
P6_V4_Phase5,1,0.5052588,1
P6_V4_Phase6,0,0.49115056,0
P6_V4_Phase7,0,0.4903034,0
P6_V4_Phase8,0,0.49936846,0
P6_V4_Phase9,1,0.5058439,1
P6_V5_Phase1,0,0.49199203,0
P6_V5_Phase10,0,0.49564093,0
P6_V5_Phase11,0,0.49274293,0
P6_V5_Phase12,0,0.4903406,0
P6_V5_Phase13,0,0.49651885,0
P6_V5_Phase14,0,0.49271572,0
P6_V5_Phase15,0,0.49027315,0
P6_V5_Phase16,1,0.5019174,0
P6_V5_Phase17,0,0.49265072,1
P6_V5_Phase18,0,0.48964554,1
P6_V5_Phase19,0,0.4921694,0
P6_V5_Phase2,0,0.49411595,0
P6_V5_Phase20,0,0.49518016,1
P6_V5_Phase21,0,0.49313915,0
P6_V5_Phase22,0,0.49622333,0
P6_V5_Phase23,0,0.49093845,0
P6_V5_Phase24,0,0.48746356,0
P6_V5_Phase25,1,0.5051253,0
P6_V5_Phase26,0,0.49124452,0
P6_V5_Phase3,0,0.49363783,0
P6_V5_Phase4,1,0.51050633,1
P6_V5_Phase5,0,0.49712434,0
P6_V5_Phase6,0,0.49091327,0
P6_V5_Phase7,1,0.502117,1
P6_V5_Phase8,0,0.49176028,0
P6_V5_Phase9,0,0.4912884,0
P6_V6_Phase1,1,0.50910455,0
P6_V6_Phase10,0,0.49161237,0
P6_V6_Phase11,0,0.49139184,0
P6_V6_Phase12,0,0.49330077,0
P6_V6_Phase13,0,0.4983195,0
P6_V6_Phase14,0,0.4900407,0
P6_V6_Phase15,0,0.49068156,0
P6_V6_Phase16,0,0.49126318,0
P6_V6_Phase17,0,0.48846567,0
P6_V6_Phase18,0,0.49942547,0
P6_V6_Phase19,0,0.49686646,0
P6_V6_Phase2,0,0.48437962,1
P6_V6_Phase20,0,0.48974004,0
P6_V6_Phase21,0,0.4911113,0
P6_V6_Phase22,1,0.50425804,0
P6_V6_Phase23,0,0.4934083,0
P6_V6_Phase24,0,0.49421334,0
P6_V6_Phase3,0,0.49160808,0
P6_V6_Phase4,0,0.4943106,1
P6_V6_Phase5,0,0.49572748,0
P6_V6_Phase6,0,0.49318016,0
P6_V6_Phase7,0,0.49297762,1
P6_V6_Phase8,0,0.49301946,0
P6_V6_Phase9,1,0.5053903,1
P6_V7_Phase1,0,0.4891185,1
P6_V7_Phase10,0,0.48790383,1
P6_V7_Phase11,0,0.4977586,1
P6_V7_Phase12,0,0.49087858,0
P6_V7_Phase13,0,0.4897061,1
P6_V7_Phase14,0,0.4896831,1
P6_V7_Phase15,0,0.4882229,1
P6_V7_Phase16,0,0.4876681,1
P6_V7_Phase17,0,0.49813065,1
P6_V7_Phase18,0,0.48784867,1
P6_V7_Phase19,0,0.49060056,1
P6_V7_Phase2,0,0.48921788,1
P6_V7_Phase20,0,0.48923105,1
P6_V7_Phase21,0,0.4907322,1
P6_V7_Phase22,0,0.48971993,1
P6_V7_Phase23,0,0.48585635,0
P6_V7_Phase24,0,0.4865257,0
P6_V7_Phase25,0,0.49200502,1
P6_V7_Phase26,0,0.49073583,1
P6_V7_Phase27,0,0.49013758,1
P6_V7_Phase28,1,0.5139862,1
P6_V7_Phase29,0,0.48712647,1
P6_V7_Phase3,0,0.48987415,1
P6_V7_Phase30,1,0.5176292,1
P6_V7_Phase31,0,0.492134,1
P6_V7_Phase32,0,0.49181902,1
P6_V7_Phase33,0,0.4949778,1
P6_V7_Phase34,0,0.48801005,0
P6_V7_Phase35,0,0.49278963,0
P6_V7_Phase36,0,0.483734,1
P6_V7_Phase37,0,0.49081212,1
P6_V7_Phase38,1,0.5130001,0
P6_V7_Phase39,0,0.49337447,0
P6_V7_Phase4,0,0.4899313,1
P6_V7_Phase40,0,0.4865273,0
P6_V7_Phase41,1,0.50992745,1
P6_V7_Phase42,0,0.4890627,1
P6_V7_Phase5,0,0.48742947,1
P6_V7_Phase6,0,0.498107,1
P6_V7_Phase7,0,0.4897888,1
P6_V7_Phase8,0,0.48961568,1
P6_V7_Phase9,0,0.49544105,1
P6_V8_Phase1,0,0.48901483,1
P6_V8_Phase10,0,0.49786818,1
P6_V8_Phase11,0,0.493638,1
P6_V8_Phase12,0,0.48843464,1
P6_V8_Phase13,0,0.49503088,1
P6_V8_Phase14,0,0.48979387,1
P6_V8_Phase15,1,0.50758934,0
P6_V8_Phase16,0,0.49190944,1
P6_V8_Phase17,1,0.5023773,1
P6_V8_Phase18,0,0.48815992,0
P6_V8_Phase19,1,0.5094868,1
P6_V8_Phase2,1,0.50498015,1
P6_V8_Phase20,0,0.49209222,0
P6_V8_Phase21,0,0.4962983,1
P6_V8_Phase22,0,0.49609786,1
P6_V8_Phase23,0,0.4937399,1
P6_V8_Phase24,1,0.5009017,1
P6_V8_Phase25,0,0.49288502,1
P6_V8_Phase26,0,0.49367422,1
P6_V8_Phase27,0,0.49643585,0
P6_V8_Phase28,0,0.49221408,1
P6_V8_Phase29,0,0.49715456,1
P6_V8_Phase3,0,0.49120432,0
P6_V8_Phase30,0,0.49351627,0
P6_V8_Phase31,0,0.49077812,1
P6_V8_Phase32,1,0.50378525,1
P6_V8_Phase33,1,0.50276077,1
P6_V8_Phase34,0,0.48997554,1
P6_V8_Phase35,0,0.49023852,0
P6_V8_Phase36,1,0.50036854,0
P6_V8_Phase37,0,0.49114338,1
P6_V8_Phase38,0,0.49278304,1
P6_V8_Phase39,0,0.49825102,1
P6_V8_Phase4,1,0.51293874,0
P6_V8_Phase40,0,0.48821625,1
P6_V8_Phase41,0,0.49349084,0
P6_V8_Phase42,0,0.49530652,0
P6_V8_Phase43,0,0.48994684,1
P6_V8_Phase44,0,0.4904692,0
P6_V8_Phase45,0,0.49571693,1
P6_V8_Phase46,1,0.50293964,0
P6_V8_Phase47,1,0.5014184,1
P6_V8_Phase48,0,0.49646625,1
P6_V8_Phase49,0,0.4990775,1
P6_V8_Phase5,0,0.49374533,0
P6_V8_Phase50,0,0.49867576,1
P6_V8_Phase51,1,0.50371045,1
P6_V8_Phase52,0,0.48794952,1
P6_V8_Phase53,1,0.50521624,0
P6_V8_Phase54,0,0.49448872,1
P6_V8_Phase55,1,0.50326806,0
P6_V8_Phase56,1,0.5105512,1
P6_V8_Phase6,0,0.4944894,1
P6_V8_Phase7,1,0.50710976,0
P6_V8_Phase8,1,0.5020584,1
P6_V8_Phase9,0,0.49059588,1
P6_V9_Phase1,0,0.4926089,0
P6_V9_Phase10,0,0.48904353,1
P6_V9_Phase11,0,0.49102372,1
P6_V9_Phase12,0,0.48912188,1
P6_V9_Phase13,0,0.49197996,1
P6_V9_Phase14,0,0.49333677,1
P6_V9_Phase15,0,0.49479133,0
P6_V9_Phase16,0,0.49357662,1
P6_V9_Phase17,1,0.5071287,1
P6_V9_Phase18,0,0.49212515,1
P6_V9_Phase19,0,0.49469933,0
P6_V9_Phase2,0,0.48971507,1
P6_V9_Phase20,0,0.48904046,0
P6_V9_Phase21,0,0.49575987,1
P6_V9_Phase22,0,0.48989278,0
P6_V9_Phase23,0,0.48966095,0
P6_V9_Phase24,0,0.49115238,0
P6_V9_Phase25,1,0.5017291,1
P6_V9_Phase3,0,0.49284512,0
P6_V9_Phase4,0,0.49436027,1
P6_V9_Phase5,0,0.4913434,1
P6_V9_Phase6,1,0.504397,1
P6_V9_Phase7,1,0.50819874,1
P6_V9_Phase8,0,0.4971097,0
P6_V9_Phase9,0,0.49242115,1
P7_V10_Phase1,0,0.4954722,1
P7_V10_Phase10,0,0.4961889,0
P7_V10_Phase11,0,0.49283096,0
P7_V10_Phase12,0,0.4925597,1
P7_V10_Phase13,0,0.48944318,1
P7_V10_Phase14,0,0.49220213,1
P7_V10_Phase15,0,0.49734557,1
P7_V10_Phase16,0,0.49399927,0
P7_V10_Phase17,0,0.495321,1
P7_V10_Phase18,0,0.49595916,1
P7_V10_Phase19,0,0.49745074,1
P7_V10_Phase2,0,0.49227738,1
P7_V10_Phase20,0,0.48881707,1
P7_V10_Phase21,0,0.4911382,0
P7_V10_Phase22,1,0.5043867,1
P7_V10_Phase23,1,0.5121855,1
P7_V10_Phase24,0,0.48761442,1
P7_V10_Phase25,0,0.4908599,0
P7_V10_Phase26,0,0.4919159,1
P7_V10_Phase27,0,0.49703392,0
P7_V10_Phase28,0,0.49180013,1
P7_V10_Phase29,0,0.4919788,1
P7_V10_Phase3,0,0.49437174,1
P7_V10_Phase30,0,0.49671367,1
P7_V10_Phase31,0,0.49407497,1
P7_V10_Phase32,1,0.5181743,1
P7_V10_Phase33,0,0.49389213,1
P7_V10_Phase34,0,0.49182472,1
P7_V10_Phase35,0,0.4914368,1
P7_V10_Phase36,1,0.5041695,1
P7_V10_Phase37,0,0.4934174,1
P7_V10_Phase38,0,0.4880912,1
P7_V10_Phase39,0,0.47969583,1
P7_V10_Phase4,0,0.49133694,1
P7_V10_Phase40,0,0.48877877,1
P7_V10_Phase41,0,0.49190453,1
P7_V10_Phase42,0,0.4927725,1
P7_V10_Phase43,0,0.4979826,1
P7_V10_Phase44,0,0.4987247,1
P7_V10_Phase45,0,0.4922164,0
P7_V10_Phase5,0,0.4836676,1
P7_V10_Phase6,0,0.49192396,1
P7_V10_Phase7,1,0.5142563,1
P7_V10_Phase8,0,0.49342057,0
P7_V10_Phase9,1,0.50380737,1
P7_V11_Phase1,0,0.4962065,1
P7_V11_Phase10,0,0.49317023,0
P7_V11_Phase11,0,0.4901504,1
P7_V11_Phase12,0,0.49645537,0
P7_V11_Phase13,0,0.49013194,1
P7_V11_Phase14,0,0.49157092,0
P7_V11_Phase15,0,0.49926233,1
P7_V11_Phase16,0,0.49627134,1
P7_V11_Phase17,0,0.4941899,1
P7_V11_Phase18,0,0.4951825,1
P7_V11_Phase19,0,0.49872163,1
P7_V11_Phase2,0,0.494887,1
P7_V11_Phase20,1,0.50959116,1
P7_V11_Phase21,1,0.5052746,1
P7_V11_Phase22,1,0.503873,1
P7_V11_Phase23,0,0.49347866,1
P7_V11_Phase24,0,0.49362427,1
P7_V11_Phase25,0,0.49222735,1
P7_V11_Phase3,0,0.4900779,1
P7_V11_Phase4,0,0.49906668,1
P7_V11_Phase5,0,0.49819034,1
P7_V11_Phase6,1,0.50602686,1
P7_V11_Phase7,1,0.51200294,1
P7_V11_Phase8,0,0.49199483,1
P7_V11_Phase9,0,0.49113268,1
P7_V12_Phase1,1,0.5022279,1
P7_V12_Phase10,0,0.49362975,1
P7_V12_Phase11,0,0.49401042,1
P7_V12_Phase12,0,0.48807257,1
P7_V12_Phase13,0,0.49122384,1
P7_V12_Phase14,0,0.48973736,1
P7_V12_Phase15,0,0.492202,1
P7_V12_Phase16,0,0.48833838,0
P7_V12_Phase2,0,0.49221486,1
P7_V12_Phase3,0,0.4836507,1
P7_V12_Phase4,0,0.49275798,1
P7_V12_Phase5,0,0.49259186,0
P7_V12_Phase6,0,0.49095982,0
P7_V12_Phase7,0,0.4891479,1
P7_V12_Phase8,0,0.48919022,1
P7_V12_Phase9,1,0.5126645,0
P7_V13_Phase1,0,0.48947316,0
P7_V13_Phase10,1,0.5077445,0
P7_V13_Phase100,0,0.4910507,1
P7_V13_Phase101,0,0.49525562,1
P7_V13_Phase102,0,0.48917416,1
P7_V13_Phase103,0,0.4920481,1
P7_V13_Phase104,0,0.49551108,1
P7_V13_Phase105,0,0.49430662,1
P7_V13_Phase106,1,0.5038316,1
P7_V13_Phase107,0,0.49161822,1
P7_V13_Phase108,0,0.48630506,0
P7_V13_Phase109,0,0.48744905,1
P7_V13_Phase11,1,0.50360024,0
P7_V13_Phase110,0,0.48842567,0
P7_V13_Phase111,0,0.49161378,1
P7_V13_Phase112,0,0.49011996,0
P7_V13_Phase113,0,0.48975292,0
P7_V13_Phase114,0,0.49139127,0
P7_V13_Phase115,0,0.49252045,1
P7_V13_Phase116,1,0.5124547,1
P7_V13_Phase117,0,0.49654526,0
P7_V13_Phase118,0,0.49595612,1
P7_V13_Phase119,1,0.50498974,1
P7_V13_Phase12,0,0.48664683,1
P7_V13_Phase120,0,0.48665413,1
P7_V13_Phase121,0,0.48848227,1
P7_V13_Phase122,0,0.49252394,1
P7_V13_Phase123,0,0.49209392,1
P7_V13_Phase124,1,0.5035836,1
P7_V13_Phase125,0,0.49180126,1
P7_V13_Phase126,0,0.4890744,0
P7_V13_Phase127,0,0.48857948,0
P7_V13_Phase128,0,0.4900185,1
P7_V13_Phase129,0,0.4877871,1
P7_V13_Phase13,0,0.49215105,1
P7_V13_Phase130,1,0.5083645,0
P7_V13_Phase131,0,0.49056867,0
P7_V13_Phase132,0,0.48796794,0
P7_V13_Phase133,0,0.49276865,1
P7_V13_Phase134,0,0.495588,1
P7_V13_Phase135,1,0.50012994,1
P7_V13_Phase136,1,0.5226263,1
P7_V13_Phase137,1,0.505572,1
P7_V13_Phase138,0,0.49220765,1
P7_V13_Phase139,0,0.48883834,1
P7_V13_Phase14,0,0.4879967,0
P7_V13_Phase140,1,0.50359285,1
P7_V13_Phase141,0,0.48516023,0
P7_V13_Phase142,0,0.48366094,0
P7_V13_Phase15,0,0.49462512,0
P7_V13_Phase16,0,0.49128532,0
P7_V13_Phase17,0,0.49571866,0
P7_V13_Phase18,1,0.5066258,1
P7_V13_Phase19,0,0.4974541,1
P7_V13_Phase2,0,0.49049425,0
P7_V13_Phase20,0,0.4972013,1
P7_V13_Phase21,0,0.48980543,1
P7_V13_Phase22,0,0.48902354,1
P7_V13_Phase23,1,0.50050277,1
P7_V13_Phase24,0,0.48794815,1
P7_V13_Phase25,0,0.4955189,1
P7_V13_Phase26,0,0.49651864,1
P7_V13_Phase27,0,0.4864874,1
P7_V13_Phase28,0,0.4898844,0
P7_V13_Phase29,0,0.4900426,0
P7_V13_Phase3,0,0.49214098,1
P7_V13_Phase30,0,0.49141738,0
P7_V13_Phase31,0,0.48703024,1
P7_V13_Phase32,1,0.5034397,0
P7_V13_Phase33,0,0.48662457,0
P7_V13_Phase34,0,0.48595628,1
P7_V13_Phase35,0,0.48984975,0
P7_V13_Phase36,0,0.4937681,1
P7_V13_Phase37,1,0.50072896,1
P7_V13_Phase38,0,0.4954129,0
P7_V13_Phase39,0,0.48887745,0
P7_V13_Phase4,0,0.4922174,1
P7_V13_Phase40,0,0.49019328,0
P7_V13_Phase41,0,0.48661664,1
P7_V13_Phase42,0,0.48609102,1
P7_V13_Phase43,0,0.49258032,0
P7_V13_Phase44,0,0.49045977,1
P7_V13_Phase45,0,0.48863643,1
P7_V13_Phase46,0,0.49433446,1
P7_V13_Phase47,0,0.48918945,1
P7_V13_Phase48,1,0.5034532,1
P7_V13_Phase49,0,0.48747525,0
P7_V13_Phase5,1,0.50006974,1
P7_V13_Phase50,0,0.49646842,1
P7_V13_Phase51,0,0.489869,1
P7_V13_Phase52,0,0.4897702,0
P7_V13_Phase53,1,0.50885946,1
P7_V13_Phase54,0,0.49584514,0
P7_V13_Phase55,0,0.49940735,1
P7_V13_Phase56,0,0.48912227,1
P7_V13_Phase57,0,0.49236205,1
P7_V13_Phase58,0,0.4866305,0
P7_V13_Phase59,0,0.49331295,0
P7_V13_Phase6,0,0.49297246,1
P7_V13_Phase60,0,0.4952358,1
P7_V13_Phase61,0,0.4892478,0
P7_V13_Phase62,0,0.49607137,0
P7_V13_Phase63,0,0.49050793,0
P7_V13_Phase64,0,0.49051118,0
P7_V13_Phase65,0,0.48978785,0
P7_V13_Phase66,0,0.49150786,1
P7_V13_Phase67,0,0.4878528,0
P7_V13_Phase68,1,0.5001583,0
P7_V13_Phase69,0,0.4817642,0
P7_V13_Phase7,1,0.5072945,1
P7_V13_Phase70,0,0.49558812,0
P7_V13_Phase71,0,0.48703516,0
P7_V13_Phase72,0,0.4860925,1
P7_V13_Phase73,0,0.49117163,1
P7_V13_Phase74,0,0.49110028,0
P7_V13_Phase75,0,0.4871051,1
P7_V13_Phase76,1,0.5013147,1
P7_V13_Phase77,0,0.4945485,1
P7_V13_Phase78,0,0.49380368,1
P7_V13_Phase79,0,0.4884731,0
P7_V13_Phase8,0,0.48932764,0
P7_V13_Phase80,0,0.4867261,1
P7_V13_Phase81,0,0.49329734,0
P7_V13_Phase82,1,0.5029275,1
P7_V13_Phase83,0,0.49561372,1
P7_V13_Phase84,0,0.49473676,1
P7_V13_Phase85,0,0.49245206,1
P7_V13_Phase86,0,0.4897779,1
P7_V13_Phase87,0,0.49440253,0
P7_V13_Phase88,1,0.50044245,1
P7_V13_Phase89,0,0.4887813,1
P7_V13_Phase9,0,0.48769924,1
P7_V13_Phase90,1,0.51183623,1
P7_V13_Phase91,0,0.49093413,1
P7_V13_Phase92,0,0.4896784,0
P7_V13_Phase93,0,0.48833016,1
P7_V13_Phase94,1,0.5021106,1
P7_V13_Phase95,1,0.5059178,1
P7_V13_Phase96,0,0.49120587,1
P7_V13_Phase98,1,0.51362574,1
P7_V13_Phase99,0,0.49490088,1
P7_V14_Phase1,0,0.49329537,1
P7_V14_Phase10,0,0.49060294,1
P7_V14_Phase11,1,0.50875133,1
P7_V14_Phase12,0,0.4926282,1
P7_V14_Phase13,0,0.49027494,1
P7_V14_Phase14,0,0.4894743,1
P7_V14_Phase15,0,0.4968493,1
P7_V14_Phase16,0,0.48867556,1
P7_V14_Phase17,1,0.5032602,0
P7_V14_Phase18,1,0.50052446,1
P7_V14_Phase19,0,0.49325246,1
P7_V14_Phase2,0,0.48850834,1
P7_V14_Phase20,0,0.49966124,1
P7_V14_Phase21,0,0.49577767,1
P7_V14_Phase22,0,0.48921263,1
P7_V14_Phase23,0,0.4893121,0
P7_V14_Phase24,0,0.48911336,1
P7_V14_Phase25,0,0.49167407,1
P7_V14_Phase26,0,0.49026287,1
P7_V14_Phase27,0,0.49127644,1
P7_V14_Phase28,1,0.5026148,1
P7_V14_Phase29,0,0.49028423,1
P7_V14_Phase3,0,0.48515487,1
P7_V14_Phase30,0,0.48966244,1
P7_V14_Phase31,0,0.49162313,0
P7_V14_Phase4,0,0.49245542,1
P7_V14_Phase5,0,0.48734376,1
P7_V14_Phase6,0,0.49259716,1
P7_V14_Phase7,0,0.49108288,1
P7_V14_Phase8,0,0.4938688,1
P7_V14_Phase9,0,0.4888844,0
P7_V15_Phase1,0,0.48940066,1
P7_V15_Phase10,1,0.5044337,1
P7_V15_Phase11,0,0.49684927,1
P7_V15_Phase12,0,0.49306473,0
P7_V15_Phase13,0,0.49938935,1
P7_V15_Phase14,0,0.4972,1
P7_V15_Phase15,0,0.4939376,1
P7_V15_Phase16,0,0.49246293,1
P7_V15_Phase17,0,0.49180585,1
P7_V15_Phase18,0,0.49424553,1
P7_V15_Phase19,1,0.50600964,1
P7_V15_Phase2,0,0.49691275,1
P7_V15_Phase20,0,0.48940292,1
P7_V15_Phase3,0,0.49110687,1
P7_V15_Phase4,0,0.49239528,1
P7_V15_Phase5,1,0.5045812,1
P7_V15_Phase6,0,0.4912259,1
P7_V15_Phase7,0,0.48512194,1
P7_V15_Phase8,1,0.5107516,0
P7_V15_Phase9,0,0.4887554,1
P7_V16_Phase1,0,0.4954722,1
P7_V16_Phase10,0,0.4961889,0
P7_V16_Phase11,0,0.49283096,0
P7_V16_Phase12,0,0.4925597,1
P7_V16_Phase13,0,0.48944318,1
P7_V16_Phase14,0,0.49220213,1
P7_V16_Phase15,0,0.49734557,1
P7_V16_Phase16,0,0.49399927,0
P7_V16_Phase17,0,0.495321,1
P7_V16_Phase18,0,0.49595916,1
P7_V16_Phase19,0,0.49745074,1
P7_V16_Phase2,0,0.49227738,1
P7_V16_Phase20,0,0.48881707,1
P7_V16_Phase21,0,0.4911382,0
P7_V16_Phase22,1,0.5043867,1
P7_V16_Phase23,1,0.5121855,1
P7_V16_Phase24,0,0.48761442,1
P7_V16_Phase25,0,0.4908599,0
P7_V16_Phase26,0,0.4919159,1
P7_V16_Phase27,0,0.49703392,0
P7_V16_Phase28,0,0.49180013,1
P7_V16_Phase29,0,0.4919788,1
P7_V16_Phase3,0,0.49437174,1
P7_V16_Phase30,0,0.49671367,1
P7_V16_Phase31,0,0.49407497,1
P7_V16_Phase32,1,0.5181743,1
P7_V16_Phase33,0,0.49389213,1
P7_V16_Phase34,0,0.49182472,1
P7_V16_Phase35,0,0.4914368,1
P7_V16_Phase36,1,0.5041695,1
P7_V16_Phase37,0,0.4934174,1
P7_V16_Phase38,0,0.4880912,1
P7_V16_Phase39,0,0.47969583,1
P7_V16_Phase4,0,0.49133694,1
P7_V16_Phase40,0,0.48877877,1
P7_V16_Phase41,0,0.49190453,1
P7_V16_Phase42,0,0.4927725,1
P7_V16_Phase43,0,0.4979826,1
P7_V16_Phase44,0,0.4987247,1
P7_V16_Phase45,0,0.4922164,0
P7_V16_Phase5,0,0.4836676,1
P7_V16_Phase6,0,0.49192396,1
P7_V16_Phase7,1,0.5142563,1
P7_V16_Phase8,0,0.49342057,0
P7_V16_Phase9,1,0.50380737,1
P7_V17_Phase1,0,0.49117726,1
P7_V17_Phase10,0,0.4969131,0
P7_V17_Phase11,0,0.49384174,1
P7_V17_Phase12,0,0.49258718,1
P7_V17_Phase13,0,0.49298048,1
P7_V17_Phase14,0,0.49404684,1
P7_V17_Phase15,0,0.49042585,1
P7_V17_Phase16,1,0.5007797,1
P7_V17_Phase17,1,0.50072414,0
P7_V17_Phase18,0,0.49339795,0
P7_V17_Phase19,0,0.49204648,1
P7_V17_Phase2,0,0.494369,1
P7_V17_Phase20,0,0.49027687,1
P7_V17_Phase21,0,0.4901196,1
P7_V17_Phase22,0,0.48829955,1
P7_V17_Phase23,0,0.49787837,1
P7_V17_Phase24,0,0.49776196,1
P7_V17_Phase25,0,0.49259993,1
P7_V17_Phase26,0,0.49714208,1
P7_V17_Phase27,0,0.48990655,0
P7_V17_Phase3,1,0.5105043,1
P7_V17_Phase4,1,0.50628734,1
P7_V17_Phase5,0,0.48790795,1
P7_V17_Phase6,1,0.5075831,1
P7_V17_Phase7,0,0.48598376,1
P7_V17_Phase8,0,0.49358782,1
P7_V17_Phase9,0,0.49289876,0
P7_V18_Phase1,0,0.49159676,1
P7_V18_Phase10,0,0.49558535,1
P7_V18_Phase11,0,0.49909002,1
P7_V18_Phase12,0,0.4885192,1
P7_V18_Phase13,0,0.49043086,1
P7_V18_Phase14,0,0.49040613,1
P7_V18_Phase15,0,0.49345735,1
P7_V18_Phase16,0,0.49382585,1
P7_V18_Phase17,0,0.4994092,1
P7_V18_Phase18,1,0.5086198,1
P7_V18_Phase19,0,0.4951001,1
P7_V18_Phase2,0,0.48969173,1
P7_V18_Phase20,0,0.49917412,1
P7_V18_Phase21,0,0.4990615,1
P7_V18_Phase22,0,0.49577472,1
P7_V18_Phase23,0,0.4940235,1
P7_V18_Phase24,0,0.49243554,1
P7_V18_Phase25,0,0.4979058,1
P7_V18_Phase26,0,0.49299875,1
P7_V18_Phase27,0,0.49578187,1
P7_V18_Phase28,1,0.5066954,1
P7_V18_Phase29,0,0.49075246,1
P7_V18_Phase3,0,0.49565506,1
P7_V18_Phase30,0,0.49177763,1
P7_V18_Phase31,0,0.49292046,1
P7_V18_Phase32,0,0.4912495,1
P7_V18_Phase33,0,0.48894817,1
P7_V18_Phase34,0,0.49507564,1
P7_V18_Phase35,1,0.5026659,1
P7_V18_Phase36,0,0.49227247,1
P7_V18_Phase37,0,0.49237472,0
P7_V18_Phase4,0,0.4929186,0
P7_V18_Phase5,0,0.48782414,1
P7_V18_Phase6,0,0.4882737,1
P7_V18_Phase7,0,0.49291244,1
P7_V18_Phase8,0,0.491491,1
P7_V18_Phase9,0,0.4851781,1
P7_V19_Phase1,0,0.4911191,1
P7_V19_Phase10,1,0.5019293,1
P7_V19_Phase11,0,0.49319857,1
P7_V19_Phase12,0,0.49049056,0
P7_V19_Phase13,0,0.4921136,1
P7_V19_Phase14,0,0.49107105,0
P7_V19_Phase15,1,0.50503665,1
P7_V19_Phase16,0,0.49609286,1
P7_V19_Phase17,1,0.50384396,0
P7_V19_Phase18,1,0.50915533,1
P7_V19_Phase19,1,0.5005688,1
P7_V19_Phase2,0,0.48707092,0
P7_V19_Phase20,1,0.5042444,0
P7_V19_Phase21,0,0.49457026,0
P7_V19_Phase22,0,0.49463877,0
P7_V19_Phase23,0,0.49763757,1
P7_V19_Phase24,1,0.5122576,0
P7_V19_Phase25,0,0.48896995,0
P7_V19_Phase26,0,0.493861,0
P7_V19_Phase27,0,0.49005857,0
P7_V19_Phase28,1,0.5049694,0
P7_V19_Phase29,0,0.4979149,0
P7_V19_Phase3,0,0.48860684,1
P7_V19_Phase30,0,0.48907122,0
P7_V19_Phase31,1,0.51005995,0
P7_V19_Phase32,0,0.49632317,0
P7_V19_Phase33,0,0.48868087,1
P7_V19_Phase34,0,0.49018523,1
P7_V19_Phase35,0,0.49697223,0
P7_V19_Phase36,0,0.4957236,1
P7_V19_Phase4,1,0.5016674,1
P7_V19_Phase5,0,0.4928057,0
P7_V19_Phase6,0,0.4896566,0
P7_V19_Phase7,0,0.4985312,1
P7_V19_Phase8,1,0.50136685,1
P7_V19_Phase9,0,0.49541113,1
P7_V1_Phase1,0,0.48947316,0
P7_V1_Phase10,1,0.5077445,0
P7_V1_Phase100,0,0.4910507,1
P7_V1_Phase101,0,0.49525562,1
P7_V1_Phase102,0,0.48917416,1
P7_V1_Phase103,0,0.4920481,1
P7_V1_Phase104,0,0.49551108,1
P7_V1_Phase105,0,0.49430662,1
P7_V1_Phase106,1,0.5038316,1
P7_V1_Phase107,0,0.49161822,1
P7_V1_Phase108,0,0.48630506,0
P7_V1_Phase109,0,0.48744905,1
P7_V1_Phase11,1,0.50360024,0
P7_V1_Phase110,0,0.48842567,0
P7_V1_Phase111,0,0.49161378,1
P7_V1_Phase112,0,0.49011996,0
P7_V1_Phase113,0,0.48975292,0
P7_V1_Phase114,0,0.49139127,0
P7_V1_Phase115,0,0.49252045,1
P7_V1_Phase116,1,0.5124547,1
P7_V1_Phase117,0,0.49654526,0
P7_V1_Phase118,0,0.49595612,1
P7_V1_Phase119,1,0.50498974,1
P7_V1_Phase12,0,0.48664683,1
P7_V1_Phase120,0,0.48665413,1
P7_V1_Phase121,0,0.48848227,1
P7_V1_Phase122,0,0.49252394,1
P7_V1_Phase123,0,0.49209392,1
P7_V1_Phase124,1,0.5035836,1
P7_V1_Phase125,0,0.49180126,1
P7_V1_Phase126,0,0.4890744,0
P7_V1_Phase127,0,0.48857948,0
P7_V1_Phase128,0,0.4900185,1
P7_V1_Phase129,0,0.4877871,1
P7_V1_Phase13,0,0.49215105,1
P7_V1_Phase130,1,0.5083645,0
P7_V1_Phase131,0,0.49056867,0
P7_V1_Phase132,0,0.48796794,0
P7_V1_Phase133,0,0.49276865,1
P7_V1_Phase134,0,0.495588,1
P7_V1_Phase135,1,0.50012994,1
P7_V1_Phase136,1,0.5226263,1
P7_V1_Phase137,1,0.505572,1
P7_V1_Phase138,0,0.49220765,1
P7_V1_Phase139,0,0.48883834,1
P7_V1_Phase14,0,0.4879967,0
P7_V1_Phase140,1,0.50359285,1
P7_V1_Phase141,0,0.48516023,0
P7_V1_Phase142,0,0.48366094,0
P7_V1_Phase15,0,0.49462512,0
P7_V1_Phase16,0,0.49128532,0
P7_V1_Phase17,0,0.49571866,0
P7_V1_Phase18,1,0.5066258,1
P7_V1_Phase19,0,0.4974541,1
P7_V1_Phase2,0,0.49049425,0
P7_V1_Phase20,0,0.4972013,1
P7_V1_Phase21,0,0.48980543,1
P7_V1_Phase22,0,0.48902354,1
P7_V1_Phase23,1,0.50050277,1
P7_V1_Phase24,0,0.48794815,1
P7_V1_Phase25,0,0.4955189,1
P7_V1_Phase26,0,0.49651864,1
P7_V1_Phase27,0,0.4864874,1
P7_V1_Phase28,0,0.4898844,0
P7_V1_Phase29,0,0.4900426,0
P7_V1_Phase3,0,0.49214098,1
P7_V1_Phase30,0,0.49141738,0
P7_V1_Phase31,0,0.48703024,1
P7_V1_Phase32,1,0.5034397,0
P7_V1_Phase33,0,0.48662457,0
P7_V1_Phase34,0,0.48595628,1
P7_V1_Phase35,0,0.48984975,0
P7_V1_Phase36,0,0.4937681,1
P7_V1_Phase37,1,0.50072896,1
P7_V1_Phase38,0,0.4954129,0
P7_V1_Phase39,0,0.48887745,0
P7_V1_Phase4,0,0.4922174,1
P7_V1_Phase40,0,0.49019328,0
P7_V1_Phase41,0,0.48661664,1
P7_V1_Phase42,0,0.48609102,1
P7_V1_Phase43,0,0.49258032,0
P7_V1_Phase44,0,0.49045977,1
P7_V1_Phase45,0,0.48863643,1
P7_V1_Phase46,0,0.49433446,1
P7_V1_Phase47,0,0.48918945,1
P7_V1_Phase48,1,0.5034532,1
P7_V1_Phase49,0,0.48747525,0
P7_V1_Phase5,1,0.50006974,1
P7_V1_Phase50,0,0.49646842,1
P7_V1_Phase51,0,0.489869,1
P7_V1_Phase52,0,0.4897702,0
P7_V1_Phase53,1,0.50885946,1
P7_V1_Phase54,0,0.49584514,0
P7_V1_Phase55,0,0.49940735,1
P7_V1_Phase56,0,0.48912227,1
P7_V1_Phase57,0,0.49236205,1
P7_V1_Phase58,0,0.4866305,0
P7_V1_Phase59,0,0.49331295,0
P7_V1_Phase6,0,0.49297246,1
P7_V1_Phase60,0,0.4952358,1
P7_V1_Phase61,0,0.4892478,0
P7_V1_Phase62,0,0.49607137,0
P7_V1_Phase63,0,0.49050793,0
P7_V1_Phase64,0,0.49051118,0
P7_V1_Phase65,0,0.48978785,0
P7_V1_Phase66,0,0.49150786,1
P7_V1_Phase67,0,0.4878528,0
P7_V1_Phase68,1,0.5001583,0
P7_V1_Phase69,0,0.4817642,0
P7_V1_Phase7,1,0.5072945,1
P7_V1_Phase70,0,0.49558812,0
P7_V1_Phase71,0,0.48703516,0
P7_V1_Phase72,0,0.4860925,1
P7_V1_Phase73,0,0.49117163,1
P7_V1_Phase74,0,0.49110028,0
P7_V1_Phase75,0,0.4871051,1
P7_V1_Phase76,1,0.5013147,1
P7_V1_Phase77,0,0.4945485,1
P7_V1_Phase78,0,0.49380368,1
P7_V1_Phase79,0,0.4884731,0
P7_V1_Phase8,0,0.48932764,0
P7_V1_Phase80,0,0.4867261,1
P7_V1_Phase81,0,0.49329734,0
P7_V1_Phase82,1,0.5029275,1
P7_V1_Phase83,0,0.49561372,1
P7_V1_Phase84,0,0.49473676,1
P7_V1_Phase85,0,0.49245206,1
P7_V1_Phase86,0,0.4897779,1
P7_V1_Phase87,0,0.49440253,0
P7_V1_Phase88,1,0.50044245,1
P7_V1_Phase89,0,0.4887813,1
P7_V1_Phase9,0,0.48769924,1
P7_V1_Phase90,1,0.51183623,1
P7_V1_Phase91,0,0.49093413,1
P7_V1_Phase92,0,0.4896784,0
P7_V1_Phase93,0,0.48833016,1
P7_V1_Phase94,1,0.5021106,1
P7_V1_Phase95,1,0.5059178,1
P7_V1_Phase96,0,0.49120587,1
P7_V1_Phase98,1,0.51362574,1
P7_V1_Phase99,0,0.49490088,1
P7_V20_Phase1,1,0.50451595,0
P7_V20_Phase10,0,0.49132362,1
P7_V20_Phase11,0,0.4925824,0
P7_V20_Phase12,1,0.50757784,0
P7_V20_Phase13,0,0.491795,0
P7_V20_Phase14,0,0.48612413,0
P7_V20_Phase15,0,0.496747,0
P7_V20_Phase16,1,0.5001506,1
P7_V20_Phase17,0,0.49320936,1
P7_V20_Phase18,0,0.49728963,1
P7_V20_Phase19,0,0.4897202,1
P7_V20_Phase2,0,0.49430513,1
P7_V20_Phase20,0,0.4944456,0
P7_V20_Phase21,0,0.4948487,1
P7_V20_Phase3,0,0.49855983,1
P7_V20_Phase4,0,0.49391282,1
P7_V20_Phase5,0,0.4885775,1
P7_V20_Phase6,1,0.50736797,1
P7_V20_Phase7,1,0.50490683,0
P7_V20_Phase8,0,0.4978604,0
P7_V20_Phase9,0,0.48457903,0
P7_V2_Phase1,0,0.49470195,1
P7_V2_Phase10,0,0.4920359,1
P7_V2_Phase11,1,0.5045733,1
P7_V2_Phase12,0,0.4895687,1
P7_V2_Phase13,0,0.4930124,1
P7_V2_Phase14,0,0.4928404,0
P7_V2_Phase15,0,0.49980128,1
P7_V2_Phase16,0,0.49889356,1
P7_V2_Phase17,0,0.49175084,0
P7_V2_Phase18,0,0.48911723,1
P7_V2_Phase19,0,0.4917106,1
P7_V2_Phase2,0,0.49182498,1
P7_V2_Phase20,0,0.49893022,1
P7_V2_Phase21,0,0.48963454,1
P7_V2_Phase22,0,0.4926641,1
P7_V2_Phase23,0,0.49191767,1
P7_V2_Phase24,1,0.5058838,0
P7_V2_Phase25,0,0.49457738,0
P7_V2_Phase26,0,0.49308017,1
P7_V2_Phase27,0,0.49217242,1
P7_V2_Phase28,1,0.51285803,1
P7_V2_Phase29,0,0.49066973,1
P7_V2_Phase3,0,0.48813987,1
P7_V2_Phase30,0,0.48894078,1
P7_V2_Phase4,0,0.4925346,1
P7_V2_Phase5,0,0.4924718,1
P7_V2_Phase6,0,0.4974822,1
P7_V2_Phase7,0,0.48517603,1
P7_V2_Phase8,0,0.49497876,1
P7_V2_Phase9,1,0.5040575,1
P7_V3_Phase1,0,0.49329537,1
P7_V3_Phase10,0,0.49060294,1
P7_V3_Phase11,1,0.50875133,1
P7_V3_Phase12,0,0.4926282,1
P7_V3_Phase13,0,0.49027494,1
P7_V3_Phase14,0,0.4894743,1
P7_V3_Phase15,0,0.4968493,1
P7_V3_Phase16,0,0.48867556,1
P7_V3_Phase17,1,0.5032602,0
P7_V3_Phase18,1,0.50052446,1
P7_V3_Phase19,0,0.49325246,1
P7_V3_Phase2,0,0.48850834,1
P7_V3_Phase20,0,0.49966124,1
P7_V3_Phase21,0,0.49577767,1
P7_V3_Phase22,0,0.48921263,1
P7_V3_Phase23,0,0.4893121,0
P7_V3_Phase24,0,0.48911336,1
P7_V3_Phase25,0,0.49167407,1
P7_V3_Phase26,0,0.49026287,1
P7_V3_Phase27,0,0.49127644,1
P7_V3_Phase28,1,0.5026148,1
P7_V3_Phase29,0,0.49028423,1
P7_V3_Phase3,0,0.48515487,1
P7_V3_Phase30,0,0.48966244,1
P7_V3_Phase31,0,0.49162313,0
P7_V3_Phase4,0,0.49245542,1
P7_V3_Phase5,0,0.48734376,1
P7_V3_Phase6,0,0.49259716,1
P7_V3_Phase7,0,0.49088413,1
P7_V3_Phase8,0,0.4938688,1
P7_V3_Phase9,0,0.4888844,0
P7_V4_Phase1,1,0.50227195,0
P7_V4_Phase10,0,0.49722567,0
P7_V4_Phase11,0,0.49792573,1
P7_V4_Phase12,0,0.492228,1
P7_V4_Phase13,0,0.48770243,1
P7_V4_Phase14,0,0.48710266,1
P7_V4_Phase15,0,0.4927355,1
P7_V4_Phase16,0,0.48968655,1
P7_V4_Phase17,0,0.49132454,0
P7_V4_Phase18,0,0.49033007,1
P7_V4_Phase19,0,0.49099514,1
P7_V4_Phase2,0,0.4957175,0
P7_V4_Phase20,0,0.48782408,1
P7_V4_Phase21,0,0.49150383,0
P7_V4_Phase22,1,0.5128886,1
P7_V4_Phase23,0,0.49260017,1
P7_V4_Phase24,0,0.48980337,1
P7_V4_Phase25,0,0.49511582,1
P7_V4_Phase26,1,0.5006683,0
P7_V4_Phase27,0,0.48472598,1
P7_V4_Phase28,0,0.4900593,0
P7_V4_Phase29,0,0.4900503,1
P7_V4_Phase3,0,0.48921812,1
P7_V4_Phase30,0,0.49404058,1
P7_V4_Phase31,0,0.49938098,0
P7_V4_Phase32,0,0.48905683,1
P7_V4_Phase33,0,0.49131286,1
P7_V4_Phase34,0,0.49943554,0
P7_V4_Phase35,0,0.49653754,1
P7_V4_Phase36,0,0.4936148,1
P7_V4_Phase4,0,0.49692535,0
P7_V4_Phase5,1,0.50401616,1
P7_V4_Phase6,1,0.50893813,1
P7_V4_Phase7,0,0.4969201,1
P7_V4_Phase8,0,0.49315184,1
P7_V4_Phase9,0,0.4914693,0
P7_V5_Phase1,0,0.48940066,1
P7_V5_Phase10,1,0.5044337,1
P7_V5_Phase11,0,0.49684927,1
P7_V5_Phase12,0,0.49306473,0
P7_V5_Phase13,0,0.49938935,1
P7_V5_Phase14,0,0.4972,1
P7_V5_Phase15,0,0.4939376,1
P7_V5_Phase16,0,0.49246293,1
P7_V5_Phase17,0,0.49180585,1
P7_V5_Phase18,0,0.49424553,1
P7_V5_Phase19,1,0.50600964,1
P7_V5_Phase2,0,0.49691275,1
P7_V5_Phase20,0,0.48940292,1
P7_V5_Phase3,0,0.49110687,1
P7_V5_Phase4,0,0.49239528,1
P7_V5_Phase5,1,0.5045812,1
P7_V5_Phase6,0,0.4912259,1
P7_V5_Phase7,0,0.48512194,1
P7_V5_Phase8,1,0.5107516,0
P7_V5_Phase9,0,0.4887554,1
P7_V6_Phase1,0,0.4929169,1
P7_V6_Phase10,0,0.48518822,1
P7_V6_Phase11,0,0.4979752,1
P7_V6_Phase12,1,0.5042669,1
P7_V6_Phase13,0,0.48518527,1
P7_V6_Phase14,1,0.5102962,0
P7_V6_Phase15,0,0.49484333,1
P7_V6_Phase16,0,0.49247164,1
P7_V6_Phase17,0,0.48976848,1
P7_V6_Phase18,0,0.4903072,1
P7_V6_Phase19,0,0.48863405,1
P7_V6_Phase2,0,0.4960386,1
P7_V6_Phase20,1,0.5100419,0
P7_V6_Phase21,0,0.4937718,1
P7_V6_Phase22,0,0.4887356,1
P7_V6_Phase23,0,0.4930822,1
P7_V6_Phase24,0,0.49498653,0
P7_V6_Phase25,0,0.49637398,1
P7_V6_Phase26,0,0.48748824,1
P7_V6_Phase27,0,0.4861308,1
P7_V6_Phase28,0,0.49426356,1
P7_V6_Phase29,0,0.4886027,1
P7_V6_Phase3,0,0.49352214,1
P7_V6_Phase30,0,0.490111,1
P7_V6_Phase31,0,0.49265403,0
P7_V6_Phase4,0,0.4922949,1
P7_V6_Phase5,0,0.49094412,1
P7_V6_Phase6,0,0.49686435,1
P7_V6_Phase7,1,0.50947857,1
P7_V6_Phase8,0,0.49165347,1
P7_V6_Phase9,0,0.49359736,1
P7_V7_Phase1,0,0.48884228,1
P7_V7_Phase2,1,0.5109578,1
P7_V7_Phase3,0,0.49471784,1
P7_V7_Phase4,1,0.5018971,1
P7_V7_Phase5,1,0.5026867,1
P7_V7_Phase6,0,0.4887979,1
P7_V7_Phase7,0,0.4933912,0
P7_V7_Phase8,0,0.4920126,0
P7_V8_Phase1,0,0.4979685,1
P7_V8_Phase10,0,0.49816123,0
P7_V8_Phase11,0,0.49818063,1
P7_V8_Phase12,0,0.49339813,1
P7_V8_Phase13,1,0.51437014,1
P7_V8_Phase14,0,0.4847825,1
P7_V8_Phase15,0,0.48753637,1
P7_V8_Phase16,1,0.5058108,1
P7_V8_Phase17,0,0.48832127,1
P7_V8_Phase18,0,0.49087295,1
P7_V8_Phase19,0,0.49503094,0
P7_V8_Phase2,0,0.49656543,1
P7_V8_Phase20,0,0.49260432,1
P7_V8_Phase3,0,0.48721132,1
P7_V8_Phase4,1,0.50593495,1
P7_V8_Phase5,0,0.48895293,1
P7_V8_Phase6,0,0.4932052,0
P7_V8_Phase7,0,0.4899192,1
P7_V8_Phase8,1,0.50008494,1
P7_V8_Phase9,0,0.49628386,1
P7_V9_Phase1,0,0.493665,1
P7_V9_Phase10,0,0.4901838,1
P7_V9_Phase11,0,0.49551752,0
P7_V9_Phase12,0,0.4912829,1
P7_V9_Phase13,0,0.4839844,0
P7_V9_Phase14,0,0.4934909,1
P7_V9_Phase15,0,0.49320528,1
P7_V9_Phase16,1,0.5010798,1
P7_V9_Phase17,0,0.49142703,1
P7_V9_Phase18,0,0.49904937,0
P7_V9_Phase19,0,0.49856326,1
P7_V9_Phase2,0,0.4988153,1
P7_V9_Phase20,1,0.50320446,1
P7_V9_Phase21,1,0.5004439,0
P7_V9_Phase3,0,0.4878075,1
P7_V9_Phase4,0,0.49490362,1
P7_V9_Phase5,0,0.49883717,1
P7_V9_Phase6,0,0.49441952,1
P7_V9_Phase7,0,0.48681438,1
P7_V9_Phase8,1,0.5025028,1
P7_V9_Phase9,0,0.49223587,1
P8_V1_Phase1,1,0.5028671,0
P8_V1_Phase10,0,0.48835233,0
P8_V1_Phase11,1,0.506673,0
P8_V1_Phase12,1,0.50682545,0
P8_V1_Phase13,0,0.49003422,0
P8_V1_Phase14,1,0.5082844,0
P8_V1_Phase15,1,0.50477445,0
P8_V1_Phase16,0,0.49540365,0
P8_V1_Phase17,0,0.49083042,0
P8_V1_Phase18,0,0.49120983,0
P8_V1_Phase19,0,0.49641836,0
P8_V1_Phase2,0,0.48740703,0
P8_V1_Phase20,0,0.4978052,0
P8_V1_Phase21,1,0.50660324,0
P8_V1_Phase22,0,0.4915594,0
P8_V1_Phase23,0,0.49351025,0
P8_V1_Phase24,1,0.5023632,0
P8_V1_Phase25,0,0.49065012,0
P8_V1_Phase26,0,0.49548945,0
P8_V1_Phase27,0,0.4936336,0
P8_V1_Phase28,0,0.4974669,0
P8_V1_Phase29,1,0.51267844,0
P8_V1_Phase3,0,0.48738065,0
P8_V1_Phase30,0,0.49240723,0
P8_V1_Phase31,0,0.49089015,0
P8_V1_Phase32,0,0.4952378,0
P8_V1_Phase33,0,0.49020085,0
P8_V1_Phase34,0,0.4896492,0
P8_V1_Phase35,0,0.48940536,0
P8_V1_Phase36,0,0.49482477,0
P8_V1_Phase37,0,0.49282664,0
P8_V1_Phase38,0,0.49336308,0
P8_V1_Phase39,0,0.491001,0
P8_V1_Phase4,0,0.49574956,0
P8_V1_Phase40,0,0.4951951,0
P8_V1_Phase41,0,0.49408057,0
P8_V1_Phase42,0,0.49135885,0
P8_V1_Phase5,0,0.48904023,0
P8_V1_Phase6,1,0.50338554,0
P8_V1_Phase7,1,0.50522006,0
P8_V1_Phase8,0,0.489885,0
P8_V1_Phase9,1,0.5054677,0
P8_V2_Phase1,0,0.49159455,0
P8_V2_Phase10,1,0.50567937,0
P8_V2_Phase2,0,0.49032217,0
P8_V2_Phase3,0,0.49784765,0
P8_V2_Phase4,0,0.4968263,0
P8_V2_Phase5,0,0.49058685,0
P8_V2_Phase6,0,0.4882047,0
P8_V2_Phase7,0,0.48863474,0
P8_V2_Phase8,1,0.5018944,0
P8_V2_Phase9,0,0.49267513,0
P8_V3_Phase1,1,0.5113889,0
P8_V3_Phase10,0,0.4911186,0
P8_V3_Phase11,0,0.4897592,0
P8_V3_Phase12,0,0.490489,0
P8_V3_Phase13,0,0.49150258,0
P8_V3_Phase14,0,0.4925651,0
P8_V3_Phase15,0,0.49336755,0
P8_V3_Phase16,0,0.49261725,0
P8_V3_Phase17,0,0.48641184,0
P8_V3_Phase2,0,0.48810402,0
P8_V3_Phase21,0,0.49034983,0
P8_V3_Phase22,0,0.4865364,0
P8_V3_Phase23,0,0.48859873,0
P8_V3_Phase24,0,0.4903884,0
P8_V3_Phase25,0,0.48587406,0
P8_V3_Phase26,0,0.48678145,0
P8_V3_Phase27,0,0.48943642,0
P8_V3_Phase29,0,0.49969772,0
P8_V3_Phase3,0,0.48942712,0
P8_V3_Phase30,0,0.4976567,0
P8_V3_Phase31,0,0.49063063,0
P8_V3_Phase32,0,0.49621066,0
P8_V3_Phase33,0,0.49578598,0
P8_V3_Phase34,0,0.49713424,0
P8_V3_Phase35,0,0.49201623,0
P8_V3_Phase36,0,0.49459162,0
P8_V3_Phase37,0,0.49294317,0
P8_V3_Phase38,0,0.49110913,0
P8_V3_Phase39,0,0.48536652,0
P8_V3_Phase4,0,0.4851287,0
P8_V3_Phase40,1,0.5075526,0
P8_V3_Phase41,0,0.49342996,0
P8_V3_Phase42,0,0.4891711,0
P8_V3_Phase43,0,0.490085,0
P8_V3_Phase44,0,0.48684964,0
P8_V3_Phase45,0,0.4922458,0
P8_V3_Phase46,0,0.49206397,0
P8_V3_Phase47,1,0.50046587,0
P8_V3_Phase48,0,0.49014,0
P8_V3_Phase49,0,0.49367157,0
P8_V3_Phase5,0,0.48977086,0
P8_V3_Phase50,0,0.48851338,0
P8_V3_Phase51,0,0.48772642,0
P8_V3_Phase52,1,0.5003422,1
P8_V3_Phase53,0,0.4878872,0
P8_V3_Phase54,1,0.5171986,0
P8_V3_Phase55,0,0.49209806,0
P8_V3_Phase56,1,0.50137067,0
P8_V3_Phase57,0,0.49126264,0
P8_V3_Phase6,0,0.48681065,0
P8_V3_Phase7,0,0.49738902,0
P8_V3_Phase8,0,0.49285224,0
P8_V3_Phase9,0,0.49264765,0
P8_V4_Phase1,1,0.5075764,0
P8_V4_Phase2,0,0.49516916,0
P8_V4_Phase3,0,0.48703194,0
P8_V4_Phase4,0,0.49310237,0
P8_V4_Phase5,1,0.5042209,0
P8_V4_Phase6,0,0.4949857,0
P8_V4_Phase7,0,0.4899566,0
P8_V4_Phase8,0,0.4895479,0
P8_V5_Phase1,0,0.48699513,0
P8_V5_Phase2,0,0.49247774,0
P8_V5_Phase3,0,0.49208012,0
P8_V5_Phase4,0,0.48967198,0
P8_V5_Phase5,0,0.49133807,0
P8_V5_Phase6,0,0.4923462,0
P8_V6_Phase1,0,0.49229974,0
P8_V6_Phase2,0,0.49338093,0
P8_V6_Phase3,0,0.4906803,0
P8_V6_Phase4,0,0.49242312,0
P8_V6_Phase5,0,0.48835796,0
P8_V6_Phase6,0,0.49374983,0
P8_V6_Phase7,0,0.48894128,0
P8_V6_Phase8,0,0.48955116,0
P8_V7_Phase1,1,0.5006508,0
P8_V7_Phase10,0,0.48909453,0
P8_V7_Phase11,0,0.49037662,0
P8_V7_Phase12,0,0.48338506,0
P8_V7_Phase13,1,0.5021224,0
P8_V7_Phase14,0,0.4899604,0
P8_V7_Phase15,0,0.49435642,0
P8_V7_Phase16,0,0.4875105,0
P8_V7_Phase17,0,0.49662104,0
P8_V7_Phase18,0,0.49643967,0
P8_V7_Phase19,0,0.48514584,0
P8_V7_Phase2,1,0.50205874,0
P8_V7_Phase20,0,0.49183238,0
P8_V7_Phase3,0,0.49937293,0
P8_V7_Phase4,0,0.49232766,0
P8_V7_Phase5,0,0.49173194,0
P8_V7_Phase6,0,0.49322405,0
P8_V7_Phase7,0,0.49783888,0
P8_V7_Phase8,0,0.48625472,0
P8_V7_Phase9,0,0.4913214,0
P9_V1_Phase1,1,0.5010791,0
P9_V1_Phase10,0,0.4871848,0
P9_V1_Phase11,0,0.4851442,0
P9_V1_Phase12,0,0.4933573,0
P9_V1_Phase13,0,0.49863932,0
P9_V1_Phase14,1,0.5066739,0
P9_V1_Phase15,0,0.48807427,0
P9_V1_Phase16,0,0.49190187,0
P9_V1_Phase17,0,0.4913217,0
P9_V1_Phase18,0,0.49340403,0
P9_V1_Phase19,0,0.49247316,1
P9_V1_Phase2,0,0.49222937,0
P9_V1_Phase20,1,0.504045,0
P9_V1_Phase21,1,0.5218552,0
P9_V1_Phase22,1,0.50316685,0
P9_V1_Phase23,1,0.50560725,0
P9_V1_Phase24,0,0.48961648,1
P9_V1_Phase25,0,0.49258885,0
P9_V1_Phase26,0,0.49212244,0
P9_V1_Phase27,0,0.49171647,0
P9_V1_Phase28,0,0.48687732,0
P9_V1_Phase29,0,0.491722,0
P9_V1_Phase3,0,0.4956091,0
P9_V1_Phase30,1,0.50851524,0
P9_V1_Phase31,1,0.5019736,0
P9_V1_Phase32,0,0.4958973,0
P9_V1_Phase33,1,0.5097295,0
P9_V1_Phase34,1,0.5043998,0
P9_V1_Phase35,1,0.5116789,0
P9_V1_Phase36,0,0.4861337,0
P9_V1_Phase4,0,0.49020237,0
P9_V1_Phase5,0,0.49218738,0
P9_V1_Phase6,0,0.49027786,0
P9_V1_Phase7,1,0.51951265,0
P9_V1_Phase8,1,0.504775,0
P9_V1_Phase9,0,0.4922153,0
P9_V2_Phase1,0,0.4913716,0
P9_V2_Phase10,0,0.4999912,0
P9_V2_Phase11,0,0.48950478,0
P9_V2_Phase12,0,0.49734896,0
P9_V2_Phase13,0,0.49848711,0
P9_V2_Phase14,1,0.50917405,0
P9_V2_Phase15,1,0.50741243,0
P9_V2_Phase16,1,0.50487876,0
P9_V2_Phase17,0,0.49128222,0
P9_V2_Phase18,0,0.49172202,0
P9_V2_Phase2,1,0.50453025,0
P9_V2_Phase20,0,0.49425772,0
P9_V2_Phase21,0,0.49004272,0
P9_V2_Phase22,0,0.491242,0
P9_V2_Phase23,1,0.5000412,0
P9_V2_Phase24,0,0.4985312,0
P9_V2_Phase25,0,0.49825764,0
P9_V2_Phase26,0,0.4920733,0
P9_V2_Phase27,0,0.48861492,0
P9_V2_Phase28,1,0.51137125,0
P9_V2_Phase29,1,0.5129441,0
P9_V2_Phase3,0,0.48900846,0
P9_V2_Phase30,1,0.50281227,0
P9_V2_Phase31,0,0.48490152,0
P9_V2_Phase32,0,0.49093872,0
P9_V2_Phase33,0,0.48995316,0
P9_V2_Phase34,0,0.48691607,0
P9_V2_Phase4,1,0.50028354,0
P9_V2_Phase5,0,0.49014947,0
P9_V2_Phase6,0,0.48972905,0
P9_V2_Phase7,0,0.4981957,0
P9_V2_Phase8,1,0.5077476,0
P9_V2_Phase9,0,0.49201635,0
P9_V3_Phase1,0,0.49271944,0
P9_V3_Phase10,0,0.48874313,0
P9_V3_Phase11,0,0.49468434,0
P9_V3_Phase12,0,0.4932289,0
P9_V3_Phase13,0,0.492336,0
P9_V3_Phase2,0,0.4888551,0
P9_V3_Phase3,0,0.49130166,0
P9_V3_Phase4,0,0.49178892,0
P9_V3_Phase5,0,0.49023175,0
P9_V3_Phase6,0,0.493422,0
P9_V3_Phase7,0,0.49373403,0
P9_V3_Phase8,0,0.48792213,0
P9_V3_Phase9,0,0.49330965,0
P9_V4_Phase1,1,0.5113889,0
P9_V4_Phase10,0,0.4911186,0
P9_V4_Phase11,0,0.4897592,0
P9_V4_Phase12,0,0.490489,0
P9_V4_Phase13,0,0.49150258,0
P9_V4_Phase14,0,0.4925651,0
P9_V4_Phase15,0,0.49336755,0
P9_V4_Phase16,0,0.49261725,0
P9_V4_Phase17,0,0.48641184,0
P9_V4_Phase2,0,0.48810402,0
P9_V4_Phase21,0,0.49034983,0
P9_V4_Phase22,0,0.4865364,0
P9_V4_Phase23,0,0.48859873,0
P9_V4_Phase24,0,0.4903884,0
P9_V4_Phase25,0,0.48587406,0
P9_V4_Phase26,0,0.48678145,0
P9_V4_Phase27,0,0.48943642,0
P9_V4_Phase29,0,0.49969772,0
P9_V4_Phase3,0,0.48942712,0
P9_V4_Phase30,0,0.4976567,0
P9_V4_Phase31,0,0.49063063,0
P9_V4_Phase32,0,0.49621066,0
P9_V4_Phase33,0,0.49578598,0
P9_V4_Phase34,0,0.49713424,0
P9_V4_Phase35,0,0.49201623,0
P9_V4_Phase36,0,0.49459162,0
P9_V4_Phase37,0,0.49294317,0
P9_V4_Phase38,0,0.49110913,0
P9_V4_Phase39,0,0.48536652,0
P9_V4_Phase4,0,0.4851287,0
P9_V4_Phase40,1,0.5075526,0
P9_V4_Phase41,0,0.49342996,0
P9_V4_Phase42,0,0.4891711,0
P9_V4_Phase43,0,0.490085,0
P9_V4_Phase44,0,0.48684964,0
P9_V4_Phase45,0,0.4922458,0
P9_V4_Phase46,0,0.49206397,0
P9_V4_Phase47,1,0.50046587,0
P9_V4_Phase48,0,0.49014,0
P9_V4_Phase49,0,0.49367157,0
P9_V4_Phase5,0,0.48977086,0
P9_V4_Phase50,0,0.48851338,0
P9_V4_Phase51,0,0.48772642,0
P9_V4_Phase52,1,0.5003422,1
P9_V4_Phase53,0,0.4878872,0
P9_V4_Phase54,1,0.5171986,0
P9_V4_Phase55,0,0.49209806,0
P9_V4_Phase56,1,0.50137067,0
P9_V4_Phase57,0,0.49126264,0
P9_V4_Phase6,0,0.48681065,0
P9_V4_Phase7,0,0.49738902,0
P9_V4_Phase8,0,0.49285224,0
P9_V4_Phase9,0,0.49264765,0
P9_V5_Phase1,0,0.49203092,0
P9_V5_Phase10,0,0.49462372,0
P9_V5_Phase11,1,0.50791913,0
P9_V5_Phase12,0,0.49698576,0
P9_V5_Phase13,0,0.48951522,0
P9_V5_Phase14,1,0.5067943,0
P9_V5_Phase15,0,0.48868617,0
P9_V5_Phase16,0,0.49460766,0
P9_V5_Phase17,0,0.49499932,1
P9_V5_Phase18,1,0.5024063,0
P9_V5_Phase19,0,0.48758486,1
P9_V5_Phase2,1,0.50398874,1
P9_V5_Phase20,0,0.4839443,0
P9_V5_Phase21,0,0.4924189,0
P9_V5_Phase22,1,0.50689024,0
P9_V5_Phase23,0,0.4898981,1
P9_V5_Phase24,0,0.48947805,0
P9_V5_Phase25,0,0.4921693,1
P9_V5_Phase26,1,0.50810593,0
P9_V5_Phase27,0,0.49592158,0
P9_V5_Phase28,1,0.50288945,0
P9_V5_Phase29,0,0.4967342,0
P9_V5_Phase3,0,0.48964876,1
P9_V5_Phase30,0,0.4916774,0
P9_V5_Phase31,0,0.49835947,0
P9_V5_Phase32,0,0.49265274,1
P9_V5_Phase33,1,0.5121164,1
P9_V5_Phase34,0,0.49134564,0
P9_V5_Phase35,0,0.48764923,0
P9_V5_Phase36,1,0.5098086,0
P9_V5_Phase37,0,0.49292645,0
P9_V5_Phase38,1,0.5039059,1
P9_V5_Phase39,1,0.5020315,0
P9_V5_Phase4,0,0.48954934,0
P9_V5_Phase40,0,0.48732972,0
P9_V5_Phase41,0,0.4962792,1
P9_V5_Phase42,0,0.49627092,0
P9_V5_Phase43,0,0.4906705,0
P9_V5_Phase44,0,0.49983212,0
P9_V5_Phase45,0,0.4915991,0
P9_V5_Phase46,1,0.5036158,0
P9_V5_Phase47,0,0.4923211,0
P9_V5_Phase48,0,0.49378955,0
P9_V5_Phase49,0,0.4867033,0
P9_V5_Phase5,0,0.48313978,1
P9_V5_Phase50,0,0.49237207,0
P9_V5_Phase51,0,0.49799082,0
P9_V5_Phase52,0,0.49247643,1
P9_V5_Phase53,0,0.49992865,1
P9_V5_Phase54,0,0.4906812,1
P9_V5_Phase55,0,0.48983717,0
P9_V5_Phase56,1,0.50079584,0
P9_V5_Phase57,0,0.49012718,1
P9_V5_Phase58,0,0.4990873,0
P9_V5_Phase59,0,0.49077296,0
P9_V5_Phase6,0,0.49610004,0
P9_V5_Phase60,0,0.4860297,0
P9_V5_Phase61,0,0.48990443,0
P9_V5_Phase62,1,0.5130976,1
P9_V5_Phase63,0,0.4921232,1
P9_V5_Phase64,0,0.49220642,1
P9_V5_Phase7,0,0.48579907,0
P9_V5_Phase8,1,0.50799906,1
P9_V5_Phase9,0,0.49036264,0
P9_V6_Phase1,0,0.49151072,0
P9_V6_Phase2,0,0.49121585,0
P9_V6_Phase3,0,0.4923499,0
P9_V6_Phase4,1,0.50375134,0
P9_V6_Phase5,0,0.49742362,0
P9_V6_Phase6,0,0.49145815,0
