phase_id,score_1,score_2,score_3,score_4,score_5,pred_score_1,pred_score_2,pred_score_3,pred_score_4,pred_score_5
P1_V10_Phase1,4.0,4.0,4.0,3.0,3.0,6.0683193,5.340462,5.656364,5.4045506,5.6923122
P1_V10_Phase10,2.0,1.0,2.0,2.0,2.0,6.0682063,5.341539,5.657352,5.4039087,5.6929936
P1_V10_Phase11,2.0,2.0,2.0,1.0,1.0,6.069215,5.3439155,5.657842,5.4049377,5.695572
P1_V10_Phase12,2.0,1.0,2.0,2.0,2.0,6.06932,5.3441553,5.6573863,5.4036217,5.6955376
P1_V10_Phase13,1.0,0.0,1.0,0.0,0.0,6.0715027,5.3448524,5.659739,5.405615,5.69673
P1_V10_Phase14,4.0,3.0,4.0,3.0,3.0,6.067912,5.3398395,5.6574607,5.40427,5.6919584
P1_V10_Phase15,4.0,3.0,4.0,3.0,3.0,6.0700703,5.343022,5.6590686,5.406048,5.695419
P1_V10_Phase16,4.0,3.0,4.0,3.0,3.0,6.0712957,5.3441024,5.6599174,5.4073334,5.6961203
P1_V10_Phase2,2.0,1.0,2.0,2.0,2.0,6.065083,5.33635,5.652558,5.404962,5.6869774
P1_V10_Phase3,4.0,4.0,4.0,3.0,3.0,6.0682406,5.3426833,5.6565766,5.404079,5.6945443
P1_V10_Phase4,2.0,1.0,2.0,1.0,1.0,6.062647,5.336596,5.6539383,5.399209,5.687091
P1_V10_Phase5,2.0,1.0,2.0,1.0,1.0,6.066244,5.3414874,5.655848,5.4029484,5.693246
P1_V10_Phase6,2.0,1.0,2.0,1.0,2.0,6.0668297,5.3348737,5.6567764,5.405608,5.6880026
P1_V10_Phase7,2.0,2.0,2.0,1.0,1.0,6.071144,5.3451657,5.6600385,5.4067316,5.6965103
P1_V10_Phase8,4.0,3.0,4.0,3.0,3.0,6.066201,5.340884,5.657086,5.4003267,5.6910357
P1_V10_Phase9,2.0,1.0,2.0,1.0,1.0,6.067137,5.341555,5.655966,5.4027586,5.6931577
P1_V11_Phase1,5.0,5.0,5.0,4.0,4.0,6.070924,5.3439946,5.659518,5.4065046,5.696006
P1_V11_Phase10,2.0,1.0,2.0,2.0,1.0,6.0679903,5.343453,5.6562877,5.4025183,5.694495
P1_V11_Phase11,4.0,3.0,4.0,3.0,3.0,6.0724897,5.3458686,5.66162,5.406885,5.69751
P1_V11_Phase12,2.0,1.0,1.0,2.0,2.0,6.0668793,5.3424807,5.6548305,5.4030013,5.6931896
P1_V11_Phase2,4.0,4.0,4.0,3.0,3.0,6.0698404,5.345659,5.6571913,5.404875,5.696105
P1_V11_Phase3,4.0,4.0,4.0,3.0,3.0,6.0693464,5.342512,5.6588473,5.405571,5.694426
P1_V11_Phase4,5.0,4.0,5.0,4.0,4.0,6.0701976,5.3431096,5.6593432,5.406808,5.6954303
P1_V11_Phase5,2.0,2.0,1.0,1.0,1.0,6.0667787,5.341868,5.654757,5.4025316,5.6914225
P1_V11_Phase6,5.0,4.0,5.0,4.0,4.0,6.0685277,5.339927,5.658032,5.4057817,5.6920547
P1_V11_Phase7,2.0,1.0,2.0,1.0,1.0,6.066961,5.3415856,5.654467,5.4022083,5.6921186
P1_V11_Phase8,2.0,1.0,2.0,2.0,2.0,6.06627,5.341435,5.6539516,5.403143,5.692108
P1_V11_Phase9,4.0,3.0,4.0,3.0,3.0,6.06957,5.342989,5.6583495,5.4051514,5.6955853
P1_V12_Phase1,2.0,1.0,2.0,2.0,2.0,6.0700445,5.344901,5.657533,5.404641,5.6959896
P1_V12_Phase10,9.0,8.0,8.0,9.0,8.0,6.066565,5.3431773,5.6535983,5.4026914,5.6934023
P1_V12_Phase11,9.0,8.0,8.0,9.0,9.0,6.0653973,5.340443,5.653712,5.4014406,5.69164
P1_V12_Phase12,9.0,8.0,9.0,9.0,9.0,6.0692267,5.3405776,5.6591763,5.4061403,5.693528
P1_V12_Phase13,9.0,9.0,9.0,9.0,9.0,6.065199,5.3399873,5.6528344,5.40057,5.6907244
P1_V12_Phase14,9.0,8.0,9.0,8.0,9.0,6.07396,5.3456283,5.665193,5.4094586,5.697745
P1_V12_Phase15,9.0,8.0,9.0,8.0,9.0,6.072049,5.3456063,5.660646,5.406327,5.6972184
P1_V12_Phase16,9.0,8.0,9.0,9.0,9.0,6.070957,5.3446603,5.6599154,5.4061756,5.6972065
P1_V12_Phase17,9.0,8.0,8.0,9.0,8.0,6.069636,5.341493,5.659738,5.4057736,5.6919317
P1_V12_Phase18,9.0,8.0,8.0,9.0,9.0,6.068426,5.3431873,5.6581674,5.4041314,5.6926975
P1_V12_Phase19,9.0,8.0,8.0,9.0,9.0,6.069556,5.345615,5.657939,5.4025364,5.696143
P1_V12_Phase2,5.0,4.0,5.0,5.0,5.0,6.0660505,5.340711,5.653722,5.401992,5.691063
P1_V12_Phase20,7.0,6.0,7.0,7.0,7.0,6.071182,5.343822,5.6610866,5.4070463,5.695883
P1_V12_Phase21,9.0,8.0,9.0,8.0,8.0,6.0718794,5.3465858,5.661116,5.4046717,5.6972632
P1_V12_Phase22,8.0,9.0,8.0,8.0,9.0,6.0709987,5.344027,5.6587725,5.405567,5.6957397
P1_V12_Phase23,9.0,9.0,9.0,9.0,9.0,6.064418,5.33994,5.652162,5.400407,5.6907153
P1_V12_Phase25,7.0,6.0,7.0,7.0,7.0,6.0676765,5.3425384,5.654843,5.403553,5.6930494
P1_V12_Phase26,9.0,9.0,9.0,9.0,9.0,6.062351,5.337551,5.6499457,5.397192,5.6881313
P1_V12_Phase27,9.0,8.0,9.0,9.0,9.0,6.070665,5.3452306,5.6586356,5.4038706,5.696325
P1_V12_Phase28,9.0,8.0,9.0,9.0,9.0,6.068878,5.344231,5.6566415,5.4053626,5.695534
P1_V12_Phase29,7.0,6.0,7.0,6.0,7.0,6.0704527,5.344341,5.6585164,5.4044576,5.695988
P1_V12_Phase3,2.0,1.0,2.0,2.0,2.0,6.067322,5.341307,5.655579,5.402534,5.6928787
P1_V12_Phase30,5.0,4.0,5.0,5.0,5.0,6.0690765,5.3436465,5.6574426,5.4037104,5.695092
P1_V12_Phase31,9.0,8.0,8.0,9.0,9.0,6.067919,5.342673,5.6561775,5.4027205,5.693568
P1_V12_Phase32,4.0,3.0,2.0,3.0,3.0,6.0738745,5.345903,5.663791,5.40932,5.69882
P1_V12_Phase33,7.0,6.0,7.0,6.0,6.0,6.0717487,5.344013,5.6614804,5.408578,5.696662
P1_V12_Phase34,2.0,1.0,2.0,2.0,2.0,6.0657406,5.338878,5.657511,5.4039383,5.689394
P1_V12_Phase35,4.0,3.0,3.0,3.0,3.0,6.075817,5.350308,5.664504,5.408967,5.7009935
P1_V12_Phase36,2.0,1.0,2.0,2.0,2.0,6.074657,5.34952,5.6636047,5.4097786,5.7002096
P1_V12_Phase37,3.0,2.0,3.0,2.0,2.0,6.0626926,5.3397174,5.650237,5.399393,5.6897135
P1_V12_Phase38,7.0,6.0,7.0,7.0,7.0,6.0693874,5.343485,5.6572485,5.4046535,5.695391
P1_V12_Phase39,6.0,5.0,5.0,4.0,5.0,6.0733366,5.348519,5.660215,5.407466,5.6992154
P1_V12_Phase4,7.0,6.0,7.0,7.0,7.0,6.0663366,5.3394856,5.6549897,5.4017982,5.691761
P1_V12_Phase40,9.0,8.0,9.0,9.0,9.0,6.067524,5.3421836,5.6553226,5.4044642,5.6937556
P1_V12_Phase41,4.0,3.0,4.0,3.0,3.0,6.0675087,5.3421297,5.6554866,5.403658,5.694018
P1_V12_Phase42,7.0,6.0,7.0,7.0,7.0,6.0717335,5.3454466,5.659825,5.4056807,5.6971564
P1_V12_Phase43,7.0,6.0,7.0,7.0,7.0,6.06359,5.3377185,5.6523414,5.400279,5.6887274
P1_V12_Phase44,9.0,8.0,8.0,9.0,9.0,6.067277,5.343248,5.656407,5.402726,5.693161
P1_V12_Phase45,7.0,6.0,7.0,6.0,6.0,6.06262,5.3386116,5.651956,5.401003,5.6875772
P1_V12_Phase46,7.0,6.0,7.0,7.0,7.0,6.0679617,5.343176,5.656705,5.4029746,5.69458
P1_V12_Phase47,5.0,4.0,4.0,5.0,5.0,6.0694723,5.344448,5.657149,5.4051256,5.6958046
P1_V12_Phase48,3.0,2.0,2.0,3.0,3.0,6.0707192,5.346006,5.6580796,5.4053345,5.6967745
P1_V12_Phase49,7.0,6.0,7.0,7.0,7.0,6.0714917,5.343785,5.6612744,5.407322,5.696248
P1_V12_Phase5,7.0,6.0,7.0,7.0,7.0,6.0681334,5.3415675,5.65692,5.404089,5.6932983
P1_V12_Phase50,5.0,4.0,4.0,3.0,4.0,6.067259,5.340758,5.6552167,5.402906,5.692361
P1_V12_Phase51,9.0,9.0,9.0,9.0,9.0,6.068324,5.340302,5.6573887,5.4042597,5.6925697
P1_V12_Phase52,2.0,2.0,2.0,1.0,2.0,6.0694084,5.3417993,5.659247,5.4057837,5.6929026
P1_V12_Phase53,7.0,6.0,7.0,6.0,7.0,6.066991,5.340384,5.655717,5.4026947,5.6922784
P1_V12_Phase54,5.0,5.0,5.0,4.0,4.0,6.0690393,5.3427954,5.6583724,5.4053187,5.6939135
P1_V12_Phase55,2.0,1.0,2.0,2.0,2.0,6.0685625,5.3427033,5.6565495,5.4032907,5.6945343
P1_V12_Phase56,2.0,1.0,2.0,2.0,2.0,6.070252,5.3434663,5.6593375,5.406415,5.6953716
P1_V12_Phase57,9.0,8.0,8.0,9.0,9.0,6.0719175,5.3462915,5.660334,5.4061522,5.698021
P1_V12_Phase58,5.0,4.0,3.0,4.0,4.0,6.0694504,5.34528,5.656821,5.4044757,5.696219
P1_V12_Phase59,9.0,8.0,8.0,9.0,8.0,6.068471,5.342297,5.6568437,5.404326,5.6947765
P1_V12_Phase6,7.0,6.0,7.0,7.0,7.0,6.0716186,5.3460407,5.659366,5.406538,5.696908
P1_V12_Phase60,4.0,3.0,4.0,4.0,4.0,6.068744,5.3439455,5.6568904,5.404584,5.694936
P1_V12_Phase61,5.0,4.0,5.0,4.0,4.0,6.0679684,5.3415685,5.6578,5.403818,5.6937966
P1_V12_Phase62,2.0,1.0,2.0,2.0,2.0,6.0694404,5.343166,5.657815,5.405907,5.6952143
P1_V12_Phase63,4.0,5.0,4.0,3.0,4.0,6.0720167,5.345594,5.6615734,5.408082,5.6969886
P1_V12_Phase64,4.0,3.0,4.0,3.0,3.0,6.0699883,5.34428,5.6582713,5.404929,5.695857
P1_V12_Phase65,4.0,3.0,4.0,3.0,3.0,6.064972,5.340049,5.6531,5.4003963,5.691128
P1_V12_Phase66,5.0,4.0,5.0,4.0,5.0,6.0646806,5.339044,5.6528344,5.401164,5.6896486
P1_V12_Phase67,2.0,1.0,2.0,2.0,2.0,6.069443,5.342008,5.659412,5.4057226,5.69457
P1_V12_Phase68,4.0,3.0,4.0,4.0,4.0,6.065959,5.338219,5.6556087,5.4021883,5.6897354
P1_V12_Phase69,5.0,4.0,5.0,4.0,4.0,6.0646534,5.339653,5.6534925,5.4008045,5.6904936
P1_V12_Phase7,9.0,8.0,9.0,8.0,8.0,6.0702806,5.343218,5.6598334,5.406566,5.6945724
P1_V12_Phase8,7.0,6.0,7.0,6.0,7.0,6.0668883,5.343538,5.6543584,5.402883,5.6937423
P1_V12_Phase9,9.0,8.0,8.0,9.0,9.0,6.0709634,5.343849,5.660709,5.4069843,5.696411
P1_V13_Phase1,2.0,1.0,2.0,2.0,2.0,6.067399,5.3440037,5.6544394,5.403332,5.6945314
P1_V13_Phase10,5.0,4.0,5.0,5.0,5.0,6.0653405,5.343017,5.6522317,5.400152,5.6926765
P1_V13_Phase100,9.0,9.0,9.0,9.0,9.0,6.0683146,5.3453636,5.6563745,5.401328,5.694716
P1_V13_Phase101,7.0,6.0,7.0,7.0,7.0,6.073165,5.3460135,5.660697,5.410116,5.697662
P1_V13_Phase102,7.0,6.0,7.0,7.0,7.0,6.0692344,5.3439074,5.657005,5.404825,5.694318
P1_V13_Phase103,9.0,9.0,9.0,9.0,9.0,6.070092,5.3446937,5.6570187,5.4032707,5.6958303
P1_V13_Phase11,9.0,8.0,9.0,8.0,8.0,6.0642915,5.3394055,5.6515265,5.4005303,5.690361
P1_V13_Phase12,9.0,8.0,9.0,8.0,9.0,6.069344,5.3437266,5.6571174,5.4033194,5.6953883
P1_V13_Phase13,9.0,8.0,8.0,9.0,9.0,6.0706787,5.3450265,5.659577,5.4047055,5.6958957
P1_V13_Phase14,9.0,8.0,8.0,9.0,9.0,6.070159,5.343515,5.658932,5.405489,5.695519
P1_V13_Phase15,5.0,4.0,5.0,4.0,5.0,6.069272,5.3458767,5.656384,5.403989,5.6959867
P1_V13_Phase16,4.0,3.0,4.0,3.0,3.0,6.0688834,5.342429,5.6572785,5.404702,5.6947656
P1_V13_Phase17,5.0,4.0,5.0,5.0,5.0,6.0699587,5.342734,5.658218,5.4061956,5.6948624
P1_V13_Phase18,2.0,1.0,2.0,2.0,2.0,6.0583553,5.3331723,5.6475945,5.396223,5.683079
P1_V13_Phase19,7.0,6.0,7.0,6.0,7.0,6.062193,5.3367133,5.6505504,5.3984857,5.6878366
P1_V13_Phase2,4.0,3.0,4.0,4.0,4.0,6.0698357,5.343759,5.6580715,5.404838,5.6957994
P1_V13_Phase20,4.0,3.0,4.0,3.0,3.0,6.066657,5.3417478,5.6537786,5.401679,5.692624
P1_V13_Phase21,4.0,3.0,4.0,3.0,3.0,6.0647173,5.341742,5.652342,5.3986087,5.6912127
P1_V13_Phase22,4.0,3.0,3.0,4.0,4.0,6.063948,5.3381963,5.6529536,5.400767,5.6882896
P1_V13_Phase23,2.0,1.0,2.0,2.0,2.0,6.0659366,5.342002,5.652565,5.4007926,5.691957
P1_V13_Phase24,2.0,2.0,1.0,2.0,2.0,6.0724096,5.3463597,5.6598344,5.407338,5.6980734
P1_V13_Phase25,4.0,3.0,3.0,4.0,4.0,6.0721817,5.343248,5.663018,5.4090395,5.6957817
P1_V13_Phase26,2.0,1.0,2.0,2.0,2.0,6.0652285,5.3410387,5.652471,5.3996506,5.6917896
P1_V13_Phase27,4.0,3.0,4.0,4.0,4.0,6.0702267,5.343716,5.6592865,5.405573,5.6956234
P1_V13_Phase28,9.0,8.0,9.0,8.0,9.0,6.0666976,5.341168,5.6553617,5.4028993,5.6913776
P1_V13_Phase29,5.0,4.0,5.0,3.0,4.0,6.0684137,5.343495,5.6596007,5.403809,5.6931934
P1_V13_Phase3,2.0,1.0,1.0,2.0,2.0,6.0650463,5.340877,5.6521635,5.4016314,5.6917276
P1_V13_Phase30,4.0,3.0,4.0,3.0,4.0,6.0654554,5.335923,5.657985,5.406617,5.686614
P1_V13_Phase31,2.0,1.0,2.0,2.0,2.0,6.064931,5.340684,5.6531706,5.401237,5.6912274
P1_V13_Phase32,2.0,1.0,2.0,1.0,2.0,6.0685644,5.3420606,5.658974,5.4045286,5.6947026
P1_V13_Phase33,5.0,4.0,5.0,4.0,4.0,6.069909,5.343987,5.658051,5.404734,5.6954327
P1_V13_Phase34,7.0,6.0,7.0,7.0,7.0,6.0711546,5.3453116,5.6584644,5.405024,5.696901
P1_V13_Phase36,5.0,4.0,5.0,4.0,4.0,6.052661,5.3265586,5.646695,5.3932514,5.677294
P1_V13_Phase37,2.0,1.0,2.0,2.0,2.0,6.0685635,5.3413215,5.6566286,5.405608,5.692375
P1_V13_Phase38,5.0,4.0,3.0,4.0,4.0,6.0700927,5.34232,5.660031,5.4072123,5.694004
P1_V13_Phase39,2.0,1.0,2.0,2.0,2.0,6.0691075,5.3445992,5.657933,5.4030066,5.6953783
P1_V13_Phase4,4.0,3.0,4.0,4.0,4.0,6.0668325,5.3427663,5.654741,5.40075,5.693029
P1_V13_Phase40,4.0,3.0,4.0,3.0,3.0,6.0711155,5.3447495,5.659019,5.405246,5.6965017
P1_V13_Phase41,9.0,8.0,9.0,9.0,9.0,6.064717,5.333353,5.655623,5.4040585,5.685611
P1_V13_Phase42,9.0,8.0,9.0,8.0,9.0,6.0706663,5.344091,5.658905,5.405301,5.6955595
P1_V13_Phase43,2.0,1.0,2.0,2.0,2.0,6.0677814,5.342339,5.6564374,5.402842,5.693814
P1_V13_Phase44,9.0,8.0,9.0,8.0,9.0,6.0751424,5.347766,5.665294,5.409819,5.7005625
P1_V13_Phase45,9.0,8.0,8.0,8.0,9.0,6.066127,5.3403316,5.6534586,5.403218,5.6918426
P1_V13_Phase46,7.0,6.0,7.0,7.0,7.0,6.0665116,5.3414063,5.6542115,5.4026527,5.692896
P1_V13_Phase47,2.0,1.0,2.0,2.0,2.0,6.07104,5.3476377,5.6594515,5.4052916,5.697215
P1_V13_Phase48,7.0,6.0,7.0,6.0,6.0,6.06925,5.3434873,5.6567206,5.4037848,5.695163
P1_V13_Phase49,9.0,8.0,9.0,8.0,9.0,6.062724,5.3388486,5.6494927,5.399582,5.689723
P1_V13_Phase5,4.0,3.0,4.0,3.0,3.0,6.0699415,5.344581,5.658546,5.405698,5.696324
P1_V13_Phase50,7.0,6.0,7.0,7.0,7.0,6.0660696,5.339968,5.6554008,5.4033737,5.691675
P1_V13_Phase51,4.0,3.0,4.0,3.0,3.0,6.0666513,5.3404775,5.655548,5.4031696,5.691638
P1_V13_Phase52,5.0,4.0,5.0,4.0,5.0,6.0685577,5.342652,5.6573663,5.403591,5.6942797
P1_V13_Phase53,2.0,1.0,2.0,2.0,2.0,6.069861,5.3441443,5.658294,5.4061675,5.6955338
P1_V13_Phase54,4.0,3.0,4.0,4.0,4.0,6.06956,5.3436613,5.6584377,5.406656,5.694965
P1_V13_Phase55,2.0,1.0,1.0,2.0,2.0,6.0643754,5.339598,5.652406,5.399221,5.69032
P1_V13_Phase56,7.0,6.0,7.0,6.0,6.0,6.0670996,5.340922,5.6555696,5.4040656,5.692636
P1_V13_Phase57,5.0,4.0,5.0,4.0,3.0,6.066929,5.3408585,5.6560516,5.402728,5.6925607
P1_V13_Phase58,5.0,4.0,5.0,4.0,4.0,6.069297,5.3432603,5.6571,5.4054947,5.695019
P1_V13_Phase59,2.0,1.0,2.0,2.0,2.0,6.06033,5.3383203,5.6469026,5.3972774,5.688047
P1_V13_Phase6,7.0,6.0,7.0,6.0,6.0,6.069768,5.343474,5.6576214,5.40518,5.694458
P1_V13_Phase60,2.0,1.0,2.0,2.0,2.0,6.0678616,5.343392,5.6548285,5.4041777,5.6944375
P1_V13_Phase61,9.0,8.0,9.0,8.0,9.0,6.0691514,5.3424506,5.659751,5.4054976,5.694526
P1_V13_Phase62,9.0,8.0,9.0,9.0,9.0,6.0679398,5.341698,5.656117,5.404626,5.693179
P1_V13_Phase63,7.0,6.0,7.0,6.0,7.0,6.067743,5.3424497,5.656893,5.4031506,5.6936636
P1_V13_Phase64,9.0,8.0,9.0,8.0,9.0,6.0654283,5.3381586,5.655313,5.403922,5.689321
P1_V13_Phase65,7.0,6.0,7.0,7.0,7.0,6.0718584,5.3459973,5.661312,5.4079943,5.697275
P1_V13_Phase66,9.0,8.0,9.0,9.0,9.0,6.066948,5.34374,5.6546197,5.4030256,5.692792
P1_V13_Phase67,9.0,8.0,9.0,8.0,9.0,6.0680056,5.3428617,5.654515,5.40425,5.6944504
P1_V13_Phase68,9.0,8.0,9.0,9.0,9.0,6.062778,5.337242,5.653321,5.400155,5.6872473
P1_V13_Phase69,9.0,8.0,9.0,8.0,9.0,6.0706806,5.343129,5.6587234,5.4051847,5.694911
P1_V13_Phase7,7.0,6.0,7.0,6.0,6.0,6.06603,5.3425403,5.6530633,5.401498,5.6931114
P1_V13_Phase70,8.0,8.0,9.0,9.0,8.0,6.0699754,5.34541,5.6570034,5.4057693,5.6957045
P1_V13_Phase71,2.0,1.0,2.0,2.0,2.0,6.066498,5.339968,5.655124,5.402814,5.6914835
P1_V13_Phase72,9.0,9.0,9.0,9.0,9.0,6.065484,5.340859,5.6534963,5.4008846,5.6921563
P1_V13_Phase73,5.0,4.0,4.0,5.0,5.0,6.0633945,5.3394017,5.651587,5.398821,5.690259
P1_V13_Phase74,5.0,4.0,5.0,4.0,5.0,6.069095,5.3436775,5.657027,5.40536,5.6952953
P1_V13_Phase75,4.0,3.0,4.0,5.0,5.0,6.0675263,5.344056,5.6544776,5.401876,5.6941366
P1_V13_Phase76,7.0,6.0,7.0,7.0,7.0,6.0679474,5.342157,5.6570563,5.403454,5.693425
P1_V13_Phase77,9.0,8.0,9.0,8.0,9.0,6.0678,5.3401875,5.6567955,5.404401,5.691999
P1_V13_Phase78,9.0,8.0,9.0,8.0,9.0,6.0624533,5.3379455,5.651012,5.3978724,5.688711
P1_V13_Phase79,9.0,9.0,9.0,8.0,9.0,6.0684147,5.3441987,5.6564975,5.404415,5.695015
P1_V13_Phase8,4.0,3.0,4.0,3.0,3.0,6.0703897,5.345907,5.6581273,5.404269,5.6965933
P1_V13_Phase80,9.0,9.0,9.0,9.0,9.0,6.0731335,5.3452024,5.6623154,5.407654,5.697757
P1_V13_Phase81,7.0,6.0,7.0,7.0,7.0,6.0716224,5.344747,5.661115,5.407731,5.6968117
P1_V13_Phase82,9.0,8.0,9.0,8.0,9.0,6.069346,5.3436546,5.6577578,5.4056168,5.6954346
P1_V13_Phase83,7.0,6.0,7.0,7.0,7.0,6.062648,5.3406277,5.6503186,5.397717,5.690052
P1_V13_Phase84,7.0,6.0,7.0,6.0,6.0,6.067829,5.3413215,5.6568832,5.4039183,5.692399
P1_V13_Phase85,9.0,9.0,9.0,9.0,9.0,6.0689907,5.342378,5.656858,5.4041696,5.6944256
P1_V13_Phase86,9.0,8.0,9.0,9.0,9.0,6.0703144,5.343295,5.659327,5.405125,5.6954203
P1_V13_Phase87,9.0,8.0,9.0,8.0,9.0,6.065833,5.338918,5.658466,5.4021063,5.688936
P1_V13_Phase88,9.0,8.0,9.0,9.0,9.0,6.0717506,5.3449726,5.6605473,5.4067955,5.696805
P1_V13_Phase89,2.0,1.0,2.0,2.0,2.0,6.064524,5.3399777,5.6528063,5.400152,5.6902122
P1_V13_Phase9,5.0,4.0,5.0,5.0,5.0,6.0660477,5.341167,5.6546264,5.401636,5.691612
P1_V13_Phase90,9.0,8.0,9.0,9.0,9.0,6.060747,5.337202,5.6497655,5.3955383,5.6874895
P1_V13_Phase91,9.0,8.0,9.0,9.0,9.0,6.072116,5.346893,5.661464,5.405155,5.698328
P1_V13_Phase92,9.0,9.0,9.0,9.0,9.0,6.0715446,5.34448,5.6594367,5.4071765,5.6971884
P1_V13_Phase93,9.0,9.0,9.0,9.0,9.0,6.071848,5.3444304,5.6615176,5.407957,5.6968746
P1_V13_Phase94,9.0,9.0,9.0,9.0,9.0,6.0660424,5.3428254,5.65373,5.4002542,5.693451
P1_V13_Phase95,9.0,9.0,9.0,9.0,9.0,6.072708,5.346889,5.661624,5.405987,5.6979623
P1_V13_Phase96,9.0,9.0,9.0,9.0,9.0,6.069461,5.345302,5.657708,5.403122,5.6956224
P1_V13_Phase97,9.0,9.0,9.0,9.0,9.0,6.0661225,5.342007,5.6540546,5.40137,5.6929293
P1_V13_Phase98,9.0,9.0,9.0,9.0,9.0,6.069337,5.343872,5.6574826,5.404463,5.695827
P1_V13_Phase99,9.0,9.0,9.0,9.0,9.0,6.0719423,5.346761,5.660702,5.408043,5.6981583
P1_V14_Phase1,5.0,4.0,5.0,5.0,5.0,6.0657153,5.3398223,5.653625,5.40099,5.691822
P1_V14_Phase10,9.0,9.0,9.0,9.0,9.0,6.0664244,5.34199,5.655243,5.401783,5.692918
P1_V14_Phase11,9.0,9.0,9.0,9.0,9.0,6.069689,5.343975,5.658027,5.404954,5.6954646
P1_V14_Phase12,4.0,3.0,3.0,4.0,4.0,6.069289,5.3408594,5.6615424,5.406783,5.6914434
P1_V14_Phase13,7.0,6.0,7.0,7.0,7.0,6.070197,5.3442006,5.6579328,5.404913,5.6959677
P1_V14_Phase14,5.0,4.0,5.0,5.0,5.0,6.0713067,5.343791,5.6613097,5.408457,5.696416
P1_V14_Phase15,9.0,9.0,9.0,9.0,9.0,6.067991,5.341657,5.656512,5.4044,5.693818
P1_V14_Phase16,5.0,4.0,5.0,5.0,5.0,6.06495,5.338223,5.653251,5.4009433,5.6897936
P1_V14_Phase17,9.0,9.0,9.0,8.0,9.0,6.074391,5.3481007,5.662212,5.4078374,5.69998
P1_V14_Phase18,7.0,6.0,7.0,6.0,7.0,6.055461,5.3307204,5.6493635,5.395303,5.680999
P1_V14_Phase19,7.0,6.0,7.0,6.0,7.0,6.071622,5.3453746,5.658956,5.406927,5.697071
P1_V14_Phase2,5.0,4.0,5.0,5.0,5.0,6.063465,5.339,5.6512322,5.3987246,5.690031
P1_V14_Phase20,7.0,6.0,6.0,6.0,7.0,6.0667095,5.340258,5.6550145,5.4032235,5.691773
P1_V14_Phase21,9.0,9.0,9.0,9.0,9.0,6.066967,5.340574,5.65517,5.4029074,5.691127
P1_V14_Phase22,9.0,9.0,9.0,9.0,9.0,6.0683727,5.3422503,5.657503,5.40359,5.6941667
P1_V14_Phase23,9.0,9.0,9.0,9.0,9.0,6.069124,5.3419976,5.657538,5.404845,5.693564
P1_V14_Phase24,9.0,9.0,9.0,9.0,9.0,6.0684695,5.342008,5.6570535,5.4038043,5.693214
P1_V14_Phase25,9.0,9.0,8.0,9.0,9.0,6.068284,5.3428264,5.6573653,5.4034333,5.694097
P1_V14_Phase26,3.0,2.0,3.0,2.0,2.0,6.0707383,5.3458295,5.6584992,5.405421,5.696374
P1_V14_Phase27,9.0,9.0,9.0,9.0,9.0,6.0677767,5.341062,5.657203,5.403363,5.6925144
P1_V14_Phase28,9.0,9.0,9.0,9.0,9.0,6.069105,5.3440523,5.657085,5.4033093,5.695514
P1_V14_Phase29,9.0,9.0,9.0,9.0,9.0,6.070465,5.344317,5.6589437,5.406636,5.696226
P1_V14_Phase3,5.0,4.0,5.0,5.0,5.0,6.067278,5.3417954,5.65493,5.402913,5.6933236
P1_V14_Phase30,7.0,6.0,7.0,7.0,7.0,6.072153,5.3441024,5.6613407,5.40931,5.696627
P1_V14_Phase31,5.0,4.0,5.0,5.0,5.0,6.0635138,5.3398004,5.6507516,5.3983545,5.690316
P1_V14_Phase32,9.0,9.0,9.0,9.0,9.0,6.0689087,5.342953,5.6576366,5.404452,5.6948156
P1_V14_Phase33,9.0,9.0,9.0,9.0,9.0,6.068965,5.3430314,5.6575003,5.4038124,5.694682
P1_V14_Phase34,7.0,6.0,7.0,7.0,7.0,6.069455,5.342975,5.6585336,5.404939,5.6942463
P1_V14_Phase35,9.0,9.0,9.0,9.0,9.0,6.0628977,5.3396945,5.6505723,5.3976555,5.6897087
P1_V14_Phase36,9.0,9.0,9.0,9.0,9.0,6.0705547,5.345229,5.659588,5.4050164,5.696734
P1_V14_Phase37,9.0,9.0,9.0,9.0,9.0,6.0694056,5.3438,5.65665,5.4038916,5.694607
P1_V14_Phase38,7.0,6.0,7.0,7.0,7.0,6.06988,5.3442407,5.657628,5.404761,5.6955748
P1_V14_Phase39,9.0,9.0,9.0,9.0,9.0,6.067994,5.343071,5.6558213,5.4030075,5.694189
P1_V14_Phase4,6.0,6.0,7.0,7.0,7.0,6.0675573,5.3418813,5.6558537,5.402675,5.692772
P1_V14_Phase40,9.0,9.0,9.0,9.0,9.0,6.0685735,5.3436236,5.656261,5.4036465,5.694989
P1_V14_Phase41,4.0,3.0,4.0,3.0,3.0,6.063794,5.341108,5.6504416,5.3994246,5.6904984
P1_V14_Phase42,9.0,8.0,9.0,9.0,9.0,6.075232,5.348495,5.6650443,5.4096136,5.700591
P1_V14_Phase43,5.0,4.0,5.0,5.0,5.0,6.0731783,5.344772,5.6624856,5.4092255,5.6986694
P1_V14_Phase44,5.0,4.0,5.0,5.0,5.0,6.0714483,5.3455205,5.6600747,5.405568,5.697234
P1_V14_Phase45,5.0,4.0,5.0,4.0,5.0,6.064698,5.342187,5.651547,5.4006567,5.692295
P1_V14_Phase46,9.0,9.0,9.0,9.0,9.0,6.0691223,5.343121,5.6560435,5.40349,5.6944265
P1_V14_Phase5,7.0,6.0,7.0,7.0,7.0,6.0675955,5.342031,5.6569858,5.4036083,5.6929216
P1_V14_Phase6,7.0,6.0,7.0,7.0,7.0,6.0709743,5.344893,5.659549,5.40685,5.696168
P1_V14_Phase7,9.0,8.0,9.0,9.0,9.0,6.0631714,5.3374424,5.6524305,5.399845,5.688246
P1_V14_Phase8,4.0,5.0,4.0,3.0,4.0,6.0686483,5.342632,5.6572413,5.404378,5.6927805
P1_V14_Phase9,9.0,8.0,9.0,8.0,9.0,6.069702,5.342177,5.6602206,5.4068146,5.693851
P1_V15_Phase1,9.0,8.0,9.0,8.0,9.0,6.063225,5.3387876,5.6508355,5.399291,5.6898975
P1_V15_Phase10,7.0,6.0,7.0,6.0,7.0,6.0707374,5.3432937,5.6589465,5.4062552,5.6957946
P1_V15_Phase11,9.0,8.0,9.0,8.0,9.0,6.06709,5.34207,5.6551995,5.402315,5.692583
P1_V15_Phase12,9.0,8.0,9.0,8.0,9.0,6.0682306,5.3410897,5.657093,5.404709,5.692543
P1_V15_Phase13,9.0,8.0,9.0,8.0,9.0,6.0684366,5.341288,5.6584587,5.4040976,5.692694
P1_V15_Phase14,7.0,6.0,7.0,6.0,7.0,6.068553,5.3448005,5.6570106,5.4036293,5.6935844
P1_V15_Phase15,9.0,8.0,9.0,8.0,9.0,6.0694103,5.3444304,5.6575747,5.4038973,5.696122
P1_V15_Phase16,9.0,9.0,9.0,9.0,9.0,6.069554,5.3418846,5.657763,5.4055634,5.6944423
P1_V15_Phase17,7.0,6.0,7.0,6.0,7.0,6.0740356,5.3471684,5.663218,5.4086924,5.699756
P1_V15_Phase18,7.0,6.0,7.0,6.0,6.0,6.065259,5.339398,5.653754,5.4017057,5.6902447
P1_V15_Phase19,7.0,6.0,7.0,6.0,6.0,6.068186,5.3416014,5.656697,5.4037676,5.6933184
P1_V15_Phase2,9.0,8.0,9.0,8.0,9.0,6.0663834,5.33975,5.6551175,5.4040446,5.690875
P1_V15_Phase20,7.0,6.0,7.0,6.0,6.0,6.070316,5.3435116,5.6592994,5.4057474,5.695935
P1_V15_Phase21,7.0,7.0,7.0,6.0,7.0,6.0678596,5.3404574,5.656896,5.4043922,5.6925507
P1_V15_Phase22,5.0,4.0,5.0,4.0,5.0,6.068313,5.3414707,5.6566205,5.4043436,5.692552
P1_V15_Phase23,7.0,6.0,7.0,6.0,6.0,6.068819,5.343006,5.6577244,5.404882,5.6930256
P1_V15_Phase24,7.0,6.0,7.0,6.0,7.0,6.0729766,5.341904,5.665373,5.4091997,5.6937504
P1_V15_Phase25,7.0,7.0,7.0,6.0,7.0,6.0662766,5.341279,5.655518,5.401128,5.6927814
P1_V15_Phase26,9.0,8.0,9.0,8.0,9.0,6.0693455,5.343284,5.6574354,5.4058924,5.6936474
P1_V15_Phase27,9.0,9.0,8.0,9.0,9.0,6.0667887,5.3407106,5.654177,5.403448,5.6918716
P1_V15_Phase28,5.0,4.0,5.0,4.0,3.0,6.0713806,5.3459983,5.659715,5.405912,5.6965837
P1_V15_Phase29,7.0,7.0,7.0,6.0,6.0,6.0651846,5.339963,5.653145,5.401295,5.690258
P1_V15_Phase3,4.0,3.0,4.0,3.0,3.0,6.0655184,5.3406844,5.653353,5.399489,5.691066
P1_V15_Phase30,5.0,4.0,5.0,4.0,4.0,6.0729117,5.3468785,5.6611643,5.406701,5.6985583
P1_V15_Phase31,9.0,8.0,9.0,8.0,9.0,6.0767355,5.347842,5.6665807,5.4115534,5.7010164
P1_V15_Phase32,9.0,8.0,9.0,8.0,9.0,6.0681257,5.3412747,5.6591682,5.403775,5.6922007
P1_V15_Phase33,7.0,6.0,7.0,6.0,7.0,6.067811,5.343224,5.654387,5.4039254,5.693989
P1_V15_Phase34,5.0,4.0,5.0,4.0,5.0,6.0658436,5.340212,5.656195,5.402316,5.68991
P1_V15_Phase35,9.0,8.0,9.0,8.0,9.0,6.067141,5.3425384,5.655239,5.4018764,5.694181
P1_V15_Phase36,7.0,7.0,7.0,6.0,7.0,6.0668335,5.339619,5.65525,5.4040675,5.690887
P1_V15_Phase37,1.0,0.0,1.0,0.0,1.0,6.066592,5.34032,5.6546273,5.401866,5.692087
P1_V15_Phase38,7.0,6.0,7.0,6.0,7.0,6.075632,5.3493433,5.663463,5.4093614,5.7008076
P1_V15_Phase39,7.0,6.0,7.0,6.0,6.0,6.0701637,5.3437343,5.6577168,5.405695,5.6955304
P1_V15_Phase4,7.0,6.0,7.0,6.0,7.0,6.066039,5.341933,5.651738,5.400194,5.6927505
P1_V15_Phase40,7.0,6.0,7.0,6.0,7.0,6.069175,5.342201,5.6578927,5.4050016,5.693907
P1_V15_Phase41,9.0,9.0,8.0,9.0,8.0,6.066679,5.3406506,5.655271,5.401745,5.6921883
P1_V15_Phase42,5.0,4.0,5.0,4.0,4.0,6.068529,5.3445115,5.6573825,5.403142,5.695255
P1_V15_Phase43,5.0,4.0,5.0,4.0,3.0,6.06991,5.345554,5.6577287,5.4045887,5.6968665
P1_V15_Phase44,9.0,9.0,9.0,9.0,9.0,6.0699806,5.343311,5.6591506,5.405704,5.695006
P1_V15_Phase45,2.0,1.0,1.0,2.0,1.0,6.0607257,5.3367906,5.647296,5.397004,5.6871634
P1_V15_Phase46,5.0,4.0,5.0,4.0,4.0,6.067264,5.341425,5.6552634,5.402676,5.6931715
P1_V15_Phase47,7.0,6.0,7.0,6.0,7.0,6.069121,5.3436337,5.6568913,5.4045863,5.69514
P1_V15_Phase48,9.0,9.0,9.0,9.0,9.0,6.070671,5.344341,5.6590476,5.4064445,5.6961327
P1_V15_Phase49,7.0,6.0,7.0,6.0,6.0,6.070267,5.3400836,5.661649,5.4084272,5.6922503
P1_V15_Phase5,7.0,6.0,7.0,6.0,7.0,6.0721908,5.3476233,5.6615434,5.406636,5.698309
P1_V15_Phase50,9.0,8.0,9.0,8.0,9.0,6.0677958,5.342518,5.6560264,5.4026566,5.6944246
P1_V15_Phase51,7.0,6.0,7.0,6.0,7.0,6.0674753,5.339708,5.6580176,5.4036636,5.6915703
P1_V15_Phase52,7.0,6.0,7.0,6.0,7.0,6.067875,5.3397193,5.6575656,5.4050217,5.691263
P1_V15_Phase53,7.0,7.0,6.0,7.0,7.0,6.0702724,5.3425136,5.6599927,5.4058704,5.6934156
P1_V15_Phase54,2.0,1.0,2.0,1.0,2.0,6.0727816,5.3468475,5.661039,5.406814,5.6986637
P1_V15_Phase6,7.0,6.0,7.0,6.0,6.0,6.0657444,5.339135,5.6553216,5.4023676,5.689802
P1_V15_Phase7,2.0,1.0,2.0,1.0,2.0,6.066773,5.3416247,5.6550503,5.402922,5.691983
P1_V15_Phase8,7.0,6.0,7.0,6.0,6.0,6.0651526,5.339006,5.6535163,5.4015484,5.6904716
P1_V15_Phase9,2.0,1.0,1.0,1.0,1.0,6.069971,5.3444867,5.6580715,5.4048114,5.6960897
P1_V16_Phase1,7.0,6.0,7.0,7.0,7.0,6.0648527,5.339783,5.6528134,5.4002924,5.690439
P1_V16_Phase11,7.0,7.0,6.0,7.0,6.0,6.0656605,5.337025,5.6574264,5.403983,5.688591
P1_V16_Phase12,0.0,0.0,0.0,0.0,0.0,6.0675554,5.3422503,5.655516,5.40308,5.6933756
P1_V16_Phase13,7.0,6.0,7.0,7.0,7.0,6.064093,5.3412805,5.6516275,5.3999376,5.6915483
P1_V16_Phase14,4.0,3.0,4.0,3.0,3.0,6.0708075,5.344329,5.6596475,5.4062967,5.696315
P1_V16_Phase17,5.0,4.0,5.0,5.0,5.0,6.06124,5.33526,5.6505513,5.399337,5.685719
P1_V16_Phase18,5.0,4.0,5.0,5.0,5.0,6.0653753,5.339157,5.6533065,5.4017277,5.691148
P1_V16_Phase2,7.0,6.0,7.0,6.0,6.0,6.066476,5.3408136,5.655202,5.4021,5.692442
P1_V16_Phase20,5.0,4.0,5.0,5.0,5.0,6.067337,5.3417106,5.655851,5.4041214,5.693266
P1_V16_Phase21,7.0,7.0,6.0,7.0,7.0,6.065843,5.3410325,5.6541963,5.4031086,5.691581
P1_V16_Phase22,5.0,4.0,4.0,3.0,4.0,6.0679855,5.3417068,5.656365,5.4039516,5.6941004
P1_V16_Phase23,5.0,5.0,4.0,4.0,4.0,6.064168,5.340284,5.651254,5.4003286,5.6905823
P1_V16_Phase24,5.0,5.0,4.0,3.0,3.0,6.0689344,5.340076,5.658192,5.4057856,5.6923933
P1_V16_Phase25,5.0,5.0,4.0,4.0,5.0,6.0675383,5.3418994,5.6582217,5.4041405,5.6918592
P1_V16_Phase3,4.0,3.0,4.0,3.0,3.0,6.0670147,5.341546,5.6543937,5.403194,5.692376
P1_V16_Phase4,7.0,6.0,6.0,7.0,7.0,6.0685825,5.341745,5.6571455,5.404169,5.6934233
P1_V16_Phase5,4.0,3.0,4.0,3.0,3.0,6.060954,5.336242,5.6507797,5.398258,5.6862793
P1_V16_Phase6,5.0,4.0,3.0,4.0,4.0,6.070935,5.3441386,5.661311,5.407157,5.6960764
P1_V16_Phase7,7.0,6.0,6.0,7.0,6.0,6.0689616,5.342269,5.657249,5.404841,5.693422
P1_V16_Phase8,7.0,6.0,6.0,6.0,7.0,6.067761,5.3416233,5.6565895,5.403199,5.693366
P1_V16_Phase9,5.0,4.0,5.0,4.0,5.0,6.0646315,5.3387556,5.6553116,5.4019456,5.689664
P1_V17_Phase1,2.0,1.0,2.0,2.0,2.0,6.0693846,5.3449025,5.659208,5.404771,5.6945148
P1_V17_Phase10,9.0,8.0,9.0,9.0,9.0,6.070516,5.343245,5.6595936,5.406695,5.6953077
P1_V17_Phase11,4.0,5.0,4.0,3.0,4.0,6.069637,5.3412576,5.660505,5.406361,5.6928263
P1_V17_Phase12,9.0,8.0,9.0,9.0,9.0,6.070938,5.343935,5.658966,5.4053473,5.696077
P1_V17_Phase13,9.0,8.0,8.0,9.0,9.0,6.0686436,5.34331,5.656241,5.404072,5.694626
P1_V17_Phase14,7.0,6.0,7.0,7.0,7.0,6.0722084,5.34522,5.6618867,5.407948,5.696558
P1_V17_Phase15,7.0,6.0,7.0,7.0,7.0,6.0682917,5.343027,5.656931,5.403586,5.6944466
P1_V17_Phase16,9.0,9.0,9.0,9.0,9.0,6.0687294,5.343207,5.6570377,5.404215,5.695095
P1_V17_Phase17,9.0,8.0,9.0,9.0,9.0,6.0605793,5.333238,5.6475263,5.3995624,5.684558
P1_V17_Phase18,9.0,9.0,9.0,9.0,9.0,6.0631323,5.338491,5.6523986,5.3987207,5.6894264
P1_V17_Phase19,9.0,8.0,8.0,9.0,9.0,6.070813,5.343271,5.659454,5.4068956,5.6946115
P1_V17_Phase2,5.0,4.0,4.0,3.0,4.0,6.061555,5.338671,5.648401,5.3980007,5.688161
P1_V17_Phase20,5.0,5.0,5.0,4.0,5.0,6.0626373,5.338894,5.6508813,5.3980713,5.688417
P1_V17_Phase21,7.0,6.0,6.0,6.0,6.0,6.064132,5.3377795,5.6525927,5.4005146,5.688987
P1_V17_Phase22,5.0,4.0,5.0,5.0,5.0,6.069687,5.342314,5.6582026,5.4054017,5.6940594
P1_V17_Phase23,4.0,3.0,4.0,3.0,4.0,6.0693026,5.3430133,5.657938,5.4050064,5.6941147
P1_V17_Phase24,5.0,4.0,5.0,4.0,4.0,6.064193,5.339698,5.652104,5.4002237,5.690511
P1_V17_Phase25,7.0,6.0,7.0,6.0,6.0,6.0662804,5.3403106,5.656694,5.4011087,5.690573
P1_V17_Phase26,2.0,2.0,1.0,2.0,2.0,6.0711164,5.3459706,5.660832,5.4066677,5.697261
P1_V17_Phase27,5.0,5.0,4.0,5.0,5.0,6.065303,5.340862,5.6543508,5.400475,5.6916614
P1_V17_Phase28,2.0,1.0,2.0,2.0,2.0,6.064177,5.340606,5.6508155,5.3997574,5.6910324
P1_V17_Phase29,9.0,8.0,9.0,9.0,9.0,6.067252,5.3418574,5.655059,5.402898,5.6935134
P1_V17_Phase3,9.0,8.0,9.0,9.0,9.0,6.0693254,5.3412704,5.6570954,5.4050727,5.6927476
P1_V17_Phase30,9.0,8.0,9.0,9.0,9.0,6.066576,5.3412623,5.6558642,5.4014244,5.691822
P1_V17_Phase31,9.0,9.0,9.0,9.0,9.0,6.0674324,5.342382,5.654938,5.4043674,5.693263
P1_V17_Phase32,5.0,4.0,5.0,4.0,5.0,6.0679817,5.3421407,5.6568713,5.403146,5.693723
P1_V17_Phase33,7.0,7.0,6.0,7.0,7.0,6.0705237,5.343471,5.6596627,5.4064426,5.695597
P1_V17_Phase34,9.0,8.0,9.0,8.0,7.0,6.0680575,5.3421674,5.6561294,5.404002,5.694189
P1_V17_Phase35,7.0,6.0,6.0,6.0,7.0,6.067057,5.3411107,5.6539125,5.4034953,5.692831
P1_V17_Phase36,9.0,9.0,8.0,9.0,9.0,6.0671644,5.3429804,5.6546087,5.4011874,5.6937714
P1_V17_Phase37,9.0,9.0,9.0,9.0,9.0,6.066813,5.342406,5.6536508,5.4016285,5.6926737
P1_V17_Phase38,9.0,9.0,9.0,9.0,9.0,6.067193,5.3415527,5.6545987,5.402344,5.6930857
P1_V17_Phase39,9.0,9.0,8.0,8.0,9.0,6.069107,5.342964,5.656958,5.404401,5.6946473
P1_V17_Phase4,7.0,6.0,7.0,7.0,7.0,6.066166,5.3416195,5.654061,5.401189,5.692479
P1_V17_Phase40,9.0,9.0,8.0,9.0,9.0,6.0650187,5.340337,5.652803,5.4003873,5.6907387
P1_V17_Phase41,9.0,9.0,9.0,9.0,9.0,6.0695734,5.3433633,5.6570964,5.4056015,5.6948113
P1_V17_Phase42,9.0,9.0,9.0,9.0,9.0,6.0679283,5.3416867,5.6563516,5.4045405,5.693479
P1_V17_Phase43,9.0,9.0,9.0,9.0,9.0,6.066813,5.3427377,5.653991,5.402213,5.6923833
P1_V17_Phase44,9.0,9.0,9.0,9.0,9.0,6.0668306,5.34222,5.654268,5.4017887,5.6931963
P1_V17_Phase45,9.0,8.0,9.0,8.0,9.0,6.0678115,5.3434577,5.6555285,5.402121,5.693864
P1_V17_Phase46,9.0,9.0,9.0,9.0,9.0,6.069456,5.3432035,5.65838,5.4053907,5.6954184
P1_V17_Phase47,9.0,9.0,9.0,9.0,9.0,6.0676537,5.3416986,5.656118,5.4045105,5.6934853
P1_V17_Phase48,7.0,6.0,7.0,7.0,7.0,6.064316,5.3351865,5.656627,5.4032116,5.686468
P1_V17_Phase49,9.0,9.0,8.0,9.0,9.0,6.068117,5.344193,5.6560454,5.4025474,5.6947947
P1_V17_Phase5,7.0,6.0,7.0,7.0,7.0,6.072745,5.346582,5.661897,5.40705,5.69849
P1_V17_Phase50,7.0,6.0,7.0,7.0,7.0,6.0692863,5.3439198,5.6572976,5.4032784,5.695205
P1_V17_Phase51,9.0,8.0,9.0,8.0,9.0,6.066299,5.341677,5.654153,5.4013424,5.692191
P1_V17_Phase52,6.0,5.0,4.0,5.0,5.0,6.066195,5.340793,5.655435,5.4046755,5.690836
P1_V17_Phase53,5.0,5.0,4.0,4.0,5.0,6.0676174,5.3421626,5.657642,5.4035673,5.693124
P1_V17_Phase6,5.0,4.0,5.0,4.0,4.0,6.0679517,5.3416543,5.6565857,5.4047356,5.6933317
P1_V17_Phase7,5.0,4.0,5.0,5.0,5.0,6.0685573,5.345803,5.655533,5.404385,5.6957006
P1_V17_Phase8,5.0,4.0,5.0,5.0,5.0,6.069974,5.343733,5.65845,5.405859,5.6951885
P1_V17_Phase9,9.0,8.0,9.0,9.0,9.0,6.0647044,5.3404336,5.652346,5.4010878,5.691331
P1_V18_Phase1,2.0,1.0,2.0,2.0,2.0,6.0709915,5.34615,5.6583724,5.4042187,5.697246
P1_V18_Phase10,9.0,8.0,9.0,9.0,9.0,6.069107,5.3434925,5.6571126,5.4034414,5.69549
P1_V18_Phase11,9.0,8.0,9.0,8.0,9.0,6.071851,5.3464556,5.6609282,5.4066925,5.697549
P1_V18_Phase12,9.0,8.0,9.0,9.0,9.0,6.066455,5.341484,5.656093,5.4024334,5.691063
P1_V18_Phase13,9.0,9.0,9.0,9.0,9.0,6.0723777,5.345778,5.6613116,5.4075956,5.697553
P1_V18_Phase14,6.0,5.0,6.0,6.0,6.0,6.065888,5.3415856,5.65309,5.4007673,5.692251
P1_V18_Phase15,7.0,6.0,7.0,6.0,6.0,6.0671153,5.339348,5.6565194,5.403414,5.690056
P1_V18_Phase16,7.0,6.0,7.0,7.0,7.0,6.0702167,5.345801,5.6579566,5.4036827,5.6960597
P1_V18_Phase17,9.0,9.0,9.0,9.0,9.0,6.0685225,5.3433595,5.656382,5.4028096,5.69528
P1_V18_Phase18,5.0,4.0,5.0,4.0,5.0,6.06644,5.3422723,5.6546273,5.4022603,5.692862
P1_V18_Phase19,9.0,9.0,9.0,9.0,9.0,6.0701003,5.342522,5.6598244,5.4059286,5.6951866
P1_V18_Phase2,7.0,6.0,7.0,6.0,7.0,6.067137,5.342487,5.6548524,5.4028063,5.6941867
P1_V18_Phase20,5.0,4.0,3.0,4.0,4.0,6.0670586,5.343194,5.6547112,5.401552,5.6933575
P1_V18_Phase21,4.0,4.0,3.0,4.0,3.0,6.0659037,5.3392286,5.655764,5.4018574,5.690151
P1_V18_Phase22,4.0,4.0,3.0,4.0,3.0,6.0696516,5.3422313,5.6595626,5.4055295,5.694394
P1_V18_Phase23,4.0,3.0,3.0,4.0,3.0,6.067662,5.3420005,5.6555767,5.4022245,5.6928782
P1_V18_Phase24,4.0,4.0,3.0,4.0,3.0,6.0606966,5.337457,5.6478405,5.3968263,5.687661
P1_V18_Phase25,7.0,6.0,7.0,6.0,7.0,6.068038,5.343583,5.656208,5.403845,5.694147
P1_V18_Phase26,2.0,1.0,2.0,1.0,2.0,6.0658045,5.343518,5.653422,5.401899,5.6933365
P1_V18_Phase27,9.0,8.0,9.0,8.0,9.0,6.0671506,5.3401213,5.657163,5.4041014,5.6915503
P1_V18_Phase28,2.0,1.0,2.0,2.0,2.0,6.0680013,5.343184,5.656173,5.4031477,5.694412
P1_V18_Phase29,5.0,4.0,5.0,5.0,5.0,6.072557,5.3471527,5.660341,5.4057703,5.6984653
P1_V18_Phase3,7.0,6.0,7.0,6.0,7.0,6.072497,5.347351,5.6595573,5.4062967,5.6971893
P1_V18_Phase30,9.0,9.0,9.0,9.0,9.0,6.068876,5.343943,5.6565194,5.404257,5.6953173
P1_V18_Phase31,7.0,6.0,7.0,6.0,6.0,6.0679793,5.342956,5.655746,5.4024143,5.6930323
P1_V18_Phase32,4.0,5.0,4.0,3.0,4.0,6.0644355,5.337392,5.6550326,5.4011087,5.6875772
P1_V18_Phase33,5.0,4.0,5.0,4.0,5.0,6.0740566,5.3483777,5.661491,5.406672,5.6997576
P1_V18_Phase34,9.0,9.0,9.0,9.0,9.0,6.0694575,5.3413386,5.660009,5.4068174,5.6934814
P1_V18_Phase35,7.0,6.0,7.0,6.0,7.0,6.071104,5.346089,5.6618876,5.4060802,5.6977434
P1_V18_Phase36,5.0,5.0,4.0,5.0,4.0,6.0664396,5.338341,5.6570888,5.4028893,5.690194
P1_V18_Phase37,9.0,9.0,9.0,9.0,9.0,6.0661745,5.340346,5.654636,5.402682,5.6923814
P1_V18_Phase38,9.0,9.0,9.0,9.0,9.0,6.0639515,5.3397737,5.6515737,5.400122,5.6903195
P1_V18_Phase39,9.0,9.0,9.0,9.0,9.0,6.0659475,5.3414454,5.654225,5.4031153,5.6921644
P1_V18_Phase4,5.0,4.0,5.0,4.0,5.0,6.067526,5.3417697,5.655512,5.401745,5.693223
P1_V18_Phase40,9.0,8.0,8.0,9.0,9.0,6.070609,5.3425903,5.6605864,5.407553,5.6950016
P1_V18_Phase41,9.0,9.0,9.0,9.0,9.0,6.0701904,5.3442664,5.6584315,5.4047823,5.6970334
P1_V18_Phase42,2.0,1.0,2.0,2.0,2.0,6.0643034,5.3382044,5.6527286,5.4000535,5.689848
P1_V18_Phase43,9.0,9.0,9.0,9.0,9.0,6.0688844,5.3409877,5.6593003,5.4047585,5.692878
P1_V18_Phase44,9.0,9.0,9.0,9.0,9.0,6.066637,5.3422675,5.6553016,5.4030437,5.6928663
P1_V18_Phase45,4.0,3.0,4.0,3.0,4.0,6.0710883,5.342954,5.6605425,5.406439,5.6961546
P1_V18_Phase46,0.0,0.0,0.0,0.0,0.0,6.0723186,5.345926,5.660977,5.4077635,5.6971827
P1_V18_Phase47,9.0,9.0,9.0,9.0,9.0,6.07071,5.3427835,5.6603227,5.407299,5.6953588
P1_V18_Phase48,7.0,6.0,7.0,6.0,7.0,6.0702415,5.3451047,5.6569114,5.4064302,5.6961966
P1_V18_Phase49,9.0,8.0,9.0,8.0,9.0,6.0660133,5.34208,5.6533856,5.401089,5.6926146
P1_V18_Phase5,5.0,5.0,4.0,5.0,4.0,6.0703516,5.3418574,5.660124,5.407236,5.6940975
P1_V18_Phase50,2.0,1.0,2.0,1.0,2.0,6.0662527,5.3417506,5.654179,5.4010434,5.6925797
P1_V18_Phase51,6.0,7.0,6.0,6.0,6.0,6.06474,5.3406744,5.6522985,5.4015455,5.691202
P1_V18_Phase52,3.0,2.0,2.0,3.0,2.0,6.0697155,5.3432627,5.6579733,5.4040613,5.6953945
P1_V18_Phase53,2.0,1.0,2.0,1.0,2.0,6.0667763,5.340345,5.6555734,5.4029436,5.6923285
P1_V18_Phase54,9.0,8.0,9.0,9.0,9.0,6.061758,5.3365264,5.6534905,5.3985786,5.6857347
P1_V18_Phase55,2.0,2.0,1.0,1.0,2.0,6.061759,5.3378363,5.6485934,5.398573,5.6884303
P1_V18_Phase56,7.0,6.0,7.0,6.0,7.0,6.0655527,5.342249,5.653513,5.400378,5.6926665
P1_V18_Phase57,5.0,4.0,4.0,5.0,4.0,6.06974,5.345569,5.6570272,5.4050736,5.6967087
P1_V18_Phase58,2.0,2.0,2.0,1.0,1.0,6.0714197,5.3467593,5.659514,5.4049253,5.697851
P1_V18_Phase59,7.0,7.0,6.0,6.0,7.0,6.067238,5.3399615,5.6562867,5.4030914,5.6916018
P1_V18_Phase6,7.0,6.0,7.0,7.0,7.0,6.06317,5.3402343,5.6497235,5.3983803,5.6898923
P1_V18_Phase60,9.0,9.0,9.0,9.0,9.0,6.072401,5.3460584,5.6603208,5.407626,5.6969347
P1_V18_Phase61,2.0,2.0,1.0,2.0,2.0,6.0703883,5.3450346,5.6585174,5.404529,5.696251
P1_V18_Phase62,4.0,3.0,4.0,3.0,4.0,6.0674133,5.3420243,5.65607,5.403701,5.6935396
P1_V18_Phase63,5.0,4.0,4.0,4.0,3.0,6.067379,5.344339,5.6553645,5.4020452,5.6944118
P1_V18_Phase64,9.0,8.0,8.0,8.0,9.0,6.0639553,5.3350487,5.6556754,5.402088,5.685542
P1_V18_Phase65,2.0,1.0,2.0,1.0,2.0,6.067951,5.342981,5.6553016,5.402026,5.6947155
P1_V18_Phase66,9.0,9.0,9.0,9.0,9.0,6.068608,5.3410277,5.657478,5.4045153,5.693225
P1_V18_Phase67,9.0,9.0,9.0,9.0,9.0,6.067481,5.3418107,5.6567216,5.403819,5.6926622
P1_V18_Phase68,9.0,9.0,9.0,9.0,9.0,6.0696974,5.341756,5.659489,5.4058404,5.693675
P1_V18_Phase69,9.0,8.0,8.0,9.0,9.0,6.072031,5.345179,5.660902,5.4077034,5.697543
P1_V18_Phase7,9.0,8.0,9.0,9.0,9.0,6.0684986,5.3424873,5.6562657,5.4052477,5.693823
P1_V18_Phase70,9.0,9.0,9.0,9.0,9.0,6.06557,5.3414245,5.653745,5.4015756,5.6925983
P1_V18_Phase71,5.0,4.0,4.0,5.0,4.0,6.0694466,5.3413444,5.65999,5.40534,5.692274
P1_V18_Phase72,2.0,1.0,2.0,1.0,1.0,6.069809,5.3421836,5.6596136,5.407285,5.692707
P1_V18_Phase73,2.0,2.0,1.0,1.0,2.0,6.065569,5.3396125,5.654309,5.4021244,5.690127
P1_V18_Phase74,5.0,4.0,5.0,4.0,5.0,6.063739,5.339122,5.6518817,5.3998623,5.6899624
P1_V18_Phase75,2.0,1.0,2.0,1.0,1.0,6.0607758,5.3373,5.647216,5.397067,5.687425
P1_V18_Phase76,9.0,9.0,9.0,9.0,9.0,6.0662427,5.339623,5.6544976,5.401055,5.689722
P1_V18_Phase77,5.0,4.0,4.0,3.0,4.0,6.064665,5.341114,5.651647,5.4009533,5.6914167
P1_V18_Phase78,4.0,5.0,4.0,3.0,4.0,6.0652685,5.3359027,5.6569886,5.4035196,5.687236
P1_V18_Phase79,9.0,9.0,9.0,9.0,9.0,6.065352,5.336843,5.655538,5.4021416,5.687862
P1_V18_Phase8,5.0,4.0,5.0,4.0,4.0,6.067043,5.341845,5.6547837,5.4022355,5.693569
P1_V18_Phase80,9.0,9.0,9.0,9.0,9.0,6.0718136,5.348009,5.659103,5.404521,5.6983266
P1_V18_Phase81,9.0,9.0,9.0,9.0,9.0,6.070059,5.343984,5.659041,5.404963,5.6960497
P1_V18_Phase82,9.0,8.0,8.0,9.0,9.0,6.067393,5.3415666,5.6554017,5.4040413,5.6932383
P1_V18_Phase9,9.0,9.0,8.0,9.0,9.0,6.0660725,5.34199,5.6555815,5.401022,5.691642
P1_V19_Phase1,7.0,6.0,7.0,6.0,6.0,6.066921,5.3409905,5.6558075,5.4023294,5.692832
P1_V19_Phase10,2.0,1.0,1.0,2.0,1.0,6.070078,5.3452573,5.6581335,5.4035473,5.6964636
P1_V19_Phase11,1.0,0.0,1.0,1.0,1.0,6.0673227,5.3421903,5.6546817,5.4036055,5.693226
P1_V19_Phase12,2.0,2.0,1.0,2.0,2.0,6.0686207,5.337349,5.6608024,5.4076567,5.6892753
P1_V19_Phase13,7.0,6.0,7.0,6.0,7.0,6.067808,5.3425016,5.6549873,5.404228,5.6938267
P1_V19_Phase14,9.0,8.0,9.0,8.0,8.0,6.0635123,5.336043,5.653923,5.400198,5.6868587
P1_V19_Phase15,4.0,4.0,3.0,4.0,3.0,6.069196,5.345035,5.6563153,5.4021006,5.695292
P1_V19_Phase16,5.0,4.0,4.0,3.0,4.0,6.068341,5.3415966,5.657428,5.4045134,5.694058
P1_V19_Phase17,9.0,9.0,9.0,9.0,9.0,6.0646396,5.339214,5.653953,5.400215,5.689371
P1_V19_Phase18,9.0,9.0,9.0,9.0,9.0,6.0656695,5.340711,5.6536503,5.400936,5.691888
P1_V19_Phase19,5.0,5.0,5.0,4.0,4.0,6.0683646,5.3416905,5.657223,5.4035234,5.6924553
P1_V19_Phase2,2.0,1.0,2.0,1.0,1.0,6.0756803,5.350489,5.664191,5.4086094,5.700602
P1_V19_Phase20,9.0,9.0,9.0,9.0,9.0,6.067025,5.341322,5.6560273,5.40523,5.6902356
P1_V19_Phase21,2.0,2.0,1.0,1.0,2.0,6.0685253,5.3437066,5.6566024,5.404054,5.694992
P1_V19_Phase22,4.0,3.0,4.0,3.0,3.0,6.0696445,5.3454194,5.657184,5.403624,5.69559
P1_V19_Phase23,4.0,3.0,4.0,3.0,4.0,6.0697145,5.3432264,5.6591635,5.405443,5.695314
P1_V19_Phase24,9.0,8.0,9.0,8.0,9.0,6.0630493,5.339154,5.650324,5.3997097,5.690061
P1_V19_Phase25,7.0,6.0,7.0,6.0,7.0,6.0717745,5.3442497,5.660086,5.4072523,5.6964817
P1_V19_Phase26,7.0,6.0,7.0,6.0,7.0,6.069915,5.3418927,5.659115,5.4059315,5.693511
P1_V19_Phase27,4.0,5.0,4.0,3.0,4.0,6.0640554,5.3382144,5.652868,5.3994145,5.6903296
P1_V19_Phase28,7.0,7.0,6.0,7.0,7.0,6.070657,5.343688,5.6589828,5.4060564,5.6950855
P1_V19_Phase29,5.0,4.0,4.0,5.0,4.0,6.062421,5.3366,5.650292,5.400035,5.6878004
P1_V19_Phase3,7.0,7.0,6.0,7.0,7.0,6.071061,5.3440623,5.6598487,5.4067745,5.6964726
P1_V19_Phase30,0.0,0.0,0.0,0.0,0.0,6.071744,5.346326,5.661166,5.4072948,5.697445
P1_V19_Phase31,7.0,6.0,6.0,7.0,7.0,6.0692396,5.3447456,5.656877,5.403792,5.6956615
P1_V19_Phase32,5.0,4.0,5.0,4.0,4.0,6.067771,5.339412,5.660564,5.4062624,5.690414
P1_V19_Phase33,2.0,1.0,2.0,1.0,2.0,6.0716753,5.346823,5.659684,5.405799,5.6978135
P1_V19_Phase34,9.0,9.0,9.0,9.0,9.0,6.0654182,5.340673,5.65313,5.4015703,5.6913548
P1_V19_Phase35,2.0,1.0,2.0,1.0,2.0,6.062808,5.338761,5.6505,5.3982134,5.688884
P1_V19_Phase36,2.0,1.0,2.0,1.0,1.0,6.065693,5.3431773,5.6525483,5.400615,5.6928167
P1_V19_Phase37,9.0,9.0,9.0,9.0,9.0,6.068245,5.342268,5.6557965,5.4035954,5.6932774
P1_V19_Phase38,5.0,4.0,4.0,5.0,4.0,6.062969,5.338163,5.651605,5.4004965,5.688259
P1_V19_Phase39,7.0,6.0,7.0,6.0,7.0,6.0711355,5.339746,5.660563,5.4073467,5.6921043
P1_V19_Phase4,2.0,1.0,2.0,1.0,2.0,6.0672865,5.342499,5.6545157,5.402664,5.6934633
P1_V19_Phase40,2.0,2.0,1.0,1.0,1.0,6.070529,5.3456883,5.6577125,5.405919,5.6965914
P1_V19_Phase41,2.0,1.0,2.0,1.0,2.0,6.0694246,5.3439183,5.657808,5.4044633,5.695056
P1_V19_Phase42,7.0,7.0,6.0,7.0,6.0,6.067144,5.340493,5.655569,5.40256,5.6924148
P1_V19_Phase43,5.0,4.0,5.0,4.0,5.0,6.068738,5.341825,5.6574607,5.405641,5.6940823
P1_V19_Phase44,7.0,6.0,7.0,6.0,7.0,6.070736,5.3440638,5.6590047,5.4052334,5.695054
P1_V19_Phase45,2.0,1.0,1.0,2.0,2.0,6.0671945,5.3412623,5.6554813,5.4023542,5.6931806
P1_V19_Phase46,9.0,9.0,9.0,9.0,9.0,6.0669665,5.3443756,5.6532865,5.401669,5.6939135
P1_V19_Phase47,7.0,7.0,6.0,6.0,7.0,6.068746,5.3431153,5.6574864,5.4037924,5.69445
P1_V19_Phase48,4.0,3.0,4.0,3.0,3.0,6.0685897,5.3440747,5.6566606,5.402703,5.6947494
P1_V19_Phase49,2.0,1.0,2.0,2.0,2.0,6.0701084,5.343872,5.6586757,5.4057293,5.695462
P1_V19_Phase5,2.0,2.0,1.0,2.0,2.0,6.0676823,5.3446984,5.656394,5.400922,5.695221
P1_V19_Phase50,4.0,3.0,4.0,3.0,3.0,6.0677605,5.3421626,5.6558733,5.402545,5.6934843
P1_V19_Phase51,9.0,8.0,8.0,9.0,9.0,6.0671034,5.339581,5.6563344,5.4036026,5.691288
P1_V19_Phase52,5.0,4.0,5.0,4.0,5.0,6.0654345,5.339607,5.6538825,5.4010015,5.691126
P1_V19_Phase53,2.0,1.0,2.0,2.0,2.0,6.068141,5.3411665,5.657029,5.4026537,5.692583
P1_V19_Phase54,4.0,3.0,3.0,4.0,3.0,6.0654516,5.3414054,5.6535735,5.400863,5.6918993
P1_V19_Phase55,5.0,4.0,4.0,3.0,4.0,6.0689287,5.344447,5.657721,5.40329,5.695606
P1_V19_Phase56,0.0,0.0,0.0,0.0,0.0,6.059399,5.335694,5.6470194,5.3941255,5.685457
P1_V19_Phase57,5.0,4.0,5.0,4.0,4.0,6.0705733,5.343644,5.660436,5.406216,5.695464
P1_V19_Phase58,9.0,9.0,9.0,8.0,9.0,6.0692196,5.342989,5.6579328,5.405118,5.694764
P1_V19_Phase59,9.0,9.0,9.0,9.0,9.0,6.0682735,5.340357,5.65743,5.4042406,5.6928434
P1_V19_Phase6,9.0,8.0,8.0,9.0,8.0,6.065547,5.339932,5.6550026,5.4014826,5.691101
P1_V19_Phase60,9.0,9.0,9.0,9.0,9.0,6.070456,5.3436704,5.6627297,5.40681,5.695326
P1_V19_Phase61,9.0,9.0,9.0,9.0,9.0,6.065399,5.339765,5.6541667,5.4002814,5.6911173
P1_V19_Phase62,7.0,6.0,6.0,7.0,7.0,6.0695744,5.344226,5.6578484,5.4048085,5.6952314
P1_V19_Phase63,9.0,9.0,9.0,9.0,9.0,6.0679493,5.342564,5.655974,5.4034967,5.6943493
P1_V19_Phase64,2.0,1.0,2.0,1.0,1.0,6.069726,5.3423724,5.659317,5.4061365,5.6940403
P1_V19_Phase65,2.0,1.0,2.0,1.0,2.0,6.0666428,5.3398986,5.654367,5.4022865,5.6917677
P1_V19_Phase66,9.0,8.0,8.0,8.0,9.0,6.062768,5.3387523,5.650293,5.397394,5.6888475
P1_V19_Phase67,7.0,6.0,6.0,7.0,7.0,6.068468,5.34394,5.656347,5.402666,5.6949368
P1_V19_Phase68,9.0,9.0,9.0,9.0,9.0,6.066207,5.340976,5.655361,5.4023,5.692169
P1_V19_Phase69,9.0,9.0,9.0,9.0,9.0,6.077073,5.349329,5.6658273,5.410918,5.701535
P1_V19_Phase7,4.0,3.0,3.0,4.0,3.0,6.0666304,5.3403554,5.6559324,5.4026065,5.6919637
P1_V19_Phase70,9.0,9.0,9.0,9.0,9.0,6.060772,5.3347163,5.657227,5.399024,5.6858444
P1_V19_Phase71,9.0,8.0,9.0,8.0,9.0,6.0656347,5.3400254,5.654788,5.403487,5.6912646
P1_V19_Phase72,5.0,4.0,5.0,4.0,4.0,6.068291,5.3425746,5.6572084,5.4038477,5.6932926
P1_V19_Phase73,7.0,6.0,7.0,6.0,6.0,6.0688877,5.34159,5.658584,5.405319,5.6941013
P1_V19_Phase74,9.0,9.0,9.0,9.0,9.0,6.064165,5.339473,5.6525316,5.4004006,5.6901603
P1_V19_Phase75,5.0,4.0,5.0,5.0,5.0,6.067817,5.3426785,5.65577,5.4048176,5.692857
P1_V19_Phase76,2.0,1.0,2.0,1.0,2.0,6.0692406,5.342621,5.6579275,5.4044867,5.6934404
P1_V19_Phase8,7.0,6.0,7.0,6.0,7.0,6.0686817,5.3447375,5.655783,5.402873,5.6951375
P1_V19_Phase9,2.0,1.0,1.0,2.0,1.0,6.069127,5.342233,5.657154,5.405423,5.6943626
P1_V1_Phase1,5.0,5.0,4.0,5.0,6.0,6.066434,5.341307,5.654363,5.4012094,5.6930623
P1_V1_Phase10,3.0,2.0,3.0,2.0,3.0,6.069276,5.340986,5.6603928,5.406393,5.6922956
P1_V1_Phase11,2.0,3.0,2.0,3.0,3.0,6.0611134,5.337233,5.64846,5.396657,5.6876693
P1_V1_Phase2,3.0,2.0,3.0,2.0,3.0,6.0720234,5.3462033,5.6616898,5.407032,5.697689
P1_V1_Phase3,4.0,5.0,4.0,5.0,4.0,6.0694895,5.3447266,5.6594057,5.405011,5.69611
P1_V1_Phase4,3.0,2.0,2.0,3.0,2.0,6.0709767,5.3457885,5.6591287,5.4049554,5.697077
P1_V1_Phase5,3.0,2.0,3.0,2.0,3.0,6.070792,5.3433614,5.6592464,5.405692,5.6965823
P1_V1_Phase6,4.0,5.0,5.0,4.0,5.0,6.069633,5.343634,5.656803,5.4041796,5.695129
P1_V1_Phase7,4.0,3.0,4.0,3.0,4.0,6.0634923,5.340609,5.650962,5.3985715,5.6910114
P1_V1_Phase8,4.0,3.0,4.0,3.0,4.0,6.064585,5.3413434,5.651418,5.3990307,5.6910934
P1_V1_Phase9,3.0,4.0,3.0,4.0,3.0,6.0699215,5.3427863,5.65822,5.405409,5.695636
P1_V20_Phase1,7.0,6.0,7.0,7.0,7.0,6.067175,5.340284,5.659164,5.403557,5.690909
P1_V20_Phase10,9.0,9.0,9.0,9.0,9.0,6.0601854,5.333796,5.6512074,5.398746,5.683796
P1_V20_Phase11,9.0,9.0,9.0,9.0,9.0,6.0691595,5.3420405,5.6584926,5.4053345,5.6949263
P1_V20_Phase12,9.0,9.0,9.0,9.0,9.0,6.067853,5.3367624,5.6570745,5.4054694,5.6891975
P1_V20_Phase13,9.0,9.0,8.0,9.0,8.0,6.0638027,5.3386173,5.6533246,5.3999476,5.6888843
P1_V20_Phase14,7.0,7.0,7.0,6.0,7.0,6.0680637,5.342589,5.655116,5.4023333,5.693514
P1_V20_Phase15,9.0,9.0,8.0,8.0,9.0,6.068247,5.340789,5.6583858,5.4052486,5.6923447
P1_V20_Phase16,9.0,9.0,9.0,9.0,9.0,6.067956,5.341522,5.6588297,5.405038,5.6926785
P1_V20_Phase17,9.0,9.0,9.0,9.0,9.0,6.069249,5.343153,5.656241,5.4061484,5.694719
P1_V20_Phase18,5.0,4.0,5.0,4.0,3.0,6.072215,5.345657,5.661576,5.409116,5.6967015
P1_V20_Phase19,5.0,4.0,4.0,3.0,4.0,6.0702667,5.342015,5.6616206,5.4061975,5.694397
P1_V20_Phase2,7.0,6.0,7.0,7.0,6.0,6.065599,5.3402333,5.653936,5.402622,5.691064
P1_V20_Phase20,1.0,0.0,0.0,1.0,1.0,6.067814,5.342567,5.6569257,5.403213,5.69311
P1_V20_Phase21,7.0,6.0,7.0,6.0,6.0,6.066834,5.3403735,5.656384,5.402415,5.6913757
P1_V20_Phase22,7.0,6.0,7.0,6.0,7.0,6.0664744,5.3410263,5.6551023,5.400902,5.692109
P1_V20_Phase23,9.0,8.0,8.0,9.0,9.0,6.0680475,5.3414016,5.6570506,5.4042406,5.692997
P1_V20_Phase24,7.0,7.0,6.0,7.0,6.0,6.0690117,5.341681,5.6577153,5.404754,5.693843
P1_V20_Phase25,7.0,7.0,6.0,7.0,7.0,6.068202,5.341825,5.657485,5.4031024,5.693189
P1_V20_Phase26,9.0,9.0,8.0,9.0,9.0,6.0704627,5.3446774,5.6594467,5.4049644,5.6950192
P1_V20_Phase27,9.0,9.0,8.0,8.0,9.0,6.065846,5.3392406,5.656018,5.4031425,5.6905828
P1_V20_Phase28,9.0,9.0,9.0,9.0,9.0,6.0763474,5.3485913,5.6660686,5.411402,5.701291
P1_V20_Phase29,7.0,7.0,6.0,7.0,6.0,6.067362,5.339906,5.65813,5.405197,5.6909695
P1_V20_Phase3,7.0,7.0,6.0,6.0,7.0,6.066126,5.3367305,5.6571336,5.4047356,5.688443
P1_V20_Phase30,7.0,7.0,6.0,6.0,7.0,6.065805,5.3413086,5.653541,5.402177,5.692437
P1_V20_Phase31,7.0,7.0,7.0,6.0,6.0,6.0720663,5.3431144,5.6628184,5.4087124,5.695711
P1_V20_Phase32,4.0,3.0,4.0,3.0,4.0,6.0669622,5.3405356,5.6556635,5.4036493,5.6929445
P1_V20_Phase4,7.0,7.0,6.0,7.0,7.0,6.0663157,5.341619,5.653871,5.4016757,5.692489
P1_V20_Phase5,9.0,9.0,8.0,9.0,9.0,6.0677037,5.342468,5.6566777,5.4039545,5.6930904
P1_V20_Phase6,4.0,5.0,4.0,3.0,4.0,6.066887,5.341533,5.655295,5.403604,5.6927805
P1_V20_Phase7,9.0,9.0,8.0,9.0,9.0,6.067089,5.3414254,5.655908,5.4027615,5.69309
P1_V20_Phase8,9.0,9.0,9.0,9.0,9.0,6.068118,5.342399,5.656595,5.404537,5.693508
P1_V20_Phase9,9.0,9.0,9.0,9.0,9.0,6.066613,5.3423963,5.65398,5.403488,5.692882
P1_V21_Phase1,5.0,4.0,5.0,4.0,5.0,6.0639668,5.33935,5.6505084,5.398242,5.689884
P1_V21_Phase10,7.0,6.0,7.0,6.0,7.0,6.0709224,5.347016,5.6586833,5.405014,5.697176
P1_V21_Phase11,9.0,8.0,9.0,8.0,9.0,6.069042,5.3420825,5.6620507,5.405521,5.6922874
P1_V21_Phase12,9.0,9.0,8.0,9.0,9.0,6.0661945,5.3356533,5.6592755,5.405802,5.686672
P1_V21_Phase13,2.0,1.0,2.0,1.0,2.0,6.0675225,5.3440156,5.655473,5.4023523,5.6943808
P1_V21_Phase14,2.0,1.0,2.0,1.0,2.0,6.0677834,5.340503,5.6577063,5.404376,5.6917143
P1_V21_Phase15,9.0,8.0,9.0,8.0,9.0,6.0681524,5.3419824,5.6566424,5.4041433,5.6943445
P1_V21_Phase16,4.0,3.0,4.0,3.0,3.0,6.068038,5.342151,5.6567855,5.4036946,5.6929626
P1_V21_Phase17,4.0,3.0,4.0,3.0,3.0,6.0700865,5.340716,5.6627364,5.4063997,5.6922235
P1_V21_Phase18,2.0,2.0,2.0,2.0,1.0,6.0708227,5.345546,5.6589885,5.4050145,5.696327
P1_V21_Phase19,4.0,3.0,4.0,3.0,3.0,6.0689793,5.3430676,5.6592813,5.405572,5.6933165
P1_V21_Phase2,7.0,6.0,7.0,6.0,6.0,6.0680437,5.3421435,5.656936,5.4036026,5.69348
P1_V21_Phase20,4.0,3.0,4.0,3.0,3.0,6.06685,5.3422627,5.654814,5.402166,5.6931305
P1_V21_Phase21,7.0,6.0,7.0,7.0,7.0,6.06975,5.341553,5.659145,5.406165,5.6929865
P1_V21_Phase22,7.0,6.0,7.0,7.0,7.0,6.068147,5.343719,5.6561627,5.403404,5.694748
P1_V21_Phase23,2.0,1.0,1.0,2.0,1.0,6.067893,5.341845,5.6567016,5.4050503,5.6924496
P1_V21_Phase24,9.0,8.0,9.0,8.0,9.0,6.0663233,5.339603,5.6550064,5.401585,5.690873
P1_V21_Phase25,7.0,6.0,7.0,6.0,7.0,6.0668592,5.341684,5.6548057,5.401142,5.6924343
P1_V21_Phase26,5.0,4.0,4.0,3.0,4.0,6.067976,5.3430943,5.655759,5.4031677,5.6944666
P1_V21_Phase27,9.0,9.0,8.0,9.0,9.0,6.075353,5.348497,5.6639104,5.4109793,5.700187
P1_V21_Phase28,9.0,8.0,9.0,8.0,9.0,6.0667324,5.343719,5.654704,5.401615,5.693054
P1_V21_Phase29,5.0,4.0,4.0,3.0,3.0,6.070786,5.342669,5.6609216,5.407551,5.694497
P1_V21_Phase3,4.0,3.0,4.0,3.0,3.0,6.068914,5.3430505,5.6570134,5.4052877,5.6944647
P1_V21_Phase30,9.0,9.0,9.0,9.0,9.0,6.0700974,5.343242,5.658831,5.4082985,5.695256
P1_V21_Phase31,9.0,9.0,9.0,9.0,9.0,6.071211,5.34383,5.6613307,5.4074016,5.6962624
P1_V21_Phase33,7.0,7.0,6.0,6.0,7.0,6.0675173,5.3425283,5.655341,5.4028783,5.6936827
P1_V21_Phase34,9.0,9.0,9.0,9.0,9.0,6.0718,5.3441153,5.660191,5.407508,5.697125
P1_V21_Phase35,2.0,1.0,2.0,1.0,2.0,6.0711083,5.3440523,5.660175,5.4066815,5.696551
P1_V21_Phase36,2.0,2.0,1.0,1.0,2.0,6.0714426,5.3445992,5.6602874,5.406314,5.6966968
P1_V21_Phase37,2.0,1.0,2.0,1.0,2.0,6.0654616,5.3408775,5.6542897,5.402199,5.6918793
P1_V21_Phase38,7.0,6.0,6.0,7.0,7.0,6.071577,5.3433204,5.65979,5.407219,5.6954894
P1_V21_Phase39,9.0,8.0,8.0,9.0,9.0,6.06351,5.3378196,5.6533647,5.4003267,5.687735
P1_V21_Phase4,2.0,1.0,2.0,1.0,2.0,6.06756,5.3420334,5.655368,5.403468,5.694106
P1_V21_Phase40,9.0,9.0,9.0,9.0,9.0,6.067287,5.341805,5.6557746,5.403509,5.692943
P1_V21_Phase41,9.0,9.0,9.0,9.0,9.0,6.0644655,5.3388124,5.652843,5.400523,5.6894035
P1_V21_Phase42,9.0,9.0,9.0,9.0,9.0,6.0678654,5.3414874,5.656112,5.4037094,5.6929903
P1_V21_Phase43,9.0,8.0,8.0,8.0,9.0,6.069909,5.342834,5.659076,5.4066534,5.695183
P1_V21_Phase44,7.0,6.0,6.0,6.0,7.0,6.070751,5.3425765,5.6601663,5.406355,5.6958256
P1_V21_Phase45,9.0,8.0,8.0,8.0,9.0,6.066874,5.341433,5.6554313,5.402876,5.6934614
P1_V21_Phase46,9.0,8.0,8.0,9.0,8.0,6.0671844,5.34339,5.6545825,5.4002066,5.6938486
P1_V21_Phase47,7.0,6.0,7.0,6.0,6.0,6.0703163,5.3436704,5.6602306,5.406108,5.6954985
P1_V21_Phase48,9.0,8.0,8.0,9.0,8.0,6.067786,5.341433,5.6561885,5.4037857,5.6933365
P1_V21_Phase49,5.0,4.0,5.0,4.0,4.0,6.068447,5.3396616,5.66031,5.4067397,5.691139
P1_V21_Phase5,5.0,4.0,4.0,4.0,3.0,6.0705914,5.3415556,5.659614,5.4081006,5.693824
P1_V21_Phase50,2.0,1.0,2.0,1.0,2.0,6.069666,5.3426547,5.6585255,5.4050198,5.6947956
P1_V21_Phase51,7.0,6.0,6.0,7.0,7.0,6.068504,5.343632,5.6571355,5.403078,5.694809
P1_V21_Phase52,5.0,4.0,5.0,5.0,5.0,6.070874,5.3447223,5.6599627,5.4058356,5.6967764
P1_V21_Phase53,2.0,1.0,2.0,1.0,2.0,6.064986,5.3406787,5.6524987,5.4005737,5.691538
P1_V21_Phase54,5.0,4.0,5.0,4.0,5.0,6.0736446,5.346361,5.6616735,5.4089527,5.6979656
P1_V21_Phase55,7.0,6.0,7.0,6.0,6.0,6.0701003,5.3425097,5.65899,5.4065156,5.693673
P1_V21_Phase56,9.0,8.0,8.0,9.0,8.0,6.0661454,5.3400245,5.654664,5.4014444,5.690533
P1_V21_Phase57,4.0,3.0,4.0,3.0,3.0,6.069646,5.3422523,5.6594105,5.4061556,5.693878
P1_V21_Phase58,4.0,3.0,4.0,3.0,3.0,6.068521,5.3432155,5.6569734,5.402899,5.694396
P1_V21_Phase59,2.0,1.0,2.0,1.0,2.0,6.0595293,5.334403,5.6508183,5.397785,5.684223
P1_V21_Phase6,9.0,8.0,8.0,9.0,8.0,6.0704203,5.343698,5.659453,5.4065104,5.69592
P1_V21_Phase60,4.0,3.0,4.0,3.0,3.0,6.0673165,5.3429303,5.6554737,5.4026933,5.6937847
P1_V21_Phase61,5.0,4.0,5.0,4.0,4.0,6.0698466,5.34368,5.65801,5.4052687,5.696123
P1_V21_Phase62,9.0,9.0,9.0,9.0,9.0,6.0681515,5.342639,5.656203,5.40316,5.6943116
P1_V21_Phase63,9.0,9.0,8.0,8.0,9.0,6.068096,5.343325,5.656549,5.4037957,5.69461
P1_V21_Phase64,9.0,9.0,9.0,9.0,9.0,6.0694,5.340544,5.6599865,5.407755,5.6920514
P1_V21_Phase65,5.0,5.0,5.0,4.0,5.0,6.0678673,5.3419647,5.655458,5.4031057,5.693863
P1_V21_Phase66,5.0,4.0,4.0,3.0,4.0,6.062751,5.3391113,5.6504617,5.398829,5.688921
P1_V21_Phase67,9.0,9.0,9.0,9.0,9.0,6.0639324,5.3389688,5.6535497,5.400399,5.6889973
P1_V21_Phase68,0.0,0.0,0.0,0.0,0.0,6.0664225,5.337424,5.6602716,5.4051504,5.6883874
P1_V21_Phase7,5.0,4.0,5.0,4.0,5.0,6.0707417,5.343307,5.660729,5.4059896,5.69582
P1_V21_Phase8,9.0,9.0,9.0,9.0,9.0,6.069087,5.3415723,5.6590266,5.406288,5.693078
P1_V21_Phase9,9.0,8.0,8.0,9.0,9.0,6.0686464,5.344642,5.656253,5.403166,5.6949525
P1_V22_Phase1,4.0,3.0,4.0,4.0,3.0,6.063463,5.338592,5.6528373,5.3997154,5.688637
P1_V22_Phase10,9.0,9.0,9.0,9.0,9.0,6.0732117,5.346146,5.661737,5.4082747,5.6987114
P1_V22_Phase100,7.0,7.0,7.0,6.0,6.0,6.0702524,5.344544,5.658938,5.405358,5.6962776
P1_V22_Phase101,9.0,9.0,9.0,9.0,9.0,6.0687995,5.341376,5.658358,5.4053235,5.6935883
P1_V22_Phase102,9.0,9.0,9.0,9.0,9.0,6.071251,5.343831,5.660556,5.4064345,5.6963196
P1_V22_Phase103,9.0,9.0,9.0,9.0,9.0,6.064737,5.33913,5.6533036,5.4013443,5.68978
P1_V22_Phase104,9.0,9.0,9.0,9.0,9.0,6.064554,5.3404145,5.6526475,5.4003086,5.6913223
P1_V22_Phase105,2.0,1.0,2.0,1.0,2.0,6.068201,5.3429065,5.656985,5.403541,5.6945486
P1_V22_Phase106,2.0,1.0,2.0,2.0,2.0,6.0678835,5.3426595,5.6559644,5.4034266,5.694027
P1_V22_Phase107,7.0,7.0,7.0,6.0,6.0,6.071576,5.3447347,5.6609893,5.4072223,5.696216
P1_V22_Phase108,9.0,8.0,8.0,9.0,9.0,6.0620546,5.3379765,5.6508784,5.3976307,5.6893272
P1_V22_Phase109,7.0,6.0,7.0,6.0,7.0,6.0696497,5.342419,5.6588225,5.4048624,5.694692
P1_V22_Phase11,7.0,6.0,7.0,6.0,6.0,6.0652776,5.3408837,5.654307,5.401552,5.6911325
P1_V22_Phase110,2.0,1.0,2.0,1.0,2.0,6.066576,5.3423095,5.654779,5.4017353,5.691717
P1_V22_Phase111,5.0,4.0,5.0,4.0,5.0,6.0699167,5.3437915,5.6585135,5.406306,5.6955023
P1_V22_Phase112,5.0,4.0,4.0,3.0,4.0,6.069071,5.343509,5.6574044,5.404216,5.694204
P1_V22_Phase113,5.0,4.0,5.0,4.0,4.0,6.0716076,5.346355,5.660252,5.406163,5.6978865
P1_V22_Phase114,5.0,4.0,5.0,4.0,4.0,6.0639696,5.340506,5.651627,5.4007206,5.6908813
P1_V22_Phase115,7.0,6.0,7.0,6.0,7.0,6.0686064,5.3432612,5.656574,5.403948,5.694124
P1_V22_Phase116,2.0,1.0,2.0,1.0,2.0,6.070054,5.343803,5.6590614,5.4060535,5.695422
P1_V22_Phase117,4.0,3.0,4.0,3.0,3.0,6.07388,5.3450294,5.6654205,5.4098816,5.6969595
P1_V22_Phase118,5.0,4.0,5.0,4.0,5.0,6.0702963,5.344274,5.658338,5.4051747,5.6963935
P1_V22_Phase119,7.0,6.0,7.0,6.0,7.0,6.0727034,5.3445973,5.6625156,5.4095707,5.6978946
P1_V22_Phase12,9.0,8.0,9.0,8.0,9.0,6.070839,5.3438497,5.660702,5.407067,5.6962194
P1_V22_Phase13,5.0,5.0,4.0,5.0,4.0,6.067532,5.341642,5.656632,5.4037547,5.692421
P1_V22_Phase14,7.0,6.0,7.0,6.0,6.0,6.0691247,5.341901,5.658507,5.405448,5.693801
P1_V22_Phase15,9.0,9.0,9.0,9.0,9.0,6.067502,5.3401747,5.661936,5.404869,5.6906033
P1_V22_Phase16,7.0,6.0,7.0,6.0,6.0,6.068363,5.3388824,5.6613708,5.4064455,5.690778
P1_V22_Phase17,9.0,9.0,9.0,9.0,9.0,6.0693827,5.3418,5.6602654,5.405694,5.6932383
P1_V22_Phase18,9.0,8.0,9.0,8.0,9.0,6.070398,5.340921,5.6592,5.406002,5.692306
P1_V22_Phase19,9.0,9.0,9.0,9.0,9.0,6.068862,5.3427186,5.657741,5.4048815,5.694598
P1_V22_Phase2,9.0,8.0,9.0,8.0,9.0,6.068286,5.3433247,5.655732,5.4035397,5.694272
P1_V22_Phase20,7.0,6.0,7.0,6.0,6.0,6.071253,5.34343,5.6609235,5.408325,5.6958246
P1_V22_Phase21,5.0,4.0,5.0,5.0,5.0,6.0688705,5.3429775,5.656754,5.4023542,5.6943893
P1_V22_Phase22,9.0,9.0,8.0,9.0,9.0,6.068433,5.3379846,5.6610913,5.407424,5.6907434
P1_V22_Phase23,9.0,9.0,9.0,9.0,9.0,6.066413,5.3422704,5.6534286,5.401215,5.6924925
P1_V22_Phase24,5.0,4.0,5.0,4.0,4.0,6.071044,5.339486,5.6619124,5.406862,5.691142
P1_V22_Phase25,9.0,9.0,9.0,9.0,9.0,6.068429,5.343244,5.6564097,5.4027424,5.6944942
P1_V22_Phase26,9.0,9.0,9.0,9.0,9.0,6.0682826,5.34413,5.6563087,5.4030905,5.695435
P1_V22_Phase27,9.0,9.0,9.0,9.0,9.0,6.0665655,5.342147,5.653317,5.4007893,5.6925106
P1_V22_Phase28,2.0,1.0,1.0,2.0,2.0,6.0681357,5.3431225,5.655948,5.401895,5.6940236
P1_V22_Phase29,9.0,9.0,9.0,9.0,9.0,6.0690336,5.343187,5.6574492,5.40379,5.6946096
P1_V22_Phase3,9.0,8.0,9.0,8.0,9.0,6.063575,5.335203,5.656701,5.402614,5.6867895
P1_V22_Phase30,7.0,6.0,7.0,6.0,7.0,6.069402,5.34314,5.6575923,5.4054136,5.6953764
P1_V22_Phase31,9.0,9.0,9.0,9.0,9.0,6.062889,5.3392067,5.650006,5.3992248,5.6897697
P1_V22_Phase32,7.0,7.0,7.0,6.0,6.0,6.069685,5.342091,5.6598325,5.4064326,5.6945763
P1_V22_Phase33,5.0,4.0,5.0,4.0,4.0,6.069456,5.3411207,5.659784,5.405684,5.693257
P1_V22_Phase34,2.0,1.0,2.0,2.0,2.0,6.072635,5.3459473,5.661879,5.4078217,5.698344
P1_V22_Phase35,5.0,4.0,5.0,4.0,5.0,6.0695324,5.3445935,5.657159,5.404331,5.6960726
P1_V22_Phase36,9.0,8.0,9.0,8.0,9.0,6.071536,5.343655,5.660379,5.40704,5.6960297
P1_V22_Phase37,4.0,3.0,4.0,3.0,3.0,6.068219,5.3430214,5.6557665,5.4043384,5.6946144
P1_V22_Phase38,4.0,3.0,3.0,4.0,3.0,6.0711727,5.3450923,5.660032,5.406025,5.695793
P1_V22_Phase39,7.0,6.0,7.0,6.0,7.0,6.070979,5.3451686,5.6598315,5.4050016,5.6964207
P1_V22_Phase4,9.0,9.0,9.0,9.0,9.0,6.070818,5.3434334,5.6599174,5.4068913,5.695907
P1_V22_Phase40,9.0,8.0,9.0,8.0,9.0,6.0676017,5.3433723,5.655787,5.4035215,5.694274
P1_V22_Phase41,7.0,6.0,7.0,6.0,7.0,6.0719824,5.342713,5.6633773,5.4084373,5.695078
P1_V22_Phase42,7.0,6.0,7.0,6.0,6.0,6.064245,5.3399653,5.6526647,5.39944,5.689398
P1_V22_Phase43,2.0,1.0,2.0,1.0,2.0,6.06791,5.344322,5.654964,5.4024334,5.6946783
P1_V22_Phase44,7.0,6.0,7.0,6.0,6.0,6.072421,5.344291,5.6631913,5.407835,5.696129
P1_V22_Phase45,9.0,9.0,9.0,9.0,9.0,6.0708604,5.3440676,5.658664,5.406376,5.6965494
P1_V22_Phase46,9.0,9.0,9.0,9.0,9.0,6.070484,5.3433824,5.6597543,5.4062757,5.695369
P1_V22_Phase47,9.0,9.0,9.0,9.0,9.0,6.0687876,5.3402505,5.6589265,5.4041758,5.692503
P1_V22_Phase48,9.0,9.0,9.0,9.0,9.0,6.0718226,5.3449264,5.6607814,5.407375,5.697362
P1_V22_Phase49,7.0,6.0,7.0,6.0,7.0,6.0709867,5.3441787,5.6611357,5.406808,5.6956887
P1_V22_Phase5,9.0,8.0,9.0,8.0,9.0,6.0690136,5.343473,5.657341,5.4042935,5.694883
P1_V22_Phase50,7.0,7.0,7.0,6.0,7.0,6.0700016,5.343682,5.658402,5.4048862,5.6957884
P1_V22_Phase51,9.0,9.0,9.0,9.0,9.0,6.0681095,5.342779,5.6557937,5.4032087,5.694495
P1_V22_Phase52,9.0,9.0,9.0,9.0,9.0,6.06318,5.338559,5.650604,5.398351,5.689719
P1_V22_Phase53,5.0,5.0,5.0,4.0,5.0,6.0627394,5.3388553,5.6503034,5.397808,5.6893454
P1_V22_Phase54,9.0,8.0,9.0,8.0,9.0,6.066377,5.339172,5.6562605,5.403578,5.690344
P1_V22_Phase55,7.0,7.0,7.0,6.0,7.0,6.0680695,5.3404655,5.6588817,5.4044676,5.690971
P1_V22_Phase56,7.0,7.0,7.0,6.0,7.0,6.067837,5.342255,5.655609,5.402219,5.6938343
P1_V22_Phase57,9.0,9.0,9.0,9.0,9.0,6.068762,5.339469,5.6596045,5.405863,5.690694
P1_V22_Phase58,9.0,9.0,9.0,9.0,9.0,6.071171,5.3441644,5.6604986,5.406633,5.6950502
P1_V22_Phase59,4.0,3.0,4.0,3.0,4.0,6.06649,5.338863,5.6552577,5.4013157,5.690044
P1_V22_Phase6,9.0,8.0,9.0,8.0,9.0,6.0653973,5.341272,5.653086,5.4013467,5.6921086
P1_V22_Phase60,7.0,7.0,7.0,6.0,7.0,6.07081,5.3454614,5.6600766,5.405227,5.6969843
P1_V22_Phase61,7.0,6.0,7.0,6.0,7.0,6.0689344,5.3440537,5.6576967,5.4036613,5.694662
P1_V22_Phase62,7.0,7.0,7.0,6.0,7.0,6.0720873,5.3465166,5.659287,5.405305,5.697613
P1_V22_Phase63,9.0,8.0,9.0,8.0,9.0,6.0711575,5.3456044,5.6589637,5.4053,5.6970215
P1_V22_Phase64,7.0,7.0,7.0,6.0,6.0,6.072662,5.3448744,5.6623454,5.40794,5.6964316
P1_V22_Phase65,5.0,4.0,5.0,5.0,5.0,6.067523,5.3437114,5.6549344,5.4022307,5.6933255
P1_V22_Phase66,5.0,4.0,4.0,5.0,4.0,6.074576,5.34652,5.665195,5.4093695,5.699383
P1_V22_Phase67,9.0,9.0,9.0,9.0,9.0,6.0722513,5.3432455,5.6611214,5.40808,5.695984
P1_V22_Phase68,9.0,9.0,9.0,9.0,9.0,6.068242,5.342605,5.6566997,5.4037685,5.6944046
P1_V22_Phase69,5.0,4.0,5.0,4.0,5.0,6.0679874,5.343122,5.656753,5.403286,5.694587
P1_V22_Phase7,9.0,9.0,9.0,9.0,9.0,6.066676,5.340693,5.655331,5.4022665,5.6924305
P1_V22_Phase70,9.0,8.0,9.0,8.0,9.0,6.069552,5.3435626,5.657953,5.4049444,5.6953635
P1_V22_Phase71,9.0,9.0,8.0,9.0,9.0,6.068495,5.343181,5.656802,5.403879,5.6945505
P1_V22_Phase72,9.0,8.0,8.0,9.0,8.0,6.072586,5.344427,5.6619,5.4079857,5.6972866
P1_V22_Phase73,9.0,9.0,9.0,9.0,9.0,6.07024,5.343656,5.6589446,5.4046907,5.6954346
P1_V22_Phase74,5.0,4.0,5.0,4.0,5.0,6.0673375,5.3411617,5.6558485,5.4033594,5.6935763
P1_V22_Phase75,7.0,6.0,7.0,6.0,7.0,6.071026,5.3449054,5.659822,5.4063225,5.696954
P1_V22_Phase76,7.0,7.0,7.0,6.0,7.0,6.066573,5.3417897,5.65483,5.4023533,5.693182
P1_V22_Phase77,2.0,1.0,2.0,2.0,2.0,6.0699024,5.341442,5.6592326,5.405963,5.6939096
P1_V22_Phase78,9.0,9.0,9.0,9.0,9.0,6.0650663,5.3403144,5.654282,5.4008064,5.6919003
P1_V22_Phase79,9.0,9.0,9.0,9.0,9.0,6.070795,5.3440137,5.6588597,5.407422,5.696441
P1_V22_Phase8,9.0,8.0,8.0,9.0,9.0,6.0617023,5.3383136,5.648487,5.398143,5.688679
P1_V22_Phase80,9.0,9.0,9.0,9.0,9.0,6.070594,5.340797,5.660783,5.408023,5.693347
P1_V22_Phase81,7.0,7.0,7.0,6.0,6.0,6.0675983,5.3415484,5.6552587,5.403594,5.693035
P1_V22_Phase82,5.0,4.0,5.0,4.0,4.0,6.071006,5.343056,5.658977,5.4079533,5.6939716
P1_V22_Phase83,9.0,8.0,8.0,9.0,8.0,6.0687876,5.3422704,5.658067,5.404389,5.694539
P1_V22_Phase84,7.0,7.0,7.0,6.0,7.0,6.070733,5.3447366,5.659573,5.4063435,5.69676
P1_V22_Phase85,9.0,9.0,9.0,9.0,9.0,6.06909,5.34232,5.6570535,5.403947,5.694599
P1_V22_Phase86,9.0,8.0,8.0,9.0,8.0,6.066512,5.340442,5.6559353,5.401108,5.6921887
P1_V22_Phase87,7.0,7.0,7.0,6.0,6.0,6.067838,5.3419833,5.656933,5.4028883,5.6925898
P1_V22_Phase88,9.0,9.0,9.0,9.0,9.0,6.071032,5.34459,5.6600223,5.406424,5.6970487
P1_V22_Phase89,7.0,7.0,7.0,6.0,6.0,6.068682,5.341676,5.6589904,5.404645,5.6916866
P1_V22_Phase9,9.0,9.0,9.0,9.0,9.0,6.070508,5.3438306,5.6597667,5.406551,5.694849
P1_V22_Phase90,2.0,1.0,2.0,1.0,2.0,6.066484,5.3408713,5.655916,5.4042015,5.6912827
P1_V22_Phase91,2.0,1.0,2.0,1.0,2.0,6.069908,5.344728,5.658171,5.406489,5.695756
P1_V22_Phase92,5.0,4.0,5.0,4.0,4.0,6.068465,5.3431983,5.657158,5.402731,5.6950455
P1_V22_Phase93,9.0,9.0,9.0,9.0,9.0,6.0690255,5.3423047,5.6579943,5.4046507,5.6933603
P1_V22_Phase94,5.0,4.0,5.0,4.0,4.0,6.068384,5.343159,5.657044,5.4040937,5.6950855
P1_V22_Phase95,5.0,4.0,5.0,4.0,5.0,6.0680027,5.3430333,5.655944,5.402638,5.694515
P1_V22_Phase96,7.0,6.0,7.0,6.0,7.0,6.06928,5.339906,5.659639,5.4058924,5.6932154
P1_V22_Phase97,7.0,7.0,7.0,6.0,6.0,6.0688877,5.3425503,5.6581187,5.4046636,5.6943274
P1_V22_Phase98,2.0,1.0,2.0,1.0,2.0,6.067264,5.3411584,5.6558356,5.401593,5.692955
P1_V22_Phase99,7.0,6.0,6.0,6.0,7.0,6.0653963,5.338819,5.653518,5.400979,5.690962
P1_V23_Phase10,5.0,4.0,4.0,5.0,4.0,6.0693836,5.343703,5.658009,5.404997,5.6954985
P1_V23_Phase11,7.0,7.0,7.0,6.0,7.0,6.072135,5.3439307,5.660765,5.4083557,5.697075
P1_V23_Phase12,9.0,8.0,8.0,9.0,8.0,6.0657263,5.3399153,5.653995,5.4020605,5.6909766
P1_V23_Phase13,7.0,6.0,6.0,7.0,6.0,6.0683575,5.3423104,5.658784,5.404165,5.6929893
P1_V23_Phase14,9.0,8.0,8.0,9.0,8.0,6.0721846,5.3427663,5.662208,5.40806,5.694661
P1_V23_Phase15,9.0,9.0,9.0,9.0,9.0,6.0668893,5.3409824,5.6547804,5.4022617,5.693284
P1_V23_Phase16,5.0,4.0,4.0,5.0,4.0,6.068811,5.3423448,5.6580825,5.404231,5.69359
P1_V23_Phase17,9.0,8.0,8.0,9.0,9.0,6.068372,5.3429027,5.6570334,5.403368,5.6942883
P1_V23_Phase18,9.0,9.0,9.0,9.0,9.0,6.066989,5.342472,5.654235,5.403674,5.693144
P1_V23_Phase19,9.0,9.0,9.0,9.0,9.0,6.0660954,5.341372,5.653853,5.402366,5.6924257
P1_V23_Phase2,7.0,6.0,7.0,6.0,7.0,6.0629673,5.3355136,5.6532807,5.4016514,5.6865263
P1_V23_Phase20,5.0,4.0,4.0,3.0,3.0,6.0707464,5.3447747,5.659373,5.4064064,5.696329
P1_V23_Phase21,9.0,9.0,9.0,9.0,9.0,6.0693703,5.342879,5.658998,5.4058723,5.694646
P1_V23_Phase22,7.0,6.0,7.0,6.0,7.0,6.0705976,5.342427,5.6590204,5.407221,5.694052
P1_V23_Phase23,9.0,9.0,9.0,8.0,9.0,6.068522,5.3429084,5.657368,5.403782,5.6941414
P1_V23_Phase24,9.0,9.0,9.0,9.0,9.0,6.0699167,5.3421597,5.6603494,5.4059725,5.694007
P1_V23_Phase25,5.0,4.0,4.0,5.0,4.0,6.06945,5.343372,5.65743,5.4044075,5.695491
P1_V23_Phase26,5.0,4.0,5.0,5.0,5.0,6.069072,5.342981,5.656714,5.404068,5.6949244
P1_V23_Phase27,7.0,6.0,7.0,6.0,7.0,6.070098,5.343267,5.6585145,5.404787,5.6947007
P1_V23_Phase28,7.0,6.0,6.0,7.0,6.0,6.070929,5.3441253,5.6624184,5.406707,5.6956396
P1_V23_Phase29,7.0,7.0,7.0,6.0,7.0,6.06691,5.341951,5.654733,5.4018917,5.692767
P1_V23_Phase3,7.0,7.0,7.0,6.0,7.0,6.07139,5.342399,5.6618023,5.408554,5.693946
P1_V23_Phase30,9.0,8.0,8.0,9.0,8.0,6.06582,5.338923,5.6541348,5.4019456,5.6903496
P1_V23_Phase31,7.0,6.0,7.0,6.0,6.0,6.0675135,5.342419,5.6556478,5.40336,5.692813
P1_V23_Phase33,9.0,9.0,9.0,9.0,9.0,6.07485,5.3506355,5.663724,5.4078283,5.7015295
P1_V23_Phase34,5.0,4.0,4.0,4.0,3.0,6.0655437,5.340655,5.653891,5.4018455,5.6916876
P1_V23_Phase35,5.0,4.0,4.0,3.0,4.0,6.069377,5.3429418,5.6579986,5.4053583,5.6948853
P1_V23_Phase36,7.0,6.0,7.0,6.0,6.0,6.0687275,5.3416915,5.6575007,5.4037056,5.6940584
P1_V23_Phase37,2.0,1.0,2.0,1.0,2.0,6.067944,5.341756,5.6559706,5.403917,5.69391
P1_V23_Phase38,2.0,1.0,2.0,1.0,2.0,6.0637374,5.340517,5.6509857,5.400564,5.69077
P1_V23_Phase39,4.0,3.0,4.0,3.0,3.0,6.066146,5.3404803,5.65472,5.401251,5.6916094
P1_V23_Phase4,4.0,4.0,3.0,4.0,3.0,6.066305,5.340853,5.6535525,5.402715,5.692034
P1_V23_Phase40,2.0,1.0,1.0,2.0,1.0,6.0684443,5.3419633,5.6567683,5.404304,5.6937304
P1_V23_Phase41,7.0,6.0,7.0,6.0,6.0,6.0655756,5.339612,5.654716,5.401185,5.6908464
P1_V23_Phase42,4.0,3.0,3.0,4.0,3.0,6.065925,5.3410525,5.654614,5.402668,5.691057
P1_V23_Phase43,9.0,8.0,8.0,9.0,8.0,6.066521,5.3421073,5.6541896,5.401389,5.6912193
P1_V23_Phase44,7.0,6.0,7.0,6.0,6.0,6.0707035,5.344464,5.6582694,5.404104,5.6955986
P1_V23_Phase45,4.0,3.0,4.0,3.0,3.0,6.0680437,5.3404884,5.6595516,5.40359,5.689968
P1_V23_Phase46,5.0,4.0,5.0,4.0,4.0,6.0694313,5.3426185,5.658208,5.4053435,5.695035
P1_V23_Phase47,4.0,3.0,4.0,3.0,3.0,6.0711455,5.346911,5.659964,5.4051065,5.6967316
P1_V23_Phase48,7.0,6.0,6.0,7.0,6.0,6.06834,5.3407555,5.6566224,5.403496,5.6930137
P1_V23_Phase49,5.0,4.0,5.0,4.0,5.0,6.0745287,5.3481784,5.6647563,5.40775,5.6995363
P1_V23_Phase5,7.0,6.0,7.0,6.0,7.0,6.067359,5.341801,5.656178,5.403086,5.6930118
P1_V23_Phase50,5.0,4.0,5.0,4.0,5.0,6.0662513,5.3401356,5.6575065,5.4046082,5.691136
P1_V23_Phase51,7.0,6.0,7.0,7.0,7.0,6.067584,5.3420625,5.6563163,5.402932,5.6940413
P1_V23_Phase52,5.0,4.0,5.0,4.0,4.0,6.065982,5.340571,5.6538277,5.4025574,5.69184
P1_V23_Phase53,5.0,4.0,5.0,4.0,5.0,6.069534,5.343984,5.658049,5.406165,5.6956377
P1_V23_Phase54,4.0,3.0,4.0,3.0,3.0,6.066147,5.3381777,5.6562443,5.4040146,5.6887426
P1_V23_Phase55,4.0,3.0,4.0,3.0,3.0,6.06824,5.3442287,5.6561923,5.4024773,5.694272
P1_V23_Phase56,4.0,3.0,4.0,3.0,4.0,6.0683355,5.343267,5.6558766,5.4032774,5.6942143
P1_V23_Phase57,4.0,3.0,4.0,3.0,3.0,6.0681076,5.3418374,5.6566615,5.403816,5.693448
P1_V23_Phase58,7.0,6.0,7.0,6.0,7.0,6.0658827,5.3389363,5.6544976,5.4017797,5.6904736
P1_V23_Phase59,7.0,6.0,7.0,6.0,7.0,6.068903,5.3415523,5.658022,5.405304,5.6930637
P1_V23_Phase6,5.0,4.0,4.0,3.0,3.0,6.0703373,5.34122,5.6599045,5.40622,5.6946793
P1_V23_Phase60,7.0,6.0,7.0,6.0,6.0,6.068613,5.341211,5.657327,5.4049177,5.6926026
P1_V23_Phase62,9.0,9.0,9.0,9.0,9.0,6.067356,5.342865,5.6541896,5.402432,5.6940227
P1_V23_Phase63,5.0,4.0,5.0,4.0,5.0,6.065213,5.3398695,5.6528735,5.400513,5.691244
P1_V23_Phase64,7.0,6.0,6.0,7.0,6.0,6.0706325,5.3431106,5.658733,5.4070506,5.69501
P1_V23_Phase65,5.0,4.0,5.0,4.0,5.0,6.067727,5.343433,5.6556325,5.403471,5.6941757
P1_V23_Phase66,7.0,6.0,7.0,7.0,6.0,6.061895,5.3379416,5.648326,5.396636,5.688256
P1_V23_Phase67,2.0,1.0,1.0,2.0,2.0,6.0646434,5.339764,5.6522913,5.401002,5.69069
P1_V23_Phase68,9.0,9.0,9.0,9.0,9.0,6.0701146,5.3446774,5.656811,5.4040947,5.6954556
P1_V23_Phase69,5.0,4.0,5.0,4.0,4.0,6.068835,5.3443837,5.656367,5.4033623,5.6951194
P1_V23_Phase7,9.0,8.0,8.0,9.0,8.0,6.0687647,5.343283,5.657234,5.404052,5.694531
P1_V23_Phase70,9.0,8.0,8.0,9.0,9.0,6.0757294,5.347651,5.6658425,5.4102564,5.7002516
P1_V23_Phase71,5.0,4.0,5.0,4.0,5.0,6.0655584,5.3411193,5.652692,5.40147,5.6921444
P1_V23_Phase72,4.0,3.0,4.0,3.0,4.0,6.0696983,5.3416524,5.661061,5.406231,5.692308
P1_V23_Phase73,7.0,6.0,7.0,6.0,6.0,6.068807,5.343857,5.656285,5.402983,5.6943507
P1_V23_Phase74,9.0,9.0,9.0,9.0,9.0,6.06869,5.340719,5.6591372,5.405158,5.692445
P1_V23_Phase75,7.0,6.0,7.0,6.0,6.0,6.0670404,5.339358,5.6562915,5.4039702,5.6909156
P1_V23_Phase76,5.0,4.0,5.0,4.0,3.0,6.0684853,5.3422575,5.656883,5.402484,5.6937532
P1_V23_Phase77,7.0,6.0,7.0,7.0,7.0,6.0681677,5.3435974,5.657759,5.4044085,5.6931505
P1_V23_Phase78,7.0,6.0,7.0,6.0,6.0,6.0694647,5.3438697,5.6579356,5.40613,5.695423
P1_V23_Phase79,4.0,3.0,4.0,3.0,3.0,6.064955,5.3397026,5.6530995,5.4012947,5.691044
P1_V23_Phase8,9.0,8.0,9.0,8.0,9.0,6.0668173,5.341086,5.6544604,5.402199,5.6922836
P1_V23_Phase80,2.0,1.0,1.0,2.0,1.0,6.063717,5.3397093,5.651757,5.3983383,5.6902027
P1_V23_Phase81,4.0,4.0,3.0,3.0,4.0,6.066025,5.341019,5.6548,5.403065,5.6914997
P1_V23_Phase82,2.0,2.0,1.0,1.0,2.0,6.068766,5.3411584,5.6586084,5.405557,5.693739
P1_V23_Phase9,7.0,7.0,6.0,7.0,7.0,6.0647573,5.339656,5.6541615,5.40046,5.6905603
P1_V24_Phase1,9.0,7.0,9.0,9.0,9.0,6.066798,5.3422875,5.654622,5.40378,5.693058
P1_V24_Phase10,2.0,1.0,2.0,1.0,1.0,6.0683985,5.3431945,5.656283,5.404003,5.6948338
P1_V24_Phase100,7.0,6.0,7.0,6.0,7.0,6.0697756,5.340825,5.6603494,5.4073477,5.6922607
P1_V24_Phase101,5.0,4.0,5.0,5.0,4.0,6.0681043,5.341876,5.6557946,5.4034834,5.6930246
P1_V24_Phase102,9.0,8.0,9.0,9.0,9.0,6.066654,5.341964,5.6554894,5.402032,5.6911707
P1_V24_Phase103,7.0,6.0,7.0,7.0,6.0,6.0677915,5.3429594,5.654691,5.4040074,5.6942015
P1_V24_Phase104,7.0,7.0,6.0,7.0,6.0,6.0723057,5.346942,5.6616817,5.406596,5.6979637
P1_V24_Phase105,7.0,6.0,7.0,6.0,6.0,6.068105,5.338288,5.658059,5.404434,5.689547
P1_V24_Phase106,7.0,6.0,7.0,7.0,6.0,6.071349,5.344926,5.6600924,5.4066076,5.6966534
P1_V24_Phase107,7.0,6.0,7.0,6.0,7.0,6.0698323,5.3446794,5.6574764,5.4047203,5.6960835
P1_V24_Phase108,5.0,4.0,5.0,5.0,4.0,6.068963,5.343571,5.657522,5.4050865,5.6952095
P1_V24_Phase109,9.0,8.0,9.0,9.0,9.0,6.0703835,5.3440475,5.659051,5.4055057,5.6957436
P1_V24_Phase11,2.0,2.0,1.0,2.0,2.0,6.0708423,5.344628,5.659834,5.4059525,5.696455
P1_V24_Phase110,7.0,6.0,6.0,7.0,6.0,6.0675044,5.343098,5.655976,5.403589,5.6939206
P1_V24_Phase111,4.0,5.0,4.0,5.0,4.0,6.0687017,5.3408957,5.6591697,5.405033,5.692686
P1_V24_Phase112,9.0,9.0,8.0,9.0,8.0,6.0710773,5.3434653,5.660109,5.4068546,5.6964846
P1_V24_Phase113,7.0,7.0,6.0,6.0,7.0,6.070416,5.3429713,5.6597924,5.4058657,5.6948786
P1_V24_Phase114,7.0,6.0,6.0,7.0,6.0,6.066587,5.341574,5.654054,5.4016633,5.693318
P1_V24_Phase115,7.0,6.0,7.0,7.0,7.0,6.0665894,5.3413124,5.6554155,5.403879,5.692544
P1_V24_Phase116,7.0,6.0,7.0,7.0,6.0,6.070185,5.3404922,5.6616797,5.406275,5.6909027
P1_V24_Phase117,9.0,8.0,8.0,9.0,8.0,6.067858,5.3437123,5.654836,5.403948,5.694586
P1_V24_Phase118,7.0,6.0,7.0,6.0,6.0,6.0724983,5.344854,5.660705,5.407394,5.697086
P1_V24_Phase119,7.0,6.0,6.0,7.0,7.0,6.0687914,5.341703,5.657787,5.4048443,5.6931353
P1_V24_Phase12,1.0,0.0,1.0,0.0,0.0,6.063162,5.3397307,5.6512046,5.3998137,5.6901803
P1_V24_Phase120,7.0,6.0,7.0,7.0,6.0,6.0674,5.341328,5.6556926,5.403376,5.6928816
P1_V24_Phase121,7.0,6.0,7.0,6.0,7.0,6.07073,5.3460755,5.659753,5.4051857,5.696203
P1_V24_Phase122,4.0,3.0,3.0,4.0,3.0,6.071496,5.344047,5.661367,5.4083247,5.6958623
P1_V24_Phase123,9.0,9.0,9.0,9.0,9.0,6.0672526,5.341295,5.6558547,5.402197,5.6934156
P1_V24_Phase124,1.0,2.0,2.0,1.0,1.0,6.0707717,5.343686,5.6591926,5.406366,5.695799
P1_V24_Phase125,7.0,6.0,6.0,7.0,7.0,6.07211,5.344732,5.660793,5.407549,5.6969748
P1_V24_Phase126,9.0,8.0,9.0,8.0,8.0,6.0714307,5.3418794,5.6618934,5.4093337,5.6942186
P1_V24_Phase127,2.0,1.0,2.0,2.0,1.0,6.0694256,5.3438363,5.6573534,5.405385,5.6958084
P1_V24_Phase13,7.0,6.0,7.0,6.0,7.0,6.073477,5.3448462,5.664065,5.409433,5.6969643
P1_V24_Phase14,4.0,5.0,4.0,3.0,4.0,6.068391,5.3435926,5.6561193,5.4029264,5.6942577
P1_V24_Phase15,7.0,6.0,7.0,6.0,7.0,6.0692596,5.340865,5.6600842,5.4056544,5.692587
P1_V24_Phase16,9.0,8.0,9.0,9.0,8.0,6.0653286,5.3416514,5.653357,5.4010134,5.6922646
P1_V24_Phase17,9.0,8.0,8.0,9.0,8.0,6.063867,5.339537,5.6527104,5.3999767,5.6906834
P1_V24_Phase18,9.0,9.0,9.0,8.0,8.0,6.068829,5.3431115,5.6574264,5.4031835,5.6941023
P1_V24_Phase19,9.0,9.0,9.0,9.0,9.0,6.0654316,5.340701,5.6542277,5.401348,5.691807
P1_V24_Phase2,9.0,8.0,8.0,9.0,8.0,6.068535,5.343596,5.6555405,5.4023705,5.694516
P1_V24_Phase20,7.0,6.0,7.0,6.0,6.0,6.070736,5.343965,5.6606164,5.4061685,5.6960435
P1_V24_Phase21,9.0,9.0,9.0,9.0,9.0,6.07341,5.348224,5.6621614,5.4072676,5.6993127
P1_V24_Phase22,9.0,9.0,9.0,9.0,9.0,6.0734,5.3448853,5.6624064,5.4086847,5.698366
P1_V24_Phase23,9.0,9.0,9.0,9.0,9.0,6.059703,5.336412,5.6466956,5.396136,5.6865616
P1_V24_Phase24,7.0,6.0,7.0,6.0,7.0,6.067399,5.3423753,5.654968,5.4037733,5.693704
P1_V24_Phase25,7.0,6.0,6.0,7.0,6.0,6.07115,5.343593,5.660109,5.407327,5.6962624
P1_V24_Phase26,9.0,9.0,9.0,9.0,9.0,6.0754795,5.348375,5.666101,5.4104424,5.7008905
P1_V24_Phase27,7.0,6.0,7.0,7.0,6.0,6.0692024,5.342976,5.6575866,5.404118,5.6944566
P1_V24_Phase28,7.0,6.0,7.0,7.0,7.0,6.069939,5.3453603,5.65791,5.4046135,5.696083
P1_V24_Phase29,7.0,6.0,6.0,7.0,7.0,6.065857,5.340296,5.6534657,5.4022093,5.6912284
P1_V24_Phase3,7.0,7.0,6.0,7.0,6.0,6.0704513,5.3407626,5.6620336,5.4068427,5.691949
P1_V24_Phase30,9.0,9.0,8.0,8.0,9.0,6.069903,5.343601,5.658257,5.405141,5.695461
P1_V24_Phase31,7.0,6.0,7.0,7.0,6.0,6.0664654,5.340404,5.6542435,5.4023867,5.691693
P1_V24_Phase32,7.0,6.0,7.0,6.0,6.0,6.067463,5.3430486,5.6551275,5.40273,5.6934547
P1_V24_Phase33,7.0,6.0,7.0,7.0,6.0,6.0638714,5.3392434,5.653127,5.399519,5.690057
P1_V24_Phase34,8.0,9.0,9.0,8.0,8.0,6.071261,5.3431754,5.6609397,5.407998,5.6954794
P1_V24_Phase35,9.0,8.0,9.0,9.0,9.0,6.0753574,5.348581,5.6659455,5.4093227,5.700228
P1_V24_Phase36,8.0,9.0,8.0,9.0,8.0,6.0672727,5.341989,5.6534295,5.4030814,5.692952
P1_V24_Phase37,7.0,6.0,7.0,7.0,6.0,6.072054,5.344517,5.6604657,5.407709,5.696211
P1_V24_Phase38,9.0,9.0,9.0,9.0,9.0,6.0668745,5.340492,5.655758,5.402156,5.6917467
P1_V24_Phase39,5.0,4.0,5.0,4.0,4.0,6.065094,5.3412538,5.6533217,5.4004135,5.6920834
P1_V24_Phase4,7.0,6.0,6.0,7.0,7.0,6.0660706,5.3394094,5.658458,5.4015493,5.688633
P1_V24_Phase40,8.0,9.0,9.0,8.0,9.0,6.0694494,5.3423038,5.6583724,5.4042664,5.6951075
P1_V24_Phase41,2.0,1.0,2.0,2.0,1.0,6.072299,5.3466306,5.659967,5.4066567,5.6975985
P1_V24_Phase42,4.0,3.0,4.0,4.0,3.0,6.0724583,5.3456845,5.661105,5.408271,5.697789
P1_V24_Phase43,9.0,9.0,9.0,9.0,9.0,6.0697684,5.3407445,5.6598763,5.407322,5.691835
P1_V24_Phase44,7.0,6.0,7.0,7.0,7.0,6.071722,5.3426094,5.6628017,5.4083843,5.694784
P1_V24_Phase45,9.0,8.0,8.0,9.0,9.0,6.0698733,5.3419166,5.6600165,5.405835,5.6944036
P1_V24_Phase46,7.0,6.0,6.0,7.0,6.0,6.0724955,5.346149,5.660455,5.4065113,5.6980143
P1_V24_Phase47,9.0,8.0,9.0,9.0,8.0,6.067273,5.341744,5.6569934,5.403471,5.691866
P1_V24_Phase48,8.0,9.0,9.0,8.0,9.0,6.0663767,5.342158,5.653876,5.4021444,5.6927567
P1_V24_Phase49,7.0,6.0,7.0,6.0,7.0,6.0690074,5.339132,5.6574492,5.4085665,5.690989
P1_V24_Phase5,7.0,6.0,7.0,7.0,6.0,6.0728645,5.34588,5.660351,5.4067607,5.697201
P1_V24_Phase50,8.0,9.0,8.0,9.0,8.0,6.073091,5.3446803,5.6624684,5.409521,5.698575
P1_V24_Phase51,9.0,8.0,9.0,8.0,8.0,6.071494,5.3442407,5.6599145,5.4068108,5.696685
P1_V24_Phase52,8.0,9.0,9.0,8.0,9.0,6.0682592,5.3429904,5.656374,5.402589,5.694174
P1_V24_Phase53,8.0,9.0,8.0,8.0,9.0,6.0629215,5.339868,5.6500673,5.398377,5.689266
P1_V24_Phase54,7.0,7.0,6.0,6.0,7.0,6.0698276,5.3453155,5.6582246,5.4037533,5.69483
P1_V24_Phase55,9.0,8.0,9.0,8.0,9.0,6.0675035,5.3428364,5.6554227,5.4034185,5.694166
P1_V24_Phase56,8.0,9.0,9.0,8.0,8.0,6.069408,5.3447537,5.656492,5.4038453,5.6954994
P1_V24_Phase57,2.0,1.0,1.0,2.0,1.0,6.072757,5.344563,5.6627564,5.4073467,5.6972003
P1_V24_Phase58,9.0,9.0,9.0,9.0,9.0,6.0655937,5.342875,5.6545143,5.4011254,5.692728
P1_V24_Phase59,4.0,5.0,4.0,5.0,4.0,6.0703735,5.34186,5.6604857,5.4059944,5.6939106
P1_V24_Phase6,8.0,9.0,8.0,8.0,9.0,6.072047,5.3468957,5.6592765,5.4051704,5.6984196
P1_V24_Phase60,7.0,6.0,7.0,6.0,7.0,6.069335,5.343168,5.658899,5.405719,5.694244
P1_V24_Phase61,8.0,9.0,8.0,8.0,9.0,6.066087,5.342771,5.654325,5.400441,5.692811
P1_V24_Phase62,2.0,2.0,1.0,1.0,2.0,6.0686517,5.343516,5.657848,5.403322,5.694836
P1_V24_Phase63,7.0,6.0,7.0,6.0,7.0,6.0504584,5.3268776,5.649338,5.391203,5.677807
P1_V24_Phase64,4.0,3.0,3.0,4.0,3.0,6.074566,5.347222,5.6644526,5.4093285,5.6981406
P1_V24_Phase65,7.0,6.0,7.0,7.0,6.0,6.0666833,5.3386073,5.658025,5.4035864,5.690737
P1_V24_Phase66,2.0,1.0,2.0,1.0,0.0,6.0714264,5.344376,5.66176,5.4067593,5.695909
P1_V24_Phase67,9.0,8.0,9.0,9.0,8.0,6.0676613,5.342941,5.6555543,5.402323,5.6932597
P1_V24_Phase68,9.0,8.0,9.0,8.0,9.0,6.067498,5.340959,5.6569386,5.4027624,5.6915855
P1_V24_Phase69,7.0,7.0,6.0,7.0,6.0,6.069454,5.3433757,5.6573024,5.403528,5.6946983
P1_V24_Phase7,9.0,8.0,9.0,8.0,9.0,6.063833,5.3399816,5.651073,5.4002233,5.6904426
P1_V24_Phase70,7.0,6.0,7.0,7.0,6.0,6.0674286,5.3423758,5.6571813,5.401522,5.6925697
P1_V24_Phase71,2.0,1.0,2.0,1.0,2.0,6.071864,5.3472204,5.6609426,5.4072137,5.6984587
P1_V24_Phase72,7.0,7.0,6.0,6.0,7.0,6.070257,5.3432307,5.660251,5.404682,5.6945662
P1_V24_Phase73,7.0,6.0,7.0,6.0,6.0,6.0665107,5.338353,5.656387,5.403388,5.689861
P1_V24_Phase74,8.0,9.0,9.0,8.0,9.0,6.066967,5.3421545,5.655157,5.4011726,5.6928344
P1_V24_Phase75,9.0,9.0,8.0,9.0,8.0,6.070537,5.3450494,5.6590075,5.40611,5.6953297
P1_V24_Phase76,5.0,5.0,4.0,5.0,4.0,6.068446,5.3428206,5.6565747,5.404043,5.6944127
P1_V24_Phase77,9.0,9.0,8.0,8.0,9.0,6.071182,5.341785,5.6616797,5.4074063,5.693577
P1_V24_Phase78,9.0,9.0,9.0,9.0,9.0,6.072569,5.3450904,5.662372,5.4082355,5.6982756
P1_V24_Phase79,5.0,4.0,4.0,5.0,4.0,6.0697308,5.3447556,5.657417,5.4060183,5.695731
P1_V24_Phase8,7.0,6.0,7.0,6.0,7.0,6.0702405,5.3432784,5.6599345,5.406655,5.6950655
P1_V24_Phase80,5.0,4.0,5.0,5.0,4.0,6.065462,5.3403926,5.6557574,5.401734,5.690425
P1_V24_Phase81,1.0,1.0,2.0,2.0,1.0,6.066617,5.3375416,5.6589813,5.4046507,5.688303
P1_V24_Phase82,7.0,6.0,7.0,7.0,6.0,6.0696263,5.3448215,5.6583867,5.403433,5.6953897
P1_V24_Phase83,9.0,9.0,9.0,9.0,9.0,6.0757427,5.3499246,5.6665072,5.409543,5.7014847
P1_V24_Phase84,9.0,9.0,9.0,9.0,9.0,6.0717707,5.3459578,5.6606755,5.4056783,5.6977034
P1_V24_Phase85,4.0,3.0,4.0,4.0,3.0,6.0707235,5.346301,5.6602693,5.4045277,5.6968355
P1_V24_Phase86,5.0,5.0,4.0,4.0,5.0,6.0701933,5.341356,5.6611447,5.406028,5.693674
P1_V24_Phase87,7.0,7.0,6.0,7.0,6.0,6.0666294,5.34172,5.6548915,5.400677,5.6923084
P1_V24_Phase88,7.0,6.0,6.0,7.0,6.0,6.0701895,5.342459,5.6583576,5.4059343,5.6946955
P1_V24_Phase89,9.0,8.0,9.0,8.0,9.0,6.067684,5.3429646,5.6553206,5.4022703,5.6930857
P1_V24_Phase9,7.0,6.0,7.0,7.0,6.0,6.06968,5.344561,5.6568046,5.4033422,5.695754
P1_V24_Phase90,9.0,8.0,8.0,8.0,9.0,6.0699778,5.3439317,5.65747,5.4049835,5.6958857
P1_V24_Phase91,4.0,3.0,4.0,4.0,3.0,6.069099,5.3429303,5.6581674,5.4040165,5.6928864
P1_V24_Phase92,9.0,9.0,9.0,9.0,9.0,6.078616,5.35186,5.6694136,5.4119873,5.7039757
P1_V24_Phase93,7.0,6.0,7.0,6.0,7.0,6.0722485,5.3443017,5.661633,5.4077644,5.6966305
P1_V24_Phase94,6.0,7.0,7.0,6.0,7.0,6.069851,5.341038,5.6618304,5.4071317,5.693409
P1_V24_Phase95,7.0,6.0,7.0,6.0,6.0,6.0716934,5.3455963,5.6602874,5.405335,5.6963377
P1_V24_Phase96,7.0,7.0,6.0,7.0,6.0,6.0745173,5.34761,5.665096,5.40861,5.699582
P1_V24_Phase97,7.0,6.0,7.0,7.0,6.0,6.0664735,5.3423123,5.653789,5.400826,5.692469
P1_V24_Phase98,6.0,6.0,7.0,7.0,7.0,6.076515,5.346953,5.666785,5.4120255,5.700311
P1_V24_Phase99,7.0,6.0,6.0,7.0,7.0,6.074706,5.349687,5.662552,5.4080105,5.700837
P1_V25_Phase1,2.0,1.0,2.0,1.0,1.0,6.0654364,5.3397765,5.6546836,5.4011183,5.69125
P1_V25_Phase10,7.0,6.0,6.0,7.0,6.0,6.067273,5.3437905,5.65418,5.4022846,5.694335
P1_V25_Phase100,9.0,9.0,9.0,9.0,9.0,6.0770245,5.3476515,5.6663165,5.4116426,5.7010727
P1_V25_Phase101,3.0,3.0,4.0,3.0,4.0,6.069006,5.3445516,5.6571603,5.404707,5.695977
P1_V25_Phase102,4.0,5.0,4.0,3.0,4.0,6.0629263,5.3373847,5.652503,5.4001484,5.687563
P1_V25_Phase103,7.0,6.0,6.0,7.0,7.0,6.062829,5.3396573,5.649835,5.399694,5.6896048
P1_V25_Phase11,2.0,1.0,2.0,1.0,2.0,6.0698237,5.3440747,5.6593833,5.4046555,5.6941166
P1_V25_Phase12,7.0,6.0,7.0,6.0,7.0,6.0662956,5.3421373,5.6544595,5.401487,5.692808
P1_V25_Phase13,7.0,6.0,7.0,6.0,6.0,6.0666914,5.3378253,5.6562376,5.403152,5.689148
P1_V25_Phase14,5.0,5.0,4.0,4.0,5.0,6.0658226,5.340799,5.6535864,5.4012213,5.6918693
P1_V25_Phase15,9.0,9.0,8.0,8.0,9.0,6.065212,5.3403544,5.652862,5.400855,5.6916766
P1_V25_Phase16,2.0,1.0,2.0,2.0,1.0,6.063289,5.3391566,5.6499634,5.399111,5.6893215
P1_V25_Phase17,4.0,3.0,3.0,3.0,4.0,6.0722914,5.344108,5.662512,5.4085,5.6975117
P1_V25_Phase18,5.0,4.0,4.0,3.0,4.0,6.068529,5.341925,5.657326,5.405408,5.6928716
P1_V25_Phase19,7.0,6.0,7.0,6.0,6.0,6.0671606,5.3411174,5.655989,5.4043174,5.6926126
P1_V25_Phase2,7.0,6.0,6.0,7.0,6.0,6.0638514,5.3388133,5.6556478,5.3998075,5.6879106
P1_V25_Phase20,9.0,8.0,9.0,8.0,9.0,6.0745745,5.346204,5.6639047,5.4100475,5.6990237
P1_V25_Phase21,7.0,6.0,7.0,6.0,7.0,6.0658493,5.341797,5.654279,5.402465,5.692373
P1_V25_Phase22,7.0,6.0,7.0,7.0,6.0,6.065979,5.3401504,5.6559873,5.4012637,5.691549
P1_V25_Phase23,9.0,9.0,9.0,9.0,9.0,6.069199,5.3467293,5.656797,5.402878,5.6961093
P1_V25_Phase24,9.0,9.0,8.0,8.0,9.0,6.063097,5.335218,5.6538644,5.399275,5.6865215
P1_V25_Phase25,4.0,3.0,4.0,4.0,3.0,6.066845,5.341779,5.6542907,5.4008923,5.6926327
P1_V25_Phase26,9.0,8.0,9.0,8.0,8.0,6.069925,5.343297,5.6593637,5.407004,5.6951294
P1_V25_Phase27,2.0,1.0,2.0,1.0,1.0,6.0642843,5.3400383,5.6508064,5.4004755,5.6907372
P1_V25_Phase28,7.0,6.0,7.0,7.0,6.0,6.0667896,5.3421454,5.653403,5.40231,5.693228
P1_V25_Phase29,4.0,5.0,4.0,3.0,4.0,6.070786,5.3437214,5.6609054,5.4077106,5.6952887
P1_V25_Phase3,6.0,7.0,7.0,6.0,6.0,6.065256,5.341184,5.6540256,5.3999166,5.690699
P1_V25_Phase30,2.0,1.0,2.0,2.0,1.0,6.069817,5.346133,5.6582885,5.402466,5.696095
P1_V25_Phase31,9.0,9.0,9.0,9.0,9.0,6.073373,5.346062,5.664709,5.4082823,5.6982555
P1_V25_Phase32,4.0,3.0,4.0,3.0,3.0,6.0700974,5.3461137,5.6571546,5.4046097,5.6962404
P1_V25_Phase33,7.0,6.0,6.0,7.0,6.0,6.0685253,5.343099,5.656547,5.4032717,5.695014
P1_V25_Phase34,7.0,6.0,7.0,7.0,6.0,6.070321,5.345879,5.658817,5.4037566,5.696063
P1_V25_Phase35,7.0,6.0,7.0,6.0,7.0,6.064913,5.342051,5.6509986,5.3980536,5.6915174
P1_V25_Phase36,4.0,3.0,4.0,3.0,3.0,6.067398,5.3412547,5.6554265,5.403091,5.6927557
P1_V25_Phase37,4.0,3.0,4.0,3.0,4.0,6.06825,5.343124,5.654981,5.4044104,5.6943607
P1_V25_Phase38,7.0,6.0,7.0,7.0,6.0,6.070945,5.344724,5.658589,5.4056864,5.6956377
P1_V25_Phase39,2.0,2.0,1.0,1.0,2.0,6.0650635,5.3417387,5.6520076,5.3995585,5.691699
P1_V25_Phase4,4.0,3.0,3.0,4.0,5.0,6.065812,5.3413734,5.6530046,5.402274,5.692056
P1_V25_Phase40,7.0,6.0,7.0,7.0,6.0,6.068332,5.3427815,5.655714,5.4025745,5.694577
P1_V25_Phase41,5.0,4.0,5.0,5.0,4.0,6.0688233,5.3432,5.6569266,5.4048805,5.693813
P1_V25_Phase42,4.0,3.0,4.0,3.0,3.0,6.0646367,5.3394346,5.6545224,5.4011345,5.690341
P1_V25_Phase43,9.0,8.0,8.0,9.0,8.0,6.06933,5.3429093,5.658426,5.405894,5.694805
P1_V25_Phase44,7.0,6.0,7.0,6.0,6.0,6.0679455,5.3409123,5.657224,5.403751,5.6931643
P1_V25_Phase45,9.0,9.0,9.0,9.0,9.0,6.0684958,5.343084,5.6564946,5.402997,5.6943274
P1_V25_Phase46,7.0,6.0,7.0,7.0,6.0,6.0665092,5.3384724,5.6570854,5.404724,5.6892824
P1_V25_Phase47,2.0,1.0,2.0,2.0,1.0,6.065922,5.3396316,5.654362,5.4020553,5.6906824
P1_V25_Phase48,7.0,6.0,7.0,6.0,6.0,6.0683727,5.341925,5.6565094,5.403402,5.6939564
P1_V25_Phase49,5.0,4.0,5.0,4.0,4.0,6.065159,5.3404574,5.6527715,5.4021645,5.69107
P1_V25_Phase5,2.0,1.0,1.0,2.0,1.0,6.068001,5.342571,5.6551723,5.403208,5.693873
P1_V25_Phase50,8.0,9.0,8.0,9.0,9.0,6.07197,5.342851,5.6624217,5.4084616,5.695706
P1_V25_Phase51,0.0,2.0,2.0,1.0,0.0,6.068207,5.342685,5.6565557,5.403601,5.693823
P1_V25_Phase52,8.0,9.0,9.0,8.0,9.0,6.067714,5.343353,5.6563106,5.403409,5.6938953
P1_V25_Phase53,2.0,1.0,2.0,2.0,1.0,6.0678897,5.341224,5.6565976,5.403597,5.692816
P1_V25_Phase54,0.0,0.0,0.0,0.0,0.0,6.067231,5.3417153,5.655711,5.402919,5.693523
P1_V25_Phase55,2.0,1.0,2.0,1.0,1.0,6.066569,5.341925,5.6540046,5.40277,5.692746
P1_V25_Phase56,9.0,9.0,9.0,9.0,9.0,6.0706615,5.3441367,5.6600947,5.4060106,5.696188
P1_V25_Phase57,7.0,7.0,6.0,7.0,6.0,6.067219,5.342442,5.654905,5.403446,5.693577
P1_V25_Phase58,1.0,0.0,0.0,1.0,0.0,6.0683007,5.3427906,5.6561365,5.4037275,5.69371
P1_V25_Phase59,2.0,1.0,1.0,0.0,1.0,6.0745993,5.346065,5.6656966,5.4102116,5.699359
P1_V25_Phase6,6.0,7.0,7.0,6.0,6.0,6.067241,5.3397,5.657245,5.403182,5.691414
P1_V25_Phase60,5.0,4.0,5.0,5.0,4.0,6.0670094,5.3419566,5.653692,5.4038467,5.6932745
P1_V25_Phase61,4.0,3.0,3.0,4.0,3.0,6.0629277,5.3398585,5.6500287,5.3991604,5.6904593
P1_V25_Phase62,5.0,4.0,4.0,5.0,4.0,6.068884,5.3418536,5.66169,5.4058256,5.692441
P1_V25_Phase63,9.0,8.0,9.0,8.0,9.0,6.0660152,5.3428035,5.6541066,5.4013376,5.693616
P1_V25_Phase64,9.0,8.0,9.0,9.0,8.0,6.0678263,5.3440456,5.6563306,5.4027843,5.6946106
P1_V25_Phase65,9.0,8.0,9.0,9.0,9.0,6.0685077,5.342415,5.658661,5.4047766,5.693016
P1_V25_Phase66,7.0,6.0,6.0,7.0,7.0,6.071563,5.344045,5.660132,5.4072275,5.696809
P1_V25_Phase67,3.0,4.0,3.0,4.0,3.0,6.0628433,5.3387456,5.6506596,5.3980093,5.6891313
P1_V25_Phase68,2.0,1.0,1.0,2.0,1.0,6.0673385,5.341752,5.655664,5.403488,5.6936893
P1_V25_Phase69,9.0,9.0,9.0,9.0,9.0,6.0675545,5.3421264,5.656007,5.403732,5.69343
P1_V25_Phase7,9.0,9.0,9.0,9.0,9.0,6.0757074,5.3473487,5.6663685,5.4116993,5.7008314
P1_V25_Phase70,8.0,9.0,8.0,8.0,9.0,6.069001,5.343755,5.655737,5.403328,5.694819
P1_V25_Phase71,7.0,7.0,6.0,7.0,6.0,6.064869,5.3378043,5.6538844,5.401126,5.689685
P1_V25_Phase72,9.0,8.0,9.0,9.0,8.0,6.0706816,5.3459706,5.65809,5.404296,5.6964808
P1_V25_Phase73,6.0,7.0,7.0,6.0,6.0,6.071997,5.3464723,5.661056,5.4067793,5.697461
P1_V25_Phase74,8.0,8.0,9.0,9.0,8.0,6.06817,5.3421874,5.6569896,5.403707,5.6943173
P1_V25_Phase75,9.0,9.0,9.0,9.0,9.0,6.069973,5.3432813,5.6591105,5.4054174,5.6950665
P1_V25_Phase76,9.0,9.0,9.0,9.0,9.0,6.0698204,5.3464317,5.656635,5.4043865,5.697197
P1_V25_Phase77,9.0,9.0,9.0,9.0,9.0,6.0659995,5.342998,5.653226,5.401658,5.6931934
P1_V25_Phase78,9.0,9.0,9.0,9.0,9.0,6.064241,5.340224,5.6517916,5.3995233,5.690202
P1_V25_Phase79,8.0,9.0,9.0,8.0,9.0,6.069086,5.3442483,5.656011,5.4035473,5.695182
P1_V25_Phase8,7.0,6.0,7.0,6.0,6.0,6.0717306,5.3433156,5.660456,5.407818,5.6957335
P1_V25_Phase80,9.0,9.0,9.0,9.0,9.0,6.0671034,5.3425345,5.655193,5.4021187,5.6934276
P1_V25_Phase81,7.0,6.0,7.0,7.0,6.0,6.0684023,5.3428545,5.6577163,5.4018226,5.6936426
P1_V25_Phase82,9.0,9.0,9.0,9.0,9.0,6.072281,5.345476,5.661868,5.407388,5.697196
P1_V25_Phase83,9.0,9.0,9.0,9.0,9.0,6.06412,5.3405337,5.6519084,5.398773,5.6906347
P1_V25_Phase84,9.0,9.0,9.0,9.0,9.0,6.0672183,5.342941,5.654762,5.402034,5.693664
P1_V25_Phase85,8.0,9.0,8.0,9.0,9.0,6.0678205,5.3440294,5.654835,5.4026604,5.6942315
P1_V25_Phase86,2.0,1.0,2.0,1.0,2.0,6.068941,5.3459673,5.655293,5.4039836,5.6958594
P1_V25_Phase87,4.0,3.0,4.0,4.0,3.0,6.0698404,5.3460965,5.6576533,5.406147,5.6962914
P1_V25_Phase88,2.0,1.0,2.0,2.0,1.0,6.0704317,5.345617,5.658769,5.404193,5.697314
P1_V25_Phase89,0.0,0.0,0.0,0.0,0.0,6.073594,5.346816,5.6624255,5.4082603,5.698669
P1_V25_Phase9,7.0,7.0,6.0,6.0,6.0,6.07078,5.344046,5.659574,5.405126,5.6964216
P1_V25_Phase90,7.0,6.0,7.0,6.0,6.0,6.069037,5.3417444,5.6590457,5.404463,5.693276
P1_V25_Phase91,8.0,9.0,9.0,8.0,9.0,6.0662594,5.342271,5.653814,5.401375,5.6928983
P1_V25_Phase92,2.0,1.0,1.0,2.0,1.0,6.0714417,5.3430533,5.660561,5.407467,5.6961174
P1_V25_Phase93,7.0,6.0,7.0,6.0,7.0,6.071287,5.3452134,5.6592355,5.405055,5.6973367
P1_V25_Phase94,9.0,8.0,9.0,9.0,8.0,6.069109,5.341321,5.6591535,5.4066896,5.692787
P1_V25_Phase95,7.0,6.0,7.0,7.0,6.0,6.067028,5.3433475,5.6543345,5.4006977,5.69384
P1_V25_Phase96,7.0,6.0,7.0,6.0,6.0,6.069394,5.3447385,5.6593823,5.403943,5.6944036
P1_V25_Phase97,9.0,9.0,9.0,9.0,9.0,6.0722675,5.3456607,5.6608977,5.4075165,5.6981125
P1_V25_Phase98,8.0,9.0,9.0,8.0,9.0,6.069148,5.3452106,5.657697,5.4038258,5.6958528
P1_V25_Phase99,6.0,7.0,6.0,6.0,6.0,6.0694284,5.3424945,5.6575265,5.405308,5.6941376
P1_V27_Phase1,4.0,3.0,4.0,4.0,3.0,6.0685406,5.3429203,5.65676,5.403098,5.6945143
P1_V27_Phase2,2.0,1.0,2.0,2.0,2.0,6.067953,5.337185,5.657601,5.4049253,5.6894493
P1_V27_Phase3,2.0,1.0,2.0,1.0,1.0,6.0668097,5.340753,5.65442,5.401561,5.692365
P1_V27_Phase4,4.0,3.0,4.0,3.0,3.0,6.0665035,5.339535,5.6548758,5.4013395,5.6909466
P1_V27_Phase6,4.0,3.0,4.0,3.0,3.0,6.0684624,5.3417277,5.658287,5.4047365,5.6912146
P1_V27_Phase8,2.0,1.0,2.0,1.0,2.0,6.069112,5.3416333,5.657182,5.406785,5.692743
P1_V27_Phase9,2.0,1.0,2.0,1.0,2.0,6.0689335,5.3437443,5.6583447,5.4040174,5.6950345
P1_V28_Phase1,9.0,8.0,9.0,8.0,9.0,6.064691,5.33991,5.6530166,5.400936,5.6905665
P1_V28_Phase10,9.0,8.0,8.0,9.0,8.0,6.0686135,5.3403096,5.6585927,5.4056997,5.692574
P1_V28_Phase11,5.0,4.0,4.0,5.0,5.0,6.075981,5.348543,5.6671004,5.411022,5.7011256
P1_V28_Phase12,7.0,6.0,7.0,6.0,6.0,6.06976,5.33948,5.662127,5.407855,5.691587
P1_V28_Phase13,9.0,9.0,9.0,9.0,9.0,6.071596,5.346976,5.661247,5.4065638,5.698138
P1_V28_Phase14,4.0,5.0,4.0,3.0,4.0,6.071462,5.3439336,5.6606565,5.40805,5.6970634
P1_V28_Phase15,9.0,8.0,9.0,8.0,9.0,6.070977,5.3431993,5.6596084,5.407309,5.69541
P1_V28_Phase16,9.0,9.0,9.0,9.0,9.0,6.070408,5.3439794,5.6596575,5.4059277,5.6963162
P1_V28_Phase17,9.0,8.0,8.0,9.0,8.0,6.0655565,5.340078,5.654794,5.4012604,5.6901784
P1_V28_Phase18,9.0,8.0,9.0,8.0,9.0,6.065794,5.3402143,5.654305,5.401541,5.692439
P1_V28_Phase19,9.0,9.0,9.0,9.0,9.0,6.063185,5.33917,5.6503196,5.3998914,5.6902018
P1_V28_Phase2,9.0,9.0,9.0,9.0,9.0,6.06402,5.3376155,5.6539655,5.401,5.688714
P1_V28_Phase20,7.0,6.0,7.0,7.0,7.0,6.068776,5.3439093,5.6566796,5.404775,5.6949177
P1_V28_Phase21,5.0,4.0,5.0,4.0,4.0,6.0681167,5.341315,5.655983,5.4026284,5.6934032
P1_V28_Phase22,5.0,4.0,5.0,4.0,3.0,6.068559,5.3437276,5.6566043,5.4029937,5.6952
P1_V28_Phase23,2.0,1.0,2.0,1.0,2.0,6.062049,5.3394737,5.64963,5.3981094,5.688525
P1_V28_Phase24,7.0,6.0,6.0,7.0,6.0,6.071881,5.3440924,5.6615787,5.407912,5.695529
P1_V28_Phase25,9.0,8.0,9.0,8.0,9.0,6.0602493,5.3344903,5.6507144,5.397439,5.6842227
P1_V28_Phase26,5.0,4.0,5.0,4.0,5.0,6.066823,5.3428965,5.6552186,5.4025927,5.6929855
P1_V28_Phase27,9.0,9.0,9.0,9.0,9.0,6.0695934,5.3437915,5.6578355,5.4060974,5.6945477
P1_V28_Phase28,9.0,8.0,9.0,8.0,9.0,6.0666666,5.3409996,5.6556535,5.4028544,5.6920285
P1_V28_Phase29,9.0,9.0,9.0,9.0,9.0,6.0682225,5.3418956,5.6567926,5.4043903,5.6939497
P1_V28_Phase3,7.0,6.0,7.0,6.0,7.0,6.0693626,5.344235,5.6577086,5.404336,5.695727
P1_V28_Phase30,9.0,8.0,8.0,9.0,8.0,6.069297,5.3426585,5.6578817,5.4053354,5.694778
P1_V28_Phase31,5.0,4.0,5.0,4.0,5.0,6.060449,5.3373594,5.6478972,5.397085,5.6874223
P1_V28_Phase32,4.0,3.0,4.0,4.0,3.0,6.0699215,5.3428493,5.6589227,5.406867,5.69565
P1_V28_Phase33,5.0,4.0,5.0,4.0,5.0,6.062787,5.3385415,5.652493,5.3987136,5.68836
P1_V28_Phase34,4.0,3.0,4.0,3.0,3.0,6.0675044,5.3422036,5.65591,5.4027042,5.694128
P1_V28_Phase35,2.0,1.0,2.0,1.0,2.0,6.070431,5.3436832,5.658686,5.405156,5.6952085
P1_V28_Phase36,7.0,6.0,7.0,6.0,6.0,6.0669007,5.3426332,5.655404,5.4038057,5.6923547
P1_V28_Phase37,7.0,6.0,7.0,6.0,6.0,6.0700226,5.343909,5.6592617,5.4054613,5.6957626
P1_V28_Phase38,9.0,8.0,9.0,8.0,9.0,6.066494,5.3413568,5.655112,5.402445,5.692753
P1_V28_Phase4,9.0,9.0,9.0,9.0,9.0,6.069315,5.3420377,5.658108,5.404469,5.693143
P1_V28_Phase5,4.0,3.0,4.0,3.0,3.0,6.0636277,5.3396645,5.6510587,5.3993225,5.690667
P1_V28_Phase6,9.0,9.0,9.0,9.0,9.0,6.0622883,5.3400207,5.6484404,5.3971806,5.6896696
P1_V28_Phase7,7.0,7.0,7.0,6.0,6.0,6.0692244,5.3433776,5.657475,5.4050817,5.695368
P1_V28_Phase8,9.0,9.0,9.0,9.0,9.0,6.0713234,5.346316,5.659838,5.4065046,5.6973014
P1_V28_Phase9,9.0,8.0,9.0,8.0,9.0,6.068947,5.3443923,5.6562586,5.4035444,5.694604
P1_V29_Phase1,7.0,6.0,7.0,6.0,6.0,6.071163,5.3451424,5.6593614,5.405822,5.69692
P1_V29_Phase10,9.0,8.0,8.0,9.0,9.0,6.0685873,5.343213,5.6570334,5.404031,5.6935587
P1_V29_Phase100,8.0,9.0,8.0,9.0,9.0,6.064348,5.3393826,5.652845,5.3994265,5.6898475
P1_V29_Phase101,7.0,9.0,8.0,9.0,8.0,6.0683174,5.343308,5.6562357,5.402795,5.6944447
P1_V29_Phase102,9.0,9.0,8.0,9.0,8.0,6.070509,5.343908,5.6594863,5.4063416,5.696393
P1_V29_Phase103,7.0,6.0,7.0,6.0,6.0,6.070659,5.3461127,5.658672,5.4040422,5.6969194
P1_V29_Phase104,9.0,8.0,9.0,9.0,9.0,6.0649076,5.3417573,5.652702,5.401103,5.692152
P1_V29_Phase105,5.0,5.0,4.0,5.0,4.0,6.0674276,5.3414226,5.6551757,5.403862,5.6921587
P1_V29_Phase106,7.0,7.0,6.0,7.0,6.0,6.068157,5.3422227,5.6557875,5.4027424,5.694008
P1_V29_Phase107,7.0,6.0,7.0,6.0,7.0,6.0641866,5.33997,5.6516223,5.399302,5.690634
P1_V29_Phase108,7.0,7.0,6.0,7.0,6.0,6.0698366,5.3405614,5.662719,5.408043,5.6916704
P1_V29_Phase109,8.0,9.0,8.0,8.0,9.0,6.071829,5.3455296,5.660002,5.405524,5.6972103
P1_V29_Phase11,7.0,6.0,7.0,6.0,6.0,6.065677,5.3370667,5.654641,5.4025393,5.688466
P1_V29_Phase110,9.0,9.0,9.0,9.0,9.0,6.0677705,5.3407955,5.657283,5.4040375,5.6934423
P1_V29_Phase111,5.0,4.0,5.0,5.0,4.0,6.0716968,5.344985,5.6613417,5.4060917,5.6962376
P1_V29_Phase112,9.0,9.0,9.0,9.0,9.0,6.066582,5.3422437,5.6545563,5.403695,5.692826
P1_V29_Phase113,9.0,9.0,9.0,9.0,9.0,6.069708,5.342751,5.6592503,5.405823,5.6952553
P1_V29_Phase114,9.0,9.0,9.0,9.0,9.0,6.065921,5.340421,5.65433,5.4025693,5.6912827
P1_V29_Phase115,9.0,9.0,9.0,9.0,9.0,6.0699196,5.343101,5.659305,5.405876,5.6941833
P1_V29_Phase116,2.0,1.0,1.0,2.0,0.0,6.069112,5.34213,5.6581826,5.4051685,5.694167
P1_V29_Phase117,9.0,9.0,9.0,9.0,9.0,6.0720415,5.3418283,5.662653,5.4084187,5.693803
P1_V29_Phase118,9.0,9.0,9.0,9.0,9.0,6.0690937,5.343349,5.6582713,5.4040065,5.694589
P1_V29_Phase119,1.0,0.0,2.0,1.0,0.0,6.067313,5.3427835,5.6547465,5.402458,5.693441
P1_V29_Phase12,8.0,9.0,9.0,8.0,8.0,6.069891,5.342732,5.6595454,5.405734,5.695243
P1_V29_Phase120,4.0,3.0,5.0,5.0,4.0,6.070656,5.3418617,5.6591067,5.4070816,5.693465
P1_V29_Phase121,7.0,7.0,6.0,6.0,7.0,6.06976,5.344171,5.657482,5.403653,5.6957817
P1_V29_Phase122,2.0,1.0,2.0,1.0,0.0,6.07345,5.3485065,5.6606336,5.4064455,5.6997104
P1_V29_Phase123,5.0,4.0,5.0,5.0,4.0,6.067768,5.341064,5.657142,5.40329,5.6919274
P1_V29_Phase124,2.0,1.0,2.0,2.0,1.0,6.0654125,5.339708,5.653855,5.4007998,5.6917653
P1_V29_Phase125,7.0,6.0,6.0,7.0,6.0,6.0702252,5.3460374,5.6595073,5.4050217,5.696127
P1_V29_Phase126,2.0,2.0,1.0,2.0,1.0,6.0700345,5.344244,5.658013,5.404768,5.6959195
P1_V29_Phase127,3.0,4.0,3.0,3.0,4.0,6.0658913,5.3435683,5.652998,5.4008436,5.69307
P1_V29_Phase128,4.0,4.0,3.0,4.0,3.0,6.0643454,5.341046,5.6518283,5.4005594,5.691609
P1_V29_Phase129,1.0,2.0,1.0,1.0,0.0,6.065112,5.3390365,5.6536517,5.401963,5.6902423
P1_V29_Phase13,8.0,8.0,9.0,8.0,9.0,6.0693893,5.3429904,5.6589875,5.4060535,5.6948895
P1_V29_Phase130,4.0,3.0,3.0,4.0,3.0,6.0694118,5.3458223,5.657489,5.403164,5.6955223
P1_V29_Phase131,7.0,6.0,6.0,7.0,6.0,6.074675,5.3457904,5.664258,5.410424,5.6993227
P1_V29_Phase132,6.0,7.0,7.0,7.0,6.0,6.0675354,5.341259,5.6564193,5.40259,5.6930504
P1_V29_Phase133,7.0,6.0,6.0,7.0,6.0,6.069522,5.341825,5.6608114,5.406661,5.692804
P1_V29_Phase134,9.0,8.0,8.0,9.0,8.0,6.065172,5.3402505,5.6531096,5.401222,5.6913776
P1_V29_Phase135,7.0,6.0,7.0,7.0,6.0,6.065898,5.3387847,5.6575556,5.401954,5.6893005
P1_V29_Phase136,7.0,6.0,7.0,6.0,6.0,6.067887,5.339933,5.657472,5.4051843,5.6921005
P1_V29_Phase137,1.0,2.0,1.0,2.0,0.0,6.0677023,5.3397555,5.6566844,5.4040036,5.6926622
P1_V29_Phase138,2.0,1.0,2.0,2.0,1.0,6.0704904,5.3447766,5.658813,5.4053106,5.696558
P1_V29_Phase14,7.0,6.0,7.0,7.0,6.0,6.069317,5.344145,5.6567636,5.4033985,5.695943
P1_V29_Phase15,8.0,9.0,9.0,8.0,8.0,6.0690813,5.3412967,5.6590166,5.4055705,5.6931486
P1_V29_Phase16,6.0,7.0,6.0,7.0,6.0,6.0717497,5.3468566,5.6602483,5.407075,5.6962805
P1_V29_Phase17,6.0,7.0,6.0,6.0,7.0,6.0699143,5.343909,5.6575723,5.4042416,5.695462
P1_V29_Phase18,6.0,6.0,7.0,7.0,6.0,6.068547,5.3439345,5.655759,5.404541,5.694874
P1_V29_Phase19,3.0,4.0,5.0,4.0,4.0,6.067241,5.343926,5.654034,5.4022436,5.6940155
P1_V29_Phase2,6.0,7.0,6.0,7.0,6.0,6.065273,5.3399973,5.6536536,5.4008503,5.691293
P1_V29_Phase20,8.0,9.0,9.0,8.0,9.0,6.0727615,5.3443317,5.662873,5.409165,5.6976924
P1_V29_Phase21,9.0,9.0,9.0,9.0,9.0,6.0658984,5.338719,5.655679,5.403109,5.6891537
P1_V29_Phase22,9.0,8.0,9.0,9.0,9.0,6.06769,5.3422856,5.655132,5.404143,5.6940384
P1_V29_Phase23,5.0,4.0,5.0,5.0,4.0,6.068283,5.3433213,5.655831,5.4024763,5.6936197
P1_V29_Phase24,7.0,6.0,7.0,7.0,6.0,6.064978,5.3383007,5.6544785,5.400956,5.6891794
P1_V29_Phase25,8.0,9.0,8.0,8.0,9.0,6.0687075,5.3440995,5.6559625,5.4041696,5.6944704
P1_V29_Phase26,7.0,6.0,6.0,7.0,6.0,6.07018,5.343224,5.6586356,5.4061446,5.69464
P1_V29_Phase27,7.0,7.0,6.0,7.0,6.0,6.066983,5.3424563,5.6556864,5.4016595,5.692416
P1_V29_Phase28,9.0,8.0,9.0,9.0,8.0,6.0697823,5.344274,5.656675,5.4056506,5.6957064
P1_V29_Phase29,7.0,7.0,6.0,7.0,7.0,6.0701437,5.342109,5.658545,5.406533,5.6951065
P1_V29_Phase3,4.0,5.0,4.0,3.0,4.0,6.0670395,5.3421526,5.6550174,5.4026012,5.693162
P1_V29_Phase30,1.0,1.0,0.0,1.0,0.0,6.068359,5.341205,5.6560063,5.4034667,5.692858
P1_V29_Phase31,7.0,6.0,7.0,6.0,6.0,6.0698967,5.3461766,5.657824,5.4026356,5.6957808
P1_V29_Phase32,7.0,6.0,7.0,7.0,6.0,6.0702696,5.342608,5.660213,5.4063063,5.694699
P1_V29_Phase33,9.0,8.0,8.0,9.0,9.0,6.0677385,5.341866,5.6550455,5.4030437,5.6935196
P1_V29_Phase34,5.0,4.0,3.0,4.0,3.0,6.0655947,5.3404365,5.654637,5.401311,5.691663
P1_V29_Phase35,9.0,8.0,9.0,9.0,9.0,6.0687847,5.3434367,5.6554866,5.4060974,5.694865
P1_V29_Phase36,7.0,6.0,6.0,7.0,6.0,6.0685806,5.3424993,5.6572285,5.405046,5.6945877
P1_V29_Phase37,9.0,8.0,9.0,9.0,8.0,6.061315,5.338104,5.647815,5.3976727,5.6879377
P1_V29_Phase38,7.0,7.0,6.0,6.0,7.0,6.065175,5.3393464,5.6536264,5.399988,5.6909676
P1_V29_Phase39,7.0,6.0,7.0,6.0,7.0,6.06728,5.3379226,5.6583,5.4046288,5.689773
P1_V29_Phase4,4.0,5.0,4.0,3.0,4.0,6.0666924,5.3422103,5.654708,5.4016027,5.692726
P1_V29_Phase40,7.0,7.0,6.0,6.0,7.0,6.073429,5.3465896,5.6622176,5.409029,5.699009
P1_V29_Phase41,9.0,8.0,8.0,9.0,8.0,6.071521,5.343429,5.660653,5.408416,5.695916
P1_V29_Phase42,5.0,4.0,5.0,4.0,5.0,6.0645638,5.34039,5.651747,5.400872,5.6908674
P1_V29_Phase43,7.0,6.0,7.0,6.0,7.0,6.0719976,5.344605,5.6610007,5.407817,5.6962748
P1_V29_Phase44,2.0,1.0,1.0,2.0,1.0,6.0673246,5.3412623,5.656109,5.402767,5.692803
P1_V29_Phase45,7.0,6.0,7.0,6.0,7.0,6.066326,5.3396583,5.655175,5.4011946,5.6914854
P1_V29_Phase46,9.0,9.0,9.0,9.0,9.0,6.0730877,5.3459764,5.661286,5.408481,5.698103
P1_V29_Phase47,9.0,8.0,8.0,9.0,8.0,6.069316,5.346168,5.658468,5.4035716,5.6963778
P1_V29_Phase48,7.0,7.0,6.0,7.0,6.0,6.0655084,5.3416767,5.653662,5.401043,5.6921105
P1_V29_Phase49,8.0,9.0,9.0,8.0,9.0,6.0699224,5.341533,5.6598125,5.405477,5.694046
P1_V29_Phase5,8.0,8.0,8.0,9.0,8.0,6.0682063,5.343485,5.6561646,5.4026084,5.694792
P1_V29_Phase50,2.0,2.0,1.0,2.0,1.0,6.0744677,5.3472667,5.664592,5.4090986,5.6996183
P1_V29_Phase51,7.0,7.0,6.0,6.0,6.0,6.07636,5.3487554,5.6664805,5.4109926,5.701458
P1_V29_Phase52,9.0,8.0,8.0,9.0,9.0,6.071305,5.345595,5.6586385,5.404938,5.6967335
P1_V29_Phase53,7.0,6.0,7.0,6.0,6.0,6.072173,5.346841,5.659099,5.4055405,5.6980104
P1_V29_Phase54,9.0,9.0,9.0,9.0,9.0,6.0742006,5.3467813,5.66441,5.409573,5.6996202
P1_V29_Phase55,8.0,9.0,9.0,8.0,9.0,6.070944,5.3442645,5.6586366,5.404913,5.6959333
P1_V29_Phase56,4.0,3.0,4.0,4.0,3.0,6.07098,5.3437533,5.658875,5.4069586,5.695386
P1_V29_Phase57,7.0,6.0,7.0,6.0,7.0,6.0654273,5.341686,5.6528215,5.4002323,5.691201
P1_V29_Phase58,7.0,6.0,6.0,6.0,7.0,6.059881,5.3368793,5.6493526,5.395619,5.6856933
P1_V29_Phase59,2.0,1.0,2.0,1.0,1.0,6.0679865,5.34108,5.656754,5.4025884,5.6928625
P1_V29_Phase6,7.0,6.0,7.0,7.0,6.0,6.069482,5.344042,5.657076,5.4046593,5.6958094
P1_V29_Phase60,4.0,3.0,4.0,4.0,3.0,6.0635414,5.3366423,5.6537075,5.3994117,5.68796
P1_V29_Phase61,4.0,3.0,4.0,4.0,4.0,6.0697002,5.34141,5.660317,5.406392,5.692625
P1_V29_Phase62,4.0,5.0,5.0,4.0,4.0,6.066828,5.3428044,5.6542115,5.4015083,5.6934576
P1_V29_Phase63,2.0,1.0,1.0,1.0,2.0,6.0659633,5.3410025,5.6540627,5.4012175,5.692301
P1_V29_Phase64,7.0,7.0,6.0,6.0,7.0,6.0696545,5.345578,5.6568727,5.4043956,5.6959295
P1_V29_Phase65,9.0,9.0,9.0,9.0,9.0,6.0628004,5.3357253,5.653413,5.4000163,5.6866236
P1_V29_Phase66,9.0,8.0,8.0,9.0,9.0,6.0675244,5.342959,5.6551247,5.4029713,5.693962
P1_V29_Phase67,8.0,9.0,8.0,8.0,9.0,6.0647173,5.341197,5.652306,5.4010696,5.691514
P1_V29_Phase68,9.0,9.0,9.0,9.0,9.0,6.070383,5.3442664,5.658506,5.4046345,5.695962
P1_V29_Phase69,9.0,9.0,9.0,9.0,9.0,6.065567,5.3398314,5.654404,5.400752,5.6910343
P1_V29_Phase7,7.0,6.0,6.0,7.0,6.0,6.070802,5.3462005,5.6585655,5.404232,5.697446
P1_V29_Phase70,7.0,7.0,6.0,7.0,6.0,6.0692253,5.3440056,5.656242,5.403285,5.6950283
P1_V29_Phase71,9.0,9.0,8.0,9.0,9.0,6.067256,5.3430552,5.6549344,5.403824,5.6936955
P1_V29_Phase72,7.0,7.0,6.0,7.0,7.0,6.0705357,5.3459496,5.65823,5.404434,5.6970205
P1_V29_Phase73,9.0,8.0,9.0,9.0,8.0,6.0643845,5.339885,5.652451,5.3991632,5.6912313
P1_V29_Phase74,7.0,7.0,7.0,6.0,6.0,6.0714474,5.3466716,5.6596074,5.405978,5.6976957
P1_V29_Phase75,7.0,7.0,6.0,7.0,6.0,6.0683756,5.3438473,5.6556726,5.4034615,5.6942263
P1_V29_Phase76,7.0,6.0,6.0,7.0,7.0,6.0674734,5.3421254,5.6558642,5.402294,5.693115
P1_V29_Phase77,7.0,6.0,7.0,6.0,7.0,6.066105,5.342174,5.653559,5.3995457,5.6928205
P1_V29_Phase78,7.0,6.0,6.0,7.0,7.0,6.069827,5.345229,5.657681,5.403595,5.69618
P1_V29_Phase79,1.0,1.0,2.0,1.0,2.0,6.0695186,5.34514,5.6565804,5.404491,5.695836
P1_V29_Phase8,9.0,8.0,9.0,8.0,8.0,6.0686393,5.344699,5.6551094,5.4038286,5.694896
P1_V29_Phase80,7.0,6.0,7.0,6.0,7.0,6.0701227,5.342198,5.6599116,5.4063964,5.6942725
P1_V29_Phase81,9.0,8.0,8.0,9.0,8.0,6.0739565,5.347977,5.662433,5.4066834,5.6991787
P1_V29_Phase82,7.0,7.0,6.0,7.0,7.0,6.063862,5.3401794,5.6505837,5.3989143,5.6896305
P1_V29_Phase83,7.0,7.0,6.0,6.0,7.0,6.067459,5.343698,5.6578407,5.4016285,5.6926484
P1_V29_Phase84,2.0,1.0,2.0,2.0,1.0,6.069047,5.342168,5.65769,5.4055414,5.6939335
P1_V29_Phase85,8.0,8.0,9.0,8.0,8.0,6.068948,5.343468,5.6569304,5.4041185,5.693428
P1_V29_Phase86,9.0,9.0,9.0,9.0,9.0,6.074764,5.350538,5.662986,5.4078608,5.700903
P1_V29_Phase87,7.0,6.0,6.0,7.0,7.0,6.0722237,5.3471804,5.6605,5.4061184,5.6984563
P1_V29_Phase88,9.0,9.0,9.0,9.0,9.0,6.063699,5.3394923,5.6530776,5.39981,5.689
P1_V29_Phase89,7.0,6.0,7.0,6.0,7.0,6.061087,5.3384476,5.647841,5.3970413,5.6879964
P1_V29_Phase9,7.0,6.0,6.0,7.0,7.0,6.0700912,5.3421636,5.6601977,5.406308,5.694206
P1_V29_Phase90,2.0,1.0,2.0,1.0,1.0,6.0715704,5.3475595,5.658899,5.4051657,5.69804
P1_V29_Phase91,9.0,8.0,8.0,9.0,8.0,6.0661945,5.340378,5.6565766,5.4028096,5.6906824
P1_V29_Phase92,1.0,2.0,1.0,2.0,1.0,6.0610795,5.3380303,5.648173,5.397984,5.687976
P1_V29_Phase93,4.0,3.0,4.0,4.0,3.0,6.069471,5.343127,5.657877,5.406295,5.6946545
P1_V29_Phase94,5.0,4.0,5.0,5.0,4.0,6.0691023,5.3440995,5.656816,5.405301,5.695424
P1_V29_Phase95,2.0,1.0,1.0,2.0,1.0,6.0704327,5.3447356,5.6575665,5.4052496,5.69529
P1_V29_Phase96,4.0,5.0,4.0,5.0,5.0,6.070404,5.3446183,5.6591754,5.4056168,5.6966095
P1_V29_Phase97,3.0,4.0,4.0,3.0,4.0,6.065035,5.341882,5.65199,5.399928,5.6920686
P1_V29_Phase98,9.0,9.0,9.0,9.0,9.0,6.0684123,5.3427625,5.65651,5.4047756,5.6943665
P1_V29_Phase99,7.0,6.0,7.0,6.0,6.0,6.067455,5.3445954,5.655207,5.4017544,5.6945605
P1_V2_Phase1,4.0,3.0,4.0,3.0,4.0,6.0712624,5.343145,5.660457,5.407804,5.6952944
P1_V2_Phase10,5.0,4.0,3.0,4.0,5.0,6.069217,5.3428917,5.657904,5.40411,5.6941185
P1_V2_Phase11,5.0,4.0,5.0,5.0,5.0,6.068674,5.3428674,5.6575284,5.403655,5.694209
P1_V2_Phase12,3.0,2.0,2.0,3.0,2.0,6.068841,5.343223,5.657275,5.404541,5.694882
P1_V2_Phase13,6.0,7.0,6.0,6.0,7.0,6.0647964,5.34131,5.65286,5.400923,5.6916018
P1_V2_Phase14,5.0,4.0,4.0,5.0,4.0,6.06432,5.339354,5.652267,5.4010696,5.689842
P1_V2_Phase15,7.0,6.0,7.0,7.0,6.0,6.069433,5.3435225,5.6579137,5.4052415,5.695226
P1_V2_Phase16,4.0,3.0,4.0,3.0,3.0,6.0696373,5.3426485,5.659853,5.4053082,5.693924
P1_V2_Phase17,3.0,2.0,4.0,3.0,3.0,6.0684853,5.341168,5.6577935,5.4034233,5.6937313
P1_V2_Phase18,4.0,5.0,4.0,4.0,5.0,6.065892,5.3395524,5.6591268,5.403863,5.6890287
P1_V2_Phase19,4.0,3.0,4.0,4.0,5.0,6.0614076,5.338003,5.648958,5.398204,5.6875362
P1_V2_Phase2,4.0,3.0,4.0,5.0,4.0,6.070671,5.342468,5.66052,5.406235,5.69501
P1_V2_Phase20,6.0,7.0,6.0,6.0,7.0,6.065785,5.3411093,5.6542435,5.4024878,5.6924667
P1_V2_Phase21,5.0,6.0,5.0,5.0,6.0,6.0640984,5.340799,5.651279,5.4001045,5.690652
P1_V2_Phase22,5.0,4.0,5.0,5.0,5.0,6.0682764,5.3424616,5.657385,5.404443,5.6941805
P1_V2_Phase23,5.0,4.0,5.0,5.0,5.0,6.0726223,5.345552,5.6627836,5.408285,5.6974664
P1_V2_Phase24,6.0,7.0,6.0,6.0,7.0,6.071373,5.3455644,5.65992,5.4063463,5.6962
P1_V2_Phase25,6.0,7.0,7.0,6.0,7.0,6.064125,5.3397527,5.6518817,5.400693,5.6904993
P1_V2_Phase26,4.0,4.0,5.0,4.0,5.0,6.0680747,5.3442836,5.656138,5.404195,5.6948156
P1_V2_Phase27,4.0,3.0,4.0,3.0,4.0,6.0682197,5.3432803,5.656046,5.403205,5.6933126
P1_V2_Phase28,3.0,2.0,2.0,3.0,2.0,6.066545,5.340381,5.6553135,5.4012146,5.6920414
P1_V2_Phase29,3.0,2.0,3.0,3.0,2.0,6.0699816,5.343729,5.65837,5.4051223,5.694971
P1_V2_Phase3,4.0,3.0,4.0,3.0,4.0,6.067712,5.340241,5.6571507,5.404011,5.6911535
P1_V2_Phase30,7.0,6.0,7.0,7.0,6.0,6.0679765,5.3412547,5.656383,5.403204,5.693556
P1_V2_Phase31,4.0,3.0,2.0,3.0,3.0,6.0697713,5.3429227,5.659022,5.406414,5.694642
P1_V2_Phase4,4.0,5.0,4.0,4.0,5.0,6.0695105,5.344124,5.658234,5.405306,5.695872
P1_V2_Phase5,6.0,5.0,6.0,5.0,6.0,6.0688896,5.3403444,5.6602697,5.4058094,5.6919737
P1_V2_Phase6,6.0,6.0,7.0,6.0,7.0,6.0690274,5.341946,5.6578727,5.404967,5.6936207
P1_V2_Phase7,3.0,2.0,2.0,1.0,2.0,6.068717,5.343065,5.656963,5.404484,5.69438
P1_V2_Phase8,2.0,1.0,2.0,2.0,1.0,6.064231,5.3401084,5.6516204,5.399962,5.6899195
P1_V2_Phase9,6.0,7.0,6.0,7.0,6.0,6.069086,5.3431034,5.657605,5.404558,5.6944695
P1_V30_Phase1,5.0,5.0,4.0,5.0,5.0,6.0650454,5.3400693,5.652629,5.4000483,5.6906447
P1_V30_Phase10,7.0,6.0,7.0,6.0,7.0,6.0683722,5.3434405,5.656199,5.402995,5.694519
P1_V30_Phase11,9.0,9.0,9.0,9.0,9.0,6.067069,5.341858,5.6547036,5.4023294,5.693103
P1_V30_Phase12,9.0,8.0,9.0,8.0,9.0,6.066697,5.342622,5.654382,5.40211,5.693153
P1_V30_Phase13,9.0,8.0,9.0,8.0,9.0,6.0687656,5.3437634,5.6577153,5.402772,5.693308
P1_V30_Phase14,5.0,4.0,5.0,4.0,5.0,6.0701942,5.3438926,5.65816,5.40532,5.695816
P1_V30_Phase15,9.0,8.0,9.0,8.0,9.0,6.067804,5.3414855,5.6574225,5.404022,5.692422
P1_V30_Phase16,9.0,8.0,9.0,9.0,9.0,6.069998,5.344909,5.659015,5.4044766,5.6956387
P1_V30_Phase17,9.0,8.0,8.0,9.0,8.0,6.0694327,5.3403435,5.660567,5.4069076,5.6913447
P1_V30_Phase18,5.0,4.0,5.0,4.0,4.0,6.0687866,5.337065,5.6589727,5.4067907,5.6896772
P1_V30_Phase19,7.0,7.0,6.0,7.0,6.0,6.0703883,5.346953,5.6576753,5.4041634,5.6964703
P1_V30_Phase2,9.0,8.0,9.0,8.0,9.0,6.0649457,5.3399577,5.651793,5.4003005,5.6909685
P1_V30_Phase20,7.0,6.0,7.0,6.0,7.0,6.070553,5.342938,5.6602397,5.4068274,5.695518
P1_V30_Phase21,9.0,9.0,9.0,9.0,9.0,6.070896,5.343654,5.659824,5.4064956,5.695447
P1_V30_Phase22,7.0,6.0,6.0,7.0,6.0,6.065159,5.3383093,5.6552024,5.4030724,5.689451
P1_V30_Phase23,9.0,9.0,9.0,9.0,9.0,6.0670633,5.342539,5.6550164,5.40209,5.693771
P1_V30_Phase24,9.0,9.0,9.0,9.0,9.0,6.0717835,5.3449054,5.661512,5.4078946,5.6978064
P1_V30_Phase25,9.0,9.0,9.0,9.0,9.0,6.0678554,5.3421836,5.6562276,5.4029903,5.6924953
P1_V30_Phase26,4.0,5.0,4.0,3.0,4.0,6.0682793,5.3449454,5.6564393,5.4016476,5.6956215
P1_V30_Phase27,9.0,9.0,9.0,9.0,9.0,6.0638103,5.3413563,5.65141,5.397446,5.6910334
P1_V30_Phase28,9.0,9.0,9.0,9.0,9.0,6.0652485,5.341472,5.6530356,5.398644,5.69205
P1_V30_Phase29,9.0,9.0,9.0,9.0,9.0,6.065813,5.3412185,5.653128,5.4017487,5.692441
P1_V30_Phase3,7.0,6.0,7.0,6.0,7.0,6.062948,5.338224,5.6496377,5.3987713,5.689129
P1_V30_Phase30,7.0,6.0,7.0,6.0,7.0,6.0701256,5.34358,5.6588626,5.405614,5.694975
P1_V30_Phase31,9.0,9.0,9.0,9.0,9.0,6.064008,5.3400855,5.65235,5.3998756,5.690818
P1_V30_Phase32,9.0,9.0,9.0,9.0,9.0,6.0683775,5.342193,5.6564374,5.4038444,5.6941223
P1_V30_Phase33,7.0,6.0,7.0,6.0,6.0,6.065316,5.338405,5.6551604,5.401202,5.6899843
P1_V30_Phase34,9.0,8.0,9.0,8.0,9.0,6.0654345,5.340327,5.6523027,5.400918,5.691577
P1_V30_Phase35,9.0,9.0,9.0,9.0,9.0,6.069017,5.3404756,5.661646,5.406598,5.6917124
P1_V30_Phase36,9.0,8.0,9.0,8.0,9.0,6.06783,5.3407245,5.6580358,5.4043713,5.692042
P1_V30_Phase37,9.0,9.0,9.0,9.0,9.0,6.0668187,5.339827,5.6559343,5.40226,5.691914
P1_V30_Phase38,9.0,9.0,9.0,9.0,9.0,6.070912,5.3437257,5.66009,5.406838,5.696143
P1_V30_Phase39,1.0,0.0,0.0,1.0,0.0,6.071839,5.344439,5.6611924,5.4083805,5.697244
P1_V30_Phase4,9.0,8.0,9.0,8.0,9.0,6.0678625,5.3430448,5.655744,5.401579,5.694092
P1_V30_Phase40,9.0,8.0,8.0,9.0,8.0,6.063034,5.338612,5.6514354,5.398764,5.6893873
P1_V30_Phase41,7.0,6.0,7.0,6.0,6.0,6.068087,5.3413854,5.657549,5.4039316,5.693334
P1_V30_Phase42,7.0,6.0,6.0,7.0,6.0,6.069461,5.3415403,5.6585903,5.4058022,5.693331
P1_V30_Phase43,9.0,9.0,9.0,9.0,9.0,6.0700684,5.343079,5.6593504,5.406416,5.6957026
P1_V30_Phase44,9.0,9.0,9.0,9.0,9.0,6.072098,5.3452806,5.6610255,5.407876,5.697853
P1_V30_Phase45,9.0,9.0,9.0,9.0,9.0,6.0734196,5.345267,5.6635747,5.4088717,5.6977243
P1_V30_Phase46,9.0,8.0,9.0,8.0,9.0,6.0724754,5.3452096,5.6618385,5.4076343,5.697646
P1_V30_Phase47,9.0,8.0,9.0,8.0,9.0,6.0689707,5.3424697,5.6573715,5.404133,5.694643
P1_V30_Phase48,9.0,9.0,9.0,9.0,9.0,6.0714684,5.345408,5.660829,5.406698,5.6976213
P1_V30_Phase49,7.0,6.0,7.0,6.0,6.0,6.072844,5.3448567,5.662871,5.4086385,5.6963916
P1_V30_Phase5,5.0,4.0,4.0,3.0,4.0,6.0632987,5.3402834,5.65001,5.3994646,5.6904244
P1_V30_Phase50,9.0,8.0,9.0,8.0,9.0,6.068903,5.34069,5.658435,5.405657,5.6920967
P1_V30_Phase51,9.0,8.0,9.0,8.0,9.0,6.0668373,5.3366256,5.6594415,5.40655,5.687026
P1_V30_Phase52,7.0,6.0,7.0,6.0,7.0,6.0683355,5.3426566,5.656695,5.4038057,5.694044
P1_V30_Phase53,9.0,9.0,9.0,9.0,9.0,6.0671167,5.339298,5.656553,5.405611,5.690493
P1_V30_Phase54,9.0,8.0,8.0,9.0,8.0,6.070101,5.3428216,5.658272,5.4056153,5.6948195
P1_V30_Phase55,9.0,8.0,9.0,8.0,9.0,6.0677166,5.34001,5.6569333,5.404108,5.6923456
P1_V30_Phase56,9.0,9.0,9.0,9.0,9.0,6.0673294,5.3404565,5.6568704,5.403757,5.692357
P1_V30_Phase57,9.0,9.0,9.0,9.0,9.0,6.0672092,5.3420677,5.654903,5.402811,5.693613
P1_V30_Phase58,2.0,1.0,1.0,2.0,1.0,6.065837,5.3407083,5.653299,5.4021616,5.6921177
P1_V30_Phase59,4.0,3.0,4.0,3.0,3.0,6.0693793,5.3430247,5.6576505,5.4048853,5.6944737
P1_V30_Phase6,7.0,6.0,7.0,6.0,7.0,6.0665402,5.3420906,5.6540475,5.402094,5.6934023
P1_V30_Phase60,7.0,6.0,7.0,7.0,7.0,6.067708,5.342119,5.656666,5.4027205,5.69326
P1_V30_Phase61,9.0,9.0,9.0,8.0,9.0,6.067954,5.342857,5.656018,5.402637,5.6944666
P1_V30_Phase62,7.0,6.0,7.0,6.0,6.0,6.060797,5.3360324,5.6496634,5.3988457,5.6856256
P1_V30_Phase7,9.0,8.0,9.0,9.0,8.0,6.0684376,5.342425,5.6560063,5.404216,5.694414
P1_V30_Phase8,7.0,6.0,7.0,6.0,7.0,6.071583,5.346523,5.6604114,5.406061,5.6971426
P1_V30_Phase9,5.0,4.0,5.0,4.0,3.0,6.0695295,5.3449025,5.65628,5.4046507,5.696119
P1_V31_Phase1,7.0,6.0,7.0,6.0,7.0,6.066787,5.3431396,5.654236,5.4015627,5.693632
P1_V31_Phase10,9.0,8.0,9.0,8.0,9.0,6.068508,5.343449,5.656895,5.403845,5.695037
P1_V31_Phase11,7.0,6.0,7.0,6.0,6.0,6.0699034,5.344979,5.6567163,5.4054008,5.695799
P1_V31_Phase12,7.0,7.0,7.0,6.0,7.0,6.0694075,5.3438373,5.6582246,5.405879,5.6944213
P1_V31_Phase13,9.0,9.0,9.0,9.0,9.0,6.074436,5.3461614,5.6643205,5.410414,5.6974535
P1_V31_Phase14,9.0,9.0,9.0,9.0,9.0,6.0655003,5.3426943,5.653277,5.401662,5.691596
P1_V31_Phase15,9.0,9.0,9.0,8.0,9.0,6.0651016,5.3404737,5.6524463,5.400861,5.691407
P1_V31_Phase16,7.0,7.0,6.0,7.0,6.0,6.065916,5.34229,5.652653,5.4016304,5.692503
P1_V31_Phase17,9.0,9.0,9.0,9.0,9.0,6.0609245,5.334862,5.650995,5.399973,5.684134
P1_V31_Phase18,9.0,8.0,9.0,8.0,9.0,6.0706096,5.341946,5.6602044,5.40777,5.6941366
P1_V31_Phase19,9.0,9.0,9.0,9.0,9.0,6.065685,5.3416944,5.6526217,5.4020314,5.692473
P1_V31_Phase2,9.0,9.0,9.0,9.0,9.0,6.0688334,5.3437696,5.6580772,5.4036827,5.6950755
P1_V31_Phase20,1.0,0.0,1.0,0.0,1.0,6.071079,5.342578,5.66091,5.4077787,5.6946545
P1_V31_Phase21,2.0,1.0,1.0,2.0,1.0,6.063293,5.3396573,5.651773,5.400161,5.689645
P1_V31_Phase22,9.0,9.0,9.0,9.0,9.0,6.0671206,5.3431716,5.654125,5.4037676,5.6935816
P1_V31_Phase23,7.0,6.0,7.0,6.0,7.0,6.069527,5.342645,5.659873,5.4057016,5.694212
P1_V31_Phase24,9.0,9.0,9.0,9.0,9.0,6.063978,5.3400464,5.65045,5.3995404,5.6902504
P1_V31_Phase25,7.0,6.0,7.0,6.0,6.0,6.068321,5.3419905,5.6575046,5.4047704,5.693436
P1_V31_Phase26,7.0,6.0,7.0,6.0,7.0,6.068158,5.340765,5.6570487,5.404846,5.6931114
P1_V31_Phase27,7.0,6.0,7.0,6.0,6.0,6.0624485,5.337854,5.650762,5.3982573,5.68851
P1_V31_Phase3,2.0,1.0,1.0,2.0,1.0,6.069278,5.3437467,5.658114,5.403327,5.6938457
P1_V31_Phase4,9.0,8.0,9.0,8.0,9.0,6.0688543,5.3432317,5.6569915,5.404481,5.694954
P1_V31_Phase5,9.0,9.0,9.0,9.0,9.0,6.065053,5.3425455,5.6525106,5.399764,5.692241
P1_V31_Phase6,9.0,9.0,9.0,9.0,9.0,6.0718555,5.344196,5.662236,5.4072666,5.6973505
P1_V31_Phase7,9.0,8.0,9.0,8.0,9.0,6.073004,5.347078,5.661176,5.406763,5.698488
P1_V31_Phase8,9.0,9.0,9.0,9.0,9.0,6.0690737,5.342754,5.658407,5.405024,5.694216
P1_V31_Phase9,7.0,6.0,7.0,7.0,7.0,6.066787,5.34255,5.6544538,5.4037056,5.693079
P1_V32_Phase1,9.0,9.0,9.0,9.0,9.0,6.0693893,5.3432374,5.6580772,5.405053,5.695627
P1_V32_Phase10,7.0,6.0,7.0,6.0,6.0,6.0657654,5.340141,5.654344,5.4018164,5.6917505
P1_V32_Phase11,7.0,6.0,7.0,6.0,7.0,6.0683737,5.3435035,5.6560163,5.4043255,5.6949344
P1_V32_Phase12,7.0,6.0,7.0,7.0,6.0,6.0695252,5.3417015,5.6614466,5.4065504,5.6927595
P1_V32_Phase13,2.0,1.0,2.0,1.0,2.0,6.0643435,5.340963,5.651425,5.399736,5.691038
P1_V32_Phase14,9.0,8.0,8.0,9.0,9.0,6.065074,5.337253,5.6546283,5.4021435,5.6893353
P1_V32_Phase15,9.0,9.0,9.0,9.0,9.0,6.064395,5.3398232,5.6525817,5.399659,5.691235
P1_V32_Phase16,4.0,3.0,4.0,3.0,3.0,6.0694647,5.3451524,5.657376,5.4031153,5.695257
P1_V32_Phase17,4.0,3.0,4.0,3.0,4.0,6.0671043,5.339256,5.655679,5.4042964,5.691139
P1_V32_Phase18,7.0,6.0,7.0,6.0,7.0,6.067476,5.3398204,5.655738,5.4044046,5.690667
P1_V32_Phase19,7.0,6.0,7.0,6.0,7.0,6.0676045,5.3405876,5.655888,5.4035287,5.6928487
P1_V32_Phase2,7.0,6.0,7.0,6.0,7.0,6.068962,5.342546,5.656903,5.404435,5.693968
P1_V32_Phase20,7.0,6.0,7.0,6.0,7.0,6.068881,5.3422093,5.658403,5.404904,5.6945515
P1_V32_Phase21,7.0,6.0,7.0,6.0,6.0,6.0675383,5.3406453,5.655274,5.404047,5.693325
P1_V32_Phase22,7.0,7.0,7.0,6.0,7.0,6.070565,5.3435454,5.659222,5.4072185,5.695423
P1_V32_Phase24,9.0,8.0,9.0,8.0,9.0,6.0693855,5.3415513,5.6603546,5.4055386,5.693078
P1_V32_Phase25,4.0,3.0,4.0,3.0,3.0,6.071822,5.3415494,5.663463,5.409107,5.693097
P1_V32_Phase26,9.0,9.0,9.0,9.0,9.0,6.069269,5.3433137,5.656905,5.4052467,5.694458
P1_V32_Phase27,9.0,8.0,9.0,8.0,9.0,6.06616,5.339783,5.65461,5.402459,5.691417
P1_V32_Phase28,9.0,8.0,9.0,8.0,9.0,6.0652676,5.33931,5.654579,5.4013233,5.6907206
P1_V32_Phase3,2.0,1.0,2.0,1.0,2.0,6.067371,5.3421116,5.6553535,5.4030647,5.693679
P1_V32_Phase30,7.0,6.0,7.0,6.0,7.0,6.066169,5.3407035,5.6572146,5.4014893,5.69118
P1_V32_Phase31,9.0,9.0,9.0,9.0,9.0,6.069595,5.344418,5.6584373,5.405366,5.695057
P1_V32_Phase32,9.0,8.0,9.0,8.0,9.0,6.068208,5.3408256,5.657945,5.4051185,5.6921005
P1_V32_Phase33,7.0,6.0,7.0,6.0,6.0,6.070829,5.3446565,5.659721,5.406435,5.696042
P1_V32_Phase34,7.0,6.0,7.0,6.0,7.0,6.062359,5.3366566,5.6507726,5.3977795,5.687789
P1_V32_Phase35,9.0,9.0,9.0,9.0,9.0,6.069004,5.342746,5.6571383,5.4039173,5.6943374
P1_V32_Phase36,9.0,9.0,9.0,9.0,9.0,6.0699997,5.3418155,5.6593976,5.4053764,5.6938543
P1_V32_Phase37,5.0,4.0,5.0,4.0,4.0,6.069874,5.3437085,5.659557,5.405304,5.6952286
P1_V32_Phase38,9.0,8.0,9.0,8.0,9.0,6.071159,5.3443184,5.66119,5.4077806,5.6962533
P1_V32_Phase39,9.0,8.0,8.0,9.0,8.0,6.0646276,5.3413887,5.6517773,5.399903,5.6915054
P1_V32_Phase4,2.0,1.0,2.0,1.0,2.0,6.06884,5.341128,5.65757,5.4047155,5.692444
P1_V32_Phase40,2.0,1.0,2.0,1.0,2.0,6.065634,5.3409786,5.6528487,5.401689,5.691884
P1_V32_Phase41,9.0,8.0,9.0,8.0,9.0,6.062824,5.3395524,5.649574,5.398547,5.690026
P1_V32_Phase42,9.0,9.0,9.0,9.0,9.0,6.0664935,5.3411593,5.6546726,5.402251,5.6927013
P1_V32_Phase43,5.0,4.0,5.0,4.0,4.0,6.067299,5.3420987,5.6561236,5.402405,5.693287
P1_V32_Phase44,9.0,8.0,9.0,8.0,9.0,6.069595,5.3437953,5.657597,5.4054995,5.6955175
P1_V32_Phase45,9.0,9.0,9.0,9.0,9.0,6.066057,5.342288,5.653545,5.4001913,5.691993
P1_V32_Phase46,4.0,3.0,4.0,3.0,4.0,6.06622,5.341444,5.6562643,5.401722,5.6918097
P1_V32_Phase5,7.0,6.0,7.0,6.0,7.0,6.064811,5.3409114,5.653827,5.4012184,5.6909494
P1_V32_Phase6,2.0,1.0,2.0,1.0,2.0,6.0687776,5.3441663,5.6565003,5.4035263,5.6948013
P1_V32_Phase7,9.0,8.0,9.0,8.0,9.0,6.0669165,5.341434,5.655681,5.4043956,5.6921434
P1_V32_Phase8,9.0,9.0,9.0,9.0,9.0,6.068498,5.341082,5.6561723,5.405779,5.6923723
P1_V32_Phase9,2.0,1.0,2.0,1.0,2.0,6.064597,5.338718,5.6529045,5.3999453,5.6904345
P1_V33_Phase1,4.0,5.0,3.0,4.0,4.0,6.0655494,5.338668,5.6562405,5.4027276,5.6894164
P1_V33_Phase10,6.0,7.0,7.0,6.0,7.0,6.0699396,5.3444757,5.6580634,5.4060683,5.696024
P1_V33_Phase11,7.0,6.0,7.0,6.0,6.0,6.0646815,5.339301,5.653763,5.399561,5.6909084
P1_V33_Phase12,7.0,6.0,6.0,7.0,6.0,6.0741262,5.3458996,5.663837,5.4091396,5.6982102
P1_V33_Phase13,6.0,7.0,6.0,7.0,7.0,6.0684805,5.3429418,5.6579804,5.4045353,5.6941433
P1_V33_Phase14,2.0,1.0,2.0,1.0,1.0,6.0626397,5.338577,5.6503415,5.3991985,5.6881866
P1_V33_Phase15,9.0,9.0,9.0,9.0,9.0,6.070075,5.343206,5.658097,5.4048567,5.695316
P1_V33_Phase16,8.0,9.0,8.0,8.0,9.0,6.0687675,5.3433003,5.656701,5.4042463,5.6946564
P1_V33_Phase17,1.0,2.0,2.0,1.0,1.0,6.0696526,5.3433695,5.6589847,5.4054546,5.6948576
P1_V33_Phase18,9.0,9.0,9.0,9.0,9.0,6.0667195,5.341216,5.6546636,5.4032087,5.692487
P1_V33_Phase19,7.0,6.0,7.0,6.0,7.0,6.071451,5.3425503,5.6603293,5.407941,5.6956673
P1_V33_Phase2,5.0,4.0,5.0,4.0,5.0,6.061928,5.338178,5.6511354,5.3988404,5.687114
P1_V33_Phase20,4.0,5.0,4.0,4.0,5.0,6.0714874,5.3436017,5.660669,5.4073257,5.695364
P1_V33_Phase21,9.0,8.0,9.0,9.0,8.0,6.067873,5.3422847,5.654968,5.4032273,5.6939063
P1_V33_Phase22,7.0,6.0,6.0,7.0,6.0,6.0701075,5.3429995,5.6590085,5.4053025,5.6955366
P1_V33_Phase23,9.0,9.0,9.0,9.0,9.0,6.0683956,5.343436,5.6553817,5.4023438,5.694951
P1_V33_Phase24,9.0,9.0,9.0,9.0,9.0,6.0681763,5.340619,5.65696,5.404871,5.6926055
P1_V33_Phase25,2.0,2.0,1.0,2.0,2.0,6.0698156,5.3419695,5.6585755,5.405648,5.693902
P1_V33_Phase26,7.0,6.0,7.0,7.0,7.0,6.071183,5.345153,5.659057,5.4050097,5.696805
P1_V33_Phase3,3.0,4.0,4.0,5.0,4.0,6.067712,5.341684,5.656965,5.404412,5.691744
P1_V33_Phase4,7.0,6.0,7.0,7.0,6.0,6.063595,5.3383956,5.6522183,5.399301,5.689433
P1_V33_Phase5,7.0,6.0,7.0,7.0,6.0,6.0647383,5.339432,5.653067,5.400227,5.6905985
P1_V33_Phase6,9.0,9.0,9.0,9.0,9.0,6.069444,5.3428383,5.6588416,5.4055467,5.6943626
P1_V33_Phase7,9.0,9.0,9.0,9.0,9.0,6.0699053,5.3464255,5.657352,5.4043846,5.696292
P1_V33_Phase8,5.0,4.0,5.0,4.0,4.0,6.063176,5.3380275,5.6512866,5.3993797,5.689399
P1_V33_Phase9,9.0,9.0,9.0,9.0,9.0,6.0650644,5.340037,5.653399,5.400626,5.6911173
P1_V3_Phase1,7.0,6.0,7.0,6.0,7.0,6.06455,5.340052,5.6543617,5.3993096,5.6911335
P1_V3_Phase10,4.0,3.0,5.0,3.0,4.0,6.067587,5.342273,5.6558585,5.4037776,5.692979
P1_V3_Phase11,3.0,2.0,3.0,4.0,4.0,6.068818,5.3430705,5.6570797,5.4041667,5.69442
P1_V3_Phase12,4.0,3.0,4.0,3.0,4.0,6.065287,5.340266,5.653767,5.4007177,5.6917963
P1_V3_Phase13,5.0,4.0,5.0,4.0,5.0,6.0700636,5.3428903,5.6593947,5.405946,5.694976
P1_V3_Phase14,6.0,5.0,6.0,6.0,6.0,6.065132,5.3396134,5.653094,5.4015856,5.6913443
P1_V3_Phase15,6.0,6.0,7.0,6.0,7.0,6.070264,5.3438344,5.6587715,5.4055347,5.6955385
P1_V3_Phase16,6.0,5.0,6.0,6.0,7.0,6.070443,5.34382,5.658741,5.405261,5.695922
P1_V3_Phase17,6.0,5.0,6.0,6.0,7.0,6.065118,5.340019,5.6535707,5.400384,5.69149
P1_V3_Phase18,5.0,4.0,5.0,4.0,4.0,6.0608835,5.3375287,5.648018,5.397567,5.688034
P1_V3_Phase19,4.0,4.0,5.0,3.0,4.0,6.06505,5.3405004,5.652038,5.4018755,5.6906676
P1_V3_Phase2,5.0,4.0,5.0,4.0,5.0,6.067252,5.3399954,5.655727,5.4029074,5.691843
P1_V3_Phase20,5.0,4.0,5.0,4.0,5.0,6.0716047,5.3451314,5.6604548,5.4066186,5.6976256
P1_V3_Phase21,5.0,4.0,4.0,5.0,4.0,6.0663652,5.341258,5.654074,5.4002533,5.692743
P1_V3_Phase22,7.0,6.0,7.0,6.0,6.0,6.0705013,5.344899,5.6589427,5.4052944,5.6966777
P1_V3_Phase23,5.0,4.0,5.0,5.0,4.0,6.0688987,5.3410106,5.657169,5.405143,5.6927223
P1_V3_Phase24,6.0,5.0,6.0,6.0,7.0,6.0690517,5.3418036,5.659122,5.405719,5.6929603
P1_V3_Phase25,7.0,6.0,7.0,6.0,7.0,6.064248,5.340139,5.6512723,5.399686,5.6907144
P1_V3_Phase26,7.0,6.0,6.0,7.0,6.0,6.066828,5.341759,5.6574655,5.4028525,5.6926537
P1_V3_Phase27,6.0,5.0,7.0,6.0,6.0,6.068966,5.341328,5.657872,5.404769,5.693411
P1_V3_Phase28,7.0,6.0,6.0,7.0,6.0,6.0661483,5.340486,5.654109,5.403061,5.6919155
P1_V3_Phase29,5.0,4.0,4.0,4.0,5.0,6.068173,5.3418775,5.657,5.4040914,5.6937118
P1_V3_Phase3,6.0,5.0,6.0,4.0,5.0,6.0663357,5.338445,5.6535306,5.4045324,5.689382
P1_V3_Phase30,7.0,6.0,6.0,7.0,6.0,6.069006,5.3429737,5.6585536,5.4050837,5.695004
P1_V3_Phase31,6.0,5.0,5.0,6.0,5.0,6.0717306,5.346142,5.660266,5.406919,5.697748
P1_V3_Phase32,6.0,5.0,5.0,6.0,6.0,6.0691776,5.343273,5.6579266,5.4047003,5.694929
P1_V3_Phase33,8.0,7.0,8.0,7.0,8.0,6.069576,5.3442364,5.656346,5.4045753,5.695241
P1_V3_Phase34,8.0,7.0,8.0,7.0,8.0,6.066448,5.3411016,5.6537824,5.4025464,5.6925306
P1_V3_Phase35,7.0,6.0,7.0,7.0,6.0,6.0748234,5.3466973,5.6648927,5.410089,5.6994457
P1_V3_Phase36,8.0,7.0,8.0,7.0,7.0,6.0717154,5.3460264,5.6600657,5.407214,5.6977954
P1_V3_Phase37,8.0,7.0,8.0,7.0,8.0,6.0702844,5.3440347,5.6601844,5.4065113,5.6961718
P1_V3_Phase38,8.0,7.0,8.0,7.0,8.0,6.0659986,5.341448,5.6540756,5.401924,5.6923847
P1_V3_Phase39,7.0,6.0,7.0,6.0,7.0,6.071483,5.3431096,5.6603923,5.407198,5.69487
P1_V3_Phase4,6.0,5.0,6.0,5.0,5.0,6.067484,5.3423934,5.655682,5.40314,5.6932344
P1_V3_Phase40,5.0,4.0,6.0,5.0,4.0,6.069664,5.343898,5.6578126,5.40512,5.695451
P1_V3_Phase5,6.0,6.0,6.0,7.0,6.0,6.0621853,5.3392797,5.6494036,5.398315,5.6895695
P1_V3_Phase6,5.0,4.0,4.0,5.0,4.0,6.067792,5.3417096,5.655146,5.403699,5.693772
P1_V3_Phase7,6.0,5.0,6.0,6.0,7.0,6.0680504,5.340648,5.65702,5.4039364,5.692684
P1_V3_Phase8,8.0,7.0,8.0,7.0,7.0,6.0709515,5.344904,5.6601086,5.4063015,5.696315
P1_V3_Phase9,6.0,5.0,6.0,5.0,5.0,6.0673804,5.342119,5.6556115,5.402635,5.6937995
P1_V4_Phase1,6.0,4.0,6.0,4.0,6.0,6.0684786,5.342109,5.656872,5.4036837,5.694295
P1_V4_Phase10,6.0,5.0,6.0,6.0,7.0,6.0682354,5.3431883,5.6555324,5.405241,5.692744
P1_V4_Phase11,8.0,7.0,8.0,7.0,8.0,6.072851,5.34897,5.6621118,5.406387,5.6992807
P1_V4_Phase12,8.0,7.0,7.0,8.0,7.0,6.069462,5.344072,5.6580863,5.406021,5.695257
P1_V4_Phase13,6.0,5.0,6.0,5.0,6.0,6.0700817,5.344025,5.6586194,5.4043303,5.69608
P1_V4_Phase14,6.0,4.0,5.0,6.0,5.0,6.066348,5.33931,5.6558332,5.403417,5.6904097
P1_V4_Phase15,7.0,6.0,6.0,7.0,6.0,6.0664854,5.3401914,5.654165,5.4020953,5.691945
P1_V4_Phase16,6.0,5.0,6.0,5.0,6.0,6.0682025,5.3433127,5.656574,5.403468,5.6938963
P1_V4_Phase17,3.0,3.0,2.0,2.0,3.0,6.066102,5.3427043,5.6538796,5.4016447,5.6935105
P1_V4_Phase18,6.0,5.0,5.0,6.0,5.0,6.0686617,5.343313,5.656815,5.4036436,5.6946964
P1_V4_Phase19,6.0,5.0,6.0,5.0,5.0,6.065832,5.3344,5.657003,5.4059505,5.6869545
P1_V4_Phase2,6.0,5.0,6.0,5.0,5.0,6.070528,5.345299,5.6596236,5.405527,5.6968317
P1_V4_Phase20,6.0,5.0,6.0,5.0,6.0,6.068671,5.3405075,5.657397,5.4065847,5.6909556
P1_V4_Phase21,6.0,5.0,7.0,6.0,6.0,6.070546,5.341283,5.660108,5.40716,5.692876
P1_V4_Phase22,6.0,5.0,6.0,5.0,5.0,6.066805,5.3381076,5.657964,5.4032145,5.689106
P1_V4_Phase23,8.0,7.0,8.0,7.0,8.0,6.0643888,5.3402524,5.651788,5.398449,5.6908197
P1_V4_Phase24,6.0,5.0,6.0,7.0,6.0,6.0693607,5.344188,5.657809,5.4064093,5.6957874
P1_V4_Phase25,6.0,5.0,4.0,5.0,4.0,6.072074,5.345228,5.6603312,5.4072437,5.697854
P1_V4_Phase27,4.0,3.0,3.0,4.0,3.0,6.064797,5.338966,5.6538434,5.4006395,5.6908274
P1_V4_Phase28,6.0,5.0,6.0,5.0,5.0,6.0695353,5.3448324,5.6576552,5.404703,5.695629
P1_V4_Phase29,6.0,5.0,7.0,6.0,6.0,6.06847,5.344064,5.655068,5.403738,5.6945586
P1_V4_Phase3,7.0,6.0,7.0,6.0,6.0,6.067532,5.343125,5.6539817,5.401739,5.693964
P1_V4_Phase30,7.0,6.0,6.0,7.0,7.0,6.066708,5.342521,5.6535964,5.4024024,5.6931505
P1_V4_Phase31,8.0,7.0,8.0,7.0,8.0,6.069738,5.343568,5.657542,5.405405,5.6954556
P1_V4_Phase32,6.0,5.0,6.0,6.0,5.0,6.0707874,5.343884,5.659387,5.406037,5.696625
P1_V4_Phase33,7.0,6.0,7.0,6.0,6.0,6.070427,5.343536,5.6597342,5.405263,5.696069
P1_V4_Phase34,6.0,5.0,6.0,6.0,5.0,6.0658674,5.3401523,5.6545396,5.4015503,5.691413
P1_V4_Phase35,3.0,2.0,2.0,1.0,2.0,6.067911,5.3420157,5.6564,5.403595,5.6934714
P1_V4_Phase37,6.0,5.0,6.0,5.0,6.0,6.0645456,5.3385677,5.6539826,5.4006042,5.6900163
P1_V4_Phase38,6.0,5.0,4.0,5.0,5.0,6.067768,5.3422217,5.6560073,5.4030514,5.6937823
P1_V4_Phase39,6.0,5.0,6.0,5.0,6.0,6.0681143,5.341554,5.657086,5.403468,5.692998
P1_V4_Phase4,6.0,5.0,5.0,6.0,5.0,6.070494,5.3386283,5.660847,5.408684,5.69184
P1_V4_Phase40,6.0,5.0,6.0,5.0,6.0,6.0619364,5.340346,5.6489134,5.3970175,5.6896057
P1_V4_Phase41,7.0,6.0,7.0,7.0,8.0,6.0622196,5.337397,5.6514444,5.397889,5.688472
P1_V4_Phase42,6.0,5.0,7.0,6.0,5.0,6.068987,5.343654,5.656732,5.4043465,5.6948857
P1_V4_Phase43,7.0,6.0,7.0,7.0,7.0,6.071744,5.345342,5.660481,5.4068217,5.6978474
P1_V4_Phase45,6.0,5.0,6.0,5.0,6.0,6.065771,5.34028,5.6548915,5.401678,5.6911173
P1_V4_Phase46,7.0,6.0,7.0,6.0,6.0,6.068536,5.3424964,5.656527,5.4049077,5.694038
P1_V4_Phase47,8.0,7.0,8.0,7.0,8.0,6.0653462,5.341085,5.6529,5.4011602,5.6918793
P1_V4_Phase48,4.0,3.0,2.0,3.0,2.0,6.070479,5.34199,5.659876,5.4068637,5.6942844
P1_V4_Phase49,5.0,4.0,5.0,4.0,4.0,6.0631533,5.340533,5.649917,5.399354,5.6907597
P1_V4_Phase5,5.0,3.0,4.0,4.0,3.0,6.069971,5.3454356,5.658572,5.404762,5.6962566
P1_V4_Phase50,5.0,4.0,4.0,3.0,4.0,6.070327,5.3436084,5.6587577,5.4052367,5.695168
P1_V4_Phase52,6.0,5.0,5.0,6.0,5.0,6.069709,5.3428464,5.658416,5.405528,5.694865
P1_V4_Phase53,4.0,3.0,3.0,2.0,3.0,6.0710545,5.3396764,5.6647477,5.409439,5.6911383
P1_V4_Phase6,7.0,6.0,7.0,6.0,7.0,6.071726,5.3443146,5.660584,5.406907,5.696702
P1_V4_Phase7,7.0,6.0,6.0,7.0,6.0,6.071474,5.348411,5.660732,5.403899,5.69792
P1_V4_Phase8,8.0,7.0,8.0,7.0,8.0,6.0717883,5.34412,5.6607366,5.4072647,5.6967096
P1_V4_Phase9,7.0,7.0,8.0,7.0,8.0,6.0732117,5.3463745,5.6617484,5.408267,5.699009
P1_V5_Phase1,6.0,5.0,5.0,5.0,6.0,6.06982,5.3440022,5.6580014,5.4053545,5.695841
P1_V5_Phase10,3.0,2.0,2.0,3.0,2.0,6.070039,5.342958,5.6590834,5.4065647,5.694948
P1_V5_Phase12,5.0,4.0,5.0,6.0,5.0,6.0657964,5.3349648,5.6564684,5.405056,5.6872606
P1_V5_Phase13,6.0,5.0,5.0,6.0,5.0,6.0665007,5.3419785,5.6537247,5.402541,5.6911426
P1_V5_Phase14,4.0,3.0,3.0,4.0,3.0,6.0686083,5.3418536,5.657931,5.4050264,5.6932993
P1_V5_Phase15,2.0,1.0,2.0,2.0,2.0,6.071145,5.3439116,5.6617007,5.406739,5.6955395
P1_V5_Phase17,5.0,4.0,5.0,4.0,5.0,6.0692186,5.3424554,5.658644,5.4054146,5.6933713
P1_V5_Phase18,4.0,3.0,4.0,3.0,3.0,6.066317,5.342229,5.6543145,5.401263,5.691965
P1_V5_Phase19,6.0,5.0,6.0,6.0,7.0,6.070216,5.3438087,5.659526,5.4059286,5.6947775
P1_V5_Phase2,6.0,5.0,6.0,5.0,5.0,6.0733423,5.3462024,5.6627836,5.4086847,5.6983204
P1_V5_Phase20,7.0,6.0,6.0,7.0,7.0,6.073887,5.3466153,5.664337,5.4084563,5.6987743
P1_V5_Phase21,3.0,2.0,3.0,3.0,3.0,6.069897,5.3444724,5.6581454,5.4048023,5.6951747
P1_V5_Phase22,6.0,5.0,6.0,5.0,5.0,6.0678596,5.344662,5.655091,5.404006,5.693554
P1_V5_Phase3,6.0,5.0,5.0,4.0,5.0,6.069631,5.342486,5.658994,5.4049625,5.6944656
P1_V5_Phase4,6.0,5.0,6.0,5.0,6.0,6.06474,5.3391967,5.653882,5.401311,5.689458
P1_V5_Phase5,7.0,6.0,7.0,6.0,6.0,6.0703144,5.3429384,5.660388,5.4066086,5.6940536
P1_V5_Phase6,6.0,5.0,6.0,5.0,6.0,6.069478,5.3424306,5.659742,5.4065456,5.693322
P1_V5_Phase7,7.0,6.0,7.0,7.0,8.0,6.0659266,5.340688,5.654568,5.4018393,5.6918573
P1_V5_Phase8,6.0,5.0,6.0,6.0,6.0,6.06977,5.341237,5.660401,5.4062443,5.693101
P1_V5_Phase9,6.0,5.0,6.0,6.0,7.0,6.0696526,5.344216,5.657656,5.4062867,5.6951385
P1_V6_Phase1,6.0,5.0,6.0,5.0,6.0,6.0643873,5.3414035,5.652716,5.3988066,5.689762
P1_V6_Phase10,9.0,8.0,9.0,8.0,9.0,6.072667,5.345628,5.6623363,5.408557,5.698499
P1_V6_Phase11,9.0,8.0,8.0,9.0,8.0,6.0719175,5.3448606,5.6603055,5.407876,5.697705
P1_V6_Phase12,7.0,6.0,7.0,6.0,7.0,6.067254,5.34277,5.6542754,5.401659,5.693781
P1_V6_Phase13,8.0,7.0,8.0,7.0,8.0,6.0699277,5.3436875,5.659221,5.4051795,5.6950846
P1_V6_Phase14,9.0,8.0,8.0,9.0,9.0,6.0698023,5.341952,5.659537,5.4061775,5.694361
P1_V6_Phase15,8.0,8.0,7.0,8.0,9.0,6.0729723,5.344724,5.663074,5.4085665,5.6969037
P1_V6_Phase16,7.0,6.0,7.0,7.0,6.0,6.075042,5.3465943,5.663711,5.4102974,5.698807
P1_V6_Phase17,9.0,8.0,9.0,8.0,8.0,6.06822,5.344235,5.6560125,5.4050207,5.695461
P1_V6_Phase18,8.0,7.0,8.0,7.0,8.0,6.065126,5.3358502,5.656259,5.405007,5.686491
P1_V6_Phase19,8.0,7.0,8.0,7.0,8.0,6.074772,5.34594,5.6643763,5.409995,5.699345
P1_V6_Phase2,6.0,5.0,6.0,7.0,7.0,6.0720077,5.346226,5.659863,5.40519,5.697215
P1_V6_Phase20,9.0,8.0,9.0,8.0,9.0,6.0723743,5.3471932,5.6606135,5.405599,5.698254
P1_V6_Phase21,8.0,7.0,8.0,7.0,8.0,6.0653114,5.337115,5.6552997,5.403789,5.688047
P1_V6_Phase22,6.0,6.0,6.0,5.0,5.0,6.0658565,5.3407655,5.652724,5.4024115,5.6922636
P1_V6_Phase23,7.0,5.0,5.0,6.0,6.0,6.0695887,5.343077,5.657963,5.406048,5.6954927
P1_V6_Phase24,8.0,7.0,7.0,6.0,7.0,6.0666275,5.3403716,5.655358,5.4027443,5.691935
P1_V6_Phase25,5.0,4.0,5.0,4.0,5.0,6.0713787,5.3467526,5.6618414,5.4058757,5.69639
P1_V6_Phase26,5.0,4.0,4.0,3.0,4.0,6.066248,5.3390145,5.6573653,5.4042654,5.6888885
P1_V6_Phase27,7.0,6.0,7.0,6.0,6.0,6.0658016,5.338776,5.655481,5.400446,5.689872
P1_V6_Phase28,8.0,7.0,8.0,7.0,8.0,6.063594,5.340425,5.650658,5.399134,5.690963
P1_V6_Phase29,5.0,4.0,4.0,3.0,4.0,6.066842,5.3432927,5.654457,5.4011965,5.693659
P1_V6_Phase3,6.0,5.0,5.0,5.0,6.0,6.068524,5.344666,5.657585,5.4032574,5.6925173
P1_V6_Phase4,6.0,5.0,6.0,6.0,7.0,6.0673213,5.3396688,5.657993,5.4036717,5.6913095
P1_V6_Phase5,8.0,7.0,8.0,7.0,8.0,6.0700984,5.3441734,5.658508,5.405447,5.6958203
P1_V6_Phase6,6.0,5.0,4.0,5.0,5.0,6.067073,5.339565,5.656326,5.4032583,5.691886
P1_V6_Phase7,6.0,5.0,5.0,6.0,6.0,6.067871,5.3420987,5.6567388,5.403722,5.6934175
P1_V6_Phase8,6.0,5.0,6.0,5.0,6.0,6.069082,5.342841,5.6590004,5.405527,5.6943054
P1_V6_Phase9,7.0,6.0,7.0,7.0,7.0,6.066886,5.341479,5.655294,5.4028964,5.6922736
P1_V7_Phase1,7.0,6.0,7.0,6.0,7.0,6.0701113,5.345301,5.657723,5.4047356,5.6955013
P1_V7_Phase10,7.0,6.0,7.0,7.0,7.0,6.0707407,5.345764,5.6602306,5.4061666,5.695887
P1_V7_Phase100,9.0,8.0,9.0,8.0,9.0,6.069089,5.341583,5.6576543,5.4054065,5.6929684
P1_V7_Phase101,8.0,8.0,9.0,8.0,9.0,6.0730705,5.348378,5.6606145,5.4053054,5.69893
P1_V7_Phase102,9.0,9.0,9.0,9.0,9.0,6.0720124,5.346894,5.659702,5.4069567,5.697831
P1_V7_Phase103,5.0,4.0,5.0,4.0,5.0,6.0694723,5.3410087,5.6589046,5.4052134,5.6937284
P1_V7_Phase104,8.0,7.0,8.0,8.0,8.0,6.071272,5.3462625,5.6587234,5.4045434,5.696784
P1_V7_Phase105,7.0,6.0,7.0,7.0,6.0,6.0652847,5.339441,5.6547914,5.401083,5.689363
P1_V7_Phase106,7.0,6.0,6.0,7.0,6.0,6.067947,5.3412614,5.657006,5.403725,5.6924667
P1_V7_Phase107,8.0,7.0,8.0,8.0,8.0,6.070642,5.3448205,5.659182,5.406212,5.697012
P1_V7_Phase108,9.0,8.0,8.0,9.0,9.0,6.0736914,5.3473425,5.662494,5.407618,5.698674
P1_V7_Phase109,9.0,8.0,9.0,9.0,9.0,6.0748863,5.348644,5.662909,5.4093943,5.700164
P1_V7_Phase11,7.0,6.0,7.0,7.0,7.0,6.069069,5.33952,5.660623,5.406348,5.691408
P1_V7_Phase110,9.0,9.0,9.0,9.0,9.0,6.0692554,5.3432,5.657354,5.404237,5.6952353
P1_V7_Phase111,9.0,8.0,9.0,9.0,9.0,6.0711994,5.346414,5.6605625,5.4056845,5.698156
P1_V7_Phase112,5.0,4.0,5.0,5.0,5.0,6.071748,5.3472514,5.6601734,5.4052324,5.698009
P1_V7_Phase113,5.0,4.0,4.0,3.0,4.0,6.067889,5.3427672,5.655789,5.40256,5.6943274
P1_V7_Phase114,5.0,4.0,5.0,4.0,4.0,6.0667315,5.341291,5.6556535,5.402416,5.6923857
P1_V7_Phase115,5.0,4.0,5.0,5.0,4.0,6.063083,5.336856,5.65325,5.4002905,5.687946
P1_V7_Phase116,6.0,6.0,7.0,6.0,6.0,6.07119,5.3430924,5.6606126,5.4078155,5.695231
P1_V7_Phase117,5.0,4.0,5.0,4.0,3.0,6.06591,5.3412924,5.6537914,5.402252,5.6926537
P1_V7_Phase118,7.0,6.0,7.0,6.0,7.0,6.0698547,5.337441,5.661265,5.407719,5.690187
P1_V7_Phase119,7.0,6.0,6.0,7.0,7.0,6.0608,5.3356767,5.655154,5.398287,5.6853294
P1_V7_Phase12,7.0,6.0,7.0,6.0,7.0,6.069017,5.3424125,5.6602535,5.4060683,5.693159
P1_V7_Phase120,7.0,6.0,6.0,6.0,7.0,6.070669,5.344706,5.6593657,5.406162,5.696306
P1_V7_Phase121,9.0,8.0,9.0,9.0,9.0,6.074468,5.3481936,5.662685,5.4083014,5.699928
P1_V7_Phase122,6.0,7.0,6.0,6.0,7.0,6.071355,5.3434696,5.6607227,5.4075356,5.6958485
P1_V7_Phase123,9.0,9.0,9.0,9.0,9.0,6.0746975,5.3468184,5.6648927,5.4098406,5.7003145
P1_V7_Phase124,5.0,4.0,5.0,4.0,5.0,6.063163,5.3396935,5.651068,5.399429,5.6900024
P1_V7_Phase125,9.0,8.0,9.0,8.0,9.0,6.072798,5.344701,5.6620173,5.40915,5.6977854
P1_V7_Phase126,9.0,8.0,9.0,8.0,9.0,6.0706844,5.34327,5.6601987,5.4071407,5.696056
P1_V7_Phase127,9.0,8.0,9.0,9.0,9.0,6.066824,5.3400207,5.656614,5.403796,5.692011
P1_V7_Phase128,9.0,8.0,8.0,9.0,9.0,6.069061,5.3410115,5.6598096,5.4064054,5.692693
P1_V7_Phase129,9.0,9.0,9.0,9.0,9.0,6.0695577,5.343654,5.6573167,5.4040213,5.694686
P1_V7_Phase13,7.0,6.0,7.0,7.0,7.0,6.0664473,5.3438306,5.6538167,5.4010687,5.6934004
P1_V7_Phase130,9.0,8.0,9.0,9.0,9.0,6.0698757,5.344046,5.659368,5.4058123,5.694621
P1_V7_Phase131,9.0,8.0,9.0,9.0,9.0,6.0681705,5.3421407,5.65587,5.4025216,5.693958
P1_V7_Phase132,9.0,8.0,9.0,9.0,9.0,6.0666704,5.3408628,5.655554,5.402891,5.692145
P1_V7_Phase133,9.0,8.0,9.0,8.0,9.0,6.0696297,5.3374534,5.659714,5.408271,5.690341
P1_V7_Phase134,9.0,8.0,8.0,8.0,9.0,6.065921,5.342194,5.654198,5.3998556,5.6931543
P1_V7_Phase135,9.0,8.0,9.0,8.0,9.0,6.071884,5.344607,5.660561,5.4071364,5.6961412
P1_V7_Phase136,9.0,8.0,8.0,8.0,8.0,6.0708027,5.3441014,5.657468,5.4042573,5.695981
P1_V7_Phase137,9.0,8.0,8.0,8.0,9.0,6.0645676,5.340574,5.6524453,5.400311,5.691162
P1_V7_Phase138,9.0,9.0,8.0,9.0,8.0,6.068195,5.343674,5.65579,5.4034405,5.694811
P1_V7_Phase139,9.0,8.0,9.0,8.0,9.0,6.0651817,5.3406763,5.653849,5.400795,5.691918
P1_V7_Phase14,7.0,6.0,7.0,7.0,7.0,6.063962,5.339524,5.6520615,5.398256,5.69073
P1_V7_Phase140,7.0,6.0,7.0,7.0,7.0,6.0720377,5.346189,5.6600437,5.406991,5.6984367
P1_V7_Phase141,5.0,4.0,5.0,4.0,5.0,6.0693917,5.344163,5.657106,5.4040737,5.69551
P1_V7_Phase142,9.0,8.0,9.0,8.0,9.0,6.071069,5.3449864,5.658673,5.40501,5.6968503
P1_V7_Phase143,9.0,8.0,8.0,9.0,8.0,6.068427,5.342872,5.6558537,5.402776,5.6946917
P1_V7_Phase144,9.0,8.0,9.0,8.0,9.0,6.0709267,5.34519,5.6593924,5.405155,5.697111
P1_V7_Phase145,9.0,8.0,9.0,8.0,9.0,6.0704927,5.345617,5.6581864,5.405463,5.69657
P1_V7_Phase146,2.0,1.0,2.0,2.0,2.0,6.0689344,5.3428626,5.656754,5.4050307,5.694688
P1_V7_Phase147,9.0,8.0,8.0,9.0,8.0,6.0722885,5.346343,5.660875,5.4064865,5.6978836
P1_V7_Phase148,2.0,1.0,2.0,2.0,2.0,6.06853,5.3436103,5.6565614,5.4037743,5.694998
P1_V7_Phase149,2.0,1.0,2.0,2.0,2.0,6.071061,5.3457756,5.658219,5.405544,5.6967463
P1_V7_Phase15,8.0,7.0,8.0,8.0,9.0,6.069927,5.3441176,5.659017,5.4043016,5.696077
P1_V7_Phase150,4.0,3.0,3.0,4.0,4.0,6.0662584,5.3405113,5.6540046,5.4020567,5.691874
P1_V7_Phase151,9.0,8.0,8.0,9.0,9.0,6.0664096,5.3408275,5.6558475,5.40276,5.6925735
P1_V7_Phase16,7.0,6.0,7.0,7.0,7.0,6.068182,5.3439555,5.656756,5.402997,5.694813
P1_V7_Phase17,7.0,6.0,6.0,7.0,7.0,6.0685134,5.3442683,5.656815,5.4045916,5.693899
P1_V7_Phase18,6.0,7.0,7.0,7.0,7.0,6.0686913,5.3438144,5.6570835,5.4048805,5.695033
P1_V7_Phase19,2.0,2.0,2.0,1.0,2.0,6.0679493,5.340688,5.65653,5.4031644,5.6926975
P1_V7_Phase2,7.0,6.0,7.0,7.0,7.0,6.068687,5.343386,5.6565185,5.403184,5.6947184
P1_V7_Phase20,2.0,1.0,2.0,2.0,2.0,6.069596,5.340194,5.6605697,5.4075193,5.691802
P1_V7_Phase21,7.0,6.0,7.0,6.0,7.0,6.070527,5.3447976,5.65783,5.403711,5.695507
P1_V7_Phase22,7.0,6.0,6.0,6.0,7.0,6.0711575,5.3455567,5.658296,5.4063234,5.696798
P1_V7_Phase23,5.0,4.0,5.0,4.0,5.0,6.0691547,5.3428454,5.657991,5.4040856,5.695198
P1_V7_Phase25,8.0,9.0,8.0,9.0,9.0,6.071682,5.345699,5.6601024,5.4058437,5.6973553
P1_V7_Phase26,4.0,3.0,4.0,3.0,3.0,6.066422,5.3421416,5.654207,5.4012012,5.692465
P1_V7_Phase27,2.0,1.0,2.0,2.0,2.0,6.0666356,5.3418097,5.654822,5.4018073,5.6930075
P1_V7_Phase28,8.0,7.0,8.0,8.0,9.0,6.069888,5.3442483,5.658507,5.404826,5.6952333
P1_V7_Phase29,9.0,8.0,9.0,9.0,9.0,6.068391,5.342384,5.6575446,5.4043465,5.6940613
P1_V7_Phase3,8.0,8.0,9.0,8.0,9.0,6.0708613,5.343432,5.6627693,5.406834,5.694388
P1_V7_Phase30,4.0,5.0,4.0,3.0,4.0,6.0679474,5.340423,5.657862,5.404144,5.691922
P1_V7_Phase31,7.0,6.0,7.0,7.0,7.0,6.070351,5.345325,5.658486,5.4039893,5.6957364
P1_V7_Phase32,2.0,1.0,2.0,2.0,2.0,6.0684295,5.3428683,5.657261,5.403936,5.6947203
P1_V7_Phase33,4.0,3.0,4.0,4.0,5.0,6.0697165,5.342316,5.65886,5.4059906,5.693904
P1_V7_Phase34,9.0,8.0,9.0,9.0,9.0,6.0722723,5.3450103,5.6611686,5.408183,5.697236
P1_V7_Phase35,8.0,9.0,8.0,9.0,8.0,6.058795,5.3337407,5.649133,5.395392,5.683873
P1_V7_Phase36,9.0,8.0,9.0,9.0,9.0,6.0679355,5.3402753,5.656655,5.4034657,5.692219
P1_V7_Phase37,9.0,8.0,9.0,9.0,9.0,6.070966,5.3406377,5.6624303,5.408798,5.692419
P1_V7_Phase38,9.0,8.0,9.0,9.0,9.0,6.069059,5.3412366,5.6592903,5.405358,5.693109
P1_V7_Phase39,8.0,9.0,9.0,9.0,9.0,6.068158,5.3414865,5.6581135,5.4044957,5.6925364
P1_V7_Phase4,8.0,9.0,8.0,9.0,9.0,6.069419,5.3433433,5.65823,5.404385,5.695294
P1_V7_Phase40,9.0,8.0,9.0,8.0,9.0,6.0661697,5.3395743,5.657411,5.4035664,5.689836
P1_V7_Phase41,9.0,8.0,9.0,9.0,9.0,6.072032,5.3464437,5.660381,5.4063663,5.697619
P1_V7_Phase42,9.0,9.0,9.0,9.0,9.0,6.0620537,5.3360047,5.652431,5.400015,5.68649
P1_V7_Phase43,9.0,8.0,9.0,9.0,9.0,6.0687103,5.3423357,5.656742,5.4047184,5.694635
P1_V7_Phase44,5.0,4.0,5.0,5.0,4.0,6.068012,5.3410487,5.6567254,5.4045167,5.693067
P1_V7_Phase45,2.0,1.0,2.0,2.0,2.0,6.0704,5.3455753,5.6591434,5.4043913,5.696366
P1_V7_Phase46,9.0,8.0,9.0,9.0,9.0,6.070221,5.3421087,5.658067,5.405882,5.694273
P1_V7_Phase47,8.0,7.0,7.0,8.0,7.0,6.067564,5.3407135,5.657642,5.40433,5.6908884
P1_V7_Phase48,8.0,9.0,9.0,8.0,9.0,6.0690603,5.3422475,5.657007,5.405348,5.6946564
P1_V7_Phase49,7.0,6.0,7.0,7.0,7.0,6.0707355,5.3465,5.6590924,5.405998,5.6960235
P1_V7_Phase5,9.0,8.0,8.0,9.0,9.0,6.066124,5.3404994,5.6544867,5.4017215,5.69178
P1_V7_Phase50,9.0,8.0,9.0,9.0,9.0,6.068305,5.341213,5.6581073,5.4048433,5.6920795
P1_V7_Phase51,4.0,4.0,4.0,5.0,5.0,6.0690036,5.343467,5.6569667,5.4054184,5.6942034
P1_V7_Phase52,7.0,6.0,7.0,7.0,7.0,6.070574,5.343715,5.659472,5.4065104,5.696095
P1_V7_Phase53,8.0,9.0,9.0,8.0,8.0,6.0698295,5.3429704,5.657315,5.406231,5.6953835
P1_V7_Phase54,2.0,1.0,2.0,2.0,2.0,6.069631,5.342672,5.6598983,5.4057026,5.694394
P1_V7_Phase55,2.0,1.0,2.0,2.0,2.0,6.0683813,5.3419976,5.656529,5.402934,5.692459
P1_V7_Phase56,8.0,8.0,8.0,8.0,9.0,6.0637426,5.340557,5.6501384,5.39939,5.6908474
P1_V7_Phase57,8.0,7.0,8.0,8.0,9.0,6.0655456,5.3413486,5.6534343,5.4011974,5.692386
P1_V7_Phase58,7.0,6.0,7.0,6.0,6.0,6.0687313,5.3418565,5.6568904,5.4053574,5.693712
P1_V7_Phase59,5.0,4.0,5.0,5.0,5.0,6.0670366,5.343059,5.653513,5.4024143,5.6930323
P1_V7_Phase6,7.0,6.0,7.0,6.0,7.0,6.0679007,5.3441367,5.6545367,5.404102,5.694661
P1_V7_Phase60,9.0,8.0,9.0,9.0,9.0,6.0696864,5.3441415,5.6574054,5.4054976,5.695944
P1_V7_Phase61,7.0,6.0,7.0,7.0,7.0,6.069167,5.3410554,5.6591,5.4053097,5.6920853
P1_V7_Phase62,5.0,4.0,5.0,5.0,5.0,6.0684695,5.342899,5.6575575,5.404027,5.6943803
P1_V7_Phase63,5.0,4.0,5.0,5.0,5.0,6.0693235,5.3448486,5.6579375,5.4038773,5.6960354
P1_V7_Phase64,7.0,6.0,7.0,6.0,7.0,6.065275,5.3395705,5.6543517,5.4008083,5.690674
P1_V7_Phase65,7.0,6.0,6.0,7.0,6.0,6.068012,5.3410535,5.6577244,5.403888,5.691577
P1_V7_Phase66,9.0,8.0,9.0,9.0,9.0,6.067149,5.3415985,5.6578865,5.4026947,5.6919084
P1_V7_Phase67,9.0,8.0,9.0,8.0,9.0,6.070087,5.343761,5.6593385,5.4072485,5.6960735
P1_V7_Phase68,6.0,5.0,5.0,6.0,6.0,6.067755,5.342293,5.657212,5.403226,5.69353
P1_V7_Phase69,5.0,5.0,4.0,5.0,4.0,6.0691137,5.341852,5.6576867,5.405249,5.69394
P1_V7_Phase7,9.0,8.0,9.0,8.0,9.0,6.071699,5.345576,5.659615,5.406787,5.697792
P1_V7_Phase70,6.0,5.0,6.0,5.0,6.0,6.0725307,5.347322,5.6610484,5.4067006,5.698721
P1_V7_Phase71,7.0,6.0,6.0,6.0,7.0,6.069121,5.3433585,5.657701,5.4058256,5.694318
P1_V7_Phase72,9.0,8.0,9.0,8.0,9.0,6.0676184,5.342444,5.6555133,5.402638,5.69316
P1_V7_Phase73,9.0,8.0,9.0,8.0,9.0,6.067888,5.344133,5.655235,5.402371,5.6939363
P1_V7_Phase74,9.0,8.0,9.0,8.0,9.0,6.068687,5.3432593,5.656811,5.4039736,5.694501
P1_V7_Phase75,5.0,4.0,4.0,5.0,5.0,6.0682917,5.3451076,5.6574464,5.401452,5.694065
P1_V7_Phase76,9.0,8.0,9.0,9.0,9.0,6.0651,5.342197,5.652051,5.4002404,5.6922626
P1_V7_Phase77,8.0,7.0,8.0,8.0,7.0,6.067067,5.3436685,5.653625,5.402773,5.6941147
P1_V7_Phase78,8.0,7.0,8.0,7.0,8.0,6.0722713,5.3466663,5.6611753,5.406549,5.6982036
P1_V7_Phase79,6.0,6.0,7.0,7.0,6.0,6.0699983,5.345039,5.6571727,5.4047866,5.6958437
P1_V7_Phase8,5.0,4.0,5.0,4.0,5.0,6.070921,5.3451204,5.6591783,5.405389,5.6968393
P1_V7_Phase80,5.0,4.0,4.0,5.0,5.0,6.070954,5.3465295,5.6585774,5.4038534,5.6963363
P1_V7_Phase81,9.0,8.0,9.0,8.0,9.0,6.0754004,5.349547,5.666118,5.4105697,5.7011356
P1_V7_Phase82,9.0,8.0,9.0,8.0,9.0,6.065613,5.3409324,5.653405,5.4000597,5.691778
P1_V7_Phase83,8.0,7.0,8.0,8.0,9.0,6.0723166,5.341597,5.662967,5.4091606,5.6947165
P1_V7_Phase84,7.0,6.0,6.0,6.0,7.0,6.0734673,5.347407,5.6618176,5.4072275,5.6993628
P1_V7_Phase85,9.0,8.0,8.0,7.0,8.0,6.067652,5.34117,5.6565843,5.4032364,5.6932435
P1_V7_Phase86,8.0,7.0,8.0,8.0,9.0,6.0726986,5.341754,5.6637244,5.4094014,5.6937685
P1_V7_Phase87,7.0,6.0,7.0,7.0,7.0,6.066559,5.340547,5.654967,5.4016104,5.6920967
P1_V7_Phase88,9.0,8.0,9.0,8.0,9.0,6.0668592,5.341332,5.655239,5.402339,5.6927233
P1_V7_Phase89,7.0,6.0,7.0,7.0,7.0,6.0699816,5.342131,5.660174,5.406687,5.694027
P1_V7_Phase9,5.0,4.0,5.0,5.0,5.0,6.068516,5.342776,5.6567397,5.404093,5.694744
P1_V7_Phase90,7.0,6.0,7.0,6.0,7.0,6.068683,5.34057,5.6584773,5.4059067,5.692621
P1_V7_Phase91,7.0,6.0,7.0,6.0,7.0,6.074638,5.3493047,5.664143,5.409521,5.700847
P1_V7_Phase92,6.0,5.0,6.0,5.0,6.0,6.0670905,5.3411193,5.6557374,5.401759,5.693079
P1_V7_Phase93,7.0,6.0,7.0,6.0,7.0,6.0684443,5.342267,5.658006,5.4037027,5.691943
P1_V7_Phase94,9.0,8.0,9.0,9.0,9.0,6.070451,5.3431535,5.659282,5.4061937,5.6956472
P1_V7_Phase95,9.0,8.0,8.0,9.0,9.0,6.070737,5.3450313,5.658711,5.4053125,5.6967926
P1_V7_Phase96,8.0,7.0,8.0,8.0,8.0,6.0710926,5.3454003,5.659447,5.4066515,5.697274
P1_V7_Phase97,8.0,7.0,8.0,8.0,8.0,6.0709457,5.3454084,5.6576047,5.4046993,5.6961713
P1_V7_Phase98,7.0,6.0,6.0,6.0,7.0,6.0687666,5.342421,5.6573796,5.4046593,5.694116
P1_V7_Phase99,4.0,3.0,4.0,3.0,3.0,6.0669518,5.3410916,5.6552777,5.402602,5.6928687
P1_V9_Phase1,6.0,5.0,4.0,4.0,5.0,6.068392,5.3408136,5.6565204,5.404905,5.6927743
P1_V9_Phase3,5.0,4.0,3.0,4.0,5.0,6.068635,5.3421326,5.657071,5.4047604,5.6941
P1_V9_Phase4,4.0,4.0,3.0,3.0,3.0,6.069576,5.342568,5.6592326,5.4049797,5.694013
P1_V9_Phase5,5.0,4.0,5.0,5.0,5.0,6.0682907,5.3430414,5.6565533,5.403722,5.6944957
P1_V9_Phase6,5.0,4.0,5.0,5.0,5.0,6.070177,5.34511,5.6573615,5.4033537,5.695729
P1_V9_Phase7,3.0,3.0,2.0,2.0,2.0,6.067476,5.340245,5.6561093,5.4052076,5.6918383
P1_V9_Phase8,6.0,6.0,7.0,6.0,6.0,6.067767,5.340508,5.6565943,5.4035063,5.6918287
P1_V9_Phase9,5.0,5.0,4.0,5.0,5.0,6.0684204,5.341807,5.6583853,5.404507,5.6931233
P2_V10_Phase1,2.0,1.0,2.0,1.0,2.0,6.070241,5.3443747,5.658389,5.4056673,5.696295
P2_V10_Phase10,2.0,1.0,2.0,1.0,2.0,6.0687795,5.3435674,5.6570535,5.404174,5.694607
P2_V10_Phase12,2.0,1.0,2.0,1.0,2.0,6.0663333,5.3363233,5.6585517,5.4060245,5.6884995
P2_V10_Phase13,2.0,2.0,2.0,1.0,2.0,6.0638447,5.338227,5.6522565,5.4002953,5.6888614
P2_V10_Phase14,2.0,1.0,2.0,1.0,2.0,6.0695543,5.342268,5.6592517,5.404748,5.6943502
P2_V10_Phase15,2.0,1.0,2.0,1.0,2.0,6.0705404,5.3437266,5.6617665,5.405978,5.695139
P2_V10_Phase16,4.0,3.0,4.0,3.0,3.0,6.066663,5.341206,5.6563916,5.403628,5.691537
P2_V10_Phase17,4.0,3.0,4.0,3.0,4.0,6.071069,5.343366,5.660349,5.407448,5.696108
P2_V10_Phase18,1.0,0.0,1.0,0.0,1.0,6.0636005,5.34059,5.651646,5.398807,5.6889825
P2_V10_Phase19,5.0,4.0,5.0,4.0,5.0,6.0731134,5.3462768,5.6623254,5.4084764,5.6987123
P2_V10_Phase2,4.0,3.0,4.0,3.0,3.0,6.0669928,5.337481,5.655254,5.4060335,5.6891327
P2_V10_Phase20,5.0,4.0,5.0,4.0,5.0,6.069421,5.345596,5.6571746,5.4028926,5.696068
P2_V10_Phase21,2.0,1.0,0.0,1.0,2.0,6.0692883,5.3461432,5.6570954,5.404302,5.6959205
P2_V10_Phase22,2.0,1.0,1.0,2.0,1.0,6.0706897,5.3442955,5.6586914,5.405059,5.696291
P2_V10_Phase3,2.0,1.0,1.0,2.0,1.0,6.0579853,5.3333116,5.653772,5.397424,5.682839
P2_V10_Phase4,2.0,1.0,2.0,1.0,2.0,6.065864,5.340257,5.653505,5.4013796,5.6915193
P2_V10_Phase5,2.0,2.0,2.0,1.0,2.0,6.073268,5.342988,5.6648726,5.4082913,5.694922
P2_V10_Phase6,1.0,0.0,1.0,1.0,0.0,6.0709724,5.343064,5.6616073,5.407584,5.694814
P2_V10_Phase7,4.0,3.0,4.0,3.0,4.0,6.0659404,5.339754,5.6549177,5.4010725,5.69191
P2_V10_Phase8,1.0,0.0,1.0,0.0,1.0,6.070214,5.3442354,5.6593585,5.4055977,5.6961236
P2_V10_Phase9,2.0,1.0,2.0,1.0,2.0,6.070328,5.3443255,5.659119,5.4046555,5.696527
P2_V11_Phase1,2.0,1.0,2.0,1.0,2.0,6.066416,5.341357,5.6544375,5.401392,5.692523
P2_V11_Phase10,5.0,4.0,5.0,4.0,5.0,6.0685997,5.3412557,5.658808,5.4055386,5.6927567
P2_V11_Phase100,7.0,7.0,6.0,6.0,6.0,6.0638785,5.338865,5.6515307,5.400504,5.6898165
P2_V11_Phase101,7.0,7.0,6.0,7.0,6.0,6.0677357,5.343716,5.655595,5.4021473,5.6946697
P2_V11_Phase102,5.0,4.0,4.0,5.0,4.0,6.065704,5.3414097,5.6529613,5.40164,5.692251
P2_V11_Phase103,7.0,7.0,6.0,7.0,6.0,6.070913,5.3455796,5.659374,5.406438,5.6965804
P2_V11_Phase104,4.0,3.0,3.0,3.0,4.0,6.0701303,5.346252,5.657951,5.405103,5.696654
P2_V11_Phase105,4.0,3.0,4.0,3.0,3.0,6.072489,5.3458195,5.6621776,5.407835,5.697954
P2_V11_Phase11,7.0,6.0,7.0,6.0,7.0,6.066353,5.339675,5.654281,5.4020643,5.692169
P2_V11_Phase12,2.0,1.0,2.0,1.0,2.0,6.0686173,5.342165,5.657562,5.405094,5.694172
P2_V11_Phase13,4.0,3.0,4.0,3.0,4.0,6.0758905,5.348308,5.6666856,5.408989,5.698331
P2_V11_Phase14,9.0,9.0,9.0,9.0,9.0,6.068103,5.341434,5.6564665,5.403404,5.693063
P2_V11_Phase15,2.0,1.0,2.0,1.0,2.0,6.069784,5.343949,5.657362,5.4049325,5.695467
P2_V11_Phase16,9.0,8.0,8.0,9.0,8.0,6.065807,5.338883,5.6548004,5.403023,5.6902657
P2_V11_Phase17,9.0,8.0,8.0,9.0,8.0,6.065673,5.340675,5.6536474,5.401393,5.6918564
P2_V11_Phase18,9.0,8.0,9.0,8.0,9.0,6.069391,5.343595,5.6581044,5.4058127,5.695326
P2_V11_Phase19,7.0,7.0,6.0,7.0,6.0,6.067418,5.3425593,5.654108,5.4030976,5.6937594
P2_V11_Phase2,2.0,1.0,2.0,1.0,2.0,6.0666704,5.3402176,5.6552176,5.4028826,5.691379
P2_V11_Phase20,7.0,6.0,7.0,6.0,7.0,6.070258,5.343064,5.659848,5.406644,5.695115
P2_V11_Phase21,2.0,1.0,2.0,1.0,2.0,6.0699267,5.3438697,5.658219,5.4054203,5.6960163
P2_V11_Phase22,7.0,6.0,7.0,6.0,7.0,6.069188,5.3435884,5.659531,5.4033403,5.6950426
P2_V11_Phase23,7.0,7.0,6.0,7.0,6.0,6.0637913,5.338531,5.6526766,5.398854,5.690179
P2_V11_Phase24,9.0,8.0,9.0,8.0,9.0,6.0668564,5.339984,5.654346,5.4024525,5.69223
P2_V11_Phase25,9.0,8.0,9.0,8.0,9.0,6.0689497,5.3420486,5.6605697,5.4073353,5.6918783
P2_V11_Phase26,5.0,4.0,5.0,4.0,5.0,6.0744495,5.3471923,5.663381,5.4091153,5.6993217
P2_V11_Phase27,2.0,1.0,2.0,1.0,2.0,6.0687623,5.345399,5.655817,5.404665,5.695177
P2_V11_Phase28,2.0,1.0,2.0,1.0,2.0,6.0703297,5.3445177,5.6582074,5.405058,5.6963406
P2_V11_Phase29,2.0,1.0,2.0,1.0,2.0,6.072008,5.344291,5.6612372,5.4088125,5.696762
P2_V11_Phase3,7.0,6.0,7.0,6.0,7.0,6.060096,5.3374104,5.6476035,5.396778,5.687542
P2_V11_Phase30,5.0,4.0,5.0,4.0,5.0,6.0713263,5.343668,5.6616454,5.4074097,5.6950808
P2_V11_Phase31,5.0,4.0,5.0,4.0,5.0,6.0645733,5.338861,5.65206,5.400395,5.6904373
P2_V11_Phase32,9.0,8.0,9.0,8.0,9.0,6.0659866,5.3426404,5.654328,5.3999834,5.692564
P2_V11_Phase33,2.0,1.0,0.0,1.0,2.0,6.0630016,5.337216,5.655042,5.4018025,5.6873927
P2_V11_Phase34,7.0,6.0,7.0,6.0,7.0,6.0691743,5.3448243,5.6568766,5.403356,5.6955986
P2_V11_Phase35,9.0,8.0,9.0,8.0,9.0,6.0700603,5.344754,5.6579537,5.403661,5.6962605
P2_V11_Phase36,4.0,3.0,4.0,3.0,4.0,6.072567,5.344794,5.6620755,5.408819,5.697498
P2_V11_Phase37,9.0,8.0,9.0,9.0,8.0,6.0709667,5.3430142,5.6604195,5.4068227,5.6961308
P2_V11_Phase38,5.0,4.0,5.0,4.0,5.0,6.0657454,5.3430047,5.6541305,5.39925,5.6928406
P2_V11_Phase39,9.0,8.0,9.0,8.0,9.0,6.0692344,5.3443913,5.6577454,5.4040313,5.6954894
P2_V11_Phase4,4.0,3.0,4.0,3.0,4.0,6.0691943,5.3440585,5.656422,5.4045806,5.695053
P2_V11_Phase40,5.0,4.0,5.0,4.0,5.0,6.0691032,5.343432,5.6577945,5.404428,5.6953516
P2_V11_Phase41,7.0,6.0,7.0,6.0,7.0,6.0702047,5.342581,5.65887,5.4064364,5.694198
P2_V11_Phase42,9.0,8.0,9.0,8.0,9.0,6.0652924,5.3406005,5.6526875,5.40081,5.6914005
P2_V11_Phase43,7.0,6.0,7.0,6.0,7.0,6.06843,5.3435693,5.6563544,5.403549,5.69442
P2_V11_Phase44,7.0,7.0,6.0,7.0,6.0,6.0665164,5.3435073,5.65495,5.39997,5.6936555
P2_V11_Phase45,4.0,3.0,4.0,3.0,4.0,6.0729218,5.3447695,5.6627192,5.408284,5.697979
P2_V11_Phase46,4.0,3.0,4.0,3.0,4.0,6.06372,5.3389935,5.6523743,5.399025,5.6897354
P2_V11_Phase47,9.0,8.0,9.0,8.0,9.0,6.067374,5.3415837,5.6563897,5.403371,5.692873
P2_V11_Phase48,9.0,8.0,9.0,8.0,9.0,6.070004,5.343094,5.658959,5.4038267,5.6946936
P2_V11_Phase49,5.0,5.0,5.0,4.0,5.0,6.064413,5.340135,5.6513777,5.400584,5.6908836
P2_V11_Phase5,9.0,8.0,9.0,8.0,9.0,6.065754,5.3410153,5.655145,5.4018707,5.6917543
P2_V11_Phase50,5.0,4.0,5.0,4.0,5.0,6.0721426,5.3463387,5.661027,5.4065294,5.6982965
P2_V11_Phase51,5.0,4.0,5.0,4.0,4.0,6.069379,5.342707,5.658221,5.403821,5.693857
P2_V11_Phase52,9.0,9.0,8.0,9.0,8.0,6.0639615,5.3392806,5.654152,5.3996944,5.688882
P2_V11_Phase53,9.0,8.0,9.0,8.0,8.0,6.0692644,5.344622,5.6576943,5.4023123,5.695305
P2_V11_Phase54,9.0,8.0,9.0,8.0,9.0,6.0600324,5.3326797,5.6504245,5.4005833,5.6823072
P2_V11_Phase55,7.0,6.0,7.0,6.0,7.0,6.0675197,5.34024,5.6559024,5.402705,5.692076
P2_V11_Phase56,5.0,4.0,5.0,4.0,5.0,6.0725217,5.3456254,5.660214,5.407466,5.6984158
P2_V11_Phase57,7.0,6.0,7.0,6.0,7.0,6.070786,5.3445,5.6604133,5.405077,5.6961927
P2_V11_Phase58,7.0,6.0,7.0,6.0,7.0,6.0654407,5.3426414,5.6531434,5.4016986,5.692018
P2_V11_Phase59,7.0,6.0,7.0,6.0,7.0,6.0658045,5.340282,5.654383,5.401328,5.690383
P2_V11_Phase6,4.0,3.0,4.0,3.0,4.0,6.069282,5.34344,5.656506,5.404398,5.694706
P2_V11_Phase60,5.0,5.0,4.0,5.0,4.0,6.0701685,5.342552,5.660045,5.405822,5.6939297
P2_V11_Phase61,9.0,8.0,9.0,8.0,9.0,6.070986,5.344525,5.6613154,5.405553,5.6966486
P2_V11_Phase62,9.0,9.0,8.0,9.0,8.0,6.0672235,5.3411307,5.65687,5.403675,5.691482
P2_V11_Phase63,2.0,1.0,2.0,1.0,2.0,6.073288,5.347405,5.6622505,5.407768,5.6988077
P2_V11_Phase64,2.0,1.0,0.0,1.0,2.0,6.068935,5.3433466,5.656299,5.403971,5.6946154
P2_V11_Phase65,5.0,4.0,3.0,4.0,5.0,6.067243,5.342443,5.65554,5.4021087,5.6929274
P2_V11_Phase66,2.0,1.0,2.0,1.0,2.0,6.0716,5.3461676,5.6603646,5.406207,5.6972485
P2_V11_Phase67,9.0,8.0,9.0,8.0,9.0,6.0696735,5.3405867,5.6619334,5.406494,5.691723
P2_V11_Phase68,9.0,8.0,9.0,8.0,9.0,6.068659,5.3422246,5.6570315,5.4040766,5.6943827
P2_V11_Phase69,7.0,6.0,7.0,6.0,7.0,6.065299,5.3392234,5.6532054,5.4015656,5.6896534
P2_V11_Phase7,7.0,6.0,7.0,6.0,7.0,6.0625277,5.338325,5.6501813,5.3985634,5.6889935
P2_V11_Phase70,9.0,8.0,8.0,9.0,8.0,6.067397,5.3413224,5.6562366,5.4039135,5.693177
P2_V11_Phase71,7.0,6.0,7.0,6.0,7.0,6.065342,5.3400865,5.6541724,5.401385,5.690262
P2_V11_Phase72,5.0,4.0,5.0,4.0,4.0,6.067931,5.3429475,5.6566396,5.4028816,5.6937165
P2_V11_Phase73,7.0,6.0,7.0,6.0,6.0,6.0763454,5.3481812,5.6674294,5.4109898,5.7009373
P2_V11_Phase74,7.0,6.0,7.0,6.0,7.0,6.0748644,5.3469787,5.665069,5.4103427,5.700182
P2_V11_Phase75,2.0,1.0,2.0,1.0,2.0,6.066226,5.3392806,5.6563993,5.403271,5.691162
P2_V11_Phase76,9.0,8.0,9.0,8.0,9.0,6.06756,5.342172,5.655586,5.4022293,5.693242
P2_V11_Phase77,9.0,9.0,9.0,9.0,9.0,6.0663314,5.3420787,5.6549387,5.401531,5.6932287
P2_V11_Phase78,9.0,8.0,8.0,8.0,9.0,6.0681524,5.343714,5.655661,5.4035053,5.6945853
P2_V11_Phase79,9.0,8.0,9.0,8.0,9.0,6.068811,5.3431478,5.6571145,5.403629,5.694228
P2_V11_Phase8,5.0,4.0,4.0,5.0,4.0,6.0663,5.3414845,5.6541567,5.400508,5.6921873
P2_V11_Phase80,9.0,8.0,8.0,9.0,8.0,6.073886,5.348396,5.6617618,5.406191,5.6998253
P2_V11_Phase81,9.0,9.0,9.0,9.0,9.0,6.0683637,5.342936,5.656379,5.4021697,5.694249
P2_V11_Phase82,7.0,6.0,7.0,6.0,7.0,6.069664,5.338306,5.661588,5.407872,5.69057
P2_V11_Phase83,5.0,4.0,5.0,4.0,5.0,6.068596,5.341455,5.6599517,5.4054055,5.692476
P2_V11_Phase84,7.0,6.0,7.0,6.0,6.0,6.067919,5.342382,5.6554255,5.4020452,5.693864
P2_V11_Phase85,5.0,4.0,5.0,4.0,5.0,6.0639305,5.3390064,5.653753,5.3995953,5.688497
P2_V11_Phase86,9.0,9.0,9.0,9.0,9.0,6.06689,5.3406615,5.655895,5.4033375,5.692256
P2_V11_Phase87,2.0,1.0,2.0,1.0,2.0,6.068641,5.342632,5.66013,5.4047585,5.6931715
P2_V11_Phase88,2.0,1.0,1.0,2.0,1.0,6.070587,5.3448925,5.659511,5.406927,5.6956873
P2_V11_Phase89,7.0,6.0,7.0,6.0,7.0,6.071025,5.3466897,5.6593637,5.404121,5.6970186
P2_V11_Phase9,9.0,9.0,8.0,9.0,8.0,6.071629,5.344169,5.6610684,5.408204,5.695589
P2_V11_Phase90,2.0,1.0,2.0,1.0,2.0,6.0678244,5.3441978,5.655327,5.4014544,5.6946344
P2_V11_Phase91,4.0,3.0,4.0,3.0,4.0,6.068963,5.3433776,5.657361,5.4047437,5.694853
P2_V11_Phase92,5.0,4.0,5.0,4.0,5.0,6.066649,5.342475,5.655227,5.4002857,5.6930857
P2_V11_Phase93,7.0,6.0,7.0,6.0,7.0,6.072009,5.347167,5.6592464,5.406151,5.6970654
P2_V11_Phase94,7.0,7.0,6.0,7.0,6.0,6.071267,5.3469567,5.660038,5.4056077,5.6975765
P2_V11_Phase95,9.0,8.0,9.0,8.0,9.0,6.0689135,5.342543,5.657847,5.404722,5.6928544
P2_V11_Phase96,9.0,8.0,8.0,9.0,8.0,6.0663633,5.338638,5.6555862,5.403116,5.690029
P2_V11_Phase97,9.0,9.0,8.0,8.0,9.0,6.069798,5.3430715,5.658007,5.4054155,5.6947055
P2_V11_Phase98,4.0,3.0,3.0,4.0,4.0,6.068879,5.3445897,5.6580067,5.403206,5.694049
P2_V11_Phase99,7.0,6.0,7.0,6.0,7.0,6.0670567,5.3417478,5.6547074,5.403254,5.693141
P2_V12_Phase1,4.0,3.0,4.0,3.0,4.0,6.068392,5.3408136,5.6565204,5.404905,5.6927743
P2_V12_Phase10,4.0,5.0,4.0,3.0,4.0,6.0675144,5.3410707,5.6562676,5.4045744,5.692957
P2_V12_Phase2,5.0,4.0,5.0,3.0,4.0,6.0642543,5.3376193,5.6531262,5.4023857,5.6880465
P2_V12_Phase3,2.0,1.0,2.0,1.0,2.0,6.068201,5.3423486,5.656138,5.4036717,5.694046
P2_V12_Phase4,5.0,4.0,5.0,4.0,5.0,6.068863,5.342772,5.6595535,5.406314,5.692854
P2_V12_Phase5,2.0,1.0,2.0,1.0,2.0,6.067502,5.341383,5.656465,5.403055,5.693116
P2_V12_Phase6,7.0,6.0,7.0,6.0,7.0,6.0655346,5.3403745,5.653744,5.4008293,5.691431
P2_V12_Phase7,5.0,4.0,5.0,4.0,5.0,6.0727406,5.3478465,5.6603255,5.4063525,5.6989803
P2_V12_Phase8,3.0,3.0,4.0,3.0,4.0,6.0691214,5.341417,5.656566,5.406496,5.692664
P2_V12_Phase9,5.0,4.0,5.0,4.0,5.0,6.0697284,5.3416247,5.6622653,5.405839,5.692574
P2_V13_Phase1,2.0,1.0,1.0,2.0,2.0,6.066782,5.3418875,5.6565948,5.403514,5.6915336
P2_V13_Phase10,4.0,3.0,4.0,3.0,4.0,6.0656013,5.340304,5.6545405,5.4007974,5.6916285
P2_V13_Phase11,9.0,8.0,8.0,9.0,8.0,6.0724506,5.3440146,5.662344,5.40888,5.697406
P2_V13_Phase12,5.0,4.0,5.0,4.0,5.0,6.0677967,5.3408394,5.6566567,5.403447,5.6928554
P2_V13_Phase13,9.0,8.0,9.0,8.0,9.0,6.0621567,5.3367925,5.650682,5.397621,5.6878357
P2_V13_Phase14,7.0,6.0,7.0,6.0,7.0,6.0646973,5.3411717,5.6509986,5.40059,5.691435
P2_V13_Phase15,7.0,7.0,6.0,7.0,6.0,6.0613003,5.3378887,5.6487517,5.3966236,5.68802
P2_V13_Phase16,9.0,8.0,9.0,8.0,9.0,6.0670915,5.341664,5.655818,5.402283,5.693
P2_V13_Phase17,9.0,9.0,9.0,9.0,9.0,6.069887,5.344958,5.6576004,5.405109,5.6963987
P2_V13_Phase18,9.0,9.0,9.0,9.0,9.0,6.067726,5.339372,5.6572456,5.40413,5.692086
P2_V13_Phase19,9.0,9.0,9.0,9.0,9.0,6.0774155,5.351296,5.6679735,5.4114027,5.7030926
P2_V13_Phase2,5.0,4.0,5.0,4.0,5.0,6.06773,5.340941,5.6561484,5.403739,5.6925993
P2_V13_Phase20,7.0,7.0,6.0,7.0,6.0,6.064891,5.3396525,5.6540074,5.4009514,5.6906223
P2_V13_Phase21,7.0,7.0,6.0,7.0,6.0,6.073437,5.34835,5.6614904,5.4083033,5.698756
P2_V13_Phase22,9.0,8.0,9.0,8.0,9.0,6.068927,5.341685,5.6579447,5.4051056,5.6929607
P2_V13_Phase23,7.0,6.0,7.0,6.0,7.0,6.0678864,5.341886,5.65641,5.404568,5.693676
P2_V13_Phase24,4.0,3.0,4.0,3.0,4.0,6.0654564,5.3411603,5.6539183,5.399536,5.692133
P2_V13_Phase25,7.0,7.0,6.0,7.0,6.0,6.0643806,5.3409867,5.652614,5.398824,5.6913033
P2_V13_Phase26,2.0,1.0,2.0,1.0,2.0,6.068306,5.3433642,5.656253,5.4058237,5.6936436
P2_V13_Phase27,9.0,8.0,9.0,8.0,9.0,6.064799,5.33991,5.653756,5.4004745,5.690699
P2_V13_Phase28,5.0,4.0,5.0,4.0,5.0,6.069694,5.344189,5.657757,5.4032593,5.6955743
P2_V13_Phase29,9.0,8.0,9.0,8.0,9.0,6.0723257,5.341039,5.6630263,5.4086475,5.692211
P2_V13_Phase3,5.0,4.0,5.0,4.0,5.0,6.067697,5.341375,5.6559367,5.402702,5.692937
P2_V13_Phase30,7.0,7.0,6.0,7.0,6.0,6.0689483,5.3422174,5.657351,5.4037895,5.6940327
P2_V13_Phase31,9.0,8.0,9.0,8.0,9.0,6.0641193,5.339606,5.651725,5.399267,5.689975
P2_V13_Phase32,9.0,9.0,9.0,9.0,9.0,6.068039,5.3425345,5.656129,5.402403,5.6936955
P2_V13_Phase33,7.0,6.0,7.0,6.0,7.0,6.066843,5.339692,5.6571784,5.4033847,5.6920424
P2_V13_Phase34,7.0,6.0,7.0,6.0,7.0,6.0682874,5.3428006,5.6557174,5.4031105,5.6937323
P2_V13_Phase35,4.0,3.0,4.0,3.0,4.0,6.0676603,5.344468,5.655794,5.4024153,5.6943817
P2_V13_Phase36,9.0,8.0,9.0,8.0,9.0,6.0679884,5.3420978,5.6566215,5.40391,5.693824
P2_V13_Phase37,4.0,5.0,4.0,3.0,4.0,6.0660825,5.3394094,5.655619,5.404153,5.6898518
P2_V13_Phase38,7.0,6.0,7.0,6.0,7.0,6.067123,5.340828,5.6553817,5.403985,5.692258
P2_V13_Phase39,2.0,1.0,2.0,1.0,2.0,6.0709534,5.3460274,5.6586957,5.406147,5.696603
P2_V13_Phase4,2.0,1.0,2.0,1.0,2.0,6.073443,5.3443246,5.6642733,5.4105053,5.6967096
P2_V13_Phase40,7.0,6.0,7.0,6.0,7.0,6.0664973,5.342089,5.6541696,5.402962,5.6928005
P2_V13_Phase41,9.0,8.0,9.0,8.0,9.0,6.069412,5.3426747,5.6583505,5.4058704,5.6950297
P2_V13_Phase42,7.0,7.0,6.0,7.0,6.0,6.0657187,5.340265,5.6545157,5.4014444,5.691642
P2_V13_Phase43,7.0,6.0,7.0,6.0,6.0,6.070846,5.3457723,5.6593394,5.4068136,5.697054
P2_V13_Phase44,5.0,4.0,5.0,4.0,5.0,6.065945,5.338678,5.6555934,5.4054766,5.689324
P2_V13_Phase45,9.0,9.0,9.0,9.0,9.0,6.06856,5.3415265,5.65688,5.4042153,5.6937466
P2_V13_Phase5,7.0,6.0,7.0,6.0,7.0,6.0634556,5.3394456,5.6514707,5.398593,5.6906366
P2_V13_Phase6,2.0,1.0,2.0,1.0,2.0,6.070073,5.343372,5.6587634,5.405078,5.6955833
P2_V13_Phase7,4.0,3.0,4.0,3.0,4.0,6.0643835,5.337995,5.653209,5.4004307,5.688902
P2_V13_Phase8,7.0,6.0,7.0,6.0,6.0,6.069777,5.341663,5.66094,5.406158,5.693487
P2_V13_Phase9,5.0,4.0,5.0,4.0,5.0,6.068678,5.340778,5.6582856,5.404458,5.6927223
P2_V14_Phase1,9.0,8.0,9.0,8.0,9.0,6.065969,5.3419414,5.6537123,5.4009666,5.6930337
P2_V14_Phase10,9.0,9.0,9.0,9.0,9.0,6.065579,5.341928,5.6540933,5.4024425,5.6927075
P2_V14_Phase11,9.0,8.0,9.0,9.0,9.0,6.0639544,5.3407035,5.651361,5.3998804,5.6913157
P2_V14_Phase12,9.0,9.0,9.0,9.0,9.0,6.0704207,5.3449616,5.658591,5.405068,5.69637
P2_V14_Phase13,7.0,6.0,7.0,6.0,7.0,6.0668583,5.3409433,5.6549187,5.403659,5.691941
P2_V14_Phase14,2.0,1.0,1.0,2.0,2.0,6.066429,5.34055,5.656256,5.4025416,5.691712
P2_V14_Phase15,9.0,8.0,9.0,8.0,9.0,6.0665274,5.340771,5.6550174,5.4024773,5.692553
P2_V14_Phase16,5.0,4.0,4.0,5.0,4.0,6.065921,5.341043,5.654379,5.4017563,5.692234
P2_V14_Phase17,2.0,1.0,2.0,1.0,2.0,6.065858,5.3410354,5.6543612,5.4036655,5.6916413
P2_V14_Phase18,4.0,3.0,4.0,3.0,4.0,6.066999,5.339908,5.657338,5.403077,5.6908484
P2_V14_Phase19,2.0,1.0,2.0,1.0,1.0,6.06431,5.340533,5.651007,5.399967,5.691075
P2_V14_Phase2,9.0,9.0,9.0,9.0,9.0,6.0640187,5.3382764,5.6525292,5.401346,5.689853
P2_V14_Phase20,9.0,8.0,9.0,8.0,9.0,6.0666447,5.337564,5.6578403,5.4051557,5.688798
P2_V14_Phase21,9.0,8.0,9.0,8.0,9.0,6.067724,5.341926,5.65764,5.402791,5.6930857
P2_V14_Phase22,9.0,9.0,9.0,9.0,9.0,6.072784,5.3441353,5.663124,5.4088564,5.696004
P2_V14_Phase23,9.0,9.0,9.0,9.0,9.0,6.0645475,5.3395467,5.6531196,5.401309,5.6905518
P2_V14_Phase24,7.0,6.0,7.0,6.0,7.0,6.0697403,5.3438993,5.6576653,5.4050016,5.695563
P2_V14_Phase25,4.0,3.0,4.0,3.0,4.0,6.066311,5.341217,5.653771,5.4009933,5.6923647
P2_V14_Phase26,4.0,3.0,3.0,4.0,4.0,6.065815,5.341041,5.653154,5.402936,5.6914873
P2_V14_Phase27,9.0,9.0,9.0,8.0,8.0,6.0692863,5.342215,5.658996,5.405532,5.6945057
P2_V14_Phase28,9.0,8.0,9.0,8.0,9.0,6.0692472,5.342726,5.658751,5.404957,5.6941996
P2_V14_Phase29,4.0,3.0,4.0,3.0,3.0,6.069333,5.342772,5.6606565,5.4054375,5.6930227
P2_V14_Phase3,9.0,9.0,8.0,9.0,8.0,6.069538,5.3419337,5.6588387,5.4056406,5.694082
P2_V14_Phase30,2.0,1.0,2.0,2.0,2.0,6.0738907,5.3447814,5.6626287,5.4092064,5.697058
P2_V14_Phase31,7.0,6.0,7.0,6.0,6.0,6.0682707,5.342527,5.6563354,5.403511,5.6938176
P2_V14_Phase32,2.0,1.0,1.0,2.0,2.0,6.069399,5.343553,5.6578956,5.4044113,5.6952405
P2_V14_Phase33,5.0,4.0,5.0,4.0,4.0,6.069912,5.344064,5.6591425,5.4052825,5.695287
P2_V14_Phase34,7.0,7.0,7.0,6.0,7.0,6.070268,5.3431196,5.6594396,5.406057,5.695859
P2_V14_Phase35,5.0,4.0,5.0,4.0,4.0,6.067273,5.3419385,5.655316,5.403553,5.6931553
P2_V14_Phase36,9.0,8.0,8.0,9.0,8.0,6.06645,5.341185,5.6550756,5.402309,5.693061
P2_V14_Phase37,7.0,6.0,7.0,6.0,6.0,6.0714326,5.344031,5.6598134,5.406782,5.6968374
P2_V14_Phase38,7.0,6.0,7.0,6.0,7.0,6.07021,5.343442,5.660165,5.4067802,5.695751
P2_V14_Phase39,2.0,1.0,1.0,2.0,1.0,6.062672,5.3392854,5.649046,5.3975115,5.6896424
P2_V14_Phase4,9.0,9.0,9.0,9.0,9.0,6.066589,5.3418865,5.6549444,5.400894,5.6929235
P2_V14_Phase40,7.0,6.0,6.0,7.0,7.0,6.0642877,5.3406825,5.651471,5.4006233,5.6913667
P2_V14_Phase41,7.0,7.0,6.0,7.0,6.0,6.065687,5.340929,5.6530147,5.400349,5.6917934
P2_V14_Phase42,4.0,3.0,4.0,3.0,4.0,6.066841,5.3428864,5.6537724,5.4025545,5.693267
P2_V14_Phase43,7.0,6.0,6.0,7.0,6.0,6.0680256,5.3422036,5.657388,5.4042125,5.693634
P2_V14_Phase44,5.0,4.0,5.0,4.0,5.0,6.0711546,5.344465,5.660521,5.4079533,5.696764
P2_V14_Phase45,5.0,4.0,5.0,4.0,4.0,6.0681133,5.342815,5.656173,5.4036193,5.694044
P2_V14_Phase46,0.0,0.0,0.0,0.0,0.0,6.066531,5.3409266,5.6552024,5.402959,5.6916375
P2_V14_Phase5,9.0,9.0,9.0,9.0,9.0,6.0617085,5.3351727,5.6525702,5.398525,5.6858873
P2_V14_Phase6,9.0,9.0,9.0,9.0,9.0,6.068571,5.342425,5.656505,5.403973,5.6944256
P2_V14_Phase7,7.0,6.0,7.0,6.0,6.0,6.066745,5.33988,5.6553473,5.4033775,5.6918817
P2_V14_Phase8,4.0,3.0,4.0,3.0,4.0,6.0654907,5.341161,5.6530704,5.401037,5.6919355
P2_V14_Phase9,9.0,8.0,9.0,8.0,9.0,6.0690165,5.341205,5.657392,5.4058247,5.6932936
P2_V15_Phase1,4.0,3.0,4.0,3.0,4.0,6.064987,5.3405366,5.652186,5.4001927,5.690931
P2_V15_Phase10,2.0,1.0,2.0,2.0,1.0,6.0682716,5.34345,5.65675,5.403355,5.6945677
P2_V15_Phase2,4.0,3.0,4.0,3.0,4.0,6.068502,5.3446527,5.656537,5.403944,5.6951222
P2_V15_Phase3,4.0,3.0,4.0,3.0,4.0,6.0672903,5.342184,5.6553345,5.403458,5.6930265
P2_V15_Phase4,4.0,4.0,3.0,4.0,3.0,6.0723863,5.3421807,5.663581,5.407997,5.694535
P2_V15_Phase5,4.0,3.0,4.0,4.0,3.0,6.0647535,5.340201,5.652259,5.3999677,5.6907854
P2_V15_Phase6,2.0,1.0,2.0,2.0,2.0,6.0683823,5.3413177,5.657517,5.404166,5.6930456
P2_V15_Phase7,5.0,4.0,5.0,4.0,5.0,6.0688663,5.3427415,5.6588326,5.404411,5.694004
P2_V15_Phase8,7.0,6.0,7.0,6.0,7.0,6.0671787,5.3412204,5.6550636,5.403487,5.6930017
P2_V15_Phase9,5.0,4.0,5.0,4.0,4.0,6.0694222,5.3442807,5.65766,5.4040246,5.6959257
P2_V16_Phase1,2.0,1.0,2.0,2.0,2.0,6.0670857,5.3426604,5.6545796,5.400958,5.693825
P2_V16_Phase10,4.0,3.0,4.0,3.0,4.0,6.0646324,5.3393035,5.6527534,5.4007626,5.690625
P2_V16_Phase2,2.0,1.0,2.0,1.0,1.0,6.071047,5.345712,5.6589513,5.4047346,5.696454
P2_V16_Phase3,4.0,3.0,4.0,3.0,3.0,6.067634,5.3411365,5.656656,5.403681,5.6930256
P2_V16_Phase4,4.0,3.0,4.0,3.0,4.0,6.0702353,5.3441954,5.6577945,5.404262,5.6961966
P2_V16_Phase5,2.0,1.0,2.0,1.0,2.0,6.0662966,5.341397,5.654668,5.401363,5.6927433
P2_V16_Phase6,5.0,4.0,5.0,4.0,5.0,6.067424,5.34346,5.6547275,5.4009852,5.694119
P2_V16_Phase7,2.0,2.0,1.0,2.0,1.0,6.0675955,5.342446,5.654767,5.401698,5.693346
P2_V16_Phase8,5.0,4.0,5.0,4.0,5.0,6.063963,5.3393025,5.6536627,5.3999014,5.6903687
P2_V16_Phase9,2.0,1.0,2.0,1.0,2.0,6.068213,5.342333,5.6565537,5.4027414,5.693877
P2_V17_Phase1,9.0,8.0,9.0,8.0,9.0,6.0696716,5.344127,5.6586776,5.403282,5.6940594
P2_V17_Phase10,4.0,5.0,4.0,3.0,4.0,6.073018,5.346191,5.662843,5.4078636,5.69823
P2_V17_Phase11,9.0,9.0,8.0,8.0,9.0,6.065979,5.3392825,5.655025,5.4015207,5.6901784
P2_V17_Phase12,7.0,6.0,7.0,6.0,7.0,6.0690756,5.343426,5.6566043,5.4044456,5.693837
P2_V17_Phase13,7.0,6.0,7.0,6.0,7.0,6.069274,5.345552,5.6561017,5.4038177,5.6959667
P2_V17_Phase14,5.0,4.0,5.0,4.0,5.0,6.0677423,5.344093,5.655262,5.403656,5.694101
P2_V17_Phase15,7.0,7.0,6.0,7.0,6.0,6.0675583,5.3427005,5.6564326,5.4018545,5.6925993
P2_V17_Phase16,9.0,8.0,9.0,8.0,9.0,6.065999,5.34104,5.6538863,5.399994,5.6905437
P2_V17_Phase17,9.0,8.0,9.0,8.0,9.0,6.0685186,5.344844,5.6566787,5.401369,5.6956515
P2_V17_Phase18,7.0,7.0,7.0,6.0,6.0,6.0714025,5.3473907,5.6595745,5.4046793,5.6976514
P2_V17_Phase19,4.0,5.0,4.0,3.0,4.0,6.0706244,5.3445215,5.658744,5.4058075,5.696486
P2_V17_Phase2,9.0,8.0,9.0,8.0,9.0,6.0645523,5.3375306,5.654779,5.4012566,5.6885314
P2_V17_Phase20,9.0,8.0,9.0,8.0,9.0,6.066334,5.3411098,5.6538577,5.4014587,5.6914015
P2_V17_Phase21,7.0,7.0,6.0,6.0,6.0,6.070607,5.345989,5.6573014,5.4058657,5.6967564
P2_V17_Phase22,7.0,7.0,7.0,6.0,6.0,6.069336,5.345438,5.6569686,5.401479,5.695882
P2_V17_Phase23,7.0,7.0,6.0,7.0,6.0,6.0669255,5.3426347,5.6548624,5.401418,5.6936817
P2_V17_Phase24,4.0,5.0,4.0,3.0,4.0,6.06623,5.339504,5.654233,5.4017053,5.690913
P2_V17_Phase25,7.0,7.0,6.0,7.0,6.0,6.068148,5.343388,5.6558876,5.4038296,5.694164
P2_V17_Phase26,5.0,4.0,5.0,4.0,5.0,6.068324,5.3422956,5.6563754,5.4035788,5.6943827
P2_V17_Phase27,7.0,7.0,6.0,7.0,6.0,6.063211,5.339084,5.650163,5.399229,5.6889067
P2_V17_Phase28,7.0,7.0,7.0,6.0,6.0,6.07088,5.3458962,5.6583023,5.4048305,5.697109
P2_V17_Phase29,9.0,8.0,9.0,8.0,9.0,6.0723114,5.3467975,5.65957,5.40528,5.697977
P2_V17_Phase3,9.0,8.0,9.0,8.0,9.0,6.069659,5.3452477,5.6573563,5.4037113,5.69555
P2_V17_Phase30,7.0,6.0,7.0,6.0,7.0,6.0687046,5.344046,5.6575537,5.4046907,5.695051
P2_V17_Phase31,7.0,7.0,6.0,7.0,7.0,6.0748587,5.348883,5.6635814,5.408013,5.6999807
P2_V17_Phase32,5.0,4.0,5.0,4.0,5.0,6.0645785,5.338589,5.653786,5.4013777,5.68868
P2_V17_Phase33,5.0,5.0,4.0,5.0,5.0,6.0673842,5.342233,5.6550956,5.4026737,5.6935625
P2_V17_Phase34,4.0,5.0,4.0,3.0,4.0,6.0757246,5.347957,5.6663623,5.410725,5.7004843
P2_V17_Phase35,9.0,8.0,8.0,9.0,8.0,6.067679,5.3427873,5.655706,5.4034867,5.693447
P2_V17_Phase36,4.0,5.0,4.0,3.0,4.0,6.0702,5.3438535,5.659267,5.4065638,5.6961613
P2_V17_Phase37,4.0,5.0,4.0,3.0,4.0,6.071437,5.347347,5.6590233,5.4068727,5.6968756
P2_V17_Phase38,7.0,6.0,7.0,6.0,7.0,6.0711613,5.3453307,5.658598,5.406274,5.6969585
P2_V17_Phase39,5.0,4.0,5.0,4.0,5.0,6.067834,5.3422484,5.6559863,5.4032383,5.6940794
P2_V17_Phase4,9.0,8.0,9.0,8.0,9.0,6.0681562,5.3432193,5.6554036,5.4021463,5.694912
P2_V17_Phase40,7.0,7.0,6.0,7.0,6.0,6.06623,5.3403735,5.654676,5.4023867,5.6910295
P2_V17_Phase41,9.0,9.0,8.0,9.0,8.0,6.0637507,5.3409743,5.651133,5.3985896,5.6912813
P2_V17_Phase42,7.0,6.0,7.0,6.0,7.0,6.0632296,5.3402457,5.649136,5.39853,5.6905375
P2_V17_Phase43,4.0,5.0,4.0,3.0,4.0,6.0703115,5.3443027,5.659019,5.405079,5.6962276
P2_V17_Phase44,9.0,8.0,9.0,8.0,9.0,6.0704794,5.3458514,5.659078,5.40533,5.6962414
P2_V17_Phase5,9.0,9.0,8.0,9.0,8.0,6.0670433,5.342313,5.6554976,5.40075,5.6936045
P2_V17_Phase6,7.0,6.0,7.0,6.0,7.0,6.065881,5.341782,5.6538815,5.400508,5.692987
P2_V17_Phase7,9.0,9.0,8.0,9.0,8.0,6.0709543,5.346602,5.658563,5.405056,5.697561
P2_V17_Phase8,9.0,8.0,9.0,8.0,9.0,6.0663233,5.3407946,5.655524,5.4021854,5.690323
P2_V17_Phase9,5.0,4.0,5.0,4.0,5.0,6.0758986,5.349199,5.663799,5.409075,5.70078
P2_V18_Phase1,9.0,8.0,8.0,9.0,8.0,6.0666265,5.3400645,5.6553125,5.4020734,5.6919928
P2_V18_Phase10,7.0,6.0,7.0,6.0,7.0,6.0643215,5.3402762,5.652797,5.4008265,5.690857
P2_V18_Phase11,9.0,9.0,9.0,9.0,9.0,6.0658197,5.3398604,5.6537404,5.400674,5.6916647
P2_V18_Phase2,9.0,8.0,8.0,9.0,8.0,6.0651064,5.338141,5.656092,5.4023066,5.6894836
P2_V18_Phase3,9.0,8.0,8.0,9.0,8.0,6.0623584,5.337932,5.64976,5.3988924,5.6889124
P2_V18_Phase4,9.0,8.0,8.0,9.0,8.0,6.0611296,5.3369517,5.6494284,5.3978343,5.6876307
P2_V18_Phase5,9.0,8.0,8.0,9.0,8.0,6.063551,5.338572,5.6514783,5.3991637,5.689398
P2_V18_Phase6,9.0,8.0,9.0,8.0,9.0,6.062961,5.3390536,5.6500125,5.3987236,5.6897197
P2_V18_Phase7,9.0,8.0,9.0,8.0,9.0,6.0658503,5.340898,5.654348,5.4014482,5.6918225
P2_V18_Phase8,9.0,9.0,8.0,9.0,8.0,6.066703,5.341777,5.6548104,5.402563,5.693077
P2_V18_Phase9,7.0,7.0,6.0,6.0,7.0,6.0628405,5.337691,5.6515193,5.3984017,5.68898
P2_V19_Phase1,5.0,4.0,5.0,4.0,5.0,6.0713944,5.3446393,5.6601944,5.4066925,5.696827
P2_V19_Phase2,4.0,3.0,4.0,3.0,4.0,6.0662785,5.34113,5.6542115,5.4012737,5.6924343
P2_V19_Phase3,2.0,1.0,2.0,1.0,2.0,6.0654826,5.340314,5.6556635,5.4015183,5.689303
P2_V19_Phase4,2.0,1.0,2.0,1.0,2.0,6.065686,5.340312,5.653852,5.4014072,5.6915135
P2_V19_Phase5,4.0,3.0,4.0,3.0,4.0,6.07043,5.3427663,5.6606636,5.406908,5.6950507
P2_V19_Phase6,2.0,1.0,2.0,1.0,2.0,6.066058,5.339233,5.655499,5.4018736,5.6909943
P2_V19_Phase7,5.0,4.0,5.0,4.0,5.0,6.0693226,5.3421016,5.6595197,5.407133,5.6939917
P2_V19_Phase8,4.0,3.0,4.0,3.0,4.0,6.0678496,5.342481,5.6563935,5.402494,5.693735
P2_V19_Phase9,2.0,1.0,2.0,1.0,2.0,6.071848,5.3469415,5.660872,5.4050503,5.697712
P2_V1_Phase1,7.0,6.0,7.0,6.0,6.0,6.0666265,5.3414254,5.6542172,5.402768,5.692768
P2_V1_Phase10,7.0,6.0,7.0,6.0,7.0,6.068096,5.34209,5.6560397,5.4027395,5.6940255
P2_V1_Phase11,4.0,3.0,4.0,3.0,4.0,6.068689,5.341863,5.65892,5.406066,5.691661
P2_V1_Phase12,7.0,7.0,6.0,7.0,6.0,6.0681887,5.342792,5.6550765,5.404217,5.694072
P2_V1_Phase13,5.0,5.0,4.0,5.0,4.0,6.0695415,5.345148,5.656265,5.4042645,5.695733
P2_V1_Phase14,4.0,3.0,4.0,3.0,4.0,6.063443,5.337711,5.65279,5.399881,5.687601
P2_V1_Phase15,4.0,5.0,4.0,3.0,4.0,6.072689,5.3480954,5.661037,5.407336,5.698999
P2_V1_Phase16,7.0,6.0,7.0,6.0,7.0,6.0721197,5.344051,5.662727,5.4080124,5.6958423
P2_V1_Phase17,7.0,7.0,6.0,7.0,6.0,6.0665827,5.341043,5.654407,5.4033613,5.6924696
P2_V1_Phase18,5.0,4.0,5.0,4.0,5.0,6.0675745,5.342661,5.6545663,5.40392,5.693281
P2_V1_Phase19,7.0,7.0,7.0,6.0,7.0,6.06916,5.341531,5.6588774,5.4056883,5.693452
P2_V1_Phase2,5.0,4.0,4.0,5.0,4.0,6.0692816,5.343664,5.6575656,5.405241,5.6951795
P2_V1_Phase20,9.0,8.0,9.0,8.0,9.0,6.066943,5.3430524,5.655725,5.3997498,5.693383
P2_V1_Phase21,7.0,7.0,7.0,6.0,7.0,6.0726633,5.344735,5.6622586,5.4083605,5.697276
P2_V1_Phase22,7.0,6.0,7.0,6.0,7.0,6.0679545,5.3417306,5.6576633,5.403349,5.6936064
P2_V1_Phase23,7.0,7.0,6.0,7.0,6.0,6.0680904,5.3418097,5.656648,5.403884,5.692855
P2_V1_Phase24,7.0,7.0,6.0,7.0,6.0,6.0688705,5.3418584,5.6584773,5.405717,5.692475
P2_V1_Phase25,5.0,4.0,5.0,4.0,4.0,6.0658464,5.3408,5.6532693,5.4016857,5.691988
P2_V1_Phase26,5.0,5.0,4.0,5.0,4.0,6.0663614,5.339623,5.65606,5.40346,5.689785
P2_V1_Phase27,7.0,7.0,6.0,7.0,6.0,6.069111,5.3427315,5.6566224,5.4044013,5.694773
P2_V1_Phase28,9.0,8.0,9.0,8.0,9.0,6.0647564,5.3388076,5.6542783,5.4005613,5.6897974
P2_V1_Phase29,7.0,6.0,7.0,6.0,7.0,6.070737,5.34609,5.6580734,5.4062266,5.6973944
P2_V1_Phase3,2.0,1.0,2.0,1.0,2.0,6.0703506,5.3421397,5.6612277,5.4074287,5.6932197
P2_V1_Phase30,2.0,1.0,2.0,1.0,1.0,6.067951,5.3415046,5.6579633,5.4030905,5.692447
P2_V1_Phase31,4.0,3.0,4.0,3.0,4.0,6.065887,5.341269,5.6535325,5.4016857,5.691989
P2_V1_Phase32,5.0,4.0,5.0,4.0,5.0,6.064454,5.3396897,5.651981,5.40057,5.6906357
P2_V1_Phase33,5.0,4.0,5.0,4.0,5.0,6.0660744,5.339092,5.65492,5.403574,5.6896276
P2_V1_Phase34,9.0,8.0,9.0,8.0,9.0,6.0678444,5.3405857,5.6576276,5.4046803,5.6912327
P2_V1_Phase35,9.0,8.0,8.0,9.0,8.0,6.0680943,5.3432,5.6551075,5.404051,5.694272
P2_V1_Phase36,7.0,7.0,6.0,7.0,6.0,6.0670714,5.3401203,5.656307,5.405043,5.6911635
P2_V1_Phase37,4.0,5.0,4.0,3.0,4.0,6.069459,5.3439317,5.658279,5.4056134,5.6954823
P2_V1_Phase38,9.0,8.0,9.0,8.0,9.0,6.064642,5.3398685,5.6523476,5.399933,5.6907434
P2_V1_Phase39,2.0,2.0,1.0,2.0,2.0,6.0665665,5.3402724,5.6546016,5.4040165,5.692025
P2_V1_Phase4,5.0,5.0,4.0,4.0,4.0,6.0653305,5.340671,5.6527753,5.4004426,5.6917744
P2_V1_Phase40,2.0,1.0,2.0,1.0,2.0,6.065033,5.341594,5.652413,5.39942,5.6921415
P2_V1_Phase41,2.0,2.0,1.0,2.0,1.0,6.0632353,5.337564,5.6510243,5.4005218,5.6879835
P2_V1_Phase42,4.0,3.0,4.0,3.0,3.0,6.0652885,5.3411784,5.652333,5.4017,5.691663
P2_V1_Phase43,2.0,1.0,2.0,1.0,2.0,6.067376,5.3413053,5.6564813,5.402705,5.6927366
P2_V1_Phase44,2.0,1.0,2.0,1.0,2.0,6.068153,5.3411775,5.6578956,5.4038696,5.6925616
P2_V1_Phase45,4.0,3.0,4.0,3.0,4.0,6.0693917,5.34331,5.658142,5.405075,5.695122
P2_V1_Phase46,9.0,8.0,9.0,8.0,9.0,6.065464,5.33827,5.654982,5.401704,5.690234
P2_V1_Phase47,7.0,6.0,7.0,6.0,6.0,6.0613995,5.336412,5.648296,5.3986187,5.686158
P2_V1_Phase48,7.0,7.0,6.0,7.0,6.0,6.0637674,5.3406434,5.650718,5.3990135,5.6903505
P2_V1_Phase49,7.0,7.0,6.0,7.0,6.0,6.0655093,5.3389335,5.656059,5.402835,5.69016
P2_V1_Phase5,4.0,3.0,4.0,3.0,4.0,6.067549,5.342797,5.655803,5.4037843,5.6938457
P2_V1_Phase50,7.0,6.0,7.0,6.0,7.0,6.0661516,5.342364,5.6555305,5.400636,5.6911154
P2_V1_Phase51,7.0,7.0,6.0,7.0,6.0,6.0686154,5.3433394,5.657573,5.404092,5.6947103
P2_V1_Phase52,2.0,1.0,2.0,1.0,2.0,6.0686736,5.343749,5.656733,5.403316,5.694762
P2_V1_Phase53,2.0,1.0,2.0,1.0,2.0,6.0698776,5.345953,5.6570773,5.404321,5.6967044
P2_V1_Phase54,4.0,3.0,4.0,3.0,3.0,6.066767,5.3421345,5.654282,5.402979,5.6926985
P2_V1_Phase55,5.0,4.0,5.0,4.0,5.0,6.069133,5.34209,5.65815,5.4045086,5.6934566
P2_V1_Phase56,7.0,6.0,7.0,6.0,7.0,6.066615,5.3430324,5.6545587,5.401717,5.692996
P2_V1_Phase57,5.0,4.0,5.0,4.0,5.0,6.065927,5.3403687,5.654494,5.401679,5.690981
P2_V1_Phase6,7.0,6.0,7.0,6.0,7.0,6.0689535,5.3411317,5.6587434,5.404855,5.693454
P2_V1_Phase7,7.0,7.0,6.0,7.0,6.0,6.070966,5.3442736,5.6594043,5.4065657,5.6967516
P2_V1_Phase8,5.0,4.0,5.0,4.0,5.0,6.0669584,5.3416085,5.6550713,5.4022846,5.692766
P2_V1_Phase9,2.0,1.0,2.0,1.0,2.0,6.0690875,5.3417907,5.6580224,5.4047585,5.694251
P2_V20_Phase1,5.0,4.0,5.0,4.0,5.0,6.0688667,5.3415174,5.657941,5.4050527,5.692416
P2_V20_Phase10,2.0,1.0,2.0,1.0,2.0,6.065484,5.340771,5.653415,5.4012613,5.691287
P2_V20_Phase11,9.0,8.0,9.0,8.0,9.0,6.0694723,5.342917,5.6585517,5.4066286,5.6950464
P2_V20_Phase12,9.0,8.0,9.0,8.0,9.0,6.0636086,5.3394933,5.6506667,5.3994813,5.6902704
P2_V20_Phase13,9.0,8.0,9.0,8.0,9.0,6.064749,5.33853,5.6546955,5.401918,5.6877
P2_V20_Phase14,9.0,9.0,8.0,9.0,8.0,6.068676,5.3425527,5.6572576,5.404292,5.694252
P2_V20_Phase15,2.0,1.0,0.0,2.0,2.0,6.072605,5.3457165,5.662992,5.4079947,5.696925
P2_V20_Phase16,7.0,7.0,6.0,7.0,6.0,6.0684204,5.3431873,5.655607,5.4036074,5.6946707
P2_V20_Phase17,9.0,8.0,9.0,8.0,9.0,6.0628138,5.338309,5.6517634,5.3995304,5.689252
P2_V20_Phase18,9.0,8.0,9.0,8.0,8.0,6.0685625,5.3422847,5.6567464,5.4037466,5.694373
P2_V20_Phase19,9.0,8.0,9.0,8.0,9.0,6.070468,5.344259,5.6594563,5.4070444,5.6955967
P2_V20_Phase2,7.0,6.0,7.0,6.0,7.0,6.06972,5.343068,5.6591268,5.4054356,5.694889
P2_V20_Phase20,5.0,4.0,5.0,4.0,4.0,6.071169,5.3458076,5.659361,5.405628,5.696865
P2_V20_Phase21,2.0,1.0,2.0,1.0,2.0,6.073146,5.342406,5.664086,5.4090157,5.694274
P2_V20_Phase22,2.0,1.0,2.0,1.0,2.0,6.06518,5.339124,5.6565247,5.402766,5.689413
P2_V20_Phase23,4.0,3.0,4.0,3.0,4.0,6.071883,5.3460093,5.6609135,5.4075003,5.697301
P2_V20_Phase24,9.0,9.0,9.0,9.0,9.0,6.0717726,5.344221,5.6607623,5.4078894,5.6957493
P2_V20_Phase25,2.0,1.0,2.0,1.0,2.0,6.073369,5.34611,5.663277,5.4089384,5.6981487
P2_V20_Phase26,4.0,3.0,3.0,4.0,4.0,6.070463,5.344377,5.6581974,5.4054203,5.6963215
P2_V20_Phase27,7.0,6.0,7.0,6.0,7.0,6.074973,5.3487954,5.664,5.409177,5.7001033
P2_V20_Phase28,9.0,8.0,9.0,8.0,9.0,6.0660396,5.3411555,5.6542826,5.400554,5.6927385
P2_V20_Phase29,5.0,4.0,5.0,4.0,4.0,6.0713205,5.345507,5.6599975,5.4057803,5.695593
P2_V20_Phase3,7.0,6.0,7.0,6.0,7.0,6.072303,5.3446956,5.6618795,5.4080014,5.696435
P2_V20_Phase30,4.0,3.0,4.0,3.0,4.0,6.0655684,5.3382807,5.6570997,5.40248,5.6898546
P2_V20_Phase31,9.0,9.0,9.0,9.0,9.0,6.0656505,5.3408833,5.653316,5.399605,5.6918383
P2_V20_Phase32,5.0,4.0,5.0,4.0,5.0,6.0675373,5.343145,5.6561933,5.4023066,5.69382
P2_V20_Phase33,9.0,9.0,8.0,8.0,9.0,6.064969,5.3343368,5.6597285,5.4043174,5.6868143
P2_V20_Phase34,7.0,6.0,7.0,6.0,7.0,6.070301,5.3453355,5.658397,5.4057713,5.6966386
P2_V20_Phase35,5.0,4.0,5.0,4.0,5.0,6.0656652,5.339659,5.656345,5.402395,5.6893563
P2_V20_Phase36,7.0,6.0,7.0,6.0,7.0,6.0698495,5.344634,5.6575894,5.4045706,5.6959653
P2_V20_Phase37,7.0,6.0,7.0,6.0,6.0,6.0666475,5.341781,5.6549582,5.4018593,5.6924295
P2_V20_Phase38,7.0,6.0,7.0,6.0,7.0,6.070053,5.344525,5.6583753,5.404045,5.6958094
P2_V20_Phase39,7.0,6.0,7.0,6.0,6.0,6.0693207,5.341252,5.6583505,5.4057474,5.6942186
P2_V20_Phase4,4.0,3.0,4.0,3.0,4.0,6.0711465,5.345318,5.659826,5.4061437,5.6974144
P2_V20_Phase40,9.0,8.0,9.0,8.0,9.0,6.06791,5.3428907,5.655593,5.403015,5.694302
P2_V20_Phase41,7.0,7.0,6.0,6.0,6.0,6.066979,5.3434186,5.6560187,5.400937,5.693985
P2_V20_Phase42,7.0,7.0,6.0,7.0,6.0,6.065628,5.341752,5.654487,5.4000654,5.6924458
P2_V20_Phase43,2.0,1.0,2.0,1.0,2.0,6.0662975,5.3420043,5.6540833,5.4018984,5.6933603
P2_V20_Phase44,7.0,6.0,7.0,6.0,7.0,6.0654364,5.341124,5.6529994,5.400217,5.6920614
P2_V20_Phase45,5.0,4.0,5.0,4.0,5.0,6.06429,5.341079,5.65197,5.3994856,5.691496
P2_V20_Phase46,7.0,7.0,6.0,7.0,6.0,6.0703516,5.3438296,5.6584544,5.4046984,5.695459
P2_V20_Phase5,9.0,8.0,9.0,8.0,9.0,6.0679164,5.340593,5.6574483,5.4040556,5.6908426
P2_V20_Phase6,7.0,6.0,7.0,6.0,7.0,6.06906,5.3421664,5.657777,5.40451,5.693597
P2_V20_Phase7,9.0,8.0,8.0,9.0,8.0,6.071215,5.342484,5.6623077,5.40858,5.6944284
P2_V20_Phase8,2.0,1.0,2.0,1.0,2.0,6.0655355,5.339339,5.6547194,5.402734,5.690958
P2_V20_Phase9,1.0,0.0,1.0,0.0,1.0,6.067011,5.341393,5.654253,5.4031286,5.6918926
P2_V21_Phase1,7.0,7.0,6.0,7.0,6.0,6.064098,5.339041,5.6545563,5.4002504,5.6892433
P2_V21_Phase10,5.0,4.0,5.0,4.0,5.0,6.069599,5.344397,5.657363,5.404412,5.695194
P2_V21_Phase11,2.0,2.0,2.0,1.0,2.0,6.0664377,5.342103,5.6539025,5.401948,5.6925545
P2_V21_Phase12,7.0,6.0,7.0,6.0,7.0,6.0643444,5.340019,5.6523995,5.400403,5.68999
P2_V21_Phase13,7.0,7.0,6.0,7.0,6.0,6.0630994,5.340582,5.6501374,5.3984747,5.690354
P2_V21_Phase14,5.0,4.0,5.0,4.0,5.0,6.0693927,5.343434,5.658095,5.4050035,5.695388
P2_V21_Phase15,7.0,7.0,6.0,7.0,6.0,6.067496,5.3424306,5.6554017,5.401369,5.693591
P2_V21_Phase16,5.0,5.0,4.0,5.0,4.0,6.0663414,5.3408713,5.6543274,5.401162,5.692438
P2_V21_Phase17,5.0,5.0,5.0,4.0,5.0,6.0693054,5.343073,5.657714,5.405282,5.6950407
P2_V21_Phase18,5.0,4.0,4.0,5.0,5.0,6.066353,5.342726,5.653599,5.400523,5.6932573
P2_V21_Phase19,9.0,8.0,9.0,8.0,9.0,6.067485,5.3361073,5.656975,5.4072704,5.688466
P2_V21_Phase2,5.0,4.0,5.0,4.0,5.0,6.067355,5.3423886,5.6579385,5.4039803,5.692441
P2_V21_Phase20,5.0,4.0,5.0,4.0,5.0,6.070635,5.344813,5.6584306,5.4066257,5.6967225
P2_V21_Phase21,2.0,1.0,2.0,1.0,2.0,6.066008,5.339048,5.65488,5.402337,5.690814
P2_V21_Phase22,2.0,1.0,2.0,2.0,2.0,6.0726366,5.3452053,5.6614184,5.408307,5.697488
P2_V21_Phase23,5.0,4.0,5.0,4.0,5.0,6.0678763,5.3381534,5.6583304,5.4059772,5.6894093
P2_V21_Phase24,5.0,4.0,4.0,5.0,4.0,6.063305,5.3392177,5.6502223,5.398979,5.690184
P2_V21_Phase25,7.0,6.0,7.0,6.0,7.0,6.0650196,5.339335,5.6522164,5.401761,5.690813
P2_V21_Phase26,5.0,4.0,5.0,4.0,5.0,6.0726438,5.3448954,5.6630096,5.4085226,5.6971273
P2_V21_Phase27,7.0,7.0,6.0,7.0,6.0,6.0624914,5.337835,5.6504474,5.399061,5.688012
P2_V21_Phase28,7.0,7.0,6.0,7.0,6.0,6.0665345,5.3411145,5.655379,5.40246,5.6929264
P2_V21_Phase29,4.0,3.0,3.0,4.0,4.0,6.064465,5.338342,5.6524014,5.3987913,5.689632
P2_V21_Phase3,7.0,6.0,6.0,7.0,6.0,6.0672336,5.3434167,5.6557236,5.4021077,5.693574
P2_V21_Phase30,7.0,6.0,7.0,6.0,7.0,6.073161,5.3452125,5.662189,5.408262,5.6983614
P2_V21_Phase31,2.0,1.0,1.0,2.0,1.0,6.068987,5.3422465,5.6582823,5.405102,5.6939306
P2_V21_Phase32,5.0,5.0,5.0,4.0,5.0,6.0666614,5.3398886,5.656014,5.4015455,5.691593
P2_V21_Phase33,5.0,4.0,5.0,4.0,5.0,6.068343,5.3437076,5.6566606,5.4033628,5.6947575
P2_V21_Phase34,7.0,6.0,7.0,6.0,7.0,6.067969,5.341929,5.657202,5.4035892,5.693445
P2_V21_Phase35,7.0,6.0,7.0,6.0,7.0,6.0695753,5.342961,5.657627,5.405374,5.69499
P2_V21_Phase36,7.0,7.0,6.0,7.0,6.0,6.0625343,5.339178,5.648854,5.39891,5.689353
P2_V21_Phase4,7.0,7.0,6.0,7.0,6.0,6.0691366,5.3453794,5.656755,5.4048796,5.6958714
P2_V21_Phase5,5.0,4.0,5.0,4.0,5.0,6.0656443,5.340262,5.654397,5.400609,5.6919823
P2_V21_Phase6,2.0,1.0,1.0,2.0,2.0,6.0743318,5.3483443,5.662942,5.4081244,5.700161
P2_V21_Phase7,7.0,6.0,7.0,6.0,6.0,6.063753,5.3373284,5.652148,5.399637,5.689609
P2_V21_Phase8,4.0,3.0,4.0,3.0,3.0,6.0724573,5.3455954,5.6615815,5.407497,5.6973696
P2_V21_Phase9,7.0,6.0,7.0,6.0,6.0,6.0682473,5.3418317,5.6563554,5.4049554,5.693762
P2_V22_Phase1,4.0,3.0,4.0,3.0,4.0,6.0647163,5.33956,5.654537,5.401573,5.6906996
P2_V22_Phase10,9.0,8.0,9.0,8.0,9.0,6.0691195,5.341648,5.6595416,5.406392,5.693948
P2_V22_Phase11,9.0,8.0,9.0,8.0,9.0,6.068369,5.3424683,5.657354,5.403948,5.6939325
P2_V22_Phase12,5.0,4.0,5.0,4.0,5.0,6.070462,5.343757,5.6602635,5.406291,5.695895
P2_V22_Phase13,7.0,6.0,7.0,6.0,7.0,6.06956,5.3438945,5.657812,5.4042377,5.6946077
P2_V22_Phase14,7.0,7.0,7.0,6.0,7.0,6.067847,5.340423,5.65541,5.4034576,5.692202
P2_V22_Phase15,7.0,7.0,6.0,7.0,6.0,6.0692997,5.345754,5.6584563,5.403766,5.695055
P2_V22_Phase16,7.0,7.0,7.0,6.0,7.0,6.0700607,5.343401,5.6598306,5.406124,5.6951323
P2_V22_Phase17,5.0,4.0,4.0,5.0,4.0,6.0712614,5.3476124,5.660547,5.4046926,5.698209
P2_V22_Phase18,5.0,4.0,5.0,4.0,5.0,6.064525,5.3396583,5.6545606,5.400902,5.68867
P2_V22_Phase19,7.0,6.0,7.0,6.0,7.0,6.064962,5.3398757,5.6533732,5.3997602,5.6894655
P2_V22_Phase2,7.0,6.0,7.0,6.0,7.0,6.0687695,5.3400664,5.6588264,5.404127,5.690446
P2_V22_Phase20,7.0,7.0,6.0,7.0,6.0,6.0679545,5.3447337,5.654924,5.402524,5.6950583
P2_V22_Phase21,7.0,7.0,7.0,6.0,7.0,6.0670424,5.3426037,5.6551223,5.401724,5.692589
P2_V22_Phase22,7.0,7.0,7.0,6.0,7.0,6.0675564,5.340631,5.6566973,5.403076,5.6910486
P2_V22_Phase23,7.0,7.0,7.0,6.0,7.0,6.0630608,5.3391585,5.654678,5.399069,5.687931
P2_V22_Phase24,7.0,7.0,7.0,6.0,7.0,6.06571,5.340482,5.6540427,5.401142,5.691726
P2_V22_Phase25,7.0,7.0,7.0,6.0,7.0,6.064739,5.3420997,5.651953,5.400463,5.6914387
P2_V22_Phase26,9.0,8.0,9.0,8.0,9.0,6.068185,5.3448005,5.6559277,5.401931,5.6951966
P2_V22_Phase27,5.0,4.0,5.0,4.0,5.0,6.0662813,5.341683,5.6532636,5.4004965,5.6927032
P2_V22_Phase28,2.0,1.0,2.0,1.0,2.0,6.068449,5.340343,5.660767,5.4040966,5.691999
P2_V22_Phase29,2.0,1.0,2.0,1.0,2.0,6.065525,5.340047,5.653731,5.400013,5.6905804
P2_V22_Phase3,9.0,8.0,9.0,8.0,9.0,6.065421,5.3406363,5.6544895,5.4017444,5.691256
P2_V22_Phase30,9.0,8.0,9.0,8.0,9.0,6.062839,5.337275,5.6506925,5.3981876,5.688218
P2_V22_Phase31,7.0,6.0,7.0,6.0,6.0,6.069158,5.3438926,5.657305,5.404579,5.6951065
P2_V22_Phase32,7.0,7.0,7.0,6.0,7.0,6.0690613,5.3461366,5.6567807,5.403881,5.6962414
P2_V22_Phase33,7.0,7.0,6.0,7.0,6.0,6.068516,5.3437448,5.6566863,5.4049506,5.6946845
P2_V22_Phase34,9.0,8.0,9.0,8.0,9.0,6.06735,5.341313,5.6552997,5.4028707,5.693322
P2_V22_Phase35,9.0,8.0,8.0,9.0,8.0,6.0630994,5.341614,5.6511602,5.398466,5.6904726
P2_V22_Phase36,2.0,1.0,2.0,1.0,1.0,6.0681586,5.3442864,5.6564755,5.403296,5.694718
P2_V22_Phase37,7.0,6.0,7.0,6.0,7.0,6.0646296,5.340038,5.6532,5.3997045,5.6911874
P2_V22_Phase38,7.0,7.0,6.0,7.0,6.0,6.0603275,5.3372526,5.6470714,5.3968573,5.6872177
P2_V22_Phase39,7.0,7.0,7.0,6.0,7.0,6.0629883,5.3367186,5.6536117,5.3995094,5.6870375
P2_V22_Phase4,7.0,6.0,7.0,6.0,7.0,6.0666056,5.339952,5.65537,5.402259,5.691883
P2_V22_Phase40,7.0,6.0,7.0,6.0,7.0,6.0693064,5.3432074,5.6579804,5.4046416,5.694314
P2_V22_Phase41,7.0,7.0,7.0,6.0,7.0,6.0673723,5.338971,5.65803,5.404208,5.691287
P2_V22_Phase42,7.0,7.0,7.0,6.0,6.0,6.0695415,5.344135,5.6564302,5.403741,5.6955876
P2_V22_Phase43,5.0,4.0,5.0,4.0,4.0,6.067554,5.340702,5.6554976,5.4031363,5.6928296
P2_V22_Phase44,4.0,3.0,4.0,3.0,4.0,6.066582,5.3404937,5.655246,5.4015923,5.6919794
P2_V22_Phase45,7.0,6.0,7.0,6.0,7.0,6.0700817,5.3412733,5.661512,5.406913,5.6930265
P2_V22_Phase46,4.0,3.0,4.0,3.0,4.0,6.0709457,5.345017,5.659469,5.4058266,5.696355
P2_V22_Phase47,5.0,4.0,4.0,5.0,5.0,6.0667334,5.3424544,5.6543517,5.401945,5.692452
P2_V22_Phase48,7.0,6.0,7.0,6.0,7.0,6.069336,5.342829,5.6585,5.4063616,5.6945953
P2_V22_Phase5,9.0,8.0,9.0,8.0,9.0,6.070503,5.3434453,5.659304,5.4057035,5.695924
P2_V22_Phase6,5.0,4.0,5.0,4.0,5.0,6.0696373,5.343044,5.6579113,5.4054427,5.6945515
P2_V22_Phase7,9.0,8.0,9.0,8.0,9.0,6.0663967,5.340362,5.655338,5.402028,5.692356
P2_V22_Phase8,5.0,4.0,5.0,4.0,4.0,6.063201,5.335568,5.6532264,5.4001055,5.6869345
P2_V22_Phase9,7.0,6.0,7.0,6.0,7.0,6.06684,5.3399615,5.6549973,5.402031,5.6915193
P2_V23_Phase1,1.0,0.0,1.0,0.0,0.0,6.0702047,5.344747,5.6579022,5.4069023,5.6963367
P2_V23_Phase10,5.0,4.0,4.0,5.0,5.0,6.068787,5.3417315,5.6580567,5.4042883,5.694037
P2_V23_Phase2,5.0,4.0,5.0,4.0,5.0,6.0738893,5.348125,5.6652904,5.4072523,5.6989365
P2_V23_Phase3,4.0,3.0,4.0,3.0,4.0,6.0690937,5.336455,5.6598125,5.40835,5.6893992
P2_V23_Phase4,4.0,3.0,4.0,3.0,4.0,6.066571,5.3392224,5.656594,5.402843,5.6912646
P2_V23_Phase5,5.0,4.0,5.0,4.0,5.0,6.070759,5.3439374,5.659163,5.4065795,5.6962175
P2_V23_Phase6,5.0,4.0,5.0,4.0,5.0,6.0737762,5.3462996,5.663405,5.408877,5.6982737
P2_V23_Phase7,4.0,3.0,3.0,4.0,4.0,6.069461,5.3434978,5.6579223,5.4047384,5.694578
P2_V23_Phase8,4.0,3.0,4.0,3.0,4.0,6.0710754,5.343441,5.661902,5.406617,5.6952305
P2_V23_Phase9,7.0,6.0,6.0,7.0,6.0,6.06724,5.341726,5.65486,5.4018645,5.693485
P2_V24_Phase1,5.0,4.0,5.0,4.0,5.0,6.0636015,5.340017,5.651013,5.3984003,5.690301
P2_V24_Phase10,2.0,1.0,2.0,1.0,2.0,6.0657625,5.339355,5.6538363,5.4024177,5.690795
P2_V24_Phase100,9.0,8.0,9.0,8.0,9.0,6.066789,5.342749,5.655146,5.4000893,5.692643
P2_V24_Phase101,1.0,0.0,0.0,1.0,1.0,6.071039,5.3476152,5.6589675,5.405405,5.697223
P2_V24_Phase102,9.0,8.0,8.0,9.0,8.0,6.0734725,5.3448315,5.664227,5.410073,5.6968517
P2_V24_Phase103,9.0,8.0,9.0,8.0,9.0,6.0690603,5.3432455,5.6571417,5.4044995,5.6953564
P2_V24_Phase104,7.0,6.0,7.0,6.0,7.0,6.0712647,5.344143,5.6606255,5.40753,5.696254
P2_V24_Phase105,7.0,6.0,7.0,6.0,7.0,6.067463,5.340981,5.6553564,5.4039674,5.6929436
P2_V24_Phase106,5.0,4.0,5.0,4.0,5.0,6.068221,5.3417296,5.65792,5.4049015,5.6930237
P2_V24_Phase107,7.0,7.0,6.0,7.0,6.0,6.0677276,5.3425527,5.6571817,5.4029555,5.6928444
P2_V24_Phase108,9.0,9.0,9.0,9.0,9.0,6.0664005,5.340361,5.655843,5.402085,5.691471
P2_V24_Phase109,9.0,9.0,9.0,9.0,9.0,6.065215,5.340915,5.651938,5.4005594,5.6918707
P2_V24_Phase11,7.0,6.0,7.0,6.0,7.0,6.066757,5.3416276,5.6543975,5.4031906,5.6932716
P2_V24_Phase110,5.0,4.0,5.0,4.0,5.0,6.070347,5.3434386,5.660369,5.4061775,5.69546
P2_V24_Phase111,9.0,9.0,9.0,9.0,9.0,6.0673285,5.341086,5.6553373,5.402726,5.692587
P2_V24_Phase112,5.0,4.0,4.0,5.0,5.0,6.0715747,5.344252,5.6610923,5.4076366,5.6959686
P2_V24_Phase113,9.0,8.0,8.0,9.0,8.0,6.0687175,5.3414054,5.6577406,5.405608,5.692565
P2_V24_Phase114,9.0,8.0,8.0,9.0,8.0,6.0698643,5.343576,5.657832,5.4057493,5.695544
P2_V24_Phase12,9.0,8.0,9.0,8.0,9.0,6.064496,5.3403378,5.651799,5.4009686,5.6908636
P2_V24_Phase13,7.0,6.0,7.0,6.0,7.0,6.065925,5.33945,5.655438,5.4031887,5.689878
P2_V24_Phase14,7.0,6.0,7.0,6.0,7.0,6.0658283,5.339848,5.6535974,5.401553,5.691122
P2_V24_Phase15,9.0,8.0,9.0,8.0,9.0,6.0680676,5.3418307,5.656768,5.40345,5.6939397
P2_V24_Phase16,9.0,9.0,9.0,9.0,9.0,6.070554,5.343797,5.6589885,5.4064655,5.6954966
P2_V24_Phase17,5.0,4.0,5.0,4.0,5.0,6.0671535,5.341706,5.6543193,5.402817,5.692957
P2_V24_Phase18,9.0,8.0,9.0,8.0,9.0,6.067503,5.3409657,5.656097,5.403037,5.692828
P2_V24_Phase19,2.0,1.0,2.0,1.0,2.0,6.065591,5.341498,5.653621,5.4002056,5.6922293
P2_V24_Phase2,5.0,4.0,5.0,4.0,5.0,6.069802,5.3436,5.657988,5.405059,5.6953487
P2_V24_Phase20,9.0,8.0,9.0,8.0,9.0,6.064878,5.3371663,5.6554193,5.4026823,5.6885223
P2_V24_Phase21,5.0,4.0,5.0,4.0,5.0,6.0643063,5.3398013,5.6515574,5.3992553,5.690732
P2_V24_Phase22,9.0,8.0,9.0,8.0,9.0,6.067211,5.3421235,5.6544065,5.4028225,5.6933002
P2_V24_Phase23,9.0,8.0,9.0,8.0,9.0,6.065324,5.3396087,5.6533246,5.401519,5.69104
P2_V24_Phase24,9.0,8.0,9.0,8.0,9.0,6.0658045,5.3406463,5.6541896,5.4024506,5.6914234
P2_V24_Phase25,9.0,8.0,9.0,8.0,9.0,6.06544,5.339727,5.654344,5.402811,5.690398
P2_V24_Phase26,9.0,8.0,8.0,9.0,8.0,6.065238,5.3404374,5.653154,5.40088,5.6913195
P2_V24_Phase27,9.0,8.0,9.0,8.0,9.0,6.06668,5.341128,5.6552596,5.4016504,5.692501
P2_V24_Phase28,4.0,3.0,4.0,3.0,4.0,6.0720797,5.342543,5.6619835,5.408499,5.6954536
P2_V24_Phase29,7.0,6.0,7.0,6.0,7.0,6.069561,5.340919,5.6626725,5.4071984,5.6918416
P2_V24_Phase3,5.0,4.0,5.0,4.0,5.0,6.0681224,5.3443084,5.655782,5.402975,5.694869
P2_V24_Phase30,2.0,1.0,2.0,1.0,2.0,6.0667477,5.339071,5.656832,5.403209,5.690778
P2_V24_Phase31,9.0,8.0,9.0,8.0,9.0,6.0704584,5.3445783,5.6598606,5.404845,5.69598
P2_V24_Phase32,5.0,4.0,5.0,4.0,5.0,6.0672684,5.3399405,5.65692,5.4044833,5.6915827
P2_V24_Phase33,5.0,4.0,5.0,4.0,5.0,6.0652432,5.339212,5.6542196,5.4009533,5.690861
P2_V24_Phase34,2.0,1.0,2.0,1.0,2.0,6.0665083,5.340886,5.6550426,5.4016376,5.6924853
P2_V24_Phase35,2.0,1.0,2.0,1.0,2.0,6.0655036,5.3393598,5.6568627,5.4017115,5.6895256
P2_V24_Phase36,4.0,3.0,4.0,3.0,4.0,6.069335,5.342108,5.658214,5.404648,5.6946125
P2_V24_Phase37,0.0,0.0,0.0,0.0,0.0,6.0647173,5.3400645,5.6530766,5.4007835,5.6908283
P2_V24_Phase38,7.0,6.0,7.0,6.0,7.0,6.0683303,5.342117,5.6568294,5.4040823,5.6923943
P2_V24_Phase39,4.0,3.0,4.0,3.0,4.0,6.0669985,5.3411655,5.6587224,5.402722,5.691117
P2_V24_Phase4,7.0,6.0,7.0,6.0,7.0,6.0693097,5.3438373,5.658162,5.405239,5.6958475
P2_V24_Phase40,2.0,1.0,1.0,2.0,2.0,6.0692186,5.34318,5.6580133,5.4044876,5.6944723
P2_V24_Phase41,7.0,6.0,7.0,6.0,7.0,6.067932,5.342026,5.656009,5.4038563,5.6938796
P2_V24_Phase42,9.0,9.0,9.0,9.0,9.0,6.0695724,5.343055,5.658124,5.40477,5.6953154
P2_V24_Phase43,5.0,4.0,5.0,4.0,5.0,6.0683136,5.3426995,5.6566653,5.4046097,5.694213
P2_V24_Phase44,4.0,3.0,4.0,3.0,4.0,6.069516,5.342871,5.658099,5.4046607,5.694725
P2_V24_Phase45,7.0,6.0,7.0,6.0,7.0,6.061533,5.336736,5.650398,5.397629,5.687194
P2_V24_Phase46,9.0,8.0,9.0,8.0,9.0,6.06343,5.3399243,5.6506715,5.3973727,5.6894426
P2_V24_Phase47,7.0,6.0,7.0,6.0,7.0,6.069249,5.343313,5.6579766,5.4038906,5.694664
P2_V24_Phase48,5.0,4.0,5.0,4.0,4.0,6.0669894,5.3417068,5.6563926,5.4020386,5.6928344
P2_V24_Phase49,5.0,4.0,5.0,4.0,5.0,6.0667267,5.3420916,5.654529,5.402233,5.6927934
P2_V24_Phase5,4.0,3.0,4.0,3.0,4.0,6.0666695,5.3414845,5.6549954,5.403311,5.691723
P2_V24_Phase50,9.0,8.0,9.0,8.0,9.0,6.0642686,5.3401484,5.6524043,5.399008,5.690772
P2_V24_Phase51,4.0,3.0,4.0,3.0,4.0,6.0683384,5.344069,5.6551924,5.4047217,5.6949396
P2_V24_Phase52,7.0,7.0,6.0,7.0,6.0,6.0719023,5.342604,5.661768,5.4084454,5.6948786
P2_V24_Phase53,7.0,6.0,7.0,6.0,7.0,6.066395,5.3415475,5.6547437,5.4026155,5.6924815
P2_V24_Phase54,7.0,6.0,7.0,6.0,7.0,6.068198,5.3420153,5.656886,5.4043436,5.6937
P2_V24_Phase55,9.0,8.0,8.0,9.0,8.0,6.065327,5.340506,5.6521726,5.401369,5.691549
P2_V24_Phase56,7.0,6.0,7.0,6.0,7.0,6.0659914,5.332703,5.658336,5.4054556,5.6851697
P2_V24_Phase57,7.0,6.0,7.0,6.0,6.0,6.0682626,5.3383465,5.6592364,5.406809,5.690771
P2_V24_Phase58,9.0,9.0,9.0,8.0,8.0,6.0666647,5.338588,5.6570935,5.4046884,5.6892614
P2_V24_Phase59,9.0,9.0,9.0,8.0,8.0,6.068057,5.341534,5.656612,5.4037037,5.6936874
P2_V24_Phase6,7.0,6.0,7.0,6.0,7.0,6.068493,5.3427444,5.6566844,5.4040804,5.694607
P2_V24_Phase60,7.0,7.0,6.0,7.0,6.0,6.0699863,5.339888,5.661197,5.407982,5.6919947
P2_V24_Phase61,7.0,7.0,6.0,7.0,7.0,6.064809,5.340216,5.6517406,5.3990593,5.691332
P2_V24_Phase62,9.0,8.0,8.0,9.0,8.0,6.0664253,5.34057,5.654879,5.4017825,5.692129
P2_V24_Phase63,7.0,6.0,7.0,6.0,7.0,6.063968,5.338841,5.653188,5.4002438,5.690669
P2_V24_Phase64,9.0,8.0,8.0,9.0,8.0,6.066178,5.341066,5.654082,5.401761,5.692648
P2_V24_Phase65,7.0,6.0,6.0,7.0,7.0,6.0668354,5.341911,5.654665,5.4030657,5.6927457
P2_V24_Phase66,9.0,8.0,8.0,9.0,8.0,6.066535,5.3389983,5.656165,5.401818,5.691022
P2_V24_Phase67,9.0,8.0,9.0,8.0,8.0,6.0671616,5.3383408,5.6597285,5.404831,5.6882877
P2_V24_Phase68,9.0,8.0,9.0,8.0,8.0,6.07063,5.3427253,5.660203,5.406577,5.694321
P2_V24_Phase69,9.0,8.0,8.0,9.0,8.0,6.074808,5.3465223,5.6652513,5.4113684,5.6998014
P2_V24_Phase7,9.0,8.0,9.0,8.0,9.0,6.066456,5.340825,5.6543,5.4019585,5.691758
P2_V24_Phase70,7.0,6.0,7.0,6.0,7.0,6.0716457,5.347703,5.6603928,5.405533,5.6985607
P2_V24_Phase71,9.0,8.0,9.0,8.0,9.0,6.0623465,5.337452,5.6517177,5.39832,5.687591
P2_V24_Phase72,7.0,6.0,7.0,6.0,7.0,6.0662184,5.339617,5.6555347,5.403077,5.689865
P2_V24_Phase73,4.0,3.0,4.0,3.0,4.0,6.0708847,5.347214,5.6597714,5.406886,5.697895
P2_V24_Phase74,2.0,1.0,2.0,1.0,2.0,6.064274,5.339655,5.651773,5.3990736,5.6906486
P2_V24_Phase75,5.0,4.0,5.0,4.0,4.0,6.062891,5.338384,5.649877,5.398117,5.6895638
P2_V24_Phase76,4.0,3.0,4.0,3.0,4.0,6.073241,5.341315,5.664326,5.411414,5.6941566
P2_V24_Phase77,9.0,8.0,8.0,9.0,8.0,6.0666227,5.340192,5.655686,5.4022694,5.692295
P2_V24_Phase78,7.0,6.0,7.0,6.0,7.0,6.066779,5.340671,5.655378,5.4021955,5.6926126
P2_V24_Phase79,5.0,4.0,5.0,4.0,5.0,6.067204,5.3424163,5.6551185,5.40094,5.693619
P2_V24_Phase8,2.0,1.0,2.0,1.0,2.0,6.0656834,5.341226,5.6534615,5.401518,5.6915975
P2_V24_Phase80,9.0,8.0,9.0,8.0,9.0,6.0644736,5.3390965,5.651902,5.3996577,5.69048
P2_V24_Phase81,2.0,1.0,2.0,1.0,2.0,6.071397,5.3431087,5.6612134,5.407818,5.6947203
P2_V24_Phase82,7.0,6.0,6.0,7.0,6.0,6.070996,5.345534,5.6587024,5.4037504,5.6965065
P2_V24_Phase83,9.0,8.0,8.0,9.0,8.0,6.0695553,5.34462,5.6574826,5.404945,5.6948814
P2_V24_Phase84,7.0,7.0,7.0,6.0,7.0,6.0700865,5.344143,5.65826,5.4042873,5.6956625
P2_V24_Phase85,2.0,2.0,0.0,2.0,2.0,6.06347,5.340817,5.650915,5.397438,5.6898746
P2_V24_Phase86,2.0,1.0,2.0,1.0,2.0,6.0704117,5.3438616,5.6591544,5.4064665,5.695761
P2_V24_Phase87,2.0,1.0,2.0,1.0,2.0,6.0630283,5.337386,5.6511345,5.3994017,5.688098
P2_V24_Phase88,5.0,4.0,5.0,4.0,5.0,6.069066,5.341845,5.660559,5.4044714,5.6916914
P2_V24_Phase89,5.0,5.0,4.0,5.0,4.0,6.0672197,5.338557,5.6580825,5.4051266,5.6904597
P2_V24_Phase9,7.0,6.0,7.0,6.0,7.0,6.0681515,5.3423643,5.657312,5.403857,5.6939383
P2_V24_Phase90,7.0,6.0,7.0,6.0,7.0,6.069071,5.341931,5.6584587,5.4053564,5.694161
P2_V24_Phase91,9.0,8.0,8.0,9.0,8.0,6.064435,5.3402786,5.6517625,5.40026,5.691041
P2_V24_Phase92,5.0,4.0,4.0,5.0,4.0,6.0694647,5.3430877,5.6581845,5.405471,5.6948395
P2_V24_Phase93,5.0,4.0,5.0,5.0,5.0,6.0747232,5.348022,5.662713,5.4083095,5.6992016
P2_V24_Phase94,9.0,9.0,9.0,9.0,9.0,6.0680666,5.3453603,5.655843,5.4011855,5.694849
P2_V24_Phase95,9.0,8.0,8.0,9.0,8.0,6.073027,5.347552,5.6608405,5.4060974,5.6988134
P2_V24_Phase96,9.0,8.0,9.0,8.0,9.0,6.0663495,5.3405204,5.6545453,5.4018335,5.692217
P2_V24_Phase97,9.0,8.0,9.0,8.0,8.0,6.06981,5.345181,5.65637,5.403331,5.6961145
P2_V24_Phase98,9.0,9.0,9.0,9.0,9.0,6.067829,5.3454456,5.655399,5.4025307,5.69529
P2_V24_Phase99,9.0,8.0,9.0,8.0,9.0,6.070286,5.346514,5.658208,5.4039817,5.6974287
P2_V25_Phase1,9.0,8.0,9.0,8.0,9.0,6.0678864,5.343084,5.6560855,5.4040923,5.6943893
P2_V25_Phase10,5.0,4.0,5.0,4.0,5.0,6.068654,5.34137,5.657268,5.404187,5.693308
P2_V25_Phase100,5.0,4.0,5.0,4.0,5.0,6.0654736,5.335546,5.6558604,5.4044137,5.687072
P2_V25_Phase101,5.0,4.0,5.0,4.0,5.0,6.066022,5.3411937,5.654494,5.4026175,5.6921544
P2_V25_Phase102,9.0,8.0,9.0,8.0,9.0,6.0675077,5.343468,5.6544814,5.403253,5.694173
P2_V25_Phase103,4.0,3.0,4.0,3.0,4.0,6.0695357,5.3434434,5.6578345,5.4048357,5.6950254
P2_V25_Phase104,7.0,6.0,7.0,6.0,7.0,6.062495,5.333943,5.6557374,5.401182,5.6841087
P2_V25_Phase105,7.0,6.0,6.0,7.0,6.0,6.0679407,5.3423514,5.6561065,5.4032803,5.6933727
P2_V25_Phase106,7.0,6.0,7.0,6.0,7.0,6.0669804,5.338016,5.6577287,5.404171,5.6894913
P2_V25_Phase107,9.0,8.0,9.0,9.0,8.0,6.0652237,5.340155,5.6535726,5.401839,5.690576
P2_V25_Phase108,7.0,6.0,7.0,6.0,7.0,6.065074,5.34117,5.652108,5.400883,5.6917524
P2_V25_Phase109,7.0,6.0,7.0,6.0,7.0,6.067127,5.3415227,5.6551595,5.4028654,5.69211
P2_V25_Phase11,5.0,5.0,4.0,5.0,4.0,6.0692663,5.3426337,5.6591325,5.405176,5.6920786
P2_V25_Phase110,5.0,4.0,5.0,4.0,5.0,6.0680275,5.340305,5.657831,5.4040365,5.692381
P2_V25_Phase111,7.0,6.0,7.0,6.0,7.0,6.067375,5.342213,5.655027,5.4016438,5.693619
P2_V25_Phase112,7.0,6.0,7.0,6.0,7.0,6.0682783,5.3413224,5.656634,5.404436,5.693227
P2_V25_Phase113,9.0,8.0,9.0,8.0,9.0,6.0675516,5.34083,5.6567903,5.403396,5.6923265
P2_V25_Phase114,5.0,4.0,5.0,4.0,5.0,6.069912,5.342562,5.659044,5.4056306,5.6943994
P2_V25_Phase115,7.0,6.0,7.0,6.0,7.0,6.0695586,5.341293,5.658815,5.405314,5.6939144
P2_V25_Phase116,7.0,6.0,7.0,6.0,7.0,6.0607553,5.337045,5.647842,5.396738,5.687524
P2_V25_Phase118,5.0,4.0,5.0,4.0,5.0,6.0694456,5.3430257,5.6578126,5.4052196,5.694526
P2_V25_Phase119,2.0,1.0,2.0,1.0,2.0,6.065559,5.3399043,5.6524653,5.4027348,5.690566
P2_V25_Phase12,2.0,1.0,2.0,1.0,2.0,6.066029,5.339665,5.654578,5.40123,5.691674
P2_V25_Phase120,5.0,4.0,5.0,4.0,5.0,6.069092,5.343284,5.657173,5.4047236,5.695005
P2_V25_Phase121,5.0,4.0,5.0,4.0,5.0,6.069393,5.342515,5.6583004,5.4054384,5.694148
P2_V25_Phase122,5.0,4.0,5.0,4.0,5.0,6.0658054,5.336366,5.6578684,5.403946,5.687689
P2_V25_Phase123,7.0,6.0,7.0,6.0,7.0,6.0667562,5.3404784,5.6558642,5.40333,5.691715
P2_V25_Phase124,7.0,6.0,7.0,6.0,7.0,6.067021,5.3377347,5.656363,5.407417,5.6879144
P2_V25_Phase125,5.0,4.0,5.0,4.0,5.0,6.0693617,5.3409343,5.6602874,5.4071603,5.6922464
P2_V25_Phase126,5.0,4.0,5.0,4.0,5.0,6.0675173,5.342135,5.657084,5.4040165,5.6925488
P2_V25_Phase127,7.0,6.0,7.0,6.0,7.0,6.06594,5.338513,5.6564736,5.403448,5.6893044
P2_V25_Phase128,9.0,8.0,9.0,8.0,9.0,6.0665126,5.339858,5.654466,5.4028997,5.6906147
P2_V25_Phase129,7.0,6.0,7.0,6.0,7.0,6.068284,5.3417535,5.657849,5.404348,5.692029
P2_V25_Phase13,5.0,4.0,5.0,4.0,5.0,6.0672054,5.3398714,5.6587234,5.4036245,5.689621
P2_V25_Phase131,5.0,4.0,5.0,4.0,5.0,6.06781,5.3423886,5.655746,5.403325,5.6945047
P2_V25_Phase132,5.0,4.0,5.0,4.0,5.0,6.0716796,5.3456516,5.6605277,5.4064703,5.6973658
P2_V25_Phase133,5.0,5.0,4.0,5.0,4.0,6.071806,5.3453326,5.661566,5.4057016,5.697057
P2_V25_Phase134,7.0,6.0,7.0,6.0,7.0,6.070321,5.344457,5.6574817,5.4049177,5.6951914
P2_V25_Phase135,9.0,8.0,9.0,8.0,9.0,6.0679007,5.3415704,5.6589627,5.4028788,5.6922913
P2_V25_Phase136,5.0,4.0,5.0,4.0,5.0,6.069802,5.3426857,5.6575193,5.404254,5.694762
P2_V25_Phase137,9.0,8.0,9.0,8.0,9.0,6.0683994,5.339886,5.6594057,5.405567,5.6907415
P2_V25_Phase138,7.0,6.0,7.0,6.0,7.0,6.069669,5.343526,5.6590977,5.4059343,5.695618
P2_V25_Phase139,5.0,4.0,5.0,4.0,5.0,6.0699983,5.3432984,5.6588893,5.40532,5.696146
P2_V25_Phase14,5.0,4.0,5.0,4.0,5.0,6.0661197,5.3398733,5.6542373,5.4023924,5.691172
P2_V25_Phase140,7.0,6.0,7.0,6.0,7.0,6.0708447,5.344088,5.660757,5.4059305,5.695769
P2_V25_Phase141,5.0,4.0,5.0,4.0,3.0,6.069967,5.3431497,5.659057,5.405842,5.6950703
P2_V25_Phase142,7.0,6.0,7.0,6.0,7.0,6.066795,5.341338,5.6548696,5.4027715,5.6927633
P2_V25_Phase143,9.0,8.0,9.0,8.0,9.0,6.067978,5.338566,5.658033,5.4061203,5.690135
P2_V25_Phase144,5.0,5.0,4.0,5.0,4.0,6.066352,5.338514,5.6573224,5.403271,5.6905794
P2_V25_Phase145,5.0,4.0,5.0,4.0,5.0,6.0708456,5.345114,5.6595907,5.4056797,5.6952724
P2_V25_Phase146,9.0,8.0,9.0,8.0,9.0,6.06931,5.3411813,5.6598287,5.405652,5.692545
P2_V25_Phase147,9.0,8.0,9.0,8.0,9.0,6.0683193,5.341108,5.6573024,5.405781,5.691314
P2_V25_Phase148,9.0,8.0,9.0,8.0,9.0,6.0692024,5.342027,5.6591988,5.405813,5.6928096
P2_V25_Phase149,5.0,4.0,5.0,4.0,5.0,6.0652165,5.3401055,5.6544423,5.4007845,5.6905174
P2_V25_Phase15,7.0,6.0,7.0,6.0,7.0,6.065387,5.3395324,5.654089,5.4016743,5.690753
P2_V25_Phase150,9.0,8.0,9.0,8.0,9.0,6.0690002,5.343074,5.6571565,5.404347,5.694645
P2_V25_Phase151,5.0,4.0,5.0,4.0,5.0,6.0681677,5.337932,5.659252,5.4063053,5.6906385
P2_V25_Phase152,2.0,1.0,2.0,1.0,2.0,6.0704956,5.3425117,5.6583962,5.4062734,5.694537
P2_V25_Phase153,7.0,6.0,7.0,6.0,7.0,6.0678415,5.341827,5.6565,5.403295,5.693591
P2_V25_Phase154,5.0,4.0,5.0,4.0,5.0,6.067857,5.339762,5.6582665,5.405377,5.6909657
P2_V25_Phase155,4.0,3.0,4.0,3.0,4.0,6.0698056,5.344745,5.6587453,5.403963,5.695856
P2_V25_Phase156,7.0,6.0,7.0,6.0,7.0,6.067526,5.3420405,5.655945,5.403063,5.6939173
P2_V25_Phase157,4.0,3.0,4.0,3.0,4.0,6.0609326,5.335355,5.6496024,5.397241,5.6856966
P2_V25_Phase158,5.0,4.0,5.0,4.0,5.0,6.062148,5.3379264,5.649302,5.398319,5.6890345
P2_V25_Phase159,5.0,4.0,5.0,4.0,5.0,6.0660877,5.341039,5.653948,5.402338,5.692256
P2_V25_Phase16,4.0,3.0,4.0,3.0,4.0,6.0678196,5.3382897,5.6613903,5.40592,5.689889
P2_V25_Phase160,5.0,4.0,5.0,4.0,5.0,6.067996,5.341255,5.6577425,5.403714,5.693331
P2_V25_Phase161,9.0,8.0,9.0,8.0,9.0,6.068236,5.3415246,5.656202,5.4047365,5.692877
P2_V25_Phase162,5.0,4.0,5.0,4.0,5.0,6.0630445,5.33878,5.652065,5.3992586,5.6888876
P2_V25_Phase163,9.0,8.0,9.0,8.0,9.0,6.0698576,5.343634,5.659243,5.4048853,5.6959887
P2_V25_Phase164,7.0,6.0,7.0,6.0,7.0,6.0658765,5.3397107,5.6545935,5.4022217,5.6917906
P2_V25_Phase165,9.0,8.0,9.0,8.0,9.0,6.0672503,5.3418794,5.655166,5.4042163,5.693196
P2_V25_Phase166,9.0,8.0,8.0,9.0,8.0,6.064549,5.341035,5.6512175,5.399102,5.691476
P2_V25_Phase167,7.0,6.0,7.0,6.0,7.0,6.068025,5.342947,5.657167,5.405141,5.694355
P2_V25_Phase168,7.0,6.0,7.0,6.0,7.0,6.0678177,5.341656,5.6569896,5.404935,5.693593
P2_V25_Phase169,9.0,8.0,9.0,8.0,9.0,6.069463,5.3422256,5.6584544,5.404254,5.6930428
P2_V25_Phase17,5.0,4.0,5.0,4.0,5.0,6.0661716,5.338472,5.6555653,5.402238,5.6899786
P2_V25_Phase18,5.0,4.0,5.0,4.0,5.0,6.06653,5.339298,5.65695,5.403753,5.6899996
P2_V25_Phase19,5.0,4.0,5.0,4.0,5.0,6.0694695,5.3425136,5.6574492,5.4051695,5.6947103
P2_V25_Phase2,7.0,6.0,7.0,6.0,7.0,6.06705,5.3406687,5.6571527,5.403699,5.691659
P2_V25_Phase20,4.0,3.0,4.0,3.0,4.0,6.068115,5.341871,5.656241,5.4045014,5.6940327
P2_V25_Phase21,5.0,4.0,5.0,4.0,5.0,6.0708847,5.3412676,5.661053,5.407839,5.6932707
P2_V25_Phase22,5.0,4.0,5.0,4.0,5.0,6.068693,5.339541,5.660167,5.4057097,5.6916237
P2_V25_Phase23,2.0,1.0,2.0,1.0,2.0,6.064611,5.339455,5.6524825,5.40053,5.690247
P2_V25_Phase24,7.0,6.0,7.0,6.0,6.0,6.07063,5.3420625,5.6603713,5.4064407,5.6944118
P2_V25_Phase25,4.0,3.0,4.0,3.0,3.0,6.0681586,5.3423038,5.656135,5.40362,5.6935587
P2_V25_Phase26,5.0,4.0,5.0,4.0,5.0,6.0698853,5.343555,5.658353,5.4063487,5.695014
P2_V25_Phase27,9.0,8.0,9.0,8.0,9.0,6.0699425,5.3422065,5.6619763,5.4063115,5.6933246
P2_V25_Phase28,7.0,6.0,7.0,6.0,7.0,6.0701056,5.343603,5.658193,5.405722,5.6955166
P2_V25_Phase29,5.0,4.0,5.0,4.0,5.0,6.0687156,5.341319,5.65957,5.404907,5.6919985
P2_V25_Phase3,5.0,4.0,5.0,4.0,5.0,6.067895,5.3409743,5.656876,5.4026337,5.6925316
P2_V25_Phase30,5.0,4.0,5.0,4.0,5.0,6.0705285,5.3427205,5.6596165,5.406225,5.695079
P2_V25_Phase31,4.0,3.0,4.0,3.0,4.0,6.070897,5.343474,5.6590586,5.406205,5.695512
P2_V25_Phase32,4.0,3.0,4.0,3.0,4.0,6.0649376,5.3351936,5.6577916,5.4040036,5.6859274
P2_V25_Phase34,5.0,4.0,5.0,4.0,5.0,6.06728,5.3420777,5.654611,5.4024673,5.6936955
P2_V25_Phase35,2.0,1.0,2.0,1.0,2.0,6.074855,5.3460965,5.6656446,5.4100285,5.698735
P2_V25_Phase36,4.0,3.0,4.0,3.0,4.0,6.065096,5.338098,5.655522,5.4018774,5.6893063
P2_V25_Phase37,5.0,4.0,5.0,4.0,5.0,6.06244,5.3361006,5.655809,5.400688,5.6864142
P2_V25_Phase38,2.0,1.0,2.0,1.0,2.0,6.0697556,5.343206,5.6586156,5.4052224,5.6936064
P2_V25_Phase39,5.0,4.0,5.0,4.0,5.0,6.061348,5.3371186,5.6493497,5.4020667,5.685709
P2_V25_Phase4,5.0,4.0,5.0,4.0,5.0,6.065876,5.340773,5.6553836,5.4023957,5.69127
P2_V25_Phase40,5.0,4.0,5.0,4.0,5.0,6.068323,5.340861,5.6576295,5.405019,5.692314
P2_V25_Phase41,5.0,4.0,5.0,4.0,5.0,6.0700665,5.343861,5.6583996,5.405342,5.696081
P2_V25_Phase42,5.0,5.0,4.0,5.0,4.0,6.0717278,5.342958,5.661794,5.4087,5.6946454
P2_V25_Phase43,5.0,4.0,5.0,4.0,5.0,6.065835,5.339552,5.655512,5.4011183,5.690954
P2_V25_Phase44,5.0,4.0,5.0,4.0,5.0,6.0630636,5.332497,5.6535277,5.4047565,5.683911
P2_V25_Phase45,9.0,8.0,9.0,8.0,9.0,6.0665607,5.3370404,5.658602,5.4045906,5.688835
P2_V25_Phase46,4.0,3.0,4.0,3.0,4.0,6.064582,5.3400693,5.653538,5.400051,5.6903787
P2_V25_Phase47,9.0,8.0,9.0,8.0,9.0,6.064518,5.3388705,5.652594,5.4007626,5.690129
P2_V25_Phase48,5.0,4.0,5.0,4.0,5.0,6.067875,5.3406067,5.6573877,5.402472,5.693488
P2_V25_Phase49,4.0,3.0,4.0,3.0,4.0,6.068778,5.3409677,5.6604123,5.4062696,5.6901836
P2_V25_Phase5,5.0,4.0,5.0,4.0,5.0,6.0671597,5.3405433,5.656236,5.403976,5.6910458
P2_V25_Phase50,7.0,6.0,7.0,6.0,7.0,6.0709963,5.3463616,5.659332,5.406316,5.697545
P2_V25_Phase51,5.0,4.0,5.0,4.0,5.0,6.0670147,5.339644,5.6570735,5.403861,5.690943
P2_V25_Phase52,7.0,6.0,7.0,6.0,7.0,6.0690184,5.340567,5.6597395,5.4064503,5.691446
P2_V25_Phase53,5.0,4.0,5.0,4.0,5.0,6.0684385,5.3412476,5.659398,5.4051867,5.691986
P2_V25_Phase54,7.0,6.0,7.0,6.0,7.0,6.068039,5.338165,5.660626,5.406822,5.6897225
P2_V25_Phase55,2.0,1.0,2.0,1.0,2.0,6.0671363,5.3396964,5.655906,5.40488,5.691204
P2_V25_Phase56,4.0,3.0,4.0,3.0,4.0,6.06377,5.336902,5.6528144,5.401178,5.6873846
P2_V25_Phase57,7.0,6.0,7.0,6.0,7.0,6.065206,5.339807,5.6531034,5.4014673,5.690068
P2_V25_Phase58,9.0,8.0,9.0,8.0,9.0,6.0665727,5.3415446,5.6542764,5.4017496,5.6926026
P2_V25_Phase59,7.0,6.0,7.0,6.0,7.0,6.0704527,5.3426466,5.661594,5.406675,5.694418
P2_V25_Phase6,7.0,6.0,7.0,6.0,7.0,6.0659714,5.3414655,5.6533275,5.4016485,5.6925783
P2_V25_Phase60,9.0,8.0,9.0,8.0,9.0,6.07333,5.346955,5.661993,5.40829,5.698384
P2_V25_Phase61,5.0,4.0,5.0,4.0,5.0,6.0639367,5.33942,5.652389,5.400332,5.69087
P2_V25_Phase62,9.0,8.0,9.0,8.0,9.0,6.0710306,5.34483,5.6593757,5.4063716,5.6965494
P2_V25_Phase63,5.0,4.0,5.0,4.0,5.0,6.066606,5.341,5.6546054,5.4021845,5.693308
P2_V25_Phase64,5.0,4.0,5.0,4.0,5.0,6.0667906,5.341841,5.654656,5.404017,5.6923885
P2_V25_Phase65,5.0,4.0,5.0,4.0,5.0,6.069784,5.34373,5.6584344,5.4059095,5.6956215
P2_V25_Phase66,7.0,6.0,7.0,6.0,7.0,6.0682344,5.3425555,5.656833,5.4036007,5.694189
P2_V25_Phase67,5.0,4.0,5.0,4.0,5.0,6.065006,5.339101,5.65474,5.4014354,5.6892653
P2_V25_Phase68,7.0,6.0,7.0,6.0,7.0,6.071425,5.344168,5.6604285,5.407364,5.6958737
P2_V25_Phase69,7.0,6.0,7.0,6.0,7.0,6.0658455,5.339309,5.655213,5.4035997,5.6893873
P2_V25_Phase7,7.0,6.0,7.0,6.0,7.0,6.069207,5.341749,5.6578345,5.404743,5.6947947
P2_V25_Phase70,5.0,4.0,5.0,4.0,5.0,6.0657787,5.339454,5.655067,5.4023643,5.6905575
P2_V25_Phase71,7.0,6.0,7.0,6.0,7.0,6.067961,5.3431334,5.656103,5.402726,5.693893
P2_V25_Phase72,7.0,6.0,7.0,6.0,7.0,6.0691433,5.343147,5.657892,5.4047947,5.69444
P2_V25_Phase73,7.0,6.0,7.0,6.0,7.0,6.0683126,5.3407497,5.659385,5.4057903,5.6914706
P2_V25_Phase74,7.0,6.0,7.0,6.0,7.0,6.0630894,5.337787,5.653913,5.4004917,5.6872225
P2_V25_Phase75,7.0,6.0,7.0,6.0,7.0,6.0663404,5.3398423,5.6530623,5.403498,5.689887
P2_V25_Phase76,2.0,1.0,2.0,1.0,2.0,6.067758,5.3423476,5.6579432,5.402479,5.6935606
P2_V25_Phase77,7.0,6.0,7.0,6.0,7.0,6.068085,5.342855,5.6562753,5.4032207,5.693122
P2_V25_Phase78,5.0,4.0,5.0,4.0,5.0,6.0691805,5.3417563,5.6600595,5.4063864,5.6926894
P2_V25_Phase79,5.0,4.0,5.0,4.0,5.0,6.067178,5.340633,5.655331,5.4025373,5.6922345
P2_V25_Phase8,9.0,8.0,9.0,8.0,9.0,6.0675125,5.339772,5.6568046,5.4036117,5.6917543
P2_V25_Phase80,2.0,1.0,2.0,1.0,2.0,6.066931,5.340986,5.6553497,5.4022226,5.692027
P2_V25_Phase81,9.0,8.0,9.0,8.0,9.0,6.0685143,5.343415,5.6560416,5.403539,5.6939106
P2_V25_Phase82,5.0,4.0,5.0,4.0,5.0,6.068882,5.3441973,5.6565213,5.404311,5.695241
P2_V25_Phase83,7.0,6.0,7.0,6.0,7.0,6.069759,5.3425765,5.6580367,5.404999,5.694149
P2_V25_Phase84,2.0,1.0,2.0,1.0,2.0,6.0702477,5.3427587,5.6593432,5.4067984,5.6944704
P2_V25_Phase86,9.0,8.0,9.0,8.0,9.0,6.0644393,5.3395066,5.65264,5.3997297,5.6907587
P2_V25_Phase87,5.0,4.0,5.0,4.0,5.0,6.0684843,5.341099,5.656541,5.4049807,5.6935024
P2_V25_Phase88,7.0,6.0,7.0,6.0,7.0,6.0691786,5.343433,5.656933,5.4049325,5.694931
P2_V25_Phase89,7.0,6.0,7.0,6.0,7.0,6.067045,5.342076,5.65515,5.402439,5.6932044
P2_V25_Phase9,5.0,4.0,4.0,5.0,4.0,6.0675645,5.340236,5.6561117,5.4042015,5.6905346
P2_V25_Phase90,4.0,5.0,4.0,3.0,4.0,6.0665755,5.3381095,5.656926,5.402864,5.6902695
P2_V25_Phase91,4.0,3.0,4.0,3.0,4.0,6.0684905,5.3398404,5.658874,5.406028,5.691724
P2_V25_Phase92,7.0,6.0,7.0,6.0,7.0,6.068615,5.3427496,5.6570296,5.4030504,5.693214
P2_V25_Phase93,5.0,4.0,5.0,4.0,5.0,6.0689964,5.3436713,5.657819,5.404364,5.6940346
P2_V25_Phase94,5.0,4.0,5.0,4.0,5.0,6.0695143,5.3395915,5.659497,5.406187,5.6905084
P2_V25_Phase95,5.0,4.0,5.0,4.0,5.0,6.0688753,5.342133,5.658587,5.4043865,5.694131
P2_V25_Phase96,7.0,6.0,7.0,6.0,7.0,6.0681696,5.3397846,5.6571784,5.4042597,5.691643
P2_V25_Phase97,5.0,4.0,5.0,4.0,5.0,6.0683475,5.3432107,5.656618,5.40455,5.6943407
P2_V25_Phase98,5.0,4.0,5.0,4.0,5.0,6.066571,5.33927,5.654591,5.401843,5.690889
P2_V25_Phase99,2.0,1.0,2.0,1.0,2.0,6.065968,5.339833,5.654375,5.4020977,5.6910305
P2_V26_Phase1,2.0,1.0,2.0,1.0,2.0,6.065223,5.3409905,5.6526203,5.3991566,5.6916533
P2_V26_Phase2,4.0,3.0,4.0,3.0,4.0,6.0684037,5.3424587,5.657685,5.4041405,5.694004
P2_V26_Phase3,2.0,1.0,2.0,1.0,2.0,6.073856,5.345779,5.6621795,5.4085107,5.697725
P2_V26_Phase4,2.0,1.0,2.0,1.0,2.0,6.066147,5.344223,5.653468,5.4003315,5.693841
P2_V26_Phase5,5.0,4.0,5.0,4.0,5.0,6.0677295,5.3386416,5.6585455,5.404657,5.690629
P2_V26_Phase6,2.0,1.0,2.0,1.0,2.0,6.0681973,5.3375955,5.6567836,5.4072256,5.6898613
P2_V27_Phase1,7.0,6.0,7.0,6.0,7.0,6.072518,5.346624,5.660044,5.4060097,5.698094
P2_V27_Phase10,7.0,6.0,7.0,6.0,7.0,6.0685816,5.340198,5.6586795,5.4056206,5.691848
P2_V27_Phase11,7.0,6.0,7.0,6.0,7.0,6.0679145,5.3423257,5.656238,5.403454,5.6938863
P2_V27_Phase12,5.0,5.0,5.0,4.0,5.0,6.062271,5.335318,5.652493,5.399885,5.6854906
P2_V27_Phase13,5.0,5.0,4.0,5.0,4.0,6.070507,5.3438625,5.6594834,5.4070644,5.696171
P2_V27_Phase14,9.0,8.0,8.0,9.0,8.0,6.067643,5.342418,5.655461,5.4041395,5.6937394
P2_V27_Phase15,5.0,4.0,5.0,4.0,5.0,6.0688057,5.3430724,5.658717,5.4053936,5.6937814
P2_V27_Phase16,9.0,8.0,9.0,8.0,9.0,6.0659914,5.339556,5.65493,5.4045877,5.6908636
P2_V27_Phase17,2.0,1.0,2.0,1.0,1.0,6.069953,5.3448405,5.658189,5.4057007,5.6958447
P2_V27_Phase18,5.0,4.0,5.0,4.0,5.0,6.0654984,5.3379292,5.6549506,5.4026423,5.689919
P2_V27_Phase19,2.0,1.0,2.0,1.0,1.0,6.0656376,5.3416667,5.6544576,5.401145,5.692085
P2_V27_Phase2,4.0,3.0,4.0,3.0,4.0,6.068782,5.340612,5.659697,5.405656,5.6914363
P2_V27_Phase20,5.0,4.0,5.0,4.0,5.0,6.0661426,5.3372645,5.6576066,5.4050074,5.687292
P2_V27_Phase21,9.0,8.0,9.0,8.0,9.0,6.0638256,5.3370385,5.6523056,5.3994856,5.6883492
P2_V27_Phase22,7.0,7.0,6.0,6.0,7.0,6.068098,5.342766,5.6557107,5.4033885,5.6939955
P2_V27_Phase23,5.0,4.0,5.0,4.0,5.0,6.067025,5.3425446,5.6553736,5.4013414,5.6935816
P2_V27_Phase24,7.0,6.0,7.0,6.0,7.0,6.0667567,5.3401895,5.6555514,5.4028215,5.6922183
P2_V27_Phase25,5.0,4.0,4.0,5.0,4.0,6.0700455,5.343458,5.6587014,5.4056773,5.6958427
P2_V27_Phase26,5.0,5.0,4.0,5.0,4.0,6.071233,5.3467097,5.660246,5.405286,5.6972656
P2_V27_Phase27,7.0,6.0,7.0,6.0,7.0,6.0673895,5.3401093,5.6581445,5.404651,5.6910696
P2_V27_Phase28,2.0,1.0,2.0,1.0,2.0,6.070822,5.3461657,5.658239,5.4046974,5.6968727
P2_V27_Phase29,7.0,6.0,7.0,6.0,7.0,6.06715,5.34248,5.655495,5.401518,5.6935625
P2_V27_Phase3,5.0,4.0,4.0,5.0,4.0,6.071014,5.3466706,5.658872,5.4043455,5.6972637
P2_V27_Phase30,5.0,4.0,5.0,4.0,5.0,6.065669,5.3406553,5.6544895,5.4011917,5.6916304
P2_V27_Phase31,5.0,4.0,5.0,4.0,5.0,6.068037,5.3404202,5.6569715,5.4047384,5.6924105
P2_V27_Phase32,4.0,3.0,4.0,3.0,4.0,6.0659566,5.3415513,5.6543326,5.400708,5.692595
P2_V27_Phase33,2.0,1.0,0.0,1.0,1.0,6.072107,5.3434234,5.663277,5.40817,5.6953697
P2_V27_Phase34,5.0,5.0,4.0,4.0,5.0,6.067667,5.342406,5.6569915,5.4040265,5.6936107
P2_V27_Phase35,7.0,7.0,6.0,7.0,6.0,6.0660377,5.3409567,5.6544456,5.4038024,5.6922317
P2_V27_Phase36,9.0,8.0,9.0,8.0,9.0,6.0657306,5.342235,5.6531787,5.4002113,5.6920524
P2_V27_Phase37,7.0,6.0,7.0,6.0,7.0,6.067382,5.3420463,5.655598,5.402122,5.6933346
P2_V27_Phase38,2.0,1.0,2.0,1.0,2.0,6.067189,5.3421025,5.6549277,5.402904,5.69303
P2_V27_Phase39,7.0,6.0,7.0,6.0,7.0,6.0704317,5.344339,5.6609282,5.405015,5.6950045
P2_V27_Phase4,4.0,3.0,4.0,3.0,4.0,6.0691843,5.34311,5.6576877,5.4028044,5.694356
P2_V27_Phase40,5.0,4.0,5.0,4.0,5.0,6.068117,5.3425756,5.656398,5.4031944,5.6942854
P2_V27_Phase41,9.0,8.0,9.0,8.0,9.0,6.069292,5.3426385,5.658344,5.404848,5.694911
P2_V27_Phase42,7.0,6.0,7.0,6.0,7.0,6.071007,5.344004,5.660682,5.4076195,5.695326
P2_V27_Phase43,9.0,8.0,9.0,8.0,9.0,6.0701613,5.3448586,5.6581564,5.404773,5.69664
P2_V27_Phase44,9.0,8.0,8.0,9.0,8.0,6.064778,5.3379226,5.6531262,5.4024982,5.6894965
P2_V27_Phase45,7.0,6.0,7.0,6.0,7.0,6.0708833,5.346106,5.6583123,5.4037986,5.6964765
P2_V27_Phase46,4.0,3.0,3.0,4.0,3.0,6.0710297,5.346292,5.6588383,5.4045887,5.6974564
P2_V27_Phase47,5.0,4.0,5.0,4.0,5.0,6.0694647,5.3441787,5.65659,5.4040546,5.6953917
P2_V27_Phase48,2.0,1.0,2.0,1.0,2.0,6.0720744,5.344249,5.661856,5.407472,5.6966887
P2_V27_Phase49,2.0,1.0,2.0,1.0,2.0,6.0705795,5.344737,5.659474,5.4056606,5.696683
P2_V27_Phase5,9.0,8.0,9.0,8.0,9.0,6.069785,5.3439517,5.6582465,5.4044433,5.6957846
P2_V27_Phase50,9.0,8.0,9.0,8.0,9.0,6.0691156,5.340489,5.6581774,5.406391,5.6923285
P2_V27_Phase51,2.0,1.0,1.0,2.0,1.0,6.068323,5.34126,5.6583147,5.4039326,5.6928654
P2_V27_Phase52,1.0,0.0,0.0,1.0,0.0,6.06428,5.3401027,5.6513658,5.40071,5.6907187
P2_V27_Phase53,7.0,7.0,6.0,7.0,6.0,6.0667515,5.342592,5.6552896,5.3998637,5.692215
P2_V27_Phase54,4.0,3.0,4.0,3.0,4.0,6.0700006,5.344769,5.6583657,5.404495,5.696259
P2_V27_Phase55,2.0,1.0,2.0,1.0,2.0,6.0686045,5.341315,5.658822,5.4063463,5.692795
P2_V27_Phase56,4.0,3.0,3.0,4.0,4.0,6.068968,5.3424354,5.6596856,5.4058065,5.6926403
P2_V27_Phase57,7.0,7.0,6.0,7.0,6.0,6.069623,5.3437448,5.658381,5.404607,5.6944323
P2_V27_Phase58,4.0,3.0,4.0,3.0,4.0,6.073086,5.3453526,5.6618,5.4087715,5.697959
P2_V27_Phase59,5.0,4.0,5.0,4.0,5.0,6.0725546,5.3445773,5.6630483,5.4089413,5.697108
P2_V27_Phase6,5.0,5.0,4.0,4.0,5.0,6.0696645,5.3442206,5.6588645,5.4044547,5.694786
P2_V27_Phase60,5.0,4.0,5.0,4.0,5.0,6.072269,5.347736,5.6598067,5.404671,5.698191
P2_V27_Phase61,9.0,8.0,9.0,8.0,9.0,6.064667,5.3388686,5.6543202,5.400877,5.6900377
P2_V27_Phase62,4.0,3.0,4.0,3.0,4.0,6.070606,5.345676,5.658299,5.405944,5.6966963
P2_V27_Phase63,9.0,8.0,9.0,8.0,9.0,6.072311,5.346617,5.6600747,5.40585,5.697768
P2_V27_Phase64,2.0,1.0,2.0,1.0,2.0,6.0700607,5.338771,5.6604443,5.4085875,5.691496
P2_V27_Phase65,5.0,4.0,5.0,4.0,5.0,6.0661287,5.3452754,5.653361,5.398918,5.6938896
P2_V27_Phase66,5.0,4.0,5.0,4.0,5.0,6.071808,5.345106,5.65908,5.405015,5.6963153
P2_V27_Phase67,9.0,8.0,9.0,8.0,9.0,6.066654,5.3399873,5.6558046,5.4025764,5.691361
P2_V27_Phase68,4.0,3.0,4.0,3.0,4.0,6.0616536,5.3391094,5.648505,5.398204,5.6886077
P2_V27_Phase69,0.0,0.0,0.0,0.0,0.0,6.070126,5.3427606,5.6605463,5.4065056,5.693304
P2_V27_Phase7,2.0,2.0,1.0,2.0,1.0,6.0676975,5.3411865,5.6557574,5.4040422,5.6934376
P2_V27_Phase70,5.0,4.0,5.0,4.0,5.0,6.068096,5.341798,5.658401,5.404299,5.69308
P2_V27_Phase71,4.0,3.0,4.0,3.0,4.0,6.07098,5.344287,5.659861,5.4058867,5.6967115
P2_V27_Phase72,7.0,6.0,7.0,6.0,7.0,6.067991,5.3444285,5.655645,5.4025245,5.69486
P2_V27_Phase73,4.0,3.0,4.0,3.0,4.0,6.069726,5.3423758,5.6593385,5.405264,5.694115
P2_V27_Phase74,4.0,3.0,4.0,3.0,4.0,6.0702295,5.344929,5.658278,5.404353,5.6964073
P2_V27_Phase75,2.0,1.0,2.0,1.0,2.0,6.071603,5.3451934,5.6599054,5.4070225,5.6968017
P2_V27_Phase76,5.0,4.0,5.0,4.0,5.0,6.068201,5.3417273,5.6564207,5.4028177,5.694142
P2_V27_Phase77,5.0,4.0,5.0,4.0,5.0,6.068733,5.341937,5.6572948,5.40368,5.69401
P2_V27_Phase78,4.0,3.0,4.0,3.0,4.0,6.0664587,5.3400245,5.6557794,5.402455,5.6918144
P2_V27_Phase79,2.0,1.0,2.0,1.0,2.0,6.066474,5.341846,5.6541467,5.4021034,5.692436
P2_V27_Phase8,2.0,1.0,2.0,1.0,2.0,6.0636883,5.341033,5.650929,5.3997226,5.6902723
P2_V27_Phase80,4.0,3.0,4.0,3.0,4.0,6.0675926,5.3408284,5.657539,5.4032145,5.692197
P2_V27_Phase81,5.0,4.0,4.0,5.0,4.0,6.069832,5.3432164,5.658374,5.4057994,5.6949806
P2_V27_Phase82,2.0,1.0,2.0,2.0,1.0,6.070052,5.345325,5.657683,5.4042783,5.6964536
P2_V27_Phase9,5.0,4.0,5.0,4.0,5.0,6.069956,5.3432946,5.659755,5.4059467,5.6948204
P2_V28_Phase1,2.0,1.0,2.0,1.0,2.0,6.066868,5.3417954,5.6546965,5.4027214,5.6923933
P2_V28_Phase10,2.0,1.0,2.0,1.0,2.0,6.066045,5.342358,5.6538124,5.4019275,5.692976
P2_V28_Phase11,9.0,8.0,9.0,8.0,9.0,6.0709667,5.3434997,5.659592,5.4064054,5.695979
P2_V28_Phase12,7.0,6.0,7.0,6.0,7.0,6.065698,5.341335,5.6545215,5.400455,5.6928816
P2_V28_Phase13,5.0,5.0,4.0,5.0,4.0,6.0634656,5.3388495,5.6505113,5.3990183,5.689705
P2_V28_Phase14,5.0,4.0,5.0,4.0,5.0,6.0667634,5.341043,5.6548657,5.40162,5.692742
P2_V28_Phase15,5.0,5.0,4.0,5.0,4.0,6.0633416,5.338776,5.6521072,5.3997326,5.6883545
P2_V28_Phase16,2.0,1.0,2.0,1.0,2.0,6.0697613,5.3451385,5.6574755,5.4059305,5.6962204
P2_V28_Phase17,5.0,4.0,5.0,4.0,5.0,6.067439,5.3408113,5.65763,5.4042287,5.691069
P2_V28_Phase18,2.0,1.0,2.0,1.0,2.0,6.068298,5.3423905,5.656798,5.40409,5.694496
P2_V28_Phase19,7.0,6.0,7.0,6.0,7.0,6.0652924,5.3385396,5.6533394,5.401879,5.6903014
P2_V28_Phase2,4.0,3.0,4.0,3.0,4.0,6.061022,5.337745,5.6477265,5.3968678,5.687749
P2_V28_Phase20,9.0,8.0,9.0,8.0,9.0,6.066542,5.340286,5.654468,5.402336,5.6922674
P2_V28_Phase21,9.0,9.0,8.0,8.0,9.0,6.0677176,5.3421717,5.654369,5.40497,5.6938376
P2_V28_Phase22,9.0,8.0,9.0,8.0,9.0,6.0731735,5.344947,5.6613035,5.40994,5.6974225
P2_V28_Phase23,7.0,7.0,6.0,7.0,6.0,6.067926,5.3427615,5.655353,5.4029274,5.6939607
P2_V28_Phase24,9.0,8.0,9.0,8.0,9.0,6.068984,5.344046,5.6569543,5.403367,5.695421
P2_V28_Phase25,9.0,8.0,9.0,8.0,9.0,6.064057,5.339127,5.6514707,5.400204,5.6899834
P2_V28_Phase26,9.0,8.0,9.0,8.0,9.0,6.066563,5.341536,5.6552544,5.402709,5.692878
P2_V28_Phase27,7.0,6.0,7.0,6.0,7.0,6.064903,5.3409495,5.6512322,5.4009705,5.691338
P2_V28_Phase28,7.0,6.0,7.0,6.0,7.0,6.0645676,5.3385015,5.6527214,5.400449,5.689927
P2_V28_Phase29,7.0,6.0,7.0,6.0,7.0,6.0687695,5.342589,5.6573954,5.405945,5.6941195
P2_V28_Phase3,7.0,6.0,7.0,6.0,7.0,6.0681543,5.34391,5.655722,5.403705,5.6948624
P2_V28_Phase30,5.0,4.0,5.0,4.0,5.0,6.06644,5.341482,5.654524,5.4021406,5.6927314
P2_V28_Phase31,5.0,4.0,5.0,4.0,5.0,6.0685606,5.34226,5.6574626,5.4049983,5.6936674
P2_V28_Phase32,4.0,3.0,4.0,3.0,4.0,6.069301,5.341453,5.6593537,5.4049997,5.6931133
P2_V28_Phase33,5.0,4.0,5.0,4.0,5.0,6.068937,5.3418355,5.6576204,5.4045076,5.6937885
P2_V28_Phase34,7.0,6.0,7.0,6.0,7.0,6.0668693,5.342073,5.654367,5.4027405,5.69314
P2_V28_Phase35,5.0,4.0,4.0,5.0,4.0,6.0639114,5.339357,5.6510034,5.3994017,5.6899285
P2_V28_Phase36,5.0,4.0,5.0,4.0,4.0,6.064875,5.3410525,5.6530623,5.400854,5.6920686
P2_V28_Phase37,5.0,4.0,5.0,4.0,5.0,6.069392,5.342508,5.658262,5.4053946,5.6941614
P2_V28_Phase38,5.0,4.0,5.0,4.0,5.0,6.065933,5.3411794,5.6537414,5.4019117,5.6921787
P2_V28_Phase39,4.0,3.0,4.0,3.0,3.0,6.069598,5.3443923,5.6570563,5.404652,5.6957684
P2_V28_Phase4,4.0,3.0,4.0,3.0,4.0,6.0619106,5.3371596,5.6495576,5.39902,5.6877246
P2_V28_Phase40,9.0,8.0,9.0,8.0,9.0,6.0685163,5.343647,5.657333,5.405094,5.694216
P2_V28_Phase41,9.0,8.0,9.0,8.0,9.0,6.063402,5.3385057,5.651893,5.400276,5.687969
P2_V28_Phase42,9.0,8.0,9.0,8.0,9.0,6.064146,5.3387504,5.652922,5.4002047,5.690568
P2_V28_Phase43,9.0,8.0,9.0,8.0,9.0,6.071048,5.3437986,5.659899,5.4050865,5.6956167
P2_V28_Phase44,4.0,3.0,4.0,3.0,4.0,6.0623713,5.3397474,5.6491632,5.39698,5.6895857
P2_V28_Phase45,9.0,8.0,9.0,8.0,9.0,6.0682282,5.3434906,5.6560855,5.404237,5.694134
P2_V28_Phase46,5.0,5.0,4.0,5.0,4.0,6.064272,5.340581,5.6518855,5.4002285,5.691139
P2_V28_Phase47,9.0,8.0,9.0,8.0,9.0,6.068982,5.3421626,5.6579986,5.405269,5.6946406
P2_V28_Phase48,7.0,6.0,7.0,6.0,7.0,6.069212,5.3426495,5.658655,5.4051642,5.6943483
P2_V28_Phase49,5.0,5.0,4.0,5.0,4.0,6.0668364,5.3431134,5.655232,5.401001,5.6930685
P2_V28_Phase5,7.0,6.0,7.0,6.0,7.0,6.064584,5.3405957,5.653785,5.4013643,5.6912622
P2_V28_Phase50,4.0,3.0,4.0,3.0,4.0,6.0685415,5.341306,5.6584563,5.404744,5.691692
P2_V28_Phase6,9.0,8.0,9.0,8.0,9.0,6.0679073,5.3437448,5.65603,5.404111,5.694417
P2_V28_Phase7,9.0,8.0,9.0,8.0,9.0,6.0652466,5.341544,5.653973,5.4011593,5.6917424
P2_V28_Phase8,7.0,7.0,6.0,7.0,6.0,6.0657926,5.3406577,5.6540337,5.401107,5.6919065
P2_V28_Phase9,2.0,1.0,2.0,1.0,2.0,6.070407,5.343579,5.6591787,5.4055576,5.69604
P2_V2_Phase1,9.0,9.0,9.0,9.0,9.0,6.066925,5.3415875,5.65494,5.404195,5.692088
P2_V2_Phase10,5.0,4.0,5.0,4.0,5.0,6.0646296,5.3403068,5.652145,5.4006796,5.6911745
P2_V2_Phase11,5.0,4.0,5.0,4.0,3.0,6.0636573,5.33839,5.651852,5.4019914,5.6891737
P2_V2_Phase12,5.0,4.0,5.0,4.0,5.0,6.0683823,5.3435903,5.655867,5.404892,5.6946716
P2_V2_Phase13,7.0,7.0,7.0,6.0,7.0,6.070342,5.342524,5.6590104,5.4066963,5.69487
P2_V2_Phase14,9.0,8.0,8.0,9.0,8.0,6.0667877,5.339071,5.6561,5.4060793,5.6900024
P2_V2_Phase15,9.0,8.0,8.0,9.0,8.0,6.0669007,5.3411107,5.654688,5.4024954,5.693207
P2_V2_Phase16,7.0,6.0,7.0,6.0,7.0,6.06998,5.343988,5.6580505,5.4051743,5.6958456
P2_V2_Phase17,9.0,8.0,9.0,8.0,9.0,6.069683,5.343024,5.6581483,5.4043837,5.695429
P2_V2_Phase18,7.0,6.0,7.0,6.0,7.0,6.061017,5.3374915,5.648495,5.396674,5.6877155
P2_V2_Phase19,7.0,7.0,6.0,7.0,6.0,6.0672255,5.3415456,5.6547303,5.403758,5.6931047
P2_V2_Phase2,5.0,4.0,5.0,4.0,3.0,6.064642,5.341057,5.6530538,5.398139,5.691102
P2_V2_Phase20,7.0,7.0,6.0,7.0,6.0,6.0736923,5.34647,5.662742,5.4079394,5.698591
P2_V2_Phase21,7.0,6.0,7.0,6.0,6.0,6.0691833,5.343841,5.6569366,5.404178,5.695095
P2_V2_Phase22,7.0,7.0,6.0,6.0,7.0,6.0700674,5.3435655,5.659566,5.406058,5.695983
P2_V2_Phase23,5.0,4.0,5.0,4.0,5.0,6.0668955,5.340938,5.65605,5.4021587,5.691492
P2_V2_Phase24,9.0,8.0,8.0,9.0,8.0,6.069113,5.342791,5.659005,5.4045267,5.6932473
P2_V2_Phase25,4.0,5.0,4.0,3.0,4.0,6.068121,5.343459,5.655366,5.404077,5.6944637
P2_V2_Phase26,9.0,8.0,9.0,8.0,9.0,6.072279,5.3427362,5.6623464,5.40856,5.695666
P2_V2_Phase27,9.0,8.0,9.0,8.0,9.0,6.0640574,5.336882,5.6542687,5.40197,5.686713
P2_V2_Phase28,9.0,9.0,9.0,9.0,9.0,6.068128,5.341454,5.6575713,5.4049683,5.691865
P2_V2_Phase29,5.0,4.0,5.0,4.0,4.0,6.067733,5.341848,5.6553893,5.403079,5.6937637
P2_V2_Phase3,7.0,6.0,7.0,6.0,7.0,6.064804,5.3394246,5.654453,5.402443,5.6902704
P2_V2_Phase30,7.0,7.0,7.0,6.0,6.0,6.066695,5.3408303,5.656313,5.4032893,5.6928487
P2_V2_Phase31,7.0,7.0,7.0,6.0,7.0,6.06998,5.3452773,5.6584754,5.405612,5.6962395
P2_V2_Phase32,9.0,9.0,9.0,9.0,9.0,6.0702553,5.3435855,5.6592336,5.4058895,5.695898
P2_V2_Phase33,9.0,9.0,9.0,9.0,9.0,6.0705805,5.3451924,5.6578507,5.4055657,5.69646
P2_V2_Phase34,9.0,8.0,9.0,9.0,9.0,6.06293,5.340153,5.649316,5.39825,5.6901064
P2_V2_Phase35,9.0,9.0,9.0,9.0,9.0,6.075144,5.34681,5.6659694,5.4106913,5.700144
P2_V2_Phase36,9.0,9.0,9.0,9.0,9.0,6.071924,5.344876,5.6609178,5.4075785,5.697747
P2_V2_Phase37,9.0,8.0,9.0,8.0,9.0,6.0710964,5.345348,5.659349,5.4060893,5.697393
P2_V2_Phase38,7.0,7.0,7.0,6.0,6.0,6.0695896,5.343333,5.6583214,5.406331,5.695315
P2_V2_Phase39,9.0,9.0,8.0,9.0,9.0,6.0682034,5.3423285,5.6569505,5.403388,5.694079
P2_V2_Phase4,5.0,4.0,5.0,4.0,4.0,6.0655184,5.3392215,5.653697,5.4016714,5.690779
P2_V2_Phase40,7.0,7.0,7.0,6.0,7.0,6.06638,5.339494,5.6553125,5.4030304,5.69112
P2_V2_Phase41,5.0,4.0,4.0,5.0,4.0,6.071136,5.3444953,5.6588492,5.405703,5.6964645
P2_V2_Phase5,9.0,8.0,9.0,8.0,9.0,6.0683823,5.3427424,5.655786,5.4038343,5.694194
P2_V2_Phase6,5.0,4.0,4.0,3.0,4.0,6.0648217,5.3413463,5.651736,5.400241,5.69153
P2_V2_Phase7,7.0,6.0,7.0,6.0,6.0,6.066653,5.340403,5.6562915,5.4032526,5.6919456
P2_V2_Phase8,7.0,6.0,7.0,6.0,7.0,6.0706873,5.3428435,5.6591516,5.405525,5.6951003
P2_V2_Phase9,7.0,6.0,6.0,7.0,6.0,6.069644,5.344729,5.658068,5.405591,5.696375
P2_V3_Phase1,7.0,6.0,7.0,7.0,6.0,6.0626464,5.3389807,5.6515474,5.3990693,5.688093
P2_V3_Phase10,9.0,8.0,9.0,8.0,9.0,6.06617,5.341103,5.6545167,5.402836,5.6922216
P2_V3_Phase11,9.0,8.0,9.0,9.0,8.0,6.068077,5.341187,5.6594787,5.4028025,5.692331
P2_V3_Phase12,5.0,4.0,5.0,4.0,5.0,6.070716,5.3435845,5.6598954,5.4067984,5.696124
P2_V3_Phase13,9.0,8.0,9.0,8.0,9.0,6.0689096,5.342345,5.658385,5.4042053,5.6946073
P2_V3_Phase14,9.0,8.0,9.0,8.0,9.0,6.069524,5.3432775,5.65834,5.404418,5.6951227
P2_V3_Phase15,5.0,4.0,5.0,4.0,5.0,6.069562,5.345302,5.658051,5.4032183,5.6961427
P2_V3_Phase16,4.0,3.0,4.0,3.0,4.0,6.0706253,5.343984,5.658909,5.404994,5.696145
P2_V3_Phase17,5.0,4.0,5.0,4.0,5.0,6.0672617,5.34136,5.654918,5.4020424,5.69326
P2_V3_Phase18,2.0,1.0,2.0,1.0,2.0,6.0675087,5.3425117,5.6553307,5.4035306,5.6940284
P2_V3_Phase19,7.0,6.0,7.0,6.0,7.0,6.064501,5.34025,5.6525216,5.39845,5.6909676
P2_V3_Phase2,7.0,7.0,6.0,7.0,6.0,6.0634274,5.3399224,5.6500673,5.4000244,5.690523
P2_V3_Phase20,2.0,1.0,2.0,1.0,2.0,6.06682,5.343077,5.654472,5.400934,5.6935186
P2_V3_Phase21,4.0,3.0,4.0,3.0,4.0,6.064747,5.3391886,5.653043,5.399909,5.6896677
P2_V3_Phase22,7.0,7.0,6.0,7.0,7.0,6.0687637,5.3417516,5.6578813,5.4041624,5.694447
P2_V3_Phase23,7.0,6.0,7.0,6.0,7.0,6.0688515,5.342978,5.6574993,5.4040937,5.694253
P2_V3_Phase24,4.0,5.0,4.0,3.0,4.0,6.0710344,5.3448396,5.660272,5.406726,5.696183
P2_V3_Phase25,9.0,8.0,9.0,8.0,9.0,6.0654,5.339853,5.654434,5.401431,5.6910176
P2_V3_Phase26,5.0,4.0,5.0,4.0,5.0,6.06868,5.342954,5.6576533,5.40522,5.6931114
P2_V3_Phase27,7.0,6.0,7.0,6.0,7.0,6.068188,5.34234,5.656626,5.403328,5.693434
P2_V3_Phase28,5.0,4.0,5.0,4.0,5.0,6.0689793,5.3427143,5.6581783,5.4045286,5.694436
P2_V3_Phase29,5.0,4.0,5.0,4.0,5.0,6.0703664,5.3427625,5.659502,5.405687,5.6952844
P2_V3_Phase3,7.0,7.0,6.0,7.0,6.0,6.0688505,5.3418508,5.6587434,5.4054484,5.6938663
P2_V3_Phase30,9.0,8.0,9.0,8.0,9.0,6.0720186,5.3431263,5.662611,5.4082,5.695159
P2_V3_Phase31,5.0,4.0,5.0,4.0,5.0,6.0710545,5.3434114,5.660316,5.406411,5.6960554
P2_V3_Phase32,7.0,6.0,7.0,6.0,7.0,6.0685496,5.340822,5.6581006,5.40487,5.6930575
P2_V3_Phase33,7.0,6.0,7.0,6.0,7.0,6.06484,5.337578,5.655257,5.4007435,5.6889167
P2_V3_Phase34,9.0,8.0,9.0,8.0,9.0,6.0651016,5.3399262,5.6537223,5.4010544,5.691264
P2_V3_Phase35,5.0,4.0,5.0,4.0,5.0,6.066657,5.3408904,5.6555657,5.401971,5.6923504
P2_V3_Phase36,9.0,8.0,9.0,8.0,9.0,6.0619726,5.3377404,5.6494174,5.3986387,5.688397
P2_V3_Phase37,7.0,6.0,7.0,6.0,7.0,6.070472,5.3429275,5.6599374,5.4069657,5.6953144
P2_V3_Phase38,7.0,7.0,7.0,6.0,7.0,6.0676875,5.3418612,5.6571755,5.403845,5.6934543
P2_V3_Phase39,2.0,1.0,2.0,1.0,2.0,6.0658665,5.3405433,5.6531777,5.4016495,5.691657
P2_V3_Phase4,9.0,8.0,9.0,8.0,9.0,6.07337,5.345593,5.662471,5.4085083,5.698613
P2_V3_Phase40,7.0,7.0,6.0,7.0,6.0,6.0675025,5.341182,5.6559296,5.403879,5.692548
P2_V3_Phase41,7.0,7.0,6.0,6.0,7.0,6.065037,5.338367,5.6559377,5.4025345,5.688949
P2_V3_Phase42,4.0,5.0,4.0,3.0,4.0,6.064489,5.3392906,5.652615,5.3996367,5.690715
P2_V3_Phase43,7.0,7.0,6.0,6.0,7.0,6.065377,5.3379188,5.6548724,5.4008365,5.6894975
P2_V3_Phase44,2.0,1.0,2.0,1.0,2.0,6.0681276,5.3417497,5.6571565,5.4037986,5.692752
P2_V3_Phase45,9.0,8.0,9.0,8.0,9.0,6.0680695,5.3430676,5.655696,5.4041634,5.694837
P2_V3_Phase46,7.0,6.0,7.0,6.0,7.0,6.074347,5.3473697,5.665482,5.408684,5.6993475
P2_V3_Phase47,7.0,7.0,7.0,6.0,7.0,6.0738773,5.3475018,5.6637645,5.4083896,5.699271
P2_V3_Phase48,5.0,4.0,5.0,4.0,5.0,6.065677,5.3402863,5.653954,5.403059,5.6915345
P2_V3_Phase5,9.0,8.0,9.0,8.0,9.0,6.0732503,5.345918,5.663784,5.4087687,5.699014
P2_V3_Phase6,7.0,6.0,7.0,6.0,7.0,6.070486,5.3436675,5.6583285,5.4044714,5.6953926
P2_V3_Phase7,9.0,8.0,9.0,8.0,8.0,6.0691442,5.342768,5.6570716,5.40462,5.694852
P2_V3_Phase8,4.0,3.0,4.0,3.0,4.0,6.0672417,5.342672,5.6556754,5.401309,5.6936564
P2_V3_Phase9,7.0,6.0,7.0,6.0,7.0,6.064621,5.3399034,5.653048,5.401556,5.690028
P2_V4_Phase1,5.0,4.0,5.0,4.0,5.0,6.066627,5.3357396,5.6547923,5.4060717,5.6881332
P2_V4_Phase10,9.0,8.0,9.0,8.0,9.0,6.0654507,5.3404016,5.653495,5.4022226,5.691659
P2_V4_Phase11,9.0,8.0,9.0,8.0,8.0,6.066641,5.3399158,5.656774,5.4046783,5.6899157
P2_V4_Phase12,9.0,9.0,8.0,8.0,9.0,6.070195,5.342232,5.6578693,5.405796,5.694254
P2_V4_Phase13,9.0,9.0,8.0,8.0,9.0,6.0652304,5.341003,5.652477,5.40065,5.691678
P2_V4_Phase14,5.0,4.0,5.0,4.0,5.0,6.0715857,5.343928,5.659244,5.406399,5.6960545
P2_V4_Phase15,9.0,9.0,9.0,9.0,9.0,6.069664,5.342482,5.6604476,5.4040184,5.6921577
P2_V4_Phase16,7.0,7.0,6.0,7.0,6.0,6.067873,5.343085,5.654478,5.4033413,5.694045
P2_V4_Phase17,9.0,9.0,9.0,9.0,9.0,6.0672894,5.3409677,5.6549087,5.402547,5.693037
P2_V4_Phase18,7.0,6.0,7.0,7.0,6.0,6.0663567,5.3421836,5.6543775,5.4007607,5.6929264
P2_V4_Phase19,5.0,4.0,5.0,4.0,4.0,6.0652094,5.3405967,5.652655,5.4010153,5.6917505
P2_V4_Phase2,5.0,4.0,5.0,4.0,5.0,6.0735974,5.345199,5.66333,5.409426,5.6980276
P2_V4_Phase20,4.0,3.0,4.0,3.0,3.0,6.066016,5.341172,5.654041,5.401268,5.6925764
P2_V4_Phase21,7.0,7.0,6.0,7.0,6.0,6.064328,5.3389764,5.652127,5.3994346,5.690263
P2_V4_Phase22,9.0,8.0,9.0,8.0,9.0,6.0677733,5.34199,5.655734,5.4040613,5.6932755
P2_V4_Phase23,5.0,4.0,5.0,4.0,5.0,6.072521,5.344328,5.6619244,5.4078927,5.697459
P2_V4_Phase24,4.0,3.0,4.0,3.0,4.0,6.0616436,5.3372693,5.6486416,5.3987436,5.688008
P2_V4_Phase25,7.0,6.0,7.0,6.0,7.0,6.0681257,5.3418565,5.658337,5.403373,5.692175
P2_V4_Phase26,4.0,3.0,4.0,3.0,4.0,6.0656404,5.34088,5.6542563,5.401908,5.692152
P2_V4_Phase27,5.0,5.0,3.0,5.0,5.0,6.0650644,5.340473,5.652083,5.4005647,5.6911187
P2_V4_Phase28,2.0,1.0,2.0,2.0,2.0,6.0685344,5.3427806,5.657206,5.404164,5.694279
P2_V4_Phase29,5.0,4.0,5.0,4.0,4.0,6.067765,5.340342,5.6565766,5.4049087,5.6913004
P2_V4_Phase3,9.0,8.0,9.0,8.0,9.0,6.0649724,5.339845,5.6521335,5.40058,5.690834
P2_V4_Phase30,9.0,8.0,9.0,8.0,9.0,6.0735893,5.347732,5.6635356,5.409754,5.6991625
P2_V4_Phase31,9.0,9.0,9.0,9.0,9.0,6.069232,5.343683,5.658236,5.4027777,5.6946383
P2_V4_Phase32,7.0,7.0,6.0,7.0,6.0,6.063427,5.340103,5.6518936,5.398363,5.69008
P2_V4_Phase33,9.0,8.0,9.0,8.0,9.0,6.0658655,5.3410068,5.655768,5.402409,5.6906185
P2_V4_Phase34,9.0,8.0,9.0,8.0,9.0,6.069524,5.343008,5.658194,5.404703,5.6952477
P2_V4_Phase35,7.0,7.0,6.0,7.0,6.0,6.069522,5.3423877,5.660066,5.405979,5.695003
P2_V4_Phase36,5.0,4.0,5.0,4.0,5.0,6.0689964,5.3441224,5.656717,5.4028563,5.6948786
P2_V4_Phase37,2.0,1.0,2.0,1.0,2.0,6.070055,5.34279,5.658049,5.4050016,5.6950545
P2_V4_Phase38,7.0,6.0,7.0,6.0,7.0,6.069272,5.343413,5.657606,5.4044166,5.695115
P2_V4_Phase39,9.0,8.0,9.0,8.0,9.0,6.0688896,5.3426957,5.6565566,5.404039,5.6934595
P2_V4_Phase4,7.0,6.0,7.0,6.0,7.0,6.0659695,5.3401093,5.6556153,5.401848,5.6920595
P2_V4_Phase40,7.0,6.0,7.0,6.0,7.0,6.066368,5.341293,5.6550193,5.4013815,5.6929045
P2_V4_Phase41,7.0,6.0,7.0,6.0,7.0,6.0667844,5.3420873,5.654164,5.402483,5.6930647
P2_V4_Phase42,7.0,7.0,6.0,7.0,6.0,6.06897,5.3428264,5.6569695,5.4040537,5.6948357
P2_V4_Phase43,7.0,7.0,6.0,7.0,6.0,6.068549,5.343081,5.656008,5.4053,5.6940084
P2_V4_Phase44,5.0,4.0,5.0,4.0,5.0,6.069269,5.3442597,5.656113,5.4044623,5.694957
P2_V4_Phase45,7.0,6.0,7.0,6.0,7.0,6.070974,5.3463726,5.659161,5.405091,5.6973953
P2_V4_Phase46,7.0,7.0,6.0,7.0,6.0,6.072888,5.346511,5.6605916,5.4061327,5.6982665
P2_V4_Phase47,2.0,1.0,2.0,1.0,2.0,6.069735,5.344134,5.658159,5.4045186,5.6955853
P2_V4_Phase48,2.0,1.0,0.0,1.0,2.0,6.065072,5.341318,5.6515017,5.4005113,5.6911287
P2_V4_Phase49,5.0,4.0,5.0,4.0,5.0,6.06741,5.3417287,5.655542,5.403694,5.692306
P2_V4_Phase5,9.0,8.0,9.0,8.0,9.0,6.067012,5.3395715,5.655069,5.4034615,5.6906676
P2_V4_Phase6,9.0,8.0,9.0,8.0,9.0,6.0671325,5.3412557,5.6546044,5.404052,5.692531
P2_V4_Phase7,7.0,6.0,7.0,6.0,7.0,6.0704527,5.3443637,5.6589093,5.4067497,5.696331
P2_V4_Phase8,9.0,8.0,9.0,8.0,9.0,6.0693774,5.343533,5.657163,5.4050283,5.6950126
P2_V4_Phase9,7.0,6.0,7.0,6.0,7.0,6.0719543,5.3444304,5.6614957,5.407121,5.6963534
P2_V5_Phase1,5.0,4.0,5.0,4.0,4.0,6.0630684,5.338203,5.6501374,5.3997564,5.689106
P2_V5_Phase10,9.0,8.0,9.0,8.0,9.0,6.062442,5.3385615,5.650797,5.3978643,5.689183
P2_V5_Phase11,9.0,8.0,8.0,9.0,8.0,6.064404,5.339724,5.6524653,5.4004183,5.690123
P2_V5_Phase12,9.0,9.0,9.0,9.0,9.0,6.068699,5.3439097,5.6564603,5.403516,5.695012
P2_V5_Phase13,9.0,9.0,9.0,9.0,9.0,6.068782,5.3398466,5.657806,5.405815,5.692499
P2_V5_Phase14,4.0,5.0,4.0,3.0,4.0,6.0706987,5.342359,5.661467,5.406846,5.6935124
P2_V5_Phase15,7.0,6.0,7.0,6.0,7.0,6.0682635,5.341533,5.659019,5.4042606,5.6923366
P2_V5_Phase16,7.0,6.0,7.0,6.0,7.0,6.066168,5.340507,5.6557746,5.4024916,5.691423
P2_V5_Phase17,7.0,6.0,7.0,6.0,7.0,6.0690227,5.343042,5.6568236,5.4042883,5.694949
P2_V5_Phase18,7.0,7.0,7.0,6.0,7.0,6.0658045,5.33913,5.655638,5.402119,5.6906605
P2_V5_Phase19,7.0,7.0,7.0,6.0,7.0,6.0675793,5.3408084,5.655869,5.4025116,5.6931677
P2_V5_Phase2,9.0,9.0,9.0,9.0,9.0,6.061975,5.3365555,5.649647,5.3975782,5.687436
P2_V5_Phase20,5.0,4.0,4.0,5.0,4.0,6.066917,5.3414054,5.6547933,5.4024696,5.69291
P2_V5_Phase21,9.0,8.0,9.0,8.0,9.0,6.070942,5.3421035,5.6595645,5.4073315,5.694498
P2_V5_Phase22,9.0,8.0,9.0,8.0,9.0,6.0701313,5.3439636,5.657957,5.4059725,5.6958475
P2_V5_Phase23,7.0,7.0,6.0,7.0,6.0,6.068344,5.342953,5.657559,5.4050064,5.6921563
P2_V5_Phase24,9.0,9.0,9.0,9.0,9.0,6.066082,5.3401036,5.6539693,5.402431,5.6916428
P2_V5_Phase25,9.0,9.0,9.0,9.0,9.0,6.0672216,5.3421617,5.6555276,5.4031773,5.693678
P2_V5_Phase26,7.0,7.0,7.0,6.0,6.0,6.065729,5.3432155,5.652851,5.399463,5.692817
P2_V5_Phase27,7.0,7.0,6.0,7.0,6.0,6.069309,5.3423414,5.6568894,5.40318,5.693902
P2_V5_Phase28,5.0,4.0,5.0,4.0,5.0,6.065053,5.339796,5.6532803,5.399926,5.691229
P2_V5_Phase29,5.0,4.0,5.0,4.0,5.0,6.066346,5.342769,5.6535125,5.4010572,5.693077
P2_V5_Phase3,9.0,8.0,9.0,8.0,9.0,6.0674543,5.3416705,5.6551948,5.4025435,5.693303
P2_V5_Phase30,5.0,4.0,4.0,5.0,4.0,6.0691805,5.3423786,5.657721,5.404408,5.6942534
P2_V5_Phase31,7.0,6.0,7.0,6.0,7.0,6.065076,5.33851,5.6542444,5.4025984,5.689243
P2_V5_Phase32,9.0,8.0,9.0,8.0,9.0,6.0692244,5.3430104,5.6588974,5.405978,5.694459
P2_V5_Phase33,9.0,9.0,9.0,9.0,9.0,6.0655174,5.3395395,5.6539474,5.4026265,5.69014
P2_V5_Phase34,7.0,6.0,7.0,6.0,7.0,6.067179,5.340381,5.655213,5.405539,5.6904283
P2_V5_Phase35,5.0,4.0,5.0,4.0,5.0,6.0685577,5.3419633,5.657612,5.4046564,5.6934423
P2_V5_Phase36,7.0,6.0,7.0,7.0,6.0,6.0644436,5.339562,5.6529446,5.3995137,5.690832
P2_V5_Phase37,5.0,4.0,5.0,4.0,4.0,6.0718255,5.3443837,5.6611276,5.4067984,5.696472
P2_V5_Phase38,2.0,1.0,1.0,2.0,2.0,6.063609,5.3395514,5.650879,5.400138,5.689795
P2_V5_Phase39,7.0,7.0,6.0,7.0,6.0,6.065835,5.341911,5.6547055,5.402083,5.6923485
P2_V5_Phase4,7.0,6.0,6.0,7.0,7.0,6.070055,5.345096,5.657974,5.4048843,5.6965218
P2_V5_Phase40,5.0,4.0,5.0,4.0,5.0,6.0681086,5.344073,5.6555266,5.4022856,5.6940956
P2_V5_Phase41,5.0,4.0,5.0,4.0,5.0,6.0676517,5.34203,5.6552625,5.4031434,5.6936774
P2_V5_Phase42,4.0,3.0,3.0,4.0,3.0,6.06925,5.3398423,5.657535,5.4080777,5.6911416
P2_V5_Phase43,2.0,1.0,2.0,1.0,2.0,6.0643306,5.3397975,5.6529837,5.4007006,5.6896725
P2_V5_Phase44,5.0,4.0,5.0,4.0,4.0,6.0656643,5.3413486,5.651997,5.402034,5.691772
P2_V5_Phase45,4.0,3.0,4.0,3.0,4.0,6.064539,5.3395886,5.6519914,5.3999023,5.690852
P2_V5_Phase5,7.0,6.0,7.0,6.0,7.0,6.068202,5.3449483,5.6551657,5.4043837,5.694995
P2_V5_Phase6,7.0,6.0,7.0,6.0,7.0,6.0693283,5.343209,5.6579227,5.4041667,5.6946974
P2_V5_Phase7,9.0,8.0,9.0,8.0,9.0,6.066587,5.341411,5.6543374,5.4020643,5.6921244
P2_V5_Phase8,9.0,9.0,9.0,9.0,9.0,6.0687656,5.341171,5.658235,5.4036484,5.6920853
P2_V5_Phase9,0.0,0.0,0.0,0.0,0.0,6.0686665,5.342434,5.6573195,5.4038587,5.6942215
P2_V6_Phase1,5.0,4.0,5.0,5.0,5.0,6.0661287,5.341579,5.6545396,5.4013624,5.6924086
P2_V6_Phase10,9.0,8.0,8.0,9.0,8.0,6.065901,5.3408275,5.6544695,5.400482,5.6923447
P2_V6_Phase11,9.0,8.0,8.0,9.0,8.0,6.0703464,5.3444066,5.657966,5.404273,5.696067
P2_V6_Phase12,7.0,6.0,7.0,6.0,6.0,6.071086,5.3449645,5.6588182,5.4049544,5.6969476
P2_V6_Phase13,5.0,4.0,5.0,4.0,5.0,6.070649,5.342278,5.6598897,5.4068403,5.6947756
P2_V6_Phase14,5.0,4.0,5.0,4.0,5.0,6.0719624,5.3453307,5.659695,5.4069138,5.6968937
P2_V6_Phase15,2.0,1.0,2.0,1.0,2.0,6.0615788,5.337706,5.649724,5.396987,5.687858
P2_V6_Phase16,4.0,3.0,4.0,3.0,4.0,6.0660124,5.340366,5.655133,5.4017997,5.6915855
P2_V6_Phase17,0.0,0.0,1.0,0.0,0.0,6.063716,5.339016,5.651269,5.399519,5.689905
P2_V6_Phase18,2.0,1.0,1.0,2.0,2.0,6.0688715,5.3426294,5.6570544,5.4045315,5.694849
P2_V6_Phase19,1.0,0.0,1.0,0.0,1.0,6.0665727,5.340875,5.654902,5.402671,5.69256
P2_V6_Phase2,7.0,6.0,7.0,6.0,7.0,6.067127,5.3423076,5.6540155,5.4025307,5.6933575
P2_V6_Phase20,4.0,3.0,3.0,4.0,4.0,6.0712376,5.3418584,5.660998,5.4074087,5.6946764
P2_V6_Phase21,9.0,8.0,8.0,9.0,8.0,6.0656514,5.3417497,5.6526947,5.4010105,5.6921463
P2_V6_Phase22,9.0,9.0,9.0,9.0,9.0,6.0704308,5.340492,5.660218,5.4082994,5.6927385
P2_V6_Phase23,7.0,7.0,6.0,6.0,6.0,6.0701184,5.3431315,5.660202,5.4065905,5.69516
P2_V6_Phase24,9.0,8.0,9.0,8.0,8.0,6.0715685,5.3437366,5.661546,5.4084644,5.696726
P2_V6_Phase25,5.0,4.0,5.0,4.0,5.0,6.063019,5.3400083,5.649791,5.397726,5.689865
P2_V6_Phase26,7.0,7.0,6.0,7.0,6.0,6.0633125,5.341455,5.650306,5.399275,5.691149
P2_V6_Phase27,5.0,4.0,4.0,4.0,5.0,6.0640864,5.337567,5.6548915,5.4018946,5.688579
P2_V6_Phase28,4.0,3.0,4.0,3.0,3.0,6.065095,5.339833,5.652777,5.4006586,5.6912136
P2_V6_Phase29,2.0,1.0,2.0,0.0,1.0,6.068635,5.3455567,5.6556697,5.403659,5.6952615
P2_V6_Phase3,4.0,3.0,4.0,3.0,4.0,6.068796,5.342566,5.657335,5.4050107,5.6923523
P2_V6_Phase30,4.0,3.0,4.0,3.0,4.0,6.0662756,5.340779,5.6552467,5.400716,5.6922274
P2_V6_Phase31,4.0,4.0,3.0,4.0,3.0,6.0680914,5.342969,5.6554437,5.402768,5.6945047
P2_V6_Phase32,7.0,6.0,7.0,6.0,7.0,6.072131,5.3417697,5.661925,5.4078317,5.6939774
P2_V6_Phase33,5.0,4.0,5.0,4.0,5.0,6.066292,5.34178,5.654168,5.402276,5.6923685
P2_V6_Phase4,9.0,8.0,9.0,8.0,9.0,6.067927,5.342958,5.657672,5.4030924,5.693297
P2_V6_Phase5,9.0,8.0,8.0,9.0,8.0,6.065524,5.341058,5.652989,5.4001417,5.6921406
P2_V6_Phase6,9.0,8.0,9.0,8.0,9.0,6.0646906,5.3394036,5.652287,5.401557,5.690936
P2_V6_Phase7,7.0,6.0,7.0,6.0,6.0,6.0670385,5.342453,5.6546135,5.4028816,5.693717
P2_V6_Phase8,7.0,7.0,7.0,6.0,7.0,6.069382,5.3443475,5.6565332,5.402792,5.6953773
P2_V6_Phase9,9.0,9.0,9.0,9.0,9.0,6.0663223,5.3371425,5.6575627,5.405396,5.687936
P2_V7_Phase1,7.0,6.0,7.0,6.0,7.0,6.06854,5.341719,5.657003,5.404022,5.6942134
P2_V7_Phase10,9.0,9.0,8.0,8.0,9.0,6.0711985,5.3444705,5.660866,5.406703,5.6965637
P2_V7_Phase11,5.0,4.0,5.0,4.0,5.0,6.0696235,5.342239,5.6579,5.404338,5.694515
P2_V7_Phase12,7.0,6.0,6.0,6.0,7.0,6.0720363,5.3439684,5.6614823,5.408333,5.6962147
P2_V7_Phase13,2.0,1.0,2.0,1.0,2.0,6.067821,5.342257,5.655681,5.4035754,5.694027
P2_V7_Phase14,4.0,3.0,4.0,3.0,4.0,6.069435,5.342667,5.6581416,5.40464,5.6933975
P2_V7_Phase15,9.0,8.0,9.0,8.0,9.0,6.0699344,5.3441305,5.657883,5.4049635,5.695637
P2_V7_Phase16,7.0,7.0,6.0,7.0,6.0,6.06761,5.341905,5.655495,5.4040494,5.6938543
P2_V7_Phase17,4.0,3.0,4.0,3.0,4.0,6.0689325,5.3418474,5.6568646,5.4036903,5.6933045
P2_V7_Phase18,7.0,6.0,7.0,6.0,7.0,6.065797,5.340272,5.6549253,5.4014015,5.691227
P2_V7_Phase19,7.0,6.0,7.0,6.0,7.0,6.0709105,5.3429017,5.660314,5.4073577,5.69553
P2_V7_Phase2,7.0,6.0,7.0,6.0,7.0,6.071125,5.345012,5.659387,5.405973,5.69619
P2_V7_Phase20,0.0,0.0,0.0,0.0,0.0,6.0698204,5.342364,5.659695,5.4056044,5.694756
P2_V7_Phase21,7.0,6.0,7.0,6.0,7.0,6.0672026,5.341333,5.655853,5.4028845,5.692482
P2_V7_Phase22,5.0,4.0,5.0,4.0,5.0,6.0641556,5.33942,5.6519465,5.4006853,5.6903324
P2_V7_Phase23,7.0,6.0,7.0,6.0,7.0,6.0714264,5.345765,5.659784,5.405526,5.695967
P2_V7_Phase24,7.0,7.0,6.0,7.0,6.0,6.0630527,5.3386297,5.6516247,5.3986144,5.689632
P2_V7_Phase25,7.0,7.0,6.0,6.0,6.0,6.063241,5.339255,5.6499023,5.399125,5.6892962
P2_V7_Phase26,9.0,8.0,9.0,8.0,9.0,6.069772,5.3416333,5.659818,5.406373,5.693303
P2_V7_Phase27,7.0,6.0,7.0,6.0,7.0,6.0694814,5.3456388,5.6580615,5.404715,5.695397
P2_V7_Phase28,2.0,1.0,2.0,1.0,2.0,6.0696135,5.343415,5.6578174,5.404957,5.6955433
P2_V7_Phase29,5.0,4.0,5.0,4.0,5.0,6.0720873,5.343681,5.6610303,5.40687,5.696832
P2_V7_Phase3,7.0,6.0,7.0,6.0,6.0,6.0623183,5.3355327,5.6538405,5.397319,5.68604
P2_V7_Phase30,5.0,4.0,5.0,4.0,5.0,6.070171,5.3451285,5.6580286,5.405198,5.696368
P2_V7_Phase31,5.0,4.0,5.0,4.0,5.0,6.067787,5.3417125,5.656222,5.4030066,5.6932373
P2_V7_Phase32,5.0,4.0,5.0,4.0,5.0,6.06735,5.3405595,5.6553226,5.4034243,5.692398
P2_V7_Phase33,4.0,3.0,4.0,3.0,4.0,6.0700316,5.3437877,5.657819,5.4051924,5.695757
P2_V7_Phase34,7.0,6.0,7.0,6.0,7.0,6.06847,5.3426003,5.655976,5.40305,5.6934786
P2_V7_Phase35,9.0,8.0,9.0,8.0,9.0,6.065942,5.3406234,5.6559696,5.402128,5.6901555
P2_V7_Phase36,9.0,8.0,8.0,9.0,8.0,6.0673256,5.3421416,5.656487,5.404366,5.690131
P2_V7_Phase37,7.0,6.0,7.0,6.0,6.0,6.070934,5.3459926,5.658627,5.404546,5.696814
P2_V7_Phase38,9.0,8.0,9.0,8.0,9.0,6.063443,5.3397174,5.6503234,5.4000797,5.690589
P2_V7_Phase39,5.0,4.0,5.0,4.0,5.0,6.071651,5.3427052,5.6618323,5.4084234,5.695369
P2_V7_Phase4,2.0,1.0,2.0,1.0,2.0,6.069084,5.343051,5.658796,5.4039154,5.6933193
P2_V7_Phase40,5.0,4.0,5.0,4.0,5.0,6.071604,5.3439326,5.6606674,5.4072003,5.6952496
P2_V7_Phase41,4.0,3.0,4.0,3.0,4.0,6.0686464,5.342191,5.656746,5.404421,5.693549
P2_V7_Phase42,5.0,4.0,5.0,4.0,5.0,6.0684824,5.342438,5.657684,5.403422,5.6938725
P2_V7_Phase43,5.0,4.0,5.0,4.0,5.0,6.0674067,5.3417034,5.6544933,5.4029975,5.692662
P2_V7_Phase44,4.0,3.0,4.0,3.0,4.0,6.06733,5.3420424,5.655837,5.4021335,5.693261
P2_V7_Phase46,9.0,8.0,9.0,8.0,9.0,6.072494,5.3443594,5.661332,5.4080124,5.697067
P2_V7_Phase47,5.0,4.0,4.0,5.0,4.0,6.069293,5.3431635,5.6573157,5.405485,5.6940894
P2_V7_Phase48,7.0,6.0,7.0,6.0,6.0,6.065887,5.341146,5.6544385,5.4001765,5.6923122
P2_V7_Phase49,9.0,8.0,9.0,8.0,9.0,6.068821,5.34186,5.657949,5.4052224,5.6935654
P2_V7_Phase5,7.0,7.0,6.0,7.0,6.0,6.0693507,5.343513,5.657219,5.40483,5.6952753
P2_V7_Phase50,4.0,3.0,4.0,3.0,4.0,6.0671606,5.341282,5.655036,5.40221,5.692355
P2_V7_Phase6,9.0,8.0,9.0,8.0,9.0,6.069414,5.341486,5.6596637,5.407157,5.6934533
P2_V7_Phase7,5.0,4.0,5.0,4.0,5.0,6.067526,5.3415356,5.6555343,5.4035907,5.6930046
P2_V7_Phase8,2.0,1.0,2.0,1.0,2.0,6.06625,5.3379073,5.6573615,5.4041176,5.68903
P2_V7_Phase9,5.0,4.0,5.0,4.0,5.0,6.0699186,5.342217,5.6592946,5.405658,5.693639
P2_V8_Phase1,7.0,6.0,6.0,7.0,7.0,6.069584,5.3427043,5.657557,5.4057307,5.694271
P2_V8_Phase10,7.0,7.0,6.0,7.0,6.0,6.0688133,5.3430934,5.655969,5.404306,5.6946726
P2_V8_Phase11,6.0,6.0,7.0,6.0,7.0,6.0612054,5.335431,5.650335,5.397151,5.6855516
P2_V8_Phase12,7.0,7.0,6.0,7.0,6.0,6.069707,5.3457274,5.6568503,5.4017897,5.696353
P2_V8_Phase13,3.0,4.0,3.0,4.0,3.0,6.0650463,5.339196,5.652944,5.4026833,5.6898117
P2_V8_Phase14,5.0,4.0,5.0,4.0,5.0,6.065906,5.339298,5.654947,5.402997,5.6894956
P2_V8_Phase15,9.0,8.0,9.0,8.0,9.0,6.066601,5.340478,5.6549525,5.40246,5.691716
P2_V8_Phase16,5.0,4.0,5.0,4.0,5.0,6.0646086,5.3416686,5.6515107,5.4000335,5.6917486
P2_V8_Phase17,5.0,5.0,4.0,5.0,5.0,6.066701,5.3426595,5.6540504,5.403156,5.692534
P2_V8_Phase18,7.0,6.0,7.0,6.0,7.0,6.067503,5.342929,5.655522,5.401599,5.694018
P2_V8_Phase19,4.0,5.0,4.0,3.0,4.0,6.065151,5.341064,5.6530366,5.400739,5.691596
P2_V8_Phase2,7.0,7.0,7.0,6.0,7.0,6.0715065,5.343139,5.659697,5.4077725,5.695615
P2_V8_Phase20,4.0,5.0,4.0,3.0,4.0,6.066696,5.3411283,5.654878,5.401928,5.6930037
P2_V8_Phase21,5.0,5.0,4.0,5.0,4.0,6.0668736,5.342368,5.654033,5.402967,5.69308
P2_V8_Phase22,7.0,7.0,6.0,7.0,6.0,6.06954,5.3440995,5.658105,5.405081,5.695304
P2_V8_Phase23,7.0,7.0,6.0,7.0,6.0,6.0675106,5.342667,5.656776,5.401614,5.6919546
P2_V8_Phase24,7.0,7.0,6.0,7.0,6.0,6.0663695,5.342729,5.6535134,5.402219,5.693281
P2_V8_Phase25,7.0,7.0,6.0,7.0,6.0,6.0690813,5.3433623,5.6580806,5.4045987,5.6953473
P2_V8_Phase26,9.0,8.0,9.0,8.0,9.0,6.0643597,5.34088,5.6517043,5.398948,5.6914635
P2_V8_Phase27,9.0,8.0,8.0,9.0,8.0,6.06683,5.34155,5.6543097,5.4015536,5.6929054
P2_V8_Phase28,9.0,9.0,9.0,9.0,9.0,6.0712934,5.3439355,5.659741,5.4077525,5.696535
P2_V8_Phase29,5.0,4.0,5.0,4.0,5.0,6.0690756,5.343596,5.6572523,5.404908,5.6949344
P2_V8_Phase3,5.0,5.0,4.0,5.0,5.0,6.0630226,5.338515,5.6520123,5.397481,5.688282
P2_V8_Phase30,9.0,8.0,9.0,8.0,9.0,6.068285,5.342891,5.6561475,5.4038715,5.6935763
P2_V8_Phase31,9.0,8.0,9.0,8.0,9.0,6.066482,5.340802,5.6551776,5.4022417,5.6927714
P2_V8_Phase32,5.0,4.0,5.0,4.0,5.0,6.070108,5.3436,5.65891,5.4051833,5.695161
P2_V8_Phase33,9.0,9.0,9.0,9.0,9.0,6.0732117,5.3454266,5.663103,5.4082727,5.698004
P2_V8_Phase34,9.0,8.0,9.0,8.0,9.0,6.072829,5.346728,5.660652,5.408701,5.6978874
P2_V8_Phase35,4.0,3.0,4.0,3.0,4.0,6.063784,5.3401103,5.6512647,5.398823,5.6902676
P2_V8_Phase36,7.0,7.0,7.0,6.0,7.0,6.0682106,5.3418765,5.656548,5.4033914,5.6944246
P2_V8_Phase37,7.0,7.0,6.0,7.0,6.0,6.064719,5.33978,5.6536283,5.4006987,5.690865
P2_V8_Phase38,7.0,6.0,6.0,7.0,6.0,6.0658274,5.340265,5.6545267,5.402329,5.691048
P2_V8_Phase39,5.0,4.0,4.0,5.0,4.0,6.073107,5.3457956,5.6628237,5.4093237,5.697609
P2_V8_Phase4,5.0,4.0,5.0,4.0,4.0,6.0650163,5.3397145,5.6530128,5.3997526,5.691412
P2_V8_Phase40,7.0,7.0,6.0,7.0,6.0,6.0709505,5.3425984,5.6641355,5.407086,5.6943064
P2_V8_Phase41,7.0,7.0,7.0,6.0,6.0,6.065618,5.3403974,5.657924,5.4038982,5.690838
P2_V8_Phase42,9.0,8.0,9.0,8.0,9.0,6.0715933,5.3450613,5.660854,5.4071364,5.695917
P2_V8_Phase43,2.0,1.0,1.0,2.0,2.0,6.0743675,5.3472123,5.6651917,5.408885,5.697816
P2_V8_Phase44,2.0,1.0,2.0,1.0,2.0,6.0697823,5.3435,5.65875,5.404937,5.695199
P2_V8_Phase45,4.0,3.0,3.0,4.0,3.0,6.065337,5.3413105,5.6517997,5.4014845,5.691903
P2_V8_Phase46,7.0,7.0,7.0,6.0,7.0,6.0704036,5.342096,5.6603465,5.4072146,5.6935534
P2_V8_Phase47,9.0,8.0,9.0,9.0,9.0,6.067706,5.3429284,5.654047,5.4033623,5.693865
P2_V8_Phase48,2.0,1.0,2.0,2.0,2.0,6.066534,5.340634,5.656077,5.403879,5.692038
P2_V8_Phase49,4.0,3.0,4.0,3.0,3.0,6.0652456,5.340918,5.652861,5.4008136,5.6915946
P2_V8_Phase5,7.0,6.0,7.0,7.0,7.0,6.0726476,5.347179,5.660333,5.406316,5.698456
P2_V8_Phase50,5.0,4.0,5.0,4.0,5.0,6.0680943,5.342876,5.6551256,5.4045134,5.694257
P2_V8_Phase51,2.0,1.0,1.0,2.0,2.0,6.0635166,5.3392577,5.6502686,5.3991156,5.688608
P2_V8_Phase6,7.0,7.0,6.0,7.0,7.0,6.065034,5.3407426,5.6529427,5.4007387,5.6908913
P2_V8_Phase7,5.0,4.0,5.0,4.0,5.0,6.066093,5.340713,5.655758,5.402448,5.6908865
P2_V8_Phase8,7.0,6.0,7.0,6.0,7.0,6.070075,5.3434854,5.658223,5.406189,5.694277
P2_V8_Phase9,7.0,7.0,7.0,6.0,7.0,6.0697737,5.343819,5.6579633,5.404619,5.695718
P2_V9_Phase1,7.0,6.0,7.0,6.0,7.0,6.067529,5.3418236,5.6551414,5.40257,5.6938972
P2_V9_Phase10,2.0,1.0,2.0,1.0,2.0,6.0713344,5.3472013,5.659491,5.406459,5.697604
P2_V9_Phase11,5.0,4.0,5.0,4.0,5.0,6.0663366,5.3435435,5.653113,5.401139,5.693409
P2_V9_Phase12,9.0,8.0,9.0,8.0,9.0,6.0658526,5.340709,5.6528907,5.400178,5.6924047
P2_V9_Phase13,5.0,4.0,5.0,4.0,5.0,6.071353,5.3450437,5.660129,5.4075923,5.6973314
P2_V9_Phase14,9.0,8.0,9.0,8.0,9.0,6.064822,5.3404827,5.653867,5.3995075,5.6911
P2_V9_Phase15,9.0,8.0,9.0,8.0,9.0,6.0679555,5.3417926,5.6566234,5.404894,5.6931806
P2_V9_Phase16,7.0,6.0,7.0,6.0,6.0,6.0714593,5.3448005,5.661098,5.4079943,5.6968045
P2_V9_Phase17,9.0,8.0,9.0,8.0,9.0,6.0723357,5.344064,5.6637897,5.40845,5.696776
P2_V9_Phase18,7.0,6.0,7.0,6.0,6.0,6.0719624,5.344447,5.6612096,5.407259,5.6972513
P2_V9_Phase19,4.0,5.0,4.0,3.0,4.0,6.0708876,5.3448815,5.6593947,5.405042,5.6964045
P2_V9_Phase2,7.0,7.0,6.0,7.0,6.0,6.067138,5.3398585,5.6561737,5.4031076,5.692827
P2_V9_Phase20,9.0,8.0,9.0,8.0,9.0,6.065924,5.3420906,5.6549964,5.402193,5.691866
P2_V9_Phase21,9.0,8.0,9.0,8.0,9.0,6.0667124,5.340921,5.655728,5.4025054,5.691767
P2_V9_Phase22,9.0,8.0,9.0,8.0,9.0,6.0686736,5.3419485,5.658151,5.4040337,5.694232
P2_V9_Phase23,4.0,3.0,4.0,3.0,4.0,6.0690284,5.342875,5.6580443,5.4041824,5.6946487
P2_V9_Phase24,9.0,9.0,9.0,9.0,9.0,6.0687494,5.3433995,5.657762,5.4025736,5.693983
P2_V9_Phase25,5.0,4.0,5.0,4.0,5.0,6.069608,5.344609,5.6581583,5.4041557,5.695757
P2_V9_Phase26,9.0,8.0,8.0,9.0,8.0,6.071538,5.34438,5.659823,5.409034,5.6972475
P2_V9_Phase27,7.0,6.0,7.0,6.0,7.0,6.070073,5.3429127,5.6587844,5.4064665,5.695722
P2_V9_Phase28,7.0,6.0,6.0,6.0,7.0,6.075057,5.347453,5.665032,5.4106827,5.700285
P2_V9_Phase29,5.0,4.0,5.0,4.0,5.0,6.0631433,5.3393097,5.649808,5.398631,5.6899834
P2_V9_Phase3,7.0,6.0,7.0,6.0,6.0,6.073266,5.3472676,5.662802,5.407488,5.698909
P2_V9_Phase30,7.0,6.0,7.0,6.0,7.0,6.0745564,5.3464594,5.6646724,5.4103966,5.699587
P2_V9_Phase31,2.0,1.0,2.0,1.0,2.0,6.075021,5.349706,5.6648235,5.410434,5.700556
P2_V9_Phase32,9.0,8.0,9.0,8.0,9.0,6.0687447,5.3416715,5.658278,5.405114,5.693142
P2_V9_Phase33,9.0,8.0,9.0,8.0,9.0,6.0682573,5.3420014,5.656157,5.403495,5.694524
P2_V9_Phase34,2.0,1.0,2.0,1.0,2.0,6.0723925,5.3479486,5.6600356,5.40647,5.6970935
P2_V9_Phase35,9.0,8.0,8.0,9.0,8.0,6.0699825,5.3431525,5.6590505,5.4049735,5.6950803
P2_V9_Phase36,9.0,8.0,9.0,8.0,9.0,6.0687532,5.342549,5.65726,5.4050303,5.6947155
P2_V9_Phase37,9.0,9.0,8.0,8.0,9.0,6.0722294,5.344096,5.6631293,5.4084787,5.6968374
P2_V9_Phase4,7.0,6.0,7.0,6.0,7.0,6.066578,5.3406568,5.6550794,5.4035773,5.692455
P2_V9_Phase5,4.0,3.0,4.0,3.0,4.0,6.0633,5.3390965,5.651035,5.399247,5.689807
P2_V9_Phase6,7.0,6.0,7.0,6.0,7.0,6.0660596,5.340759,5.655155,5.4008884,5.6926765
P2_V9_Phase7,4.0,3.0,4.0,3.0,4.0,6.0650806,5.3409343,5.65328,5.398982,5.6917005
P2_V9_Phase8,5.0,4.0,5.0,4.0,5.0,6.0661592,5.341349,5.653159,5.4026756,5.692233
P2_V9_Phase9,2.0,1.0,2.0,1.0,2.0,6.0698943,5.3430657,5.657067,5.404291,5.694277
P3_V10_Phase1,5.0,5.0,4.0,5.0,4.0,6.0689483,5.341466,5.6588945,5.405506,5.6936407
P3_V10_Phase10,4.0,3.0,4.0,3.0,4.0,6.0681105,5.340282,5.656617,5.40442,5.6919804
P3_V10_Phase11,7.0,6.0,7.0,6.0,7.0,6.068919,5.3436513,5.656773,5.4045506,5.6951694
P3_V10_Phase12,7.0,7.0,6.0,7.0,6.0,6.06927,5.34125,5.6596317,5.405408,5.6923738
P3_V10_Phase13,2.0,2.0,1.0,2.0,2.0,6.0655174,5.341518,5.652923,5.400586,5.692112
P3_V10_Phase14,7.0,6.0,7.0,6.0,7.0,6.0709276,5.3446884,5.658134,5.4047394,5.696333
P3_V10_Phase15,7.0,6.0,7.0,6.0,7.0,6.069524,5.3432384,5.658992,5.4058065,5.694574
P3_V10_Phase16,5.0,4.0,5.0,4.0,5.0,6.06724,5.3407006,5.656142,5.4036674,5.693056
P3_V10_Phase17,5.0,5.0,4.0,5.0,4.0,6.0698886,5.3442407,5.657808,5.4035854,5.6958237
P3_V10_Phase18,7.0,6.0,7.0,6.0,7.0,6.0728397,5.3482895,5.660595,5.4062777,5.6984234
P3_V10_Phase19,5.0,4.0,5.0,4.0,5.0,6.072736,5.347539,5.661233,5.405808,5.6980004
P3_V10_Phase2,9.0,8.0,9.0,8.0,9.0,6.0648923,5.3415923,5.652217,5.3999424,5.691837
P3_V10_Phase20,5.0,4.0,5.0,4.0,5.0,6.0689654,5.342763,5.656086,5.404825,5.694659
P3_V10_Phase21,7.0,6.0,7.0,6.0,7.0,6.067888,5.343181,5.655537,5.4025545,5.694431
P3_V10_Phase22,5.0,4.0,5.0,4.0,4.0,6.0643044,5.339065,5.652653,5.3990173,5.6907673
P3_V10_Phase23,7.0,7.0,6.0,7.0,6.0,6.06594,5.3414373,5.653727,5.4022417,5.6920214
P3_V10_Phase24,2.0,1.0,1.0,2.0,2.0,6.066719,5.3387933,5.6588273,5.40546,5.689977
P3_V10_Phase25,2.0,2.0,1.0,1.0,2.0,6.0703554,5.342331,5.658749,5.407133,5.695465
P3_V10_Phase26,2.0,1.0,2.0,1.0,2.0,6.0699873,5.3466916,5.6581078,5.4049063,5.696606
P3_V10_Phase27,4.0,3.0,4.0,3.0,4.0,6.064496,5.3389664,5.652671,5.4011116,5.689692
P3_V10_Phase28,7.0,6.0,6.0,7.0,7.0,6.072153,5.347084,5.6592813,5.4068737,5.6981597
P3_V10_Phase29,4.0,4.0,3.0,4.0,3.0,6.0664806,5.3413396,5.6556077,5.4029665,5.692671
P3_V10_Phase3,5.0,4.0,4.0,5.0,5.0,6.0699177,5.343204,5.659435,5.4072266,5.6948967
P3_V10_Phase30,7.0,7.0,6.0,7.0,6.0,6.0653043,5.341505,5.653134,5.401307,5.6920924
P3_V10_Phase31,9.0,8.0,9.0,8.0,9.0,6.0684624,5.343815,5.656752,5.4027452,5.694626
P3_V10_Phase32,4.0,3.0,4.0,3.0,4.0,6.0663595,5.3408027,5.6557403,5.4025807,5.691892
P3_V10_Phase33,4.0,4.0,4.0,3.0,4.0,6.066592,5.3396916,5.6572366,5.4045258,5.690569
P3_V10_Phase34,7.0,7.0,6.0,7.0,6.0,6.0668592,5.3424544,5.655336,5.401915,5.693679
P3_V10_Phase35,7.0,7.0,6.0,7.0,6.0,6.0619946,5.338468,5.6494946,5.3992057,5.6887245
P3_V10_Phase36,5.0,5.0,4.0,5.0,4.0,6.06287,5.338341,5.6506033,5.397983,5.689681
P3_V10_Phase37,5.0,5.0,4.0,5.0,5.0,6.071911,5.344234,5.6608143,5.407588,5.6972027
P3_V10_Phase38,7.0,7.0,7.0,6.0,6.0,6.066552,5.341265,5.6541934,5.4022465,5.6920104
P3_V10_Phase39,9.0,8.0,9.0,8.0,9.0,6.0685377,5.3433743,5.656622,5.405188,5.693676
P3_V10_Phase4,5.0,5.0,4.0,5.0,4.0,6.0647454,5.3416038,5.6508784,5.3993144,5.6916695
P3_V10_Phase40,2.0,1.0,2.0,1.0,1.0,6.0633984,5.339968,5.6509295,5.3986645,5.690093
P3_V10_Phase41,5.0,5.0,4.0,5.0,4.0,6.06928,5.3436656,5.6574187,5.402933,5.6942225
P3_V10_Phase42,5.0,5.0,5.0,4.0,5.0,6.0702615,5.343802,5.6577673,5.4062204,5.695426
P3_V10_Phase43,7.0,6.0,6.0,7.0,6.0,6.070157,5.3442597,5.657682,5.405726,5.6959844
P3_V10_Phase44,2.0,1.0,2.0,1.0,2.0,6.070151,5.343365,5.65845,5.404425,5.6960196
P3_V10_Phase45,9.0,8.0,9.0,8.0,9.0,6.0715814,5.347405,5.6603465,5.4067435,5.698216
P3_V10_Phase46,9.0,9.0,8.0,8.0,9.0,6.065692,5.3409853,5.653292,5.4001365,5.69195
P3_V10_Phase47,7.0,7.0,7.0,6.0,6.0,6.067292,5.341019,5.6554832,5.4022684,5.69304
P3_V10_Phase48,4.0,3.0,4.0,3.0,4.0,6.063237,5.33795,5.6535406,5.3988137,5.6881323
P3_V10_Phase49,5.0,5.0,4.0,5.0,4.0,6.066782,5.3405,5.655009,5.4025345,5.691388
P3_V10_Phase5,9.0,8.0,9.0,8.0,9.0,6.0710864,5.346303,5.660358,5.405121,5.696432
P3_V10_Phase50,5.0,4.0,4.0,5.0,4.0,6.0699897,5.342835,5.6602783,5.406253,5.6943693
P3_V10_Phase6,5.0,4.0,5.0,4.0,4.0,6.0619926,5.3391266,5.6483235,5.398116,5.6887083
P3_V10_Phase7,9.0,8.0,9.0,8.0,9.0,6.0681705,5.3438907,5.655124,5.401497,5.694454
P3_V10_Phase8,9.0,8.0,9.0,8.0,9.0,6.068866,5.3436446,5.6569324,5.4031496,5.6955905
P3_V10_Phase9,5.0,5.0,4.0,5.0,4.0,6.067555,5.3428903,5.6551375,5.4021487,5.6938586
P3_V11_Phase1,5.0,4.0,5.0,4.0,5.0,6.0666857,5.3421855,5.654673,5.4021416,5.6937447
P3_V11_Phase10,7.0,7.0,6.0,7.0,6.0,6.0639153,5.337405,5.65305,5.4010406,5.688539
P3_V11_Phase11,5.0,4.0,4.0,5.0,4.0,6.0677986,5.3412304,5.6566315,5.4035735,5.692894
P3_V11_Phase12,2.0,1.0,2.0,1.0,1.0,6.0651026,5.3401103,5.65288,5.4002633,5.6913414
P3_V11_Phase13,5.0,5.0,4.0,5.0,4.0,6.068557,5.342298,5.6585555,5.403946,5.6938314
P3_V11_Phase14,5.0,5.0,4.0,5.0,4.0,6.0629735,5.338362,5.6501737,5.399232,5.6882305
P3_V11_Phase16,9.0,8.0,9.0,8.0,9.0,6.0706797,5.343922,5.658206,5.4058824,5.69575
P3_V11_Phase17,9.0,8.0,9.0,8.0,9.0,6.066517,5.339915,5.6563926,5.402665,5.691595
P3_V11_Phase18,5.0,4.0,3.0,4.0,5.0,6.060012,5.3363295,5.647778,5.397462,5.6857443
P3_V11_Phase19,4.0,3.0,3.0,4.0,4.0,6.0683126,5.3428006,5.6558423,5.4027576,5.6936502
P3_V11_Phase2,5.0,4.0,4.0,5.0,5.0,6.060939,5.334225,5.6508164,5.3969517,5.68454
P3_V11_Phase20,5.0,4.0,5.0,4.0,5.0,6.0714545,5.3423486,5.660596,5.4080133,5.694087
P3_V11_Phase21,7.0,6.0,7.0,6.0,7.0,6.064007,5.34206,5.6497436,5.398957,5.6917286
P3_V11_Phase22,7.0,7.0,6.0,7.0,6.0,6.0690536,5.340938,5.6586137,5.406909,5.6925073
P3_V11_Phase23,9.0,8.0,9.0,8.0,9.0,6.0651517,5.3347526,5.6573663,5.4042854,5.6862607
P3_V11_Phase24,9.0,8.0,9.0,8.0,9.0,6.06941,5.3428946,5.6562796,5.4045234,5.694412
P3_V11_Phase25,5.0,5.0,5.0,4.0,4.0,6.072514,5.3461385,5.6608677,5.4058495,5.6987476
P3_V11_Phase26,7.0,7.0,6.0,7.0,6.0,6.071151,5.344206,5.6611743,5.405741,5.6960077
P3_V11_Phase27,9.0,8.0,9.0,8.0,9.0,6.0710273,5.3402867,5.661623,5.408039,5.6921773
P3_V11_Phase28,9.0,8.0,9.0,8.0,9.0,6.0652285,5.338857,5.656824,5.401357,5.6877713
P3_V11_Phase29,4.0,3.0,3.0,4.0,4.0,6.069082,5.3415413,5.658541,5.4052877,5.693122
P3_V11_Phase3,4.0,3.0,4.0,3.0,4.0,6.0685134,5.341162,5.657538,5.405366,5.6925406
P3_V11_Phase30,5.0,5.0,4.0,4.0,5.0,6.06553,5.341303,5.6525817,5.401041,5.69213
P3_V11_Phase31,4.0,3.0,3.0,4.0,4.0,6.0647087,5.340219,5.6523676,5.398156,5.690748
P3_V11_Phase32,2.0,1.0,1.0,2.0,1.0,6.0648794,5.3405185,5.6525807,5.401389,5.691153
P3_V11_Phase33,7.0,6.0,7.0,6.0,7.0,6.0655556,5.340532,5.653754,5.3998795,5.691517
P3_V11_Phase34,5.0,5.0,5.0,4.0,4.0,6.0668263,5.3411317,5.6552916,5.4027605,5.6924224
P3_V11_Phase35,4.0,3.0,4.0,3.0,4.0,6.0617266,5.3378386,5.648703,5.398839,5.6881866
P3_V11_Phase36,5.0,4.0,5.0,4.0,5.0,6.067399,5.341989,5.655385,5.4019713,5.693179
P3_V11_Phase37,4.0,3.0,4.0,3.0,4.0,6.070458,5.3417535,5.660606,5.4070444,5.6944304
P3_V11_Phase38,7.0,6.0,7.0,6.0,7.0,6.067012,5.341826,5.655604,5.402666,5.693348
P3_V11_Phase39,9.0,8.0,9.0,8.0,9.0,6.069853,5.343473,5.658115,5.405735,5.695146
P3_V11_Phase4,5.0,4.0,5.0,4.0,5.0,6.0662875,5.3409705,5.654855,5.40137,5.6925054
P3_V11_Phase40,7.0,7.0,7.0,6.0,6.0,6.0723457,5.3465962,5.6605306,5.406389,5.697956
P3_V11_Phase41,5.0,5.0,5.0,4.0,4.0,6.071333,5.3427577,5.6607194,5.407078,5.695825
P3_V11_Phase42,7.0,6.0,7.0,6.0,7.0,6.07011,5.3395953,5.6613708,5.408312,5.6918683
P3_V11_Phase43,5.0,5.0,5.0,4.0,4.0,6.0661173,5.342946,5.653733,5.4009175,5.693283
P3_V11_Phase44,5.0,4.0,4.0,5.0,4.0,6.069625,5.341174,5.660113,5.4056444,5.6927958
P3_V11_Phase45,9.0,8.0,9.0,8.0,9.0,6.063391,5.3378286,5.6525807,5.3998938,5.688319
P3_V11_Phase46,9.0,9.0,8.0,8.0,9.0,6.06767,5.3423495,5.656549,5.403941,5.69287
P3_V11_Phase47,9.0,8.0,9.0,8.0,9.0,6.0647373,5.3393116,5.652288,5.4004536,5.690552
P3_V11_Phase48,4.0,4.0,3.0,4.0,4.0,6.066202,5.339551,5.6554065,5.402048,5.6918545
P3_V11_Phase49,4.0,3.0,4.0,3.0,3.0,6.0673313,5.3416867,5.6559978,5.403105,5.693515
P3_V11_Phase5,2.0,1.0,2.0,1.0,1.0,6.0686646,5.343845,5.656589,5.404229,5.69509
P3_V11_Phase50,4.0,3.0,3.0,4.0,4.0,6.0678406,5.3410487,5.6560073,5.40458,5.6929893
P3_V11_Phase51,4.0,4.0,3.0,3.0,4.0,6.064381,5.3411927,5.65206,5.400508,5.6911325
P3_V11_Phase6,5.0,4.0,5.0,4.0,5.0,6.0645423,5.3383055,5.6536965,5.399514,5.6893806
P3_V11_Phase7,2.0,1.0,2.0,1.0,2.0,6.066745,5.341658,5.6547,5.4027767,5.693387
P3_V11_Phase8,2.0,1.0,1.0,2.0,2.0,6.0681343,5.341719,5.6568913,5.4038944,5.693428
P3_V11_Phase9,7.0,7.0,6.0,7.0,6.0,6.0667133,5.342193,5.654596,5.401891,5.6922135
P3_V12_Phase1,7.0,6.0,7.0,6.0,7.0,6.0664554,5.340695,5.6545377,5.401492,5.6920834
P3_V12_Phase10,5.0,5.0,4.0,5.0,4.0,6.0662565,5.3403535,5.6548896,5.402698,5.692128
P3_V12_Phase11,5.0,4.0,5.0,4.0,5.0,6.0636306,5.3411164,5.651235,5.4001827,5.69071
P3_V12_Phase12,5.0,4.0,5.0,4.0,5.0,6.067034,5.3400035,5.6590967,5.4024677,5.690722
P3_V12_Phase13,7.0,6.0,7.0,6.0,7.0,6.068387,5.3422885,5.6566224,5.402817,5.6930094
P3_V12_Phase14,5.0,4.0,5.0,4.0,5.0,6.069869,5.3446794,5.6583686,5.404712,5.696246
P3_V12_Phase15,2.0,1.0,0.0,1.0,2.0,6.069275,5.3437066,5.6574597,5.4031887,5.695444
P3_V12_Phase16,5.0,4.0,5.0,4.0,5.0,6.071294,5.345054,5.6588674,5.406354,5.696536
P3_V12_Phase17,9.0,8.0,9.0,8.0,9.0,6.0697937,5.338742,5.6600604,5.4078913,5.6913533
P3_V12_Phase18,5.0,4.0,5.0,4.0,5.0,6.068596,5.342793,5.6560335,5.404391,5.694277
P3_V12_Phase19,7.0,7.0,6.0,7.0,6.0,6.0681777,5.3421607,5.655712,5.404184,5.6938896
P3_V12_Phase2,7.0,6.0,7.0,6.0,7.0,6.0691953,5.3438745,5.658111,5.404751,5.6954513
P3_V12_Phase20,9.0,8.0,9.0,8.0,9.0,6.068763,5.3424644,5.6570783,5.404028,5.6944785
P3_V12_Phase21,4.0,3.0,4.0,3.0,4.0,6.0671034,5.3428345,5.655337,5.4039154,5.692768
P3_V12_Phase22,0.0,0.0,0.0,0.0,0.0,6.070115,5.34352,5.6590843,5.406176,5.6960907
P3_V12_Phase23,5.0,4.0,5.0,4.0,5.0,6.0698304,5.344278,5.658539,5.405939,5.696046
P3_V12_Phase24,2.0,1.0,2.0,1.0,2.0,6.068847,5.3429794,5.657367,5.405137,5.6945004
P3_V12_Phase25,2.0,1.0,2.0,1.0,2.0,6.069267,5.343683,5.657888,5.404035,5.6951027
P3_V12_Phase26,5.0,4.0,5.0,4.0,5.0,6.071451,5.3452,5.6601286,5.4076595,5.6968875
P3_V12_Phase27,5.0,4.0,5.0,4.0,5.0,6.0672913,5.3418484,5.655756,5.4029646,5.6933784
P3_V12_Phase28,7.0,6.0,7.0,6.0,7.0,6.0672054,5.341739,5.655805,5.402914,5.6929097
P3_V12_Phase29,5.0,4.0,5.0,4.0,5.0,6.067098,5.3405967,5.6564527,5.4031534,5.691905
P3_V12_Phase3,5.0,4.0,5.0,4.0,5.0,6.068569,5.342937,5.656538,5.403099,5.6948547
P3_V12_Phase30,4.0,3.0,4.0,3.0,4.0,6.0685587,5.3440723,5.657364,5.4040427,5.6951914
P3_V12_Phase31,4.0,3.0,4.0,3.0,4.0,6.068759,5.342026,5.658439,5.404704,5.6942835
P3_V12_Phase32,5.0,4.0,4.0,5.0,4.0,6.0662374,5.34199,5.654487,5.4028273,5.692078
P3_V12_Phase33,4.0,5.0,4.0,3.0,4.0,6.0669036,5.3423915,5.655233,5.401961,5.6926775
P3_V12_Phase34,4.0,3.0,4.0,3.0,4.0,6.0692396,5.3425183,5.6585326,5.4051766,5.695009
P3_V12_Phase35,7.0,6.0,7.0,6.0,7.0,6.069124,5.3421946,5.6581807,5.405906,5.6934495
P3_V12_Phase36,7.0,6.0,7.0,6.0,7.0,6.065573,5.339496,5.6546354,5.4012465,5.691593
P3_V12_Phase37,7.0,6.0,7.0,6.0,7.0,6.0614734,5.3374677,5.649711,5.3986545,5.6879206
P3_V12_Phase38,9.0,8.0,9.0,8.0,9.0,6.0678935,5.3429856,5.654979,5.4025517,5.694025
P3_V12_Phase39,5.0,4.0,5.0,4.0,5.0,6.06366,5.3396673,5.651036,5.399886,5.689891
P3_V12_Phase4,5.0,5.0,4.0,5.0,4.0,6.0680456,5.340421,5.6585727,5.40512,5.691068
P3_V12_Phase40,7.0,6.0,7.0,6.0,7.0,6.064455,5.3407702,5.6517015,5.399447,5.6913776
P3_V12_Phase41,9.0,8.0,9.0,8.0,9.0,6.062383,5.3396645,5.6488414,5.3977284,5.689616
P3_V12_Phase42,2.0,1.0,2.0,1.0,2.0,6.0660286,5.3400846,5.653145,5.401699,5.6921206
P3_V12_Phase43,4.0,3.0,4.0,3.0,4.0,6.068507,5.341662,5.657465,5.4039946,5.693977
P3_V12_Phase44,4.0,3.0,4.0,3.0,4.0,6.0654063,5.338857,5.6542172,5.402032,5.6896486
P3_V12_Phase45,7.0,6.0,7.0,6.0,7.0,6.0677714,5.342853,5.656421,5.403941,5.693437
P3_V12_Phase5,7.0,6.0,7.0,6.0,7.0,6.070056,5.344195,5.6589155,5.4054203,5.6959906
P3_V12_Phase6,7.0,7.0,6.0,6.0,7.0,6.068283,5.343327,5.6563487,5.4039097,5.694263
P3_V12_Phase7,7.0,6.0,7.0,6.0,7.0,6.0678186,5.341801,5.6570716,5.404023,5.693449
P3_V12_Phase8,9.0,8.0,9.0,8.0,9.0,6.0713067,5.3446445,5.659457,5.4061227,5.6966057
P3_V12_Phase9,5.0,4.0,5.0,4.0,5.0,6.0676193,5.3412585,5.656039,5.4034476,5.692985
P3_V13_Phase10,5.0,4.0,5.0,4.0,5.0,6.0694337,5.3425126,5.6581554,5.404955,5.694586
P3_V13_Phase11,5.0,4.0,5.0,4.0,5.0,6.071103,5.3433833,5.659747,5.406454,5.696078
P3_V13_Phase12,4.0,3.0,4.0,3.0,4.0,6.0710807,5.345551,5.660811,5.4066653,5.6958804
P3_V13_Phase13,5.0,4.0,5.0,4.0,5.0,6.0699577,5.3410583,5.661574,5.4052057,5.692189
P3_V13_Phase14,7.0,6.0,7.0,6.0,7.0,6.070954,5.3450885,5.6590247,5.406434,5.6968603
P3_V13_Phase15,5.0,4.0,5.0,4.0,5.0,6.07006,5.3431582,5.6585555,5.4061594,5.695098
P3_V13_Phase16,4.0,3.0,4.0,3.0,4.0,6.0686417,5.3400817,5.6616025,5.4051123,5.6899924
P3_V13_Phase17,2.0,1.0,2.0,1.0,2.0,6.066657,5.3399396,5.65587,5.402542,5.6915617
P3_V13_Phase18,4.0,3.0,4.0,3.0,4.0,6.0719547,5.342442,5.6641927,5.410142,5.693972
P3_V13_Phase19,4.0,3.0,4.0,3.0,4.0,6.0680075,5.3405423,5.6602125,5.4052277,5.691354
P3_V13_Phase2,7.0,6.0,7.0,6.0,7.0,6.069113,5.3435946,5.6587596,5.40454,5.694289
P3_V13_Phase20,4.0,3.0,4.0,3.0,4.0,6.0680065,5.34108,5.656811,5.4026136,5.6923637
P3_V13_Phase21,4.0,3.0,4.0,3.0,4.0,6.0703907,5.3428826,5.6606994,5.406742,5.694511
P3_V13_Phase22,2.0,1.0,2.0,1.0,2.0,6.063483,5.3380837,5.6514945,5.3996315,5.6895866
P3_V13_Phase23,4.0,3.0,3.0,4.0,4.0,6.071215,5.3441186,5.6603193,5.4059725,5.6959295
P3_V13_Phase24,5.0,4.0,5.0,4.0,5.0,6.0663633,5.342316,5.653072,5.401088,5.6923037
P3_V13_Phase25,5.0,4.0,5.0,4.0,5.0,6.0697236,5.3408504,5.6603875,5.406905,5.693039
P3_V13_Phase26,5.0,4.0,5.0,4.0,5.0,6.067834,5.345177,5.655295,5.403652,5.6946726
P3_V13_Phase27,2.0,1.0,2.0,1.0,2.0,6.068374,5.341847,5.6571307,5.404271,5.693769
P3_V13_Phase28,4.0,3.0,4.0,3.0,4.0,6.068517,5.3431253,5.6574087,5.402871,5.693734
P3_V13_Phase29,7.0,6.0,7.0,6.0,7.0,6.0723476,5.34599,5.661588,5.4067106,5.6968946
P3_V13_Phase3,2.0,1.0,2.0,1.0,2.0,6.0695424,5.343476,5.658565,5.4049044,5.6952257
P3_V13_Phase30,4.0,3.0,4.0,3.0,4.0,6.0684156,5.3447895,5.656641,5.4032574,5.6951485
P3_V13_Phase4,5.0,4.0,5.0,4.0,5.0,6.0687904,5.341581,5.658837,5.4042444,5.6932173
P3_V13_Phase5,4.0,3.0,4.0,3.0,4.0,6.06898,5.342929,5.658151,5.405527,5.694658
P3_V13_Phase6,5.0,4.0,5.0,4.0,5.0,6.0675116,5.3419843,5.65574,5.4033513,5.6937513
P3_V13_Phase7,5.0,4.0,5.0,4.0,5.0,6.070822,5.343361,5.659968,5.4058337,5.695447
P3_V13_Phase8,5.0,4.0,5.0,4.0,5.0,6.0693755,5.343188,5.657788,5.405056,5.6946497
P3_V13_Phase9,2.0,1.0,2.0,1.0,2.0,6.0665727,5.339933,5.655527,5.4033294,5.692007
P3_V14_Phase1,7.0,6.0,7.0,6.0,7.0,6.0701046,5.3447423,5.6579337,5.405856,5.6965795
P3_V14_Phase10,5.0,4.0,5.0,4.0,5.0,6.068774,5.3438807,5.6569657,5.40366,5.6946993
P3_V14_Phase11,2.0,1.0,0.0,1.0,1.0,6.0706787,5.3456144,5.658918,5.4063473,5.696931
P3_V14_Phase12,5.0,5.0,4.0,5.0,4.0,6.071229,5.3453107,5.658997,5.4067698,5.6965046
P3_V14_Phase13,2.0,1.0,0.0,1.0,1.0,6.06883,5.3425994,5.6570115,5.4048934,5.69306
P3_V14_Phase14,5.0,4.0,5.0,4.0,5.0,6.0668287,5.340177,5.655234,5.4032807,5.691066
P3_V14_Phase15,4.0,3.0,4.0,4.0,3.0,6.0714674,5.3462977,5.661595,5.406087,5.697115
P3_V14_Phase16,5.0,4.0,5.0,4.0,5.0,6.063633,5.336823,5.6534553,5.400158,5.687915
P3_V14_Phase17,9.0,8.0,9.0,8.0,9.0,6.067833,5.341172,5.6562476,5.403302,5.692498
P3_V14_Phase18,9.0,8.0,9.0,8.0,9.0,6.0662184,5.341009,5.6556506,5.4021883,5.6909246
P3_V14_Phase19,4.0,3.0,4.0,3.0,4.0,6.0725965,5.3463864,5.6605897,5.406501,5.697923
P3_V14_Phase2,7.0,6.0,7.0,6.0,7.0,6.0692334,5.3440614,5.657384,5.404425,5.695694
P3_V14_Phase20,2.0,1.0,1.0,2.0,1.0,6.0687017,5.342052,5.6574864,5.405118,5.694066
P3_V14_Phase21,7.0,6.0,7.0,6.0,7.0,6.0663157,5.3392434,5.6562495,5.4030623,5.689295
P3_V14_Phase22,5.0,4.0,5.0,4.0,5.0,6.0624156,5.3382115,5.64939,5.39875,5.6893005
P3_V14_Phase23,7.0,6.0,7.0,6.0,7.0,6.067401,5.341531,5.6557775,5.4031734,5.6933465
P3_V14_Phase24,5.0,4.0,5.0,4.0,3.0,6.072258,5.3457685,5.6603274,5.4064665,5.697912
P3_V14_Phase25,7.0,6.0,7.0,6.0,7.0,6.065027,5.338349,5.654543,5.4023123,5.6891975
P3_V14_Phase26,9.0,8.0,9.0,8.0,9.0,6.0677743,5.3425355,5.6548505,5.4034696,5.693926
P3_V14_Phase27,4.0,3.0,4.0,3.0,4.0,6.06656,5.3390937,5.656341,5.4026103,5.690935
P3_V14_Phase28,5.0,4.0,4.0,5.0,5.0,6.067329,5.343783,5.6574893,5.402595,5.692815
P3_V14_Phase3,7.0,7.0,7.0,6.0,6.0,6.0679727,5.343514,5.657019,5.4015646,5.6939516
P3_V14_Phase4,5.0,4.0,4.0,5.0,4.0,6.0665016,5.342598,5.6541624,5.402245,5.6932545
P3_V14_Phase5,4.0,3.0,4.0,3.0,4.0,6.067929,5.3409543,5.656858,5.404882,5.691231
P3_V14_Phase6,5.0,4.0,5.0,4.0,5.0,6.06886,5.3426065,5.6573796,5.4043603,5.6937428
P3_V14_Phase7,7.0,6.0,7.0,6.0,7.0,6.065528,5.343821,5.6538367,5.3990145,5.6935434
P3_V14_Phase8,7.0,6.0,7.0,6.0,7.0,6.0660195,5.3382983,5.65588,5.4035945,5.689237
P3_V14_Phase9,9.0,8.0,9.0,8.0,9.0,6.0672703,5.3417277,5.6558166,5.4039035,5.6934056
P3_V16_Phase1,5.0,4.0,5.0,4.0,5.0,6.06645,5.3400717,5.6549687,5.4013767,5.6916704
P3_V16_Phase10,7.0,6.0,7.0,6.0,7.0,6.07008,5.343503,5.6582017,5.4053993,5.6956983
P3_V16_Phase11,2.0,2.0,1.0,2.0,1.0,6.067691,5.3418527,5.6574664,5.403325,5.6919246
P3_V16_Phase12,5.0,4.0,5.0,4.0,5.0,6.0674696,5.3434024,5.655327,5.402136,5.693181
P3_V16_Phase13,7.0,6.0,7.0,6.0,7.0,6.0685167,5.342026,5.657022,5.4041395,5.694348
P3_V16_Phase14,2.0,1.0,1.0,2.0,2.0,6.071096,5.3423505,5.660029,5.4080067,5.6943026
P3_V16_Phase15,4.0,3.0,3.0,4.0,4.0,6.0661144,5.341003,5.653658,5.4024763,5.691398
P3_V16_Phase16,7.0,6.0,7.0,6.0,7.0,6.067025,5.343147,5.6537275,5.402191,5.6939645
P3_V16_Phase17,4.0,3.0,4.0,3.0,4.0,6.0654926,5.3399177,5.653905,5.401213,5.691484
P3_V16_Phase18,4.0,3.0,4.0,3.0,4.0,6.0692625,5.343633,5.65795,5.404559,5.695369
P3_V16_Phase19,7.0,6.0,7.0,6.0,7.0,6.0675616,5.342585,5.6554227,5.402706,5.69364
P3_V16_Phase2,4.0,3.0,4.0,3.0,4.0,6.067816,5.342878,5.656075,5.403207,5.693918
P3_V16_Phase20,5.0,4.0,5.0,4.0,5.0,6.0668526,5.3443274,5.6549296,5.400001,5.6937127
P3_V16_Phase21,5.0,4.0,5.0,4.0,5.0,6.0676355,5.345116,5.6545463,5.4031267,5.6946306
P3_V16_Phase22,5.0,4.0,4.0,5.0,4.0,6.070943,5.345062,5.659548,5.4067783,5.696556
P3_V16_Phase23,7.0,6.0,7.0,6.0,7.0,6.0670285,5.3419914,5.655174,5.4022226,5.6935687
P3_V16_Phase24,7.0,6.0,7.0,6.0,7.0,6.064095,5.33989,5.651938,5.399841,5.690481
P3_V16_Phase25,4.0,3.0,3.0,4.0,3.0,6.0688453,5.3426557,5.6566176,5.4047856,5.694744
P3_V16_Phase26,5.0,4.0,5.0,4.0,5.0,6.070265,5.344031,5.658489,5.406387,5.695862
P3_V16_Phase27,5.0,4.0,5.0,4.0,5.0,6.0662804,5.3400154,5.6556892,5.401812,5.6913443
P3_V16_Phase28,7.0,6.0,7.0,6.0,7.0,6.0652094,5.340374,5.654077,5.398848,5.6917763
P3_V16_Phase29,7.0,6.0,7.0,6.0,7.0,6.0707407,5.3433194,5.659255,5.4069476,5.6947684
P3_V16_Phase3,2.0,1.0,2.0,1.0,1.0,6.0654583,5.338224,5.6552815,5.4029303,5.6889706
P3_V16_Phase30,5.0,4.0,5.0,4.0,5.0,6.068329,5.34206,5.6580796,5.404487,5.694007
P3_V16_Phase31,7.0,6.0,7.0,6.0,7.0,6.0691123,5.3428025,5.658197,5.4055223,5.6941833
P3_V16_Phase32,4.0,3.0,4.0,3.0,4.0,6.068902,5.3448825,5.656313,5.403772,5.695608
P3_V16_Phase33,7.0,6.0,7.0,6.0,7.0,6.0682435,5.34303,5.6564145,5.4047956,5.694396
P3_V16_Phase34,9.0,8.0,9.0,8.0,9.0,6.066534,5.3415275,5.6539836,5.401094,5.692822
P3_V16_Phase35,7.0,6.0,7.0,6.0,7.0,6.0637684,5.3393526,5.6514053,5.398694,5.6901994
P3_V16_Phase36,9.0,8.0,9.0,8.0,9.0,6.068894,5.342317,5.6565413,5.4048467,5.694465
P3_V16_Phase37,4.0,3.0,4.0,3.0,4.0,6.071459,5.344314,5.6599145,5.406889,5.6966248
P3_V16_Phase38,7.0,6.0,6.0,7.0,6.0,6.071686,5.346073,5.658669,5.4074035,5.696675
P3_V16_Phase39,4.0,3.0,4.0,3.0,4.0,6.063405,5.3400445,5.6509185,5.399126,5.6903877
P3_V16_Phase4,2.0,1.0,2.0,1.0,2.0,6.066079,5.342726,5.6528096,5.401723,5.693081
P3_V16_Phase40,5.0,4.0,5.0,4.0,4.0,6.0659456,5.3409038,5.6538444,5.402355,5.6924524
P3_V16_Phase5,2.0,1.0,2.0,1.0,2.0,6.065657,5.3388863,5.655215,5.40226,5.6902676
P3_V16_Phase6,5.0,4.0,5.0,4.0,5.0,6.066059,5.340732,5.6545615,5.4013147,5.691662
P3_V16_Phase7,5.0,5.0,4.0,5.0,4.0,6.0658226,5.3399673,5.65416,5.4000773,5.69147
P3_V16_Phase8,2.0,1.0,2.0,1.0,2.0,6.0663624,5.341285,5.6544814,5.402977,5.692625
P3_V16_Phase9,2.0,1.0,2.0,1.0,2.0,6.06739,5.3408375,5.6553607,5.403343,5.692597
P3_V17_Phase1,5.0,4.0,5.0,4.0,5.0,6.069054,5.344021,5.6566353,5.4063997,5.6947775
P3_V17_Phase10,4.0,3.0,4.0,3.0,4.0,6.068841,5.3389964,5.659078,5.405494,5.6908884
P3_V17_Phase11,7.0,6.0,7.0,6.0,7.0,6.068313,5.343816,5.655865,5.4035296,5.6950626
P3_V17_Phase12,2.0,1.0,2.0,1.0,2.0,6.069951,5.341939,5.6593814,5.406064,5.6938095
P3_V17_Phase13,0.0,0.0,0.0,0.0,0.0,6.0713525,5.3468966,5.6586676,5.406162,5.697458
P3_V17_Phase14,4.0,3.0,4.0,3.0,4.0,6.0602417,5.3343062,5.649642,5.39646,5.6840477
P3_V17_Phase15,2.0,1.0,2.0,1.0,2.0,6.068697,5.34357,5.6579795,5.403849,5.694015
P3_V17_Phase16,1.0,1.0,0.0,1.0,1.0,6.0734906,5.346855,5.662578,5.408,5.698433
P3_V17_Phase17,2.0,1.0,2.0,1.0,2.0,6.0648384,5.33928,5.6523104,5.4011564,5.689903
P3_V17_Phase18,4.0,3.0,4.0,3.0,4.0,6.0721536,5.345901,5.660487,5.40691,5.698024
P3_V17_Phase19,7.0,6.0,7.0,6.0,7.0,6.0691566,5.3425817,5.65848,5.4059877,5.694785
P3_V17_Phase2,7.0,7.0,6.0,7.0,6.0,6.062425,5.3359294,5.651298,5.398081,5.6872597
P3_V17_Phase20,4.0,3.0,4.0,3.0,4.0,6.06777,5.340775,5.658398,5.405575,5.691147
P3_V17_Phase21,2.0,1.0,2.0,1.0,2.0,6.0687056,5.335602,5.6608634,5.4085336,5.6891937
P3_V17_Phase22,5.0,4.0,5.0,4.0,5.0,6.067502,5.3422446,5.6552606,5.4033036,5.6937
P3_V17_Phase23,7.0,6.0,7.0,6.0,7.0,6.073823,5.3459964,5.6639805,5.4098654,5.6982775
P3_V17_Phase24,7.0,7.0,6.0,7.0,6.0,6.0709324,5.343924,5.660955,5.4072533,5.6958113
P3_V17_Phase25,7.0,7.0,6.0,7.0,6.0,6.0677524,5.342026,5.655882,5.4033527,5.694249
P3_V17_Phase26,7.0,6.0,7.0,6.0,7.0,6.068304,5.3420153,5.6569257,5.4051313,5.692727
P3_V17_Phase27,5.0,4.0,5.0,4.0,4.0,6.064399,5.3405385,5.6517696,5.3996367,5.6910567
P3_V17_Phase28,9.0,8.0,9.0,8.0,9.0,6.0685654,5.342652,5.658135,5.4048963,5.69436
P3_V17_Phase29,9.0,8.0,9.0,8.0,9.0,6.07016,5.3463635,5.657653,5.404276,5.6966486
P3_V17_Phase3,4.0,3.0,4.0,3.0,4.0,6.0667205,5.340938,5.6542687,5.402361,5.692457
P3_V17_Phase4,2.0,1.0,2.0,1.0,2.0,6.069912,5.343612,5.658014,5.4050117,5.695206
P3_V17_Phase5,4.0,3.0,4.0,3.0,4.0,6.057534,5.330795,5.648064,5.3960257,5.682173
P3_V17_Phase6,7.0,6.0,7.0,6.0,7.0,6.0709095,5.3457494,5.658117,5.40621,5.6967864
P3_V17_Phase7,7.0,6.0,7.0,6.0,7.0,6.066946,5.3413463,5.655374,5.401832,5.692403
P3_V17_Phase8,5.0,4.0,5.0,4.0,5.0,6.0635204,5.337713,5.6512322,5.3998337,5.6888
P3_V17_Phase9,2.0,1.0,2.0,1.0,2.0,6.068816,5.342359,5.657451,5.4058795,5.693838
P3_V18_Phase1,5.0,5.0,4.0,5.0,4.0,6.068178,5.343441,5.656895,5.40384,5.693329
P3_V18_Phase10,7.0,6.0,7.0,6.0,7.0,6.0680895,5.339645,5.6596913,5.4047565,5.6898174
P3_V18_Phase11,7.0,6.0,7.0,6.0,7.0,6.0665765,5.338896,5.6555305,5.402486,5.690281
P3_V18_Phase12,7.0,6.0,7.0,6.0,7.0,6.064543,5.338753,5.652387,5.4008617,5.6895866
P3_V18_Phase13,9.0,8.0,9.0,8.0,9.0,6.0695586,5.339783,5.660293,5.4069934,5.6920214
P3_V18_Phase14,9.0,8.0,9.0,8.0,9.0,6.066162,5.340891,5.6539435,5.401251,5.6921744
P3_V18_Phase15,7.0,6.0,7.0,6.0,7.0,6.0691347,5.342547,5.6580024,5.405391,5.693736
P3_V18_Phase16,5.0,5.0,4.0,5.0,4.0,6.0669785,5.3403506,5.655293,5.402963,5.691992
P3_V18_Phase17,5.0,5.0,4.0,5.0,4.0,6.065612,5.336444,5.6560755,5.4029207,5.688058
P3_V18_Phase18,5.0,4.0,5.0,4.0,5.0,6.065368,5.338825,5.656346,5.402419,5.6887436
P3_V18_Phase19,7.0,6.0,7.0,6.0,7.0,6.0652146,5.3391967,5.6549993,5.4006367,5.6888766
P3_V18_Phase2,5.0,5.0,4.0,5.0,4.0,6.070201,5.3403616,5.6608467,5.4073763,5.692644
P3_V18_Phase20,7.0,6.0,7.0,6.0,7.0,6.0700126,5.340876,5.6605725,5.408129,5.6928344
P3_V18_Phase21,7.0,7.0,6.0,6.0,7.0,6.070238,5.343739,5.657926,5.404728,5.695634
P3_V18_Phase22,5.0,5.0,4.0,4.0,5.0,6.0650396,5.338841,5.653087,5.402092,5.68991
P3_V18_Phase23,7.0,7.0,6.0,7.0,6.0,6.0650783,5.3377805,5.6548944,5.402113,5.689612
P3_V18_Phase24,9.0,8.0,9.0,8.0,9.0,6.0693426,5.341932,5.6597342,5.405624,5.6934223
P3_V18_Phase25,7.0,6.0,7.0,6.0,7.0,6.0672336,5.3407283,5.655676,5.404024,5.6919346
P3_V18_Phase26,7.0,7.0,6.0,7.0,6.0,6.064281,5.340168,5.651945,5.4006805,5.6907444
P3_V18_Phase27,9.0,8.0,9.0,8.0,9.0,6.0721097,5.3442636,5.6610627,5.4080486,5.6968217
P3_V18_Phase28,9.0,8.0,9.0,8.0,8.0,6.0655813,5.3398805,5.653234,5.4024096,5.691057
P3_V18_Phase29,7.0,6.0,7.0,6.0,7.0,6.0688963,5.3434043,5.656772,5.4043794,5.694539
P3_V18_Phase3,7.0,6.0,7.0,6.0,7.0,6.06976,5.3400903,5.6598477,5.406885,5.6924133
P3_V18_Phase30,9.0,8.0,9.0,8.0,9.0,6.0714884,5.344744,5.6600356,5.4061723,5.6968737
P3_V18_Phase31,9.0,8.0,9.0,8.0,9.0,6.066236,5.3417296,5.653835,5.4026766,5.691904
P3_V18_Phase32,7.0,6.0,7.0,6.0,7.0,6.0668507,5.3417606,5.6552005,5.403776,5.6921453
P3_V18_Phase33,7.0,6.0,7.0,6.0,7.0,6.072482,5.3483787,5.6608987,5.407358,5.69934
P3_V18_Phase34,7.0,7.0,6.0,7.0,6.0,6.0641317,5.3382306,5.653745,5.3999395,5.68937
P3_V18_Phase35,7.0,6.0,7.0,6.0,7.0,6.067532,5.3381352,5.65692,5.404726,5.6905994
P3_V18_Phase36,7.0,6.0,7.0,6.0,7.0,6.066677,5.339398,5.6562505,5.403242,5.6899147
P3_V18_Phase37,7.0,6.0,7.0,6.0,7.0,6.069832,5.3418484,5.6598516,5.4054127,5.6943593
P3_V18_Phase38,7.0,7.0,6.0,6.0,7.0,6.070028,5.344008,5.658896,5.406783,5.6958256
P3_V18_Phase39,5.0,5.0,4.0,5.0,4.0,6.07135,5.3428073,5.6601253,5.406549,5.6957693
P3_V18_Phase4,5.0,5.0,4.0,5.0,4.0,6.066166,5.3392086,5.6552644,5.403062,5.69039
P3_V18_Phase5,5.0,5.0,4.0,5.0,4.0,6.0668135,5.3397775,5.65694,5.403417,5.6899033
P3_V18_Phase6,5.0,5.0,4.0,5.0,4.0,6.070417,5.3428655,5.659274,5.4062686,5.6947308
P3_V18_Phase7,7.0,6.0,6.0,6.0,7.0,6.067099,5.3413424,5.6558757,5.4030867,5.6927137
P3_V18_Phase8,7.0,6.0,7.0,6.0,7.0,6.0711746,5.340993,5.661859,5.409103,5.6930857
P3_V18_Phase9,7.0,6.0,7.0,6.0,7.0,6.065214,5.340157,5.65315,5.4019732,5.6914225
P3_V19_Phase1,7.0,6.0,7.0,6.0,7.0,6.0651636,5.340238,5.652681,5.401133,5.6913357
P3_V19_Phase10,9.0,8.0,9.0,8.0,9.0,6.0610123,5.3382077,5.647883,5.396796,5.687657
P3_V19_Phase100,5.0,4.0,3.0,4.0,5.0,6.0644116,5.3395834,5.6522355,5.400719,5.6906157
P3_V19_Phase102,7.0,6.0,7.0,6.0,7.0,6.066674,5.3414226,5.6576138,5.401554,5.6897717
P3_V19_Phase103,5.0,4.0,3.0,4.0,5.0,6.067168,5.3426538,5.653726,5.402651,5.693447
P3_V19_Phase104,5.0,4.0,5.0,4.0,5.0,6.0680413,5.342133,5.6549115,5.403073,5.6932964
P3_V19_Phase105,9.0,8.0,9.0,8.0,9.0,6.0670996,5.34115,5.6554036,5.402268,5.693142
P3_V19_Phase106,2.0,1.0,2.0,1.0,1.0,6.067298,5.341147,5.6558976,5.4028635,5.6929464
P3_V19_Phase11,7.0,6.0,6.0,7.0,7.0,6.0621614,5.3391557,5.6481814,5.397675,5.6895156
P3_V19_Phase12,4.0,3.0,4.0,3.0,4.0,6.0699587,5.3427567,5.659146,5.405428,5.6941824
P3_V19_Phase13,2.0,1.0,2.0,1.0,2.0,6.0726376,5.3415313,5.6635385,5.4081717,5.694006
P3_V19_Phase14,2.0,1.0,0.0,1.0,2.0,6.065041,5.340561,5.65218,5.401922,5.691006
P3_V19_Phase15,4.0,3.0,4.0,3.0,4.0,6.064638,5.339085,5.6525245,5.398526,5.6900196
P3_V19_Phase16,4.0,4.0,3.0,4.0,4.0,6.0655622,5.3417153,5.653045,5.402008,5.6919265
P3_V19_Phase17,2.0,1.0,0.0,1.0,2.0,6.0701447,5.342278,5.6597443,5.405884,5.694454
P3_V19_Phase18,2.0,2.0,1.0,2.0,2.0,6.0713434,5.3438954,5.660731,5.407362,5.6959095
P3_V19_Phase19,7.0,6.0,7.0,6.0,7.0,6.0672503,5.3412027,5.656439,5.4024544,5.6931458
P3_V19_Phase2,7.0,6.0,7.0,6.0,7.0,6.0634985,5.3396716,5.6505713,5.399134,5.6895337
P3_V19_Phase20,7.0,6.0,7.0,6.0,7.0,6.062596,5.339168,5.6497126,5.3987465,5.6889105
P3_V19_Phase21,9.0,8.0,9.0,8.0,9.0,6.0687847,5.343256,5.6560025,5.4046235,5.694746
P3_V19_Phase22,7.0,6.0,7.0,6.0,7.0,6.0667343,5.3411937,5.655442,5.4027224,5.692079
P3_V19_Phase23,5.0,4.0,3.0,4.0,5.0,6.0666866,5.3348384,5.656118,5.4037085,5.688081
P3_V19_Phase26,7.0,6.0,7.0,6.0,7.0,6.06306,5.3393445,5.649799,5.3990517,5.689746
P3_V19_Phase27,7.0,6.0,7.0,6.0,7.0,6.0675745,5.339317,5.6567574,5.405431,5.690377
P3_V19_Phase28,7.0,6.0,6.0,7.0,6.0,6.0595226,5.333429,5.64898,5.399076,5.6836452
P3_V19_Phase29,9.0,8.0,9.0,8.0,9.0,6.065081,5.339775,5.6531386,5.39981,5.691161
P3_V19_Phase3,7.0,7.0,6.0,6.0,7.0,6.066477,5.341985,5.654385,5.4031897,5.692751
P3_V19_Phase30,7.0,6.0,7.0,6.0,7.0,6.061939,5.3385496,5.648908,5.3985023,5.688511
P3_V19_Phase32,4.0,3.0,3.0,4.0,4.0,6.069973,5.3428626,5.660625,5.4060316,5.6941147
P3_V19_Phase33,9.0,9.0,9.0,9.0,9.0,6.069113,5.341385,5.6584697,5.405157,5.6937513
P3_V19_Phase34,7.0,6.0,7.0,6.0,7.0,6.06337,5.339275,5.6505704,5.3984485,5.6899137
P3_V19_Phase35,7.0,6.0,7.0,6.0,7.0,6.064909,5.339438,5.6527886,5.40094,5.6899433
P3_V19_Phase36,9.0,8.0,9.0,8.0,9.0,6.066437,5.34232,5.6529202,5.4019585,5.693007
P3_V19_Phase37,5.0,4.0,3.0,4.0,4.0,6.0569553,5.3331847,5.646377,5.3943634,5.682753
P3_V19_Phase38,4.0,4.0,3.0,4.0,3.0,6.066064,5.3411436,5.6529174,5.4030046,5.691278
P3_V19_Phase40,4.0,3.0,4.0,3.0,4.0,6.0707846,5.342523,5.6608768,5.4087234,5.6938725
P3_V19_Phase41,5.0,4.0,5.0,4.0,5.0,6.065873,5.3418136,5.655419,5.4012194,5.6927085
P3_V19_Phase42,5.0,4.0,5.0,4.0,5.0,6.074258,5.345487,5.6671624,5.410874,5.6960917
P3_V19_Phase43,7.0,6.0,7.0,6.0,7.0,6.066023,5.340688,5.653784,5.4025555,5.69149
P3_V19_Phase44,4.0,5.0,4.0,3.0,4.0,6.0658727,5.3407254,5.654056,5.40139,5.6910086
P3_V19_Phase45,5.0,4.0,4.0,5.0,4.0,6.0682344,5.339812,5.6570888,5.406085,5.6916676
P3_V19_Phase46,7.0,6.0,7.0,6.0,7.0,6.0628834,5.338336,5.6501083,5.399562,5.688904
P3_V19_Phase47,5.0,4.0,5.0,4.0,5.0,6.0680323,5.3417296,5.656828,5.4042864,5.69343
P3_V19_Phase48,5.0,4.0,5.0,4.0,5.0,6.069291,5.3424516,5.6587396,5.4049935,5.6946297
P3_V19_Phase49,2.0,1.0,2.0,1.0,2.0,6.071286,5.3442483,5.659842,5.4068174,5.696525
P3_V19_Phase5,9.0,8.0,9.0,8.0,9.0,6.0642724,5.3406425,5.652513,5.400034,5.6911807
P3_V19_Phase50,5.0,4.0,5.0,4.0,5.0,6.0685406,5.3418117,5.6571283,5.403242,5.6935754
P3_V19_Phase51,5.0,4.0,4.0,5.0,5.0,6.0634165,5.3387103,5.6509547,5.398205,5.6899343
P3_V19_Phase52,7.0,6.0,7.0,6.0,7.0,6.0694857,5.3423705,5.660132,5.4046717,5.6925435
P3_V19_Phase53,5.0,5.0,4.0,4.0,5.0,6.068761,5.3426986,5.6564326,5.40456,5.6934853
P3_V19_Phase54,4.0,3.0,4.0,3.0,4.0,6.063537,5.3373303,5.651317,5.4014807,5.6873345
P3_V19_Phase55,4.0,3.0,4.0,3.0,4.0,6.0681458,5.3413253,5.6565423,5.4027653,5.6931257
P3_V19_Phase56,7.0,6.0,7.0,6.0,7.0,6.068242,5.3422065,5.6552835,5.403857,5.6937113
P3_V19_Phase57,4.0,3.0,4.0,3.0,4.0,6.071306,5.342625,5.66285,5.40889,5.6931734
P3_V19_Phase58,7.0,6.0,7.0,6.0,7.0,6.0634065,5.3400307,5.6514945,5.3994236,5.690428
P3_V19_Phase59,2.0,2.0,1.0,2.0,2.0,6.067367,5.3429523,5.655926,5.403841,5.693887
P3_V19_Phase6,7.0,7.0,6.0,6.0,7.0,6.070898,5.343957,5.6604905,5.406873,5.6960435
P3_V19_Phase60,7.0,6.0,7.0,6.0,7.0,6.0652223,5.339822,5.6536865,5.400191,5.6912713
P3_V19_Phase61,9.0,8.0,9.0,8.0,9.0,6.070124,5.3441834,5.6581035,5.4059567,5.695634
P3_V19_Phase62,7.0,7.0,7.0,6.0,7.0,6.063393,5.339489,5.6510086,5.4005046,5.6889153
P3_V19_Phase63,7.0,6.0,7.0,6.0,7.0,6.06629,5.341929,5.6528144,5.4019027,5.6924977
P3_V19_Phase64,7.0,6.0,6.0,7.0,6.0,6.068422,5.3433423,5.6571226,5.4049015,5.693571
P3_V19_Phase65,7.0,6.0,7.0,6.0,7.0,6.06984,5.3429565,5.6588206,5.4055986,5.6953554
P3_V19_Phase66,7.0,7.0,6.0,7.0,6.0,6.070675,5.3442016,5.6595197,5.4060163,5.6964464
P3_V19_Phase67,4.0,3.0,4.0,3.0,4.0,6.0712442,5.344312,5.6602836,5.4063525,5.6963778
P3_V19_Phase68,5.0,4.0,4.0,5.0,4.0,6.068227,5.3429656,5.6584516,5.4024467,5.6927013
P3_V19_Phase69,5.0,5.0,4.0,4.0,5.0,6.0654774,5.339783,5.654452,5.401519,5.6914854
P3_V19_Phase7,9.0,8.0,8.0,8.0,9.0,6.068747,5.3415728,5.6563835,5.403448,5.693982
P3_V19_Phase71,7.0,7.0,6.0,6.0,7.0,6.0672693,5.3406906,5.6560373,5.403863,5.6926575
P3_V19_Phase73,7.0,6.0,7.0,6.0,6.0,6.0614023,5.337603,5.648747,5.397729,5.688035
P3_V19_Phase74,4.0,3.0,4.0,3.0,4.0,6.069633,5.3434367,5.6574383,5.406344,5.694962
P3_V19_Phase75,9.0,8.0,9.0,8.0,9.0,6.0612392,5.3359756,5.651709,5.3996634,5.685169
P3_V19_Phase76,2.0,1.0,2.0,1.0,2.0,6.060842,5.3369365,5.6477513,5.397096,5.687235
P3_V19_Phase77,5.0,4.0,5.0,4.0,5.0,6.069806,5.3429847,5.6581106,5.4060335,5.6946244
P3_V19_Phase78,5.0,4.0,5.0,4.0,5.0,6.0695124,5.34271,5.658339,5.4057,5.6941442
P3_V19_Phase79,7.0,6.0,7.0,6.0,7.0,6.066538,5.3401856,5.6551294,5.402073,5.6921806
P3_V19_Phase8,7.0,7.0,6.0,7.0,6.0,6.066812,5.3409963,5.6555734,5.4012837,5.6919303
P3_V19_Phase80,5.0,5.0,4.0,5.0,4.0,6.060914,5.3367167,5.6482873,5.3969574,5.6871815
P3_V19_Phase81,9.0,8.0,9.0,8.0,9.0,6.0691795,5.3450246,5.656916,5.405555,5.6961384
P3_V19_Phase82,7.0,6.0,7.0,6.0,7.0,6.0633917,5.3349633,5.6550126,5.401734,5.6851187
P3_V19_Phase84,4.0,3.0,4.0,3.0,4.0,6.0733604,5.346193,5.6623073,5.4079485,5.6983485
P3_V19_Phase85,2.0,1.0,2.0,1.0,2.0,6.0710187,5.3439016,5.661176,5.407033,5.69651
P3_V19_Phase86,7.0,6.0,7.0,6.0,7.0,6.0716968,5.343233,5.661175,5.4070406,5.695759
P3_V19_Phase87,7.0,6.0,7.0,6.0,7.0,6.0700355,5.3437448,5.6582456,5.4058433,5.6959906
P3_V19_Phase88,9.0,8.0,9.0,8.0,9.0,6.0592957,5.335548,5.6470428,5.3956356,5.685504
P3_V19_Phase89,9.0,8.0,9.0,8.0,9.0,6.0617437,5.336904,5.64856,5.400636,5.6867914
P3_V19_Phase9,7.0,6.0,7.0,6.0,7.0,6.0654516,5.3416605,5.6527286,5.4010973,5.692131
P3_V19_Phase90,4.0,3.0,3.0,4.0,4.0,6.06886,5.3405776,5.658497,5.4046254,5.691757
P3_V19_Phase91,5.0,5.0,4.0,5.0,4.0,6.0689473,5.343305,5.655582,5.4061317,5.6946583
P3_V19_Phase92,2.0,1.0,0.0,1.0,1.0,6.0651646,5.341105,5.6523776,5.402074,5.6913576
P3_V19_Phase93,9.0,8.0,9.0,8.0,9.0,6.066074,5.3418026,5.65383,5.4017777,5.691535
P3_V19_Phase94,7.0,7.0,6.0,6.0,7.0,6.0657578,5.341079,5.6528935,5.40131,5.69088
P3_V19_Phase96,5.0,5.0,4.0,4.0,4.0,6.069997,5.3429465,5.658139,5.4046063,5.6951857
P3_V19_Phase97,2.0,1.0,2.0,1.0,2.0,6.0713024,5.344207,5.660421,5.4070835,5.6968746
P3_V19_Phase98,5.0,5.0,4.0,5.0,4.0,6.0683885,5.3417544,5.656656,5.4045506,5.692565
P3_V19_Phase99,9.0,8.0,9.0,8.0,9.0,6.0659523,5.334666,5.655138,5.4044895,5.6874337
P3_V1_Phase1,5.0,4.0,5.0,4.0,5.0,6.064388,5.3410606,5.650782,5.400355,5.691058
P3_V1_Phase10,9.0,8.0,9.0,8.0,9.0,6.068204,5.3424783,5.6567883,5.4031563,5.6940384
P3_V1_Phase11,2.0,1.0,2.0,1.0,2.0,6.063788,5.3406363,5.65277,5.4022164,5.689042
P3_V1_Phase12,5.0,4.0,5.0,4.0,4.0,6.0647273,5.3381953,5.654302,5.401945,5.6892056
P3_V1_Phase13,5.0,5.0,4.0,5.0,4.0,6.0699635,5.342871,5.6582417,5.4057183,5.6955395
P3_V1_Phase14,4.0,3.0,4.0,3.0,4.0,6.0670147,5.340779,5.655094,5.402747,5.693028
P3_V1_Phase15,5.0,4.0,5.0,4.0,5.0,6.072766,5.3412004,5.6645265,5.409253,5.6930056
P3_V1_Phase16,7.0,6.0,7.0,6.0,7.0,6.0710497,5.3440404,5.6592264,5.406728,5.6953564
P3_V1_Phase17,2.0,1.0,2.0,1.0,2.0,6.06821,5.3425374,5.6571603,5.4049053,5.6930094
P3_V1_Phase18,7.0,6.0,7.0,6.0,7.0,6.0667515,5.340986,5.6544194,5.402061,5.6929674
P3_V1_Phase19,9.0,8.0,9.0,8.0,9.0,6.0699196,5.3423905,5.658717,5.406013,5.694616
P3_V1_Phase2,5.0,4.0,5.0,4.0,4.0,6.069105,5.3420234,5.6577435,5.405038,5.693159
P3_V1_Phase20,5.0,4.0,5.0,4.0,5.0,6.066762,5.342418,5.654386,5.4028735,5.6935043
P3_V1_Phase21,2.0,1.0,2.0,1.0,2.0,6.0665994,5.341946,5.6547365,5.4027963,5.6934233
P3_V1_Phase22,5.0,4.0,5.0,4.0,5.0,6.071147,5.344944,5.6598344,5.40666,5.696911
P3_V1_Phase23,4.0,3.0,4.0,3.0,4.0,6.069766,5.342838,5.658874,5.4049854,5.6955557
P3_V1_Phase24,2.0,1.0,2.0,1.0,2.0,6.0679603,5.343251,5.656138,5.4038634,5.694355
P3_V1_Phase25,2.0,1.0,2.0,1.0,2.0,6.0688944,5.3436465,5.6575627,5.404084,5.6946354
P3_V1_Phase26,2.0,2.0,1.0,2.0,1.0,6.070234,5.3447776,5.6589947,5.40804,5.696814
P3_V1_Phase27,7.0,6.0,7.0,6.0,7.0,6.070057,5.344206,5.6587987,5.4054575,5.6958055
P3_V1_Phase28,4.0,3.0,4.0,3.0,4.0,6.0699854,5.343683,5.658448,5.405158,5.695822
P3_V1_Phase29,5.0,4.0,5.0,4.0,5.0,6.0677176,5.3405037,5.658364,5.4035482,5.6909466
P3_V1_Phase3,9.0,8.0,9.0,8.0,9.0,6.0706534,5.3422494,5.659978,5.4068975,5.6948323
P3_V1_Phase30,5.0,4.0,5.0,4.0,4.0,6.070733,5.3454533,5.6589837,5.4054384,5.69669
P3_V1_Phase31,5.0,4.0,5.0,4.0,5.0,6.0678444,5.3424487,5.6565986,5.403534,5.693059
P3_V1_Phase32,2.0,1.0,2.0,1.0,2.0,6.0704794,5.3432937,5.659982,5.4070454,5.6959896
P3_V1_Phase33,4.0,3.0,4.0,3.0,4.0,6.067574,5.3399215,5.6590276,5.4046683,5.6904435
P3_V1_Phase34,2.0,1.0,2.0,1.0,2.0,6.0689454,5.341287,5.658625,5.404687,5.6930075
P3_V1_Phase35,2.0,1.0,2.0,1.0,2.0,6.0699015,5.3427505,5.6595116,5.405368,5.695172
P3_V1_Phase36,9.0,8.0,9.0,8.0,9.0,6.0707026,5.3422294,5.660277,5.4069986,5.693596
P3_V1_Phase37,9.0,8.0,9.0,8.0,9.0,6.067372,5.3419595,5.655376,5.4038863,5.693248
P3_V1_Phase38,9.0,8.0,9.0,8.0,9.0,6.070504,5.3432007,5.65836,5.4062986,5.695075
P3_V1_Phase39,5.0,4.0,5.0,4.0,5.0,6.0716343,5.3451753,5.6604557,5.4062233,5.696592
P3_V1_Phase4,9.0,8.0,9.0,8.0,9.0,6.070529,5.3442616,5.658343,5.404561,5.6959724
P3_V1_Phase40,9.0,9.0,9.0,9.0,9.0,6.070674,5.344952,5.6587687,5.4054117,5.69677
P3_V1_Phase41,2.0,1.0,2.0,1.0,2.0,6.065332,5.340149,5.653498,5.40107,5.691165
P3_V1_Phase42,5.0,4.0,5.0,4.0,5.0,6.0688457,5.3420415,5.657699,5.404459,5.6937656
P3_V1_Phase43,2.0,1.0,2.0,1.0,0.0,6.0668902,5.3407073,5.654941,5.4035964,5.6914706
P3_V1_Phase44,4.0,3.0,4.0,3.0,4.0,6.0701213,5.344669,5.65836,5.405526,5.696386
P3_V1_Phase45,2.0,1.0,2.0,1.0,2.0,6.0703063,5.3442025,5.6587996,5.4055195,5.6955605
P3_V1_Phase46,5.0,4.0,5.0,4.0,5.0,6.0715704,5.3440967,5.660732,5.4079924,5.696284
P3_V1_Phase47,2.0,1.0,2.0,1.0,1.0,6.0721483,5.344442,5.6620255,5.4089713,5.69728
P3_V1_Phase48,5.0,4.0,5.0,4.0,5.0,6.0727673,5.345547,5.6620884,5.407957,5.697771
P3_V1_Phase49,5.0,4.0,5.0,4.0,5.0,6.066724,5.340756,5.6552105,5.40251,5.692092
P3_V1_Phase5,7.0,6.0,7.0,6.0,7.0,6.070808,5.3436093,5.659917,5.4072065,5.6958504
P3_V1_Phase50,7.0,6.0,7.0,6.0,7.0,6.0707436,5.34335,5.6611075,5.406685,5.6935644
P3_V1_Phase6,7.0,6.0,7.0,6.0,7.0,6.0686593,5.342266,5.6567006,5.4038014,5.694126
P3_V1_Phase7,5.0,4.0,5.0,4.0,5.0,6.0723305,5.345059,5.659961,5.40821,5.69683
P3_V1_Phase8,5.0,5.0,4.0,5.0,4.0,6.066614,5.3393035,5.6554837,5.4022512,5.6911554
P3_V1_Phase9,5.0,4.0,5.0,4.0,5.0,6.07006,5.3434505,5.6591487,5.4055195,5.695226
P3_V2_Phase1,7.0,6.0,7.0,6.0,7.0,6.064602,5.339227,5.6530013,5.4004965,5.6896515
P3_V2_Phase10,9.0,8.0,9.0,8.0,9.0,6.062663,5.337976,5.6500177,5.398867,5.688426
P3_V2_Phase11,5.0,4.0,5.0,4.0,5.0,6.064415,5.341475,5.651237,5.3998528,5.6912966
P3_V2_Phase12,7.0,6.0,7.0,6.0,7.0,6.0665007,5.3415694,5.654334,5.4024553,5.69256
P3_V2_Phase13,5.0,4.0,5.0,4.0,5.0,6.0638356,5.336457,5.652768,5.3990655,5.688025
P3_V2_Phase14,9.0,8.0,9.0,8.0,9.0,6.0690823,5.343317,5.659497,5.4045086,5.6925807
P3_V2_Phase15,0.0,0.0,0.0,0.0,0.0,6.06361,5.3392053,5.650643,5.4012985,5.689147
P3_V2_Phase16,7.0,7.0,6.0,6.0,7.0,6.061595,5.33757,5.649174,5.3975,5.687912
P3_V2_Phase2,5.0,4.0,5.0,4.0,5.0,6.065234,5.3402677,5.654894,5.4013505,5.690657
P3_V2_Phase3,5.0,4.0,5.0,4.0,5.0,6.063754,5.3399262,5.65159,5.399587,5.6908484
P3_V2_Phase4,5.0,4.0,5.0,4.0,5.0,6.067833,5.341666,5.656493,5.403528,5.692877
P3_V2_Phase5,2.0,1.0,2.0,1.0,2.0,6.0674295,5.340512,5.6563964,5.4036093,5.6924953
P3_V2_Phase6,2.0,1.0,0.0,1.0,2.0,6.0682573,5.3431687,5.656486,5.40329,5.694438
P3_V2_Phase7,5.0,4.0,5.0,4.0,5.0,6.0678844,5.341266,5.655196,5.4035845,5.692896
P3_V2_Phase8,7.0,6.0,7.0,6.0,7.0,6.067018,5.3415055,5.6556773,5.4026794,5.692
P3_V2_Phase9,5.0,5.0,4.0,5.0,5.0,6.0670333,5.34204,5.6555114,5.401599,5.693495
P3_V3_Phase1,5.0,4.0,5.0,4.0,5.0,6.0691557,5.3438277,5.657259,5.404462,5.695051
P3_V3_Phase10,5.0,4.0,5.0,4.0,5.0,6.062746,5.337394,5.6509986,5.399788,5.6881046
P3_V3_Phase11,7.0,6.0,7.0,6.0,7.0,6.0692253,5.3424373,5.6579137,5.4039946,5.6931705
P3_V3_Phase12,7.0,6.0,7.0,6.0,7.0,6.064808,5.3392243,5.653085,5.4017897,5.689944
P3_V3_Phase13,5.0,4.0,5.0,4.0,5.0,6.0669355,5.3407345,5.65559,5.4033666,5.692643
P3_V3_Phase14,2.0,1.0,2.0,1.0,2.0,6.0692635,5.3427153,5.65822,5.4051647,5.6945753
P3_V3_Phase15,4.0,3.0,4.0,3.0,4.0,6.070898,5.345303,5.6585755,5.4049444,5.6966953
P3_V3_Phase16,7.0,6.0,7.0,6.0,7.0,6.0694714,5.343045,5.656717,5.404769,5.6941166
P3_V3_Phase17,7.0,6.0,7.0,6.0,7.0,6.0697064,5.3449464,5.6567254,5.4039135,5.695654
P3_V3_Phase18,7.0,6.0,7.0,6.0,7.0,6.0684333,5.342585,5.6581674,5.4046526,5.6941824
P3_V3_Phase19,5.0,4.0,5.0,4.0,5.0,6.0646777,5.3405786,5.6516786,5.4003735,5.691632
P3_V3_Phase2,9.0,8.0,9.0,8.0,9.0,6.0702477,5.342311,5.659097,5.407529,5.6945124
P3_V3_Phase20,5.0,4.0,5.0,4.0,4.0,6.0636244,5.340431,5.650513,5.3982043,5.69073
P3_V3_Phase21,5.0,4.0,5.0,4.0,5.0,6.0638695,5.339807,5.6517158,5.399067,5.6906443
P3_V3_Phase22,2.0,1.0,2.0,1.0,2.0,6.0659738,5.3411374,5.655827,5.4022436,5.691098
P3_V3_Phase23,5.0,4.0,5.0,4.0,4.0,6.0670967,5.3413143,5.654039,5.4041023,5.692957
P3_V3_Phase24,5.0,4.0,5.0,4.0,5.0,6.0681458,5.342281,5.655627,5.4040856,5.693242
P3_V3_Phase25,7.0,6.0,7.0,6.0,7.0,6.0662036,5.33869,5.6556573,5.402005,5.6907578
P3_V3_Phase26,2.0,1.0,2.0,1.0,2.0,6.0629673,5.3397717,5.6499143,5.398758,5.690138
P3_V3_Phase27,7.0,6.0,7.0,6.0,7.0,6.0679417,5.3426943,5.6544833,5.403816,5.6940746
P3_V3_Phase28,2.0,1.0,2.0,1.0,2.0,6.0670733,5.3404975,5.6582766,5.402421,5.691064
P3_V3_Phase29,4.0,3.0,4.0,3.0,3.0,6.0698867,5.3435626,5.6586413,5.4061327,5.695611
P3_V3_Phase3,4.0,3.0,4.0,3.0,4.0,6.0629215,5.3384724,5.6501145,5.4002485,5.688715
P3_V3_Phase30,2.0,1.0,2.0,2.0,2.0,6.0689764,5.344524,5.656112,5.4045186,5.6952434
P3_V3_Phase4,4.0,3.0,4.0,3.0,4.0,6.067167,5.3422914,5.6548543,5.403237,5.6936584
P3_V3_Phase5,5.0,4.0,5.0,4.0,5.0,6.0689983,5.3390903,5.6611795,5.4065804,5.6908255
P3_V3_Phase6,9.0,8.0,9.0,8.0,9.0,6.0661855,5.339251,5.6552734,5.4029665,5.689745
P3_V3_Phase7,5.0,4.0,5.0,4.0,5.0,6.0655355,5.339513,5.655071,5.4013987,5.6907086
P3_V3_Phase8,2.0,1.0,2.0,1.0,2.0,6.0663986,5.340054,5.6549234,5.4016123,5.691799
P3_V3_Phase9,2.0,1.0,1.0,2.0,2.0,6.0645237,5.3400445,5.6525784,5.399123,5.6906695
P3_V4_Phase1,4.0,3.0,4.0,3.0,4.0,6.0682564,5.3417377,5.658932,5.4044094,5.6930203
P3_V4_Phase10,5.0,4.0,5.0,4.0,5.0,6.0683317,5.339906,5.657636,5.40526,5.6921887
P3_V4_Phase100,7.0,6.0,7.0,6.0,7.0,6.064449,5.338678,5.653502,5.401892,5.6885796
P3_V4_Phase101,2.0,1.0,2.0,1.0,2.0,6.066413,5.3430886,5.654193,5.402139,5.692354
P3_V4_Phase102,2.0,1.0,2.0,1.0,2.0,6.0670824,5.3435664,5.654262,5.4018364,5.6941147
P3_V4_Phase103,2.0,1.0,2.0,1.0,2.0,6.065981,5.3410015,5.653958,5.400466,5.6925507
P3_V4_Phase104,4.0,3.0,4.0,3.0,4.0,6.0700264,5.340398,5.6593947,5.4094267,5.6932535
P3_V4_Phase105,4.0,3.0,4.0,3.0,4.0,6.065452,5.340157,5.654169,5.401143,5.6914783
P3_V4_Phase106,5.0,4.0,5.0,4.0,4.0,6.0657263,5.341686,5.6539364,5.399912,5.693013
P3_V4_Phase107,2.0,1.0,2.0,1.0,2.0,6.070125,5.346412,5.6590724,5.404845,5.697471
P3_V4_Phase108,4.0,3.0,4.0,3.0,4.0,6.0692673,5.3429337,5.658483,5.404645,5.6943655
P3_V4_Phase109,5.0,4.0,5.0,4.0,5.0,6.0512123,5.3249936,5.645757,5.391459,5.675404
P3_V4_Phase11,5.0,4.0,5.0,4.0,5.0,6.07165,5.3447785,5.660107,5.4070168,5.6973867
P3_V4_Phase110,5.0,4.0,5.0,4.0,5.0,6.0633736,5.33452,5.6554275,5.4022264,5.685534
P3_V4_Phase111,2.0,1.0,2.0,1.0,2.0,6.065276,5.341109,5.652539,5.400706,5.690923
P3_V4_Phase112,4.0,3.0,3.0,4.0,4.0,6.068539,5.342883,5.6578517,5.403601,5.69278
P3_V4_Phase113,4.0,3.0,4.0,3.0,4.0,6.0668097,5.343183,5.6549473,5.4015026,5.6931458
P3_V4_Phase114,4.0,3.0,4.0,3.0,4.0,6.065694,5.341971,5.653586,5.4008923,5.6914196
P3_V4_Phase115,4.0,3.0,4.0,3.0,4.0,6.0694647,5.3440614,5.657372,5.4037943,5.696186
P3_V4_Phase116,4.0,3.0,4.0,3.0,4.0,6.0711546,5.3442693,5.6603503,5.4066577,5.696847
P3_V4_Phase117,4.0,3.0,4.0,3.0,4.0,6.0663686,5.340258,5.6546454,5.40197,5.6920347
P3_V4_Phase118,5.0,5.0,4.0,5.0,4.0,6.070156,5.34454,5.6580005,5.4043875,5.696093
P3_V4_Phase119,5.0,4.0,5.0,4.0,5.0,6.0683517,5.3433814,5.6562114,5.403767,5.694952
P3_V4_Phase12,5.0,4.0,5.0,4.0,5.0,6.0685577,5.341589,5.657856,5.4030924,5.6943417
P3_V4_Phase120,5.0,4.0,5.0,4.0,5.0,6.0738945,5.3452516,5.664084,5.410373,5.6990495
P3_V4_Phase121,4.0,3.0,4.0,3.0,4.0,6.0660276,5.3423524,5.6531906,5.4017563,5.6924896
P3_V4_Phase122,5.0,4.0,5.0,4.0,5.0,6.067878,5.34301,5.656235,5.4032974,5.6942596
P3_V4_Phase123,5.0,4.0,4.0,5.0,4.0,6.069309,5.3434815,5.657091,5.40545,5.694153
P3_V4_Phase13,2.0,1.0,2.0,1.0,2.0,6.068885,5.340921,5.658116,5.4045086,5.6941385
P3_V4_Phase14,4.0,3.0,4.0,3.0,4.0,6.0735426,5.3457723,5.66231,5.4093227,5.6987667
P3_V4_Phase15,2.0,1.0,2.0,1.0,2.0,6.067137,5.3420854,5.655478,5.402386,5.6930437
P3_V4_Phase16,5.0,4.0,5.0,4.0,5.0,6.0657816,5.339195,5.6528063,5.403015,5.690381
P3_V4_Phase17,4.0,3.0,4.0,3.0,4.0,6.0612736,5.335057,5.651319,5.397979,5.685487
P3_V4_Phase18,2.0,1.0,2.0,1.0,2.0,6.067251,5.341056,5.6562715,5.4042015,5.6930237
P3_V4_Phase19,5.0,4.0,5.0,4.0,5.0,6.0652676,5.340294,5.653153,5.403119,5.6910553
P3_V4_Phase2,7.0,6.0,7.0,6.0,7.0,6.066308,5.340339,5.655044,5.402113,5.692127
P3_V4_Phase20,4.0,3.0,4.0,3.0,4.0,6.065234,5.339533,5.6539645,5.401453,5.690546
P3_V4_Phase21,5.0,4.0,5.0,4.0,5.0,6.068946,5.3434243,5.65686,5.4054937,5.694866
P3_V4_Phase22,5.0,4.0,5.0,4.0,5.0,6.069338,5.343531,5.657203,5.4055986,5.69537
P3_V4_Phase23,5.0,4.0,5.0,4.0,5.0,6.0718546,5.3457804,5.6620226,5.4079056,5.6976776
P3_V4_Phase24,4.0,3.0,4.0,3.0,4.0,6.0716333,5.343868,5.66046,5.407842,5.696376
P3_V4_Phase25,5.0,4.0,5.0,4.0,5.0,6.0687165,5.3420196,5.6585264,5.4045506,5.693313
P3_V4_Phase26,2.0,1.0,2.0,1.0,2.0,6.0667458,5.338631,5.6571965,5.404196,5.690587
P3_V4_Phase27,2.0,1.0,2.0,1.0,2.0,6.0685096,5.343494,5.657021,5.4031234,5.69474
P3_V4_Phase28,5.0,4.0,5.0,4.0,5.0,6.0657473,5.340527,5.653028,5.400651,5.6908293
P3_V4_Phase29,2.0,1.0,2.0,1.0,2.0,6.0689936,5.3438506,5.6563683,5.404584,5.694792
P3_V4_Phase3,5.0,4.0,5.0,4.0,5.0,6.069084,5.341764,5.65805,5.405066,5.693411
P3_V4_Phase30,2.0,1.0,1.0,2.0,2.0,6.0627747,5.3382916,5.6508274,5.398673,5.6885543
P3_V4_Phase31,2.0,1.0,1.0,2.0,1.0,6.0652895,5.340327,5.652949,5.401406,5.691682
P3_V4_Phase32,5.0,5.0,5.0,4.0,5.0,6.0669374,5.341288,5.6547847,5.4023347,5.6924477
P3_V4_Phase33,1.0,0.0,1.0,0.0,1.0,6.0709796,5.343825,5.6605506,5.4079113,5.696414
P3_V4_Phase34,5.0,4.0,5.0,4.0,5.0,6.0638533,5.3388534,5.6522746,5.3995595,5.6891093
P3_V4_Phase35,2.0,1.0,2.0,1.0,2.0,6.065916,5.3413305,5.6537867,5.4008656,5.69229
P3_V4_Phase36,7.0,6.0,7.0,6.0,7.0,6.070917,5.3454986,5.6601644,5.406228,5.6973367
P3_V4_Phase37,5.0,4.0,5.0,4.0,4.0,6.067811,5.342732,5.656943,5.402404,5.693078
P3_V4_Phase38,5.0,4.0,5.0,4.0,5.0,6.0691657,5.3436217,5.6570477,5.4057083,5.6953325
P3_V4_Phase39,5.0,4.0,5.0,4.0,5.0,6.0690107,5.343722,5.657451,5.4046116,5.695505
P3_V4_Phase4,7.0,6.0,7.0,6.0,7.0,6.0649796,5.3402424,5.652026,5.400939,5.6917057
P3_V4_Phase40,7.0,6.0,7.0,6.0,7.0,6.061517,5.338394,5.6478624,5.3974857,5.688469
P3_V4_Phase41,5.0,5.0,4.0,5.0,4.0,6.06744,5.3410153,5.6568785,5.4028416,5.6930704
P3_V4_Phase42,5.0,4.0,5.0,4.0,5.0,6.0646157,5.339532,5.652535,5.4002385,5.690467
P3_V4_Phase43,5.0,4.0,5.0,4.0,5.0,6.062549,5.337494,5.6531415,5.3987875,5.6863337
P3_V4_Phase44,5.0,4.0,4.0,5.0,4.0,6.0716023,5.342835,5.6620708,5.407578,5.6944485
P3_V4_Phase45,5.0,5.0,4.0,5.0,4.0,6.069464,5.343742,5.6582665,5.4048567,5.6957483
P3_V4_Phase46,2.0,1.0,2.0,1.0,2.0,6.070618,5.3429303,5.6601453,5.405474,5.6957183
P3_V4_Phase47,2.0,1.0,2.0,1.0,2.0,6.069275,5.342884,5.657165,5.4040146,5.693771
P3_V4_Phase48,4.0,3.0,4.0,3.0,4.0,6.0674815,5.3409257,5.6556516,5.404664,5.692921
P3_V4_Phase49,4.0,3.0,4.0,3.0,4.0,6.0654645,5.3411193,5.6527467,5.4017515,5.6921735
P3_V4_Phase5,5.0,4.0,5.0,4.0,5.0,6.0652614,5.339449,5.656061,5.400509,5.688419
P3_V4_Phase50,5.0,4.0,5.0,4.0,5.0,6.066925,5.3385806,5.6563125,5.402466,5.690112
P3_V4_Phase51,4.0,3.0,4.0,3.0,4.0,6.0684233,5.3433013,5.655827,5.4033866,5.694354
P3_V4_Phase52,4.0,3.0,4.0,3.0,4.0,6.0666285,5.3415656,5.653671,5.402134,5.692357
P3_V4_Phase53,4.0,3.0,4.0,3.0,4.0,6.067725,5.33886,5.6548533,5.4072,5.6904383
P3_V4_Phase54,2.0,1.0,1.0,2.0,2.0,6.0691376,5.3433995,5.6573005,5.4053154,5.694025
P3_V4_Phase55,5.0,4.0,5.0,4.0,5.0,6.066463,5.34113,5.655132,5.4017696,5.69238
P3_V4_Phase56,4.0,3.0,3.0,4.0,4.0,6.069908,5.3434043,5.6585593,5.404935,5.6955113
P3_V4_Phase57,5.0,4.0,5.0,4.0,5.0,6.074153,5.3481236,5.663699,5.4091516,5.7006845
P3_V4_Phase58,5.0,5.0,4.0,5.0,4.0,6.0653024,5.336866,5.65513,5.4043875,5.688386
P3_V4_Phase59,4.0,3.0,4.0,3.0,3.0,6.067999,5.3434787,5.6559796,5.4038243,5.694533
P3_V4_Phase6,5.0,4.0,5.0,4.0,5.0,6.0705934,5.344282,5.6584725,5.4073696,5.695344
P3_V4_Phase60,5.0,4.0,5.0,4.0,5.0,6.065877,5.340806,5.6543584,5.400235,5.6913137
P3_V4_Phase61,4.0,3.0,4.0,4.0,3.0,6.067249,5.3426065,5.6554804,5.402564,5.693368
P3_V4_Phase62,2.0,1.0,2.0,1.0,2.0,6.0676584,5.3421397,5.655367,5.4024577,5.693434
P3_V4_Phase63,7.0,6.0,7.0,6.0,7.0,6.069126,5.342596,5.6586447,5.4064918,5.6942368
P3_V4_Phase64,7.0,6.0,7.0,6.0,7.0,6.0677037,5.3418107,5.6558914,5.404192,5.69371
P3_V4_Phase65,7.0,6.0,7.0,6.0,7.0,6.0691023,5.3439765,5.65791,5.4057627,5.694849
P3_V4_Phase66,7.0,6.0,7.0,6.0,7.0,6.0675197,5.342196,5.6556334,5.403947,5.693036
P3_V4_Phase67,5.0,4.0,5.0,4.0,5.0,6.065893,5.342015,5.652863,5.401373,5.692231
P3_V4_Phase68,7.0,6.0,6.0,7.0,6.0,6.066701,5.341318,5.6547403,5.4014225,5.6927667
P3_V4_Phase69,5.0,4.0,5.0,4.0,5.0,6.0661917,5.34099,5.654102,5.403843,5.692292
P3_V4_Phase7,5.0,5.0,4.0,4.0,5.0,6.0591784,5.333943,5.6497416,5.396987,5.68337
P3_V4_Phase70,5.0,4.0,5.0,4.0,5.0,6.0703115,5.3430066,5.6579185,5.4053802,5.694887
P3_V4_Phase71,5.0,4.0,5.0,4.0,5.0,6.065149,5.3410597,5.6533318,5.399891,5.6918235
P3_V4_Phase72,4.0,3.0,4.0,3.0,4.0,6.0644655,5.3427825,5.6525264,5.3991127,5.692646
P3_V4_Phase73,5.0,4.0,5.0,4.0,5.0,6.069556,5.3446274,5.657931,5.40361,5.696009
P3_V4_Phase74,2.0,1.0,2.0,1.0,2.0,6.068076,5.3441615,5.6564503,5.4027095,5.6952744
P3_V4_Phase75,4.0,3.0,4.0,3.0,4.0,6.069825,5.345242,5.65829,5.4044666,5.6965756
P3_V4_Phase76,2.0,1.0,2.0,1.0,2.0,6.0703697,5.3446107,5.659655,5.405573,5.696241
P3_V4_Phase77,7.0,6.0,7.0,6.0,7.0,6.068179,5.340777,5.6576633,5.4047585,5.6916757
P3_V4_Phase78,2.0,1.0,2.0,1.0,2.0,6.063657,5.339877,5.650535,5.3988113,5.6904073
P3_V4_Phase79,2.0,1.0,1.0,2.0,1.0,6.064364,5.340187,5.6521974,5.4001293,5.6906786
P3_V4_Phase8,4.0,3.0,4.0,3.0,4.0,6.067897,5.341391,5.6566663,5.403436,5.692835
P3_V4_Phase80,2.0,1.0,2.0,1.0,2.0,6.0708213,5.3443484,5.6595445,5.405839,5.6966085
P3_V4_Phase81,2.0,1.0,2.0,1.0,2.0,6.067124,5.3426833,5.6554465,5.402095,5.694112
P3_V4_Phase82,2.0,1.0,1.0,2.0,2.0,6.0659842,5.3413463,5.6540027,5.400694,5.6926475
P3_V4_Phase83,4.0,3.0,4.0,3.0,3.0,6.067766,5.344831,5.65581,5.4010706,5.6950955
P3_V4_Phase84,5.0,4.0,5.0,4.0,5.0,6.0656414,5.3407245,5.654068,5.4009857,5.692047
P3_V4_Phase85,5.0,5.0,4.0,5.0,4.0,6.0721574,5.3480906,5.6604033,5.405918,5.6989417
P3_V4_Phase86,5.0,4.0,5.0,4.0,5.0,6.071569,5.3463864,5.6598496,5.406231,5.6972
P3_V4_Phase87,5.0,4.0,5.0,4.0,5.0,6.0711927,5.3442607,5.6604877,5.407651,5.6969786
P3_V4_Phase88,7.0,6.0,7.0,6.0,7.0,6.0657377,5.3423142,5.653005,5.4017763,5.692462
P3_V4_Phase89,5.0,4.0,5.0,4.0,5.0,6.0679235,5.344272,5.6551223,5.4043694,5.6950464
P3_V4_Phase9,5.0,4.0,5.0,4.0,5.0,6.0649996,5.341623,5.6527944,5.3997602,5.692088
P3_V4_Phase90,5.0,5.0,5.0,4.0,5.0,6.0688777,5.3412213,5.657787,5.4045315,5.692304
P3_V4_Phase91,2.0,1.0,1.0,1.0,2.0,6.0596223,5.335776,5.6489425,5.396252,5.685888
P3_V4_Phase92,2.0,1.0,1.0,2.0,2.0,6.0681796,5.34285,5.656463,5.405499,5.694234
P3_V4_Phase93,4.0,3.0,4.0,3.0,4.0,6.0740385,5.3492427,5.6627336,5.4072104,5.7004037
P3_V4_Phase94,4.0,3.0,4.0,3.0,4.0,6.0733047,5.3459044,5.6620398,5.408437,5.698781
P3_V4_Phase95,4.0,3.0,4.0,3.0,4.0,6.070982,5.348246,5.659656,5.4060802,5.6987143
P3_V4_Phase96,5.0,4.0,5.0,4.0,5.0,6.0682983,5.342976,5.655971,5.4043283,5.6943836
P3_V4_Phase97,4.0,3.0,4.0,3.0,4.0,6.0757875,5.3494935,5.6651845,5.4101567,5.7006083
P3_V4_Phase98,5.0,4.0,5.0,4.0,5.0,6.0671215,5.340643,5.6594634,5.404379,5.6910415
P3_V4_Phase99,2.0,1.0,2.0,1.0,2.0,6.0655975,5.339271,5.652648,5.405195,5.689962
P3_V5_Phase1,7.0,6.0,7.0,6.0,7.0,6.0664554,5.340695,5.6545377,5.401492,5.6920834
P3_V5_Phase10,5.0,5.0,4.0,5.0,4.0,6.0662565,5.3403535,5.6548896,5.402698,5.692128
P3_V5_Phase11,5.0,4.0,5.0,4.0,5.0,6.0636306,5.3411164,5.651235,5.4001827,5.69071
P3_V5_Phase12,5.0,4.0,5.0,4.0,5.0,6.067034,5.3400035,5.6590967,5.4024677,5.690722
P3_V5_Phase13,7.0,6.0,7.0,6.0,7.0,6.068387,5.3422885,5.6566224,5.402817,5.6930094
P3_V5_Phase14,5.0,4.0,5.0,4.0,5.0,6.069869,5.3446794,5.6583686,5.404712,5.696246
P3_V5_Phase15,2.0,1.0,0.0,1.0,2.0,6.069275,5.3437066,5.6574597,5.4031887,5.695444
P3_V5_Phase16,5.0,4.0,5.0,4.0,5.0,6.071294,5.345054,5.6588674,5.406354,5.696536
P3_V5_Phase17,9.0,8.0,9.0,8.0,9.0,6.0697937,5.338742,5.6600604,5.4078913,5.6913533
P3_V5_Phase18,5.0,4.0,5.0,4.0,5.0,6.068596,5.342793,5.6560335,5.404391,5.694277
P3_V5_Phase19,7.0,7.0,6.0,7.0,6.0,6.0681777,5.3421607,5.655712,5.404184,5.6938896
P3_V5_Phase2,7.0,6.0,7.0,6.0,7.0,6.0691953,5.3438745,5.658111,5.404751,5.6954513
P3_V5_Phase20,9.0,8.0,9.0,8.0,9.0,6.068763,5.3424644,5.6570783,5.404028,5.6944785
P3_V5_Phase21,4.0,3.0,4.0,3.0,4.0,6.0671034,5.3428345,5.655337,5.4039154,5.692768
P3_V5_Phase22,0.0,0.0,0.0,0.0,0.0,6.070115,5.34352,5.6590843,5.406176,5.6960907
P3_V5_Phase23,5.0,4.0,5.0,4.0,5.0,6.0698304,5.344278,5.658539,5.405939,5.696046
P3_V5_Phase24,2.0,1.0,2.0,1.0,2.0,6.068847,5.3429794,5.657367,5.405137,5.6945004
P3_V5_Phase25,2.0,1.0,2.0,1.0,2.0,6.069267,5.343683,5.657888,5.404035,5.6951027
P3_V5_Phase26,5.0,4.0,5.0,4.0,5.0,6.071451,5.3452,5.6601286,5.4076595,5.6968875
P3_V5_Phase27,5.0,4.0,5.0,4.0,5.0,6.0672913,5.3418484,5.655756,5.4029646,5.6933784
P3_V5_Phase28,7.0,6.0,7.0,6.0,7.0,6.0672054,5.341739,5.655805,5.402914,5.6929097
P3_V5_Phase29,5.0,4.0,5.0,4.0,5.0,6.067098,5.3405967,5.6564527,5.4031534,5.691905
P3_V5_Phase3,5.0,4.0,5.0,4.0,5.0,6.068569,5.342937,5.656538,5.403099,5.6948547
P3_V5_Phase30,4.0,3.0,4.0,3.0,4.0,6.0685587,5.3440723,5.657364,5.4040427,5.6951914
P3_V5_Phase31,4.0,3.0,4.0,3.0,4.0,6.068759,5.342026,5.658439,5.404704,5.6942835
P3_V5_Phase32,5.0,4.0,4.0,5.0,4.0,6.0662374,5.34199,5.654487,5.4028273,5.692078
P3_V5_Phase33,4.0,5.0,4.0,3.0,4.0,6.0669036,5.3423915,5.655233,5.401961,5.6926775
P3_V5_Phase34,4.0,3.0,4.0,3.0,4.0,6.0692396,5.3425183,5.6585326,5.4051766,5.695009
P3_V5_Phase35,7.0,6.0,7.0,6.0,7.0,6.069124,5.3421946,5.6581807,5.405906,5.6934495
P3_V5_Phase36,7.0,6.0,7.0,6.0,7.0,6.065573,5.339496,5.6546354,5.4012465,5.691593
P3_V5_Phase37,7.0,6.0,7.0,6.0,7.0,6.0614734,5.3374677,5.649711,5.3986545,5.6879206
P3_V5_Phase38,9.0,8.0,9.0,8.0,9.0,6.0678935,5.3429856,5.654979,5.4025517,5.694025
P3_V5_Phase39,5.0,4.0,5.0,4.0,5.0,6.06366,5.3396673,5.651036,5.399886,5.689891
P3_V5_Phase4,5.0,5.0,4.0,5.0,4.0,6.0680456,5.340421,5.6585727,5.40512,5.691068
P3_V5_Phase40,7.0,6.0,7.0,6.0,7.0,6.064455,5.3407702,5.6517015,5.399447,5.6913776
P3_V5_Phase41,9.0,8.0,9.0,8.0,9.0,6.062383,5.3396645,5.6488414,5.3977284,5.689616
P3_V5_Phase42,2.0,1.0,2.0,1.0,2.0,6.0660286,5.3400846,5.653145,5.401699,5.6921206
P3_V5_Phase43,4.0,3.0,4.0,3.0,4.0,6.068507,5.341662,5.657465,5.4039946,5.693977
P3_V5_Phase44,4.0,3.0,4.0,3.0,4.0,6.0654063,5.338857,5.6542172,5.402032,5.6896486
P3_V5_Phase45,7.0,6.0,7.0,6.0,7.0,6.0677714,5.342853,5.656421,5.403941,5.693437
P3_V5_Phase5,7.0,6.0,7.0,6.0,7.0,6.070056,5.344195,5.6589155,5.4054203,5.6959906
P3_V5_Phase6,7.0,7.0,6.0,6.0,7.0,6.068283,5.343327,5.6563487,5.4039097,5.694263
P3_V5_Phase7,7.0,6.0,7.0,6.0,7.0,6.0678186,5.341801,5.6570716,5.404023,5.693449
P3_V5_Phase8,9.0,8.0,9.0,8.0,9.0,6.0713067,5.3446445,5.659457,5.4061227,5.6966057
P3_V5_Phase9,5.0,4.0,5.0,4.0,5.0,6.0676193,5.3412585,5.656039,5.4034476,5.692985
P3_V6_Phase1,5.0,4.0,5.0,4.0,5.0,6.0645328,5.3405538,5.6526027,5.398735,5.691486
P3_V6_Phase10,2.0,2.0,1.0,2.0,1.0,6.068582,5.3445125,5.655497,5.403171,5.695095
P3_V6_Phase11,7.0,6.0,7.0,6.0,7.0,6.068356,5.3386397,5.658632,5.406217,5.690501
P3_V6_Phase12,7.0,6.0,7.0,6.0,7.0,6.065089,5.3402667,5.6530795,5.4006968,5.691476
P3_V6_Phase13,9.0,8.0,9.0,8.0,9.0,6.072211,5.344544,5.6615844,5.4075394,5.6964583
P3_V6_Phase14,7.0,7.0,6.0,7.0,6.0,6.0674143,5.342048,5.6548104,5.4023647,5.693323
P3_V6_Phase15,7.0,6.0,7.0,6.0,7.0,6.0648537,5.33906,5.6560903,5.401382,5.689416
P3_V6_Phase16,7.0,6.0,7.0,6.0,7.0,6.068014,5.3401656,5.659137,5.405241,5.691319
P3_V6_Phase17,5.0,5.0,4.0,4.0,5.0,6.064457,5.335521,5.6528687,5.402897,5.6871095
P3_V6_Phase18,5.0,4.0,5.0,4.0,5.0,6.06493,5.3398604,5.6531777,5.400302,5.691202
P3_V6_Phase19,5.0,4.0,5.0,4.0,5.0,6.0676184,5.3417864,5.656119,5.403866,5.694117
P3_V6_Phase2,5.0,4.0,5.0,4.0,5.0,6.0660715,5.341643,5.6543574,5.4016685,5.6930265
P3_V6_Phase20,5.0,4.0,4.0,4.0,5.0,6.07111,5.342854,5.660499,5.407035,5.695358
P3_V6_Phase21,5.0,4.0,5.0,4.0,5.0,6.066988,5.342299,5.654797,5.403061,5.693313
P3_V6_Phase22,7.0,6.0,7.0,6.0,7.0,6.064636,5.339993,5.652029,5.3998837,5.689984
P3_V6_Phase23,2.0,2.0,1.0,2.0,1.0,6.0675263,5.34265,5.6559052,5.4023023,5.6938515
P3_V6_Phase24,7.0,6.0,7.0,6.0,7.0,6.0666046,5.3385844,5.656716,5.40464,5.689987
P3_V6_Phase25,4.0,3.0,4.0,3.0,4.0,6.068367,5.3428836,5.656992,5.4048166,5.69491
P3_V6_Phase26,4.0,3.0,4.0,3.0,3.0,6.071868,5.3463855,5.660575,5.4062037,5.697273
P3_V6_Phase27,4.0,3.0,4.0,3.0,4.0,6.069893,5.3441095,5.658468,5.405327,5.6948395
P3_V6_Phase28,5.0,4.0,5.0,4.0,5.0,6.069691,5.3443046,5.6578984,5.4050336,5.695016
P3_V6_Phase29,5.0,4.0,5.0,4.0,5.0,6.0681195,5.3417935,5.6564517,5.4045787,5.6935863
P3_V6_Phase3,4.0,3.0,4.0,3.0,4.0,6.0646324,5.341269,5.6525726,5.4001427,5.692048
P3_V6_Phase30,7.0,6.0,7.0,6.0,7.0,6.068547,5.3398633,5.658668,5.4049096,5.6914067
P3_V6_Phase31,4.0,3.0,4.0,3.0,4.0,6.0602317,5.333767,5.653336,5.4006767,5.6836157
P3_V6_Phase32,2.0,1.0,2.0,1.0,2.0,6.0708323,5.3435535,5.659867,5.4070816,5.6954155
P3_V6_Phase33,4.0,3.0,4.0,3.0,4.0,6.064174,5.3406267,5.651248,5.3999853,5.691024
P3_V6_Phase34,7.0,6.0,7.0,6.0,7.0,6.069475,5.3424115,5.6587896,5.4056005,5.693957
P3_V6_Phase35,2.0,1.0,2.0,1.0,2.0,6.0696993,5.3428617,5.6577744,5.4058237,5.694192
P3_V6_Phase36,2.0,1.0,2.0,1.0,2.0,6.069204,5.3410687,5.6587863,5.4057713,5.6923456
P3_V6_Phase37,2.0,2.0,1.0,2.0,1.0,6.068704,5.338882,5.6624026,5.407439,5.6909857
P3_V6_Phase38,2.0,1.0,2.0,1.0,2.0,6.068474,5.344537,5.6567388,5.403302,5.6949534
P3_V6_Phase39,4.0,3.0,4.0,3.0,4.0,6.0698504,5.339482,5.662124,5.4081764,5.690626
P3_V6_Phase4,5.0,4.0,5.0,4.0,5.0,6.0674934,5.3431726,5.6558237,5.401331,5.6940575
P3_V6_Phase40,9.0,8.0,9.0,8.0,9.0,6.06913,5.3426423,5.658074,5.4053197,5.6940427
P3_V6_Phase41,7.0,6.0,7.0,6.0,7.0,6.0686135,5.340411,5.657244,5.404709,5.6924334
P3_V6_Phase42,2.0,1.0,0.0,1.0,1.0,6.0697536,5.340987,5.6588054,5.4071627,5.692982
P3_V6_Phase43,5.0,4.0,5.0,4.0,5.0,6.074153,5.3436465,5.6633306,5.4097567,5.6961555
P3_V6_Phase44,5.0,4.0,5.0,4.0,5.0,6.0696497,5.3436456,5.6578298,5.4047985,5.6956544
P3_V6_Phase45,4.0,3.0,4.0,3.0,4.0,6.0701423,5.339682,5.6616464,5.4085627,5.6922107
P3_V6_Phase46,5.0,5.0,4.0,5.0,4.0,6.0653124,5.340639,5.652533,5.4021163,5.690911
P3_V6_Phase47,4.0,3.0,4.0,3.0,4.0,6.0681987,5.3425717,5.6592174,5.403228,5.6923776
P3_V6_Phase48,5.0,4.0,5.0,4.0,5.0,6.066911,5.34043,5.6559935,5.4027653,5.6920257
P3_V6_Phase49,9.0,8.0,9.0,8.0,9.0,6.0692987,5.34167,5.6591773,5.4058375,5.6933866
P3_V6_Phase5,5.0,4.0,5.0,4.0,5.0,6.0666647,5.3405337,5.6562095,5.4030304,5.6919985
P3_V6_Phase50,7.0,6.0,7.0,6.0,7.0,6.0723267,5.3450427,5.6614757,5.4079294,5.698037
P3_V6_Phase51,4.0,3.0,4.0,3.0,4.0,6.070154,5.344404,5.658219,5.40476,5.6960216
P3_V6_Phase52,4.0,3.0,4.0,3.0,4.0,6.068061,5.3428416,5.6557508,5.403493,5.694163
P3_V6_Phase53,7.0,6.0,7.0,6.0,7.0,6.0646834,5.3396363,5.6548676,5.4007254,5.689476
P3_V6_Phase54,2.0,1.0,2.0,1.0,2.0,6.065903,5.3429008,5.653191,5.4013996,5.6933947
P3_V6_Phase55,7.0,7.0,6.0,7.0,6.0,6.0681953,5.340848,5.659323,5.4051514,5.6926928
P3_V6_Phase56,2.0,2.0,1.0,2.0,1.0,6.069316,5.3441615,5.657965,5.404854,5.6957955
P3_V6_Phase57,4.0,3.0,3.0,4.0,3.0,6.062274,5.3376293,5.6534514,5.3999405,5.6871543
P3_V6_Phase58,4.0,3.0,4.0,3.0,4.0,6.069146,5.344886,5.657568,5.4038815,5.6957846
P3_V6_Phase59,5.0,4.0,4.0,5.0,4.0,6.065789,5.339251,5.65543,5.402393,5.6907206
P3_V6_Phase6,5.0,4.0,5.0,4.0,5.0,6.067951,5.339032,5.6573462,5.4047556,5.6906204
P3_V6_Phase60,9.0,8.0,9.0,8.0,9.0,6.0675125,5.339404,5.6595507,5.403981,5.690364
P3_V6_Phase61,7.0,6.0,6.0,7.0,6.0,6.0691385,5.343786,5.6570725,5.403366,5.694699
P3_V6_Phase62,5.0,4.0,5.0,4.0,5.0,6.068573,5.342752,5.65624,5.4040356,5.693865
P3_V6_Phase63,4.0,3.0,4.0,3.0,4.0,6.0677476,5.342151,5.6557794,5.403341,5.693523
P3_V6_Phase64,5.0,5.0,4.0,5.0,4.0,6.0641236,5.3400984,5.652083,5.3989453,5.6904297
P3_V6_Phase65,5.0,4.0,5.0,4.0,4.0,6.0708084,5.343705,5.658564,5.405382,5.695138
P3_V6_Phase66,5.0,5.0,4.0,5.0,4.0,6.0643835,5.33861,5.6543155,5.400562,5.689556
P3_V6_Phase67,4.0,3.0,4.0,3.0,4.0,6.068101,5.343769,5.655887,5.402516,5.694417
P3_V6_Phase68,5.0,5.0,4.0,5.0,4.0,6.0657043,5.3389134,5.6556544,5.4009686,5.6901455
P3_V6_Phase69,2.0,2.0,1.0,2.0,1.0,6.0680366,5.3416286,5.655908,5.404295,5.693342
P3_V6_Phase7,2.0,1.0,2.0,1.0,2.0,6.0647173,5.3385105,5.65375,5.402659,5.689588
P3_V6_Phase70,7.0,6.0,7.0,6.0,7.0,6.0692654,5.342457,5.657801,5.4058237,5.6942306
P3_V6_Phase71,5.0,5.0,4.0,4.0,5.0,6.068087,5.3424087,5.656942,5.4039607,5.69275
P3_V6_Phase72,2.0,1.0,2.0,1.0,2.0,6.0683804,5.3421316,5.656544,5.4041333,5.694433
P3_V6_Phase73,7.0,6.0,7.0,6.0,7.0,6.0658746,5.3411546,5.652682,5.400346,5.692642
P3_V6_Phase74,7.0,6.0,7.0,6.0,7.0,6.065878,5.339848,5.654124,5.4020443,5.6912766
P3_V6_Phase75,2.0,1.0,2.0,1.0,2.0,6.0688424,5.341291,5.658093,5.4045234,5.6930237
P3_V6_Phase76,9.0,8.0,9.0,8.0,9.0,6.067243,5.3417773,5.65566,5.40281,5.69307
P3_V6_Phase77,7.0,6.0,7.0,6.0,7.0,6.068843,5.342405,5.6559587,5.4044433,5.694173
P3_V6_Phase78,7.0,6.0,7.0,6.0,7.0,6.06468,5.3375034,5.6581106,5.4022455,5.687893
P3_V6_Phase79,9.0,8.0,9.0,8.0,9.0,6.067851,5.341776,5.6562696,5.4030385,5.694034
P3_V6_Phase8,9.0,8.0,9.0,8.0,9.0,6.069311,5.343801,5.658282,5.406418,5.695787
P3_V6_Phase80,2.0,1.0,2.0,1.0,2.0,6.0672355,5.342227,5.654862,5.4018936,5.6937513
P3_V6_Phase81,2.0,1.0,2.0,1.0,2.0,6.067648,5.3408427,5.655954,5.4030313,5.692897
P3_V6_Phase82,4.0,3.0,4.0,3.0,4.0,6.0681057,5.3417897,5.656772,5.403054,5.6934457
P3_V6_Phase83,4.0,4.0,3.0,4.0,3.0,6.0685816,5.3429027,5.656676,5.4043827,5.694196
P3_V6_Phase84,4.0,3.0,3.0,4.0,4.0,6.068657,5.3414884,5.658834,5.405755,5.6916647
P3_V6_Phase85,9.0,8.0,9.0,8.0,9.0,6.0680943,5.3409038,5.6585,5.4036264,5.692155
P3_V6_Phase9,4.0,3.0,4.0,3.0,4.0,6.064375,5.339069,5.6528497,5.4004154,5.689502
P3_V7_Phase10,5.0,4.0,5.0,4.0,5.0,6.0694337,5.3425126,5.6581554,5.404955,5.694586
P3_V7_Phase11,5.0,4.0,5.0,4.0,5.0,6.071103,5.3433833,5.659747,5.406454,5.696078
P3_V7_Phase12,4.0,3.0,4.0,3.0,4.0,6.0710807,5.345551,5.660811,5.4066653,5.6958804
P3_V7_Phase13,5.0,4.0,5.0,4.0,5.0,6.0699577,5.3410583,5.661574,5.4052057,5.692189
P3_V7_Phase14,7.0,6.0,7.0,6.0,7.0,6.070954,5.3450885,5.6590247,5.406434,5.6968603
P3_V7_Phase15,5.0,4.0,5.0,4.0,5.0,6.07006,5.3431582,5.6585555,5.4061594,5.695098
P3_V7_Phase16,4.0,3.0,4.0,3.0,4.0,6.0686417,5.3400817,5.6616025,5.4051123,5.6899924
P3_V7_Phase17,2.0,1.0,2.0,1.0,2.0,6.066657,5.3399396,5.65587,5.402542,5.6915617
P3_V7_Phase18,4.0,3.0,4.0,3.0,4.0,6.0719547,5.342442,5.6641927,5.410142,5.693972
P3_V7_Phase19,4.0,3.0,4.0,3.0,4.0,6.0680075,5.3405423,5.6602125,5.4052277,5.691354
P3_V7_Phase2,7.0,6.0,7.0,6.0,7.0,6.069113,5.3435946,5.6587596,5.40454,5.694289
P3_V7_Phase20,4.0,3.0,4.0,3.0,4.0,6.0680065,5.34108,5.656811,5.4026136,5.6923637
P3_V7_Phase21,4.0,3.0,4.0,3.0,4.0,6.0703907,5.3428826,5.6606994,5.406742,5.694511
P3_V7_Phase22,2.0,1.0,2.0,1.0,2.0,6.063483,5.3380837,5.6514945,5.3996315,5.6895866
P3_V7_Phase23,4.0,3.0,3.0,4.0,4.0,6.071215,5.3441186,5.6603193,5.4059725,5.6959295
P3_V7_Phase24,5.0,4.0,5.0,4.0,5.0,6.0663633,5.342316,5.653072,5.401088,5.6923037
P3_V7_Phase25,5.0,4.0,5.0,4.0,5.0,6.0697236,5.3408504,5.6603875,5.406905,5.693039
P3_V7_Phase26,5.0,4.0,5.0,4.0,5.0,6.067834,5.345177,5.655295,5.403652,5.6946726
P3_V7_Phase27,2.0,1.0,2.0,1.0,2.0,6.068374,5.341847,5.6571307,5.404271,5.693769
P3_V7_Phase28,4.0,3.0,4.0,3.0,4.0,6.068517,5.3431253,5.6574087,5.402871,5.693734
P3_V7_Phase29,7.0,6.0,7.0,6.0,7.0,6.0723476,5.34599,5.661588,5.4067106,5.6968946
P3_V7_Phase3,2.0,1.0,2.0,1.0,2.0,6.0695424,5.343476,5.658565,5.4049044,5.6952257
P3_V7_Phase30,4.0,3.0,4.0,3.0,4.0,6.0684156,5.3447895,5.656641,5.4032574,5.6951485
P3_V7_Phase4,5.0,4.0,5.0,4.0,5.0,6.0687904,5.341581,5.658837,5.4042444,5.6932173
P3_V7_Phase5,4.0,3.0,4.0,3.0,4.0,6.06898,5.342929,5.658151,5.405527,5.694658
P3_V7_Phase6,5.0,4.0,5.0,4.0,5.0,6.0675116,5.3419843,5.65574,5.4033513,5.6937513
P3_V7_Phase7,5.0,4.0,5.0,4.0,5.0,6.070822,5.343361,5.659968,5.4058337,5.695447
P3_V7_Phase8,5.0,4.0,5.0,4.0,5.0,6.0693755,5.343188,5.657788,5.405056,5.6946497
P3_V7_Phase9,2.0,1.0,2.0,1.0,2.0,6.0665727,5.339933,5.655527,5.4033294,5.692007
P3_V8_Phase1,5.0,4.0,5.0,4.0,5.0,6.0656147,5.340428,5.6543303,5.401659,5.691026
P3_V8_Phase10,5.0,4.0,5.0,4.0,5.0,6.068074,5.34287,5.6564794,5.4031177,5.6939363
P3_V8_Phase2,2.0,2.0,1.0,2.0,1.0,6.0743275,5.3446007,5.6649094,5.4092765,5.6967187
P3_V8_Phase3,4.0,3.0,4.0,3.0,4.0,6.065657,5.340367,5.654575,5.4026384,5.691373
P3_V8_Phase4,4.0,3.0,4.0,3.0,4.0,6.0698347,5.344136,5.657392,5.4056506,5.695629
P3_V8_Phase5,2.0,2.0,1.0,2.0,1.0,6.0672464,5.341781,5.655938,5.403208,5.693207
P3_V8_Phase6,2.0,2.0,1.0,2.0,1.0,6.0722523,5.344,5.66288,5.4081044,5.695193
P3_V8_Phase7,5.0,4.0,4.0,5.0,4.0,6.0706863,5.3451624,5.6582246,5.404478,5.695676
P3_V8_Phase8,5.0,5.0,5.0,4.0,5.0,6.0667343,5.340794,5.6543875,5.402643,5.692319
P3_V8_Phase9,5.0,4.0,4.0,5.0,4.0,6.0724573,5.346599,5.66028,5.405845,5.697775
P3_V9_Phase1,5.0,4.0,3.0,4.0,5.0,6.0696664,5.3442235,5.657229,5.4049826,5.695669
P3_V9_Phase10,5.0,5.0,4.0,5.0,4.0,6.0659666,5.340095,5.6553974,5.400608,5.691333
P3_V9_Phase11,9.0,8.0,9.0,8.0,9.0,6.063508,5.338824,5.6509676,5.3993673,5.689602
P3_V9_Phase12,7.0,6.0,7.0,6.0,7.0,6.0727863,5.343786,5.663157,5.4086437,5.696663
P3_V9_Phase13,5.0,4.0,5.0,4.0,5.0,6.0677032,5.3421063,5.6551023,5.404371,5.69229
P3_V9_Phase14,5.0,5.0,4.0,5.0,4.0,6.070525,5.3445745,5.6585293,5.404651,5.6962123
P3_V9_Phase15,7.0,7.0,6.0,7.0,6.0,6.0663705,5.340241,5.654672,5.4022903,5.6919384
P3_V9_Phase16,5.0,4.0,5.0,4.0,5.0,6.0670223,5.342562,5.6560516,5.403466,5.6925063
P3_V9_Phase17,5.0,4.0,5.0,4.0,5.0,6.067704,5.342087,5.656615,5.404437,5.693391
P3_V9_Phase18,2.0,1.0,1.0,2.0,2.0,6.064662,5.3392787,5.6528974,5.400634,5.690571
P3_V9_Phase19,7.0,6.0,7.0,6.0,7.0,6.06563,5.33779,5.6555166,5.4014997,5.6899514
P3_V9_Phase2,5.0,4.0,5.0,4.0,5.0,6.0635586,5.337223,5.652464,5.3992643,5.6871805
P3_V9_Phase20,9.0,8.0,9.0,8.0,9.0,6.0639915,5.3386426,5.65508,5.400443,5.688693
P3_V9_Phase21,5.0,5.0,4.0,5.0,4.0,6.065681,5.340695,5.6532645,5.4018154,5.6917424
P3_V9_Phase22,5.0,4.0,4.0,5.0,4.0,6.0703588,5.3436093,5.6586967,5.406786,5.695284
P3_V9_Phase23,7.0,6.0,7.0,6.0,7.0,6.0649633,5.340784,5.652476,5.4025927,5.691015
P3_V9_Phase24,9.0,8.0,9.0,8.0,9.0,6.068321,5.3428054,5.655824,5.4041843,5.694228
P3_V9_Phase25,7.0,6.0,7.0,6.0,7.0,6.0653205,5.338714,5.6548023,5.4015408,5.690152
P3_V9_Phase26,2.0,1.0,2.0,1.0,2.0,6.068964,5.342383,5.6598606,5.4052243,5.693145
P3_V9_Phase27,4.0,3.0,4.0,3.0,4.0,6.068981,5.3418064,5.6579785,5.4042234,5.6938086
P3_V9_Phase28,4.0,3.0,4.0,3.0,4.0,6.069069,5.341247,5.657891,5.4057374,5.691572
P3_V9_Phase29,9.0,8.0,9.0,8.0,9.0,6.0669966,5.341764,5.654612,5.401972,5.693286
P3_V9_Phase3,4.0,3.0,4.0,3.0,4.0,6.0712414,5.3462057,5.658925,5.405262,5.697368
P3_V9_Phase30,7.0,7.0,6.0,7.0,6.0,6.0651574,5.3407903,5.6526246,5.4007235,5.6918592
P3_V9_Phase31,9.0,8.0,9.0,8.0,9.0,6.0649185,5.3401966,5.6523185,5.4000807,5.691563
P3_V9_Phase32,9.0,8.0,8.0,9.0,8.0,6.058345,5.333122,5.651031,5.3953476,5.6829953
P3_V9_Phase33,2.0,1.0,1.0,2.0,1.0,6.0658474,5.3409095,5.656099,5.4025593,5.690556
P3_V9_Phase34,5.0,4.0,5.0,4.0,5.0,6.069517,5.343514,5.657536,5.405096,5.695183
P3_V9_Phase35,5.0,4.0,5.0,4.0,5.0,6.0679283,5.341537,5.6581283,5.4042063,5.6922626
P3_V9_Phase36,5.0,4.0,5.0,4.0,4.0,6.067832,5.3422647,5.6552873,5.404111,5.6941776
P3_V9_Phase37,7.0,6.0,7.0,6.0,7.0,6.0673227,5.340615,5.6563034,5.403328,5.692597
P3_V9_Phase38,7.0,6.0,7.0,6.0,7.0,6.0689564,5.3423514,5.659285,5.4049444,5.693959
P3_V9_Phase39,5.0,4.0,5.0,4.0,5.0,6.067829,5.3427253,5.6559024,5.4041214,5.69368
P3_V9_Phase4,7.0,6.0,7.0,6.0,7.0,6.0680037,5.34277,5.656252,5.4033775,5.6945047
P3_V9_Phase5,7.0,6.0,7.0,6.0,7.0,6.0661097,5.3399835,5.655789,5.402627,5.691446
P3_V9_Phase6,5.0,4.0,5.0,4.0,5.0,6.0671663,5.342112,5.6558275,5.40226,5.6935406
P3_V9_Phase7,7.0,7.0,7.0,6.0,6.0,6.065629,5.3403735,5.653806,5.399419,5.6916437
P3_V9_Phase8,1.0,1.0,0.0,1.0,1.0,6.0642343,5.340962,5.651542,5.400077,5.6911
P3_V9_Phase9,7.0,6.0,7.0,6.0,7.0,6.070079,5.343899,5.657686,5.405921,5.6951904
P4_V10_Phase1,5.0,4.0,5.0,4.0,5.0,6.069054,5.344021,5.6566353,5.4063997,5.6947775
P4_V10_Phase10,4.0,3.0,4.0,3.0,4.0,6.068841,5.3389964,5.659078,5.405494,5.6908884
P4_V10_Phase11,7.0,6.0,7.0,6.0,7.0,6.068313,5.343816,5.655865,5.4035296,5.6950626
P4_V10_Phase12,2.0,1.0,2.0,1.0,2.0,6.069951,5.341939,5.6593814,5.406064,5.6938095
P4_V10_Phase13,0.0,0.0,0.0,0.0,0.0,6.0713525,5.3468966,5.6586676,5.406162,5.697458
P4_V10_Phase14,4.0,3.0,4.0,3.0,4.0,6.0602417,5.3343062,5.649642,5.39646,5.6840477
P4_V10_Phase15,2.0,1.0,2.0,1.0,2.0,6.068697,5.34357,5.6579795,5.403849,5.694015
P4_V10_Phase16,1.0,1.0,0.0,1.0,1.0,6.0734906,5.346855,5.662578,5.408,5.698433
P4_V10_Phase17,2.0,1.0,2.0,1.0,2.0,6.0648384,5.33928,5.6523104,5.4011564,5.689903
P4_V10_Phase18,4.0,3.0,4.0,3.0,4.0,6.0721536,5.345901,5.660487,5.40691,5.698024
P4_V10_Phase19,7.0,6.0,7.0,6.0,7.0,6.0691566,5.3425817,5.65848,5.4059877,5.694785
P4_V10_Phase2,7.0,7.0,6.0,7.0,6.0,6.062425,5.3359294,5.651298,5.398081,5.6872597
P4_V10_Phase20,4.0,3.0,4.0,3.0,4.0,6.06777,5.340775,5.658398,5.405575,5.691147
P4_V10_Phase21,2.0,1.0,2.0,1.0,2.0,6.0687056,5.335602,5.6608634,5.4085336,5.6891937
P4_V10_Phase22,5.0,4.0,5.0,4.0,5.0,6.067502,5.3422446,5.6552606,5.4033036,5.6937
P4_V10_Phase23,7.0,6.0,7.0,6.0,7.0,6.073823,5.3459964,5.6639805,5.4098654,5.6982775
P4_V10_Phase24,7.0,7.0,6.0,7.0,6.0,6.0709324,5.343924,5.660955,5.4072533,5.6958113
P4_V10_Phase25,7.0,7.0,6.0,7.0,6.0,6.0677524,5.342026,5.655882,5.4033527,5.694249
P4_V10_Phase26,7.0,6.0,7.0,6.0,7.0,6.068304,5.3420153,5.6569257,5.4051313,5.692727
P4_V10_Phase27,5.0,4.0,5.0,4.0,4.0,6.064399,5.3405385,5.6517696,5.3996367,5.6910567
P4_V10_Phase28,9.0,8.0,9.0,8.0,9.0,6.0685654,5.342652,5.658135,5.4048963,5.69436
P4_V10_Phase29,9.0,8.0,9.0,8.0,9.0,6.07016,5.3463635,5.657653,5.404276,5.6966486
P4_V10_Phase3,4.0,3.0,4.0,3.0,4.0,6.0667205,5.340938,5.6542687,5.402361,5.692457
P4_V10_Phase4,2.0,1.0,2.0,1.0,2.0,6.069912,5.343612,5.658014,5.4050117,5.695206
P4_V10_Phase5,4.0,3.0,4.0,3.0,4.0,6.057534,5.330795,5.648064,5.3960257,5.682173
P4_V10_Phase6,7.0,6.0,7.0,6.0,7.0,6.0709095,5.3457494,5.658117,5.40621,5.6967864
P4_V10_Phase7,7.0,6.0,7.0,6.0,7.0,6.066946,5.3413463,5.655374,5.401832,5.692403
P4_V10_Phase8,5.0,4.0,5.0,4.0,5.0,6.0635204,5.337713,5.6512322,5.3998337,5.6888
P4_V10_Phase9,2.0,1.0,2.0,1.0,2.0,6.068816,5.342359,5.657451,5.4058795,5.693838
P4_V11_Phase1,5.0,4.0,5.0,4.0,5.0,6.0656147,5.340428,5.6543303,5.401659,5.691026
P4_V11_Phase10,5.0,4.0,5.0,4.0,5.0,6.068074,5.34287,5.6564794,5.4031177,5.6939363
P4_V11_Phase2,2.0,2.0,1.0,2.0,1.0,6.0743275,5.3446007,5.6649094,5.4092765,5.6967187
P4_V11_Phase3,4.0,3.0,4.0,3.0,4.0,6.065657,5.340367,5.654575,5.4026384,5.691373
P4_V11_Phase4,4.0,3.0,4.0,3.0,4.0,6.0698347,5.344136,5.657392,5.4056506,5.695629
P4_V11_Phase5,2.0,2.0,1.0,2.0,1.0,6.0672464,5.341781,5.655938,5.403208,5.693207
P4_V11_Phase6,2.0,2.0,1.0,2.0,1.0,6.0722523,5.344,5.66288,5.4081044,5.695193
P4_V11_Phase7,5.0,4.0,4.0,5.0,4.0,6.0706863,5.3451624,5.6582246,5.404478,5.695676
P4_V11_Phase8,5.0,5.0,5.0,4.0,5.0,6.0667343,5.340794,5.6543875,5.402643,5.692319
P4_V11_Phase9,5.0,4.0,4.0,5.0,4.0,6.0724573,5.346599,5.66028,5.405845,5.697775
P4_V12_Phase1,5.0,4.0,5.0,4.0,5.0,6.06645,5.3400717,5.6549687,5.4013767,5.6916704
P4_V12_Phase10,7.0,6.0,7.0,6.0,7.0,6.07008,5.343503,5.6582017,5.4053993,5.6956983
P4_V12_Phase11,2.0,2.0,1.0,2.0,1.0,6.067691,5.3418527,5.6574664,5.403325,5.6919246
P4_V12_Phase12,5.0,4.0,5.0,4.0,5.0,6.0674696,5.3434024,5.655327,5.402136,5.693181
P4_V12_Phase13,7.0,6.0,7.0,6.0,7.0,6.0685167,5.342026,5.657022,5.4041395,5.694348
P4_V12_Phase14,2.0,1.0,1.0,2.0,2.0,6.071096,5.3423505,5.660029,5.4080067,5.6943026
P4_V12_Phase15,4.0,3.0,3.0,4.0,4.0,6.0661144,5.341003,5.653658,5.4024763,5.691398
P4_V12_Phase16,7.0,6.0,7.0,6.0,7.0,6.067025,5.343147,5.6537275,5.402191,5.6939645
P4_V12_Phase17,4.0,3.0,4.0,3.0,4.0,6.0654926,5.3399177,5.653905,5.401213,5.691484
P4_V12_Phase18,4.0,3.0,4.0,3.0,4.0,6.0692625,5.343633,5.65795,5.404559,5.695369
P4_V12_Phase19,7.0,6.0,7.0,6.0,7.0,6.0675616,5.342585,5.6554227,5.402706,5.69364
P4_V12_Phase2,4.0,3.0,4.0,3.0,4.0,6.067816,5.342878,5.656075,5.403207,5.693918
P4_V12_Phase20,5.0,4.0,5.0,4.0,5.0,6.0668526,5.3443274,5.6549296,5.400001,5.6937127
P4_V12_Phase21,5.0,4.0,5.0,4.0,5.0,6.0676355,5.345116,5.6545463,5.4031267,5.6946306
P4_V12_Phase22,5.0,4.0,4.0,5.0,4.0,6.070943,5.345062,5.659548,5.4067783,5.696556
P4_V12_Phase23,7.0,6.0,7.0,6.0,7.0,6.0670285,5.3419914,5.655174,5.4022226,5.6935687
P4_V12_Phase24,7.0,6.0,7.0,6.0,7.0,6.064095,5.33989,5.651938,5.399841,5.690481
P4_V12_Phase25,4.0,3.0,3.0,4.0,3.0,6.0688453,5.3426557,5.6566176,5.4047856,5.694744
P4_V12_Phase26,5.0,4.0,5.0,4.0,5.0,6.070265,5.344031,5.658489,5.406387,5.695862
P4_V12_Phase27,5.0,4.0,5.0,4.0,5.0,6.0662804,5.3400154,5.6556892,5.401812,5.6913443
P4_V12_Phase28,7.0,6.0,7.0,6.0,7.0,6.0652094,5.340374,5.654077,5.398848,5.6917763
P4_V12_Phase29,7.0,6.0,7.0,6.0,7.0,6.0707407,5.3433194,5.659255,5.4069476,5.6947684
P4_V12_Phase3,2.0,1.0,2.0,1.0,1.0,6.0654583,5.338224,5.6552815,5.4029303,5.6889706
P4_V12_Phase30,5.0,4.0,5.0,4.0,5.0,6.068329,5.34206,5.6580796,5.404487,5.694007
P4_V12_Phase31,7.0,6.0,7.0,6.0,7.0,6.0691123,5.3428025,5.658197,5.4055223,5.6941833
P4_V12_Phase32,4.0,3.0,4.0,3.0,4.0,6.068902,5.3448825,5.656313,5.403772,5.695608
P4_V12_Phase33,7.0,6.0,7.0,6.0,7.0,6.0682435,5.34303,5.6564145,5.4047956,5.694396
P4_V12_Phase34,9.0,8.0,9.0,8.0,9.0,6.066534,5.3415275,5.6539836,5.401094,5.692822
P4_V12_Phase35,7.0,6.0,7.0,6.0,7.0,6.0637684,5.3393526,5.6514053,5.398694,5.6901994
P4_V12_Phase36,9.0,8.0,9.0,8.0,9.0,6.068894,5.342317,5.6565413,5.4048467,5.694465
P4_V12_Phase37,4.0,3.0,4.0,3.0,4.0,6.071459,5.344314,5.6599145,5.406889,5.6966248
P4_V12_Phase38,7.0,6.0,6.0,7.0,6.0,6.071686,5.346073,5.658669,5.4074035,5.696675
P4_V12_Phase39,4.0,3.0,4.0,3.0,4.0,6.063405,5.3400445,5.6509185,5.399126,5.6903877
P4_V12_Phase4,2.0,1.0,2.0,1.0,2.0,6.066079,5.342726,5.6528096,5.401723,5.693081
P4_V12_Phase40,5.0,4.0,5.0,4.0,4.0,6.0659456,5.3409038,5.6538444,5.402355,5.6924524
P4_V12_Phase5,2.0,1.0,2.0,1.0,2.0,6.065657,5.3388863,5.655215,5.40226,5.6902676
P4_V12_Phase6,5.0,4.0,5.0,4.0,5.0,6.066059,5.340732,5.6545615,5.4013147,5.691662
P4_V12_Phase7,5.0,5.0,4.0,5.0,4.0,6.0658226,5.3399673,5.65416,5.4000773,5.69147
P4_V12_Phase8,2.0,1.0,2.0,1.0,2.0,6.0663624,5.341285,5.6544814,5.402977,5.692625
P4_V12_Phase9,2.0,1.0,2.0,1.0,2.0,6.06739,5.3408375,5.6553607,5.403343,5.692597
P4_V13_Phase1,7.0,6.0,7.0,6.0,7.0,6.0664554,5.340695,5.6545377,5.401492,5.6920834
P4_V13_Phase10,5.0,5.0,4.0,5.0,4.0,6.0662565,5.3403535,5.6548896,5.402698,5.692128
P4_V13_Phase11,5.0,4.0,5.0,4.0,5.0,6.0636306,5.3411164,5.651235,5.4001827,5.69071
P4_V13_Phase12,5.0,4.0,5.0,4.0,5.0,6.067034,5.3400035,5.6590967,5.4024677,5.690722
P4_V13_Phase13,7.0,6.0,7.0,6.0,7.0,6.068387,5.3422885,5.6566224,5.402817,5.6930094
P4_V13_Phase14,5.0,4.0,5.0,4.0,5.0,6.069869,5.3446794,5.6583686,5.404712,5.696246
P4_V13_Phase15,2.0,1.0,0.0,1.0,2.0,6.069275,5.3437066,5.6574597,5.4031887,5.695444
P4_V13_Phase16,5.0,4.0,5.0,4.0,5.0,6.071294,5.345054,5.6588674,5.406354,5.696536
P4_V13_Phase17,9.0,8.0,9.0,8.0,9.0,6.0697937,5.338742,5.6600604,5.4078913,5.6913533
P4_V13_Phase18,5.0,4.0,5.0,4.0,5.0,6.068596,5.342793,5.6560335,5.404391,5.694277
P4_V13_Phase19,7.0,7.0,6.0,7.0,6.0,6.0681777,5.3421607,5.655712,5.404184,5.6938896
P4_V13_Phase2,7.0,6.0,7.0,6.0,7.0,6.0691953,5.3438745,5.658111,5.404751,5.6954513
P4_V13_Phase20,9.0,8.0,9.0,8.0,9.0,6.068763,5.3424644,5.6570783,5.404028,5.6944785
P4_V13_Phase21,4.0,3.0,4.0,3.0,4.0,6.0671034,5.3428345,5.655337,5.4039154,5.692768
P4_V13_Phase22,0.0,0.0,0.0,0.0,0.0,6.070115,5.34352,5.6590843,5.406176,5.6960907
P4_V13_Phase23,5.0,4.0,5.0,4.0,5.0,6.0698304,5.344278,5.658539,5.405939,5.696046
P4_V13_Phase24,2.0,1.0,2.0,1.0,2.0,6.068847,5.3429794,5.657367,5.405137,5.6945004
P4_V13_Phase25,2.0,1.0,2.0,1.0,2.0,6.069267,5.343683,5.657888,5.404035,5.6951027
P4_V13_Phase26,5.0,4.0,5.0,4.0,5.0,6.071451,5.3452,5.6601286,5.4076595,5.6968875
P4_V13_Phase27,5.0,4.0,5.0,4.0,5.0,6.0672913,5.3418484,5.655756,5.4029646,5.6933784
P4_V13_Phase28,7.0,6.0,7.0,6.0,7.0,6.0672054,5.341739,5.655805,5.402914,5.6929097
P4_V13_Phase29,5.0,4.0,5.0,4.0,5.0,6.067098,5.3405967,5.6564527,5.4031534,5.691905
P4_V13_Phase3,5.0,4.0,5.0,4.0,5.0,6.068569,5.342937,5.656538,5.403099,5.6948547
P4_V13_Phase30,4.0,3.0,4.0,3.0,4.0,6.0685587,5.3440723,5.657364,5.4040427,5.6951914
P4_V13_Phase31,4.0,3.0,4.0,3.0,4.0,6.068759,5.342026,5.658439,5.404704,5.6942835
P4_V13_Phase32,5.0,4.0,4.0,5.0,4.0,6.0662374,5.34199,5.654487,5.4028273,5.692078
P4_V13_Phase33,4.0,5.0,4.0,3.0,4.0,6.0669036,5.3423915,5.655233,5.401961,5.6926775
P4_V13_Phase34,4.0,3.0,4.0,3.0,4.0,6.0692396,5.3425183,5.6585326,5.4051766,5.695009
P4_V13_Phase35,7.0,6.0,7.0,6.0,7.0,6.069124,5.3421946,5.6581807,5.405906,5.6934495
P4_V13_Phase36,7.0,6.0,7.0,6.0,7.0,6.065573,5.339496,5.6546354,5.4012465,5.691593
P4_V13_Phase37,7.0,6.0,7.0,6.0,7.0,6.0614734,5.3374677,5.649711,5.3986545,5.6879206
P4_V13_Phase38,9.0,8.0,9.0,8.0,9.0,6.0678935,5.3429856,5.654979,5.4025517,5.694025
P4_V13_Phase39,5.0,4.0,5.0,4.0,5.0,6.06366,5.3396673,5.651036,5.399886,5.689891
P4_V13_Phase4,5.0,5.0,4.0,5.0,4.0,6.0680456,5.340421,5.6585727,5.40512,5.691068
P4_V13_Phase40,7.0,6.0,7.0,6.0,7.0,6.064455,5.3407702,5.6517015,5.399447,5.6913776
P4_V13_Phase41,9.0,8.0,9.0,8.0,9.0,6.062383,5.3396645,5.6488414,5.3977284,5.689616
P4_V13_Phase42,2.0,1.0,2.0,1.0,2.0,6.0660286,5.3400846,5.653145,5.401699,5.6921206
P4_V13_Phase43,4.0,3.0,4.0,3.0,4.0,6.068507,5.341662,5.657465,5.4039946,5.693977
P4_V13_Phase44,4.0,3.0,4.0,3.0,4.0,6.0654063,5.338857,5.6542172,5.402032,5.6896486
P4_V13_Phase45,7.0,6.0,7.0,6.0,7.0,6.0677714,5.342853,5.656421,5.403941,5.693437
P4_V13_Phase5,7.0,6.0,7.0,6.0,7.0,6.070056,5.344195,5.6589155,5.4054203,5.6959906
P4_V13_Phase6,7.0,7.0,6.0,6.0,7.0,6.068283,5.343327,5.6563487,5.4039097,5.694263
P4_V13_Phase7,7.0,6.0,7.0,6.0,7.0,6.0678186,5.341801,5.6570716,5.404023,5.693449
P4_V13_Phase8,9.0,8.0,9.0,8.0,9.0,6.0713067,5.3446445,5.659457,5.4061227,5.6966057
P4_V13_Phase9,5.0,4.0,5.0,4.0,5.0,6.0676193,5.3412585,5.656039,5.4034476,5.692985
P4_V14_Phase1,7.0,6.0,7.0,6.0,7.0,6.0701046,5.3447423,5.6579337,5.405856,5.6965795
P4_V14_Phase10,5.0,4.0,5.0,4.0,5.0,6.068774,5.3438807,5.6569657,5.40366,5.6946993
P4_V14_Phase11,2.0,1.0,0.0,1.0,1.0,6.0706787,5.3456144,5.658918,5.4063473,5.696931
P4_V14_Phase12,5.0,5.0,4.0,5.0,4.0,6.071229,5.3453107,5.658997,5.4067698,5.6965046
P4_V14_Phase13,2.0,1.0,0.0,1.0,1.0,6.06883,5.3425994,5.6570115,5.4048934,5.69306
P4_V14_Phase14,5.0,4.0,5.0,4.0,5.0,6.0668287,5.340177,5.655234,5.4032807,5.691066
P4_V14_Phase15,4.0,3.0,4.0,4.0,3.0,6.0714674,5.3462977,5.661595,5.406087,5.697115
P4_V14_Phase16,5.0,4.0,5.0,4.0,5.0,6.063633,5.336823,5.6534553,5.400158,5.687915
P4_V14_Phase17,9.0,8.0,9.0,8.0,9.0,6.067833,5.341172,5.6562476,5.403302,5.692498
P4_V14_Phase18,9.0,8.0,9.0,8.0,9.0,6.0662184,5.341009,5.6556506,5.4021883,5.6909246
P4_V14_Phase19,4.0,3.0,4.0,3.0,4.0,6.0725965,5.3463864,5.6605897,5.406501,5.697923
P4_V14_Phase2,7.0,6.0,7.0,6.0,7.0,6.0692334,5.3440614,5.657384,5.404425,5.695694
P4_V14_Phase20,2.0,1.0,1.0,2.0,1.0,6.0687017,5.342052,5.6574864,5.405118,5.694066
P4_V14_Phase21,7.0,6.0,7.0,6.0,7.0,6.0663157,5.3392434,5.6562495,5.4030623,5.689295
P4_V14_Phase22,5.0,4.0,5.0,4.0,5.0,6.0624156,5.3382115,5.64939,5.39875,5.6893005
P4_V14_Phase23,7.0,6.0,7.0,6.0,7.0,6.067401,5.341531,5.6557775,5.4031734,5.6933465
P4_V14_Phase24,5.0,4.0,5.0,4.0,3.0,6.070177,5.3445067,5.6583085,5.404917,5.6967936
P4_V14_Phase25,7.0,6.0,7.0,6.0,7.0,6.065027,5.338349,5.654543,5.4023123,5.6891975
P4_V14_Phase26,9.0,8.0,9.0,8.0,9.0,6.0677743,5.3425355,5.6548505,5.4034696,5.693926
P4_V14_Phase27,4.0,3.0,4.0,3.0,4.0,6.06656,5.3390937,5.656341,5.4026103,5.690935
P4_V14_Phase28,5.0,4.0,4.0,5.0,5.0,6.067329,5.343783,5.6574893,5.402595,5.692815
P4_V14_Phase3,7.0,7.0,7.0,6.0,6.0,6.0679727,5.343514,5.657019,5.4015646,5.6939516
P4_V14_Phase4,5.0,4.0,4.0,5.0,4.0,6.0665016,5.342598,5.6541624,5.402245,5.6932545
P4_V14_Phase5,4.0,3.0,4.0,3.0,4.0,6.067929,5.3409543,5.656858,5.404882,5.691231
P4_V14_Phase6,5.0,4.0,5.0,4.0,5.0,6.06886,5.3426065,5.6573796,5.4043603,5.6937428
P4_V14_Phase7,7.0,6.0,7.0,6.0,7.0,6.065528,5.343821,5.6538367,5.3990145,5.6935434
P4_V14_Phase8,7.0,6.0,7.0,6.0,7.0,6.0660195,5.3382983,5.65588,5.4035945,5.689237
P4_V14_Phase9,9.0,8.0,9.0,8.0,9.0,6.0672703,5.3417277,5.6558166,5.4039035,5.6934056
P4_V1_Phase1,5.0,4.0,5.0,4.0,5.0,6.0712404,5.3453393,5.6604915,5.4057555,5.69703
P4_V1_Phase10,7.0,7.0,6.0,7.0,6.0,6.06404,5.3369594,5.655462,5.402371,5.688114
P4_V1_Phase11,2.0,1.0,2.0,1.0,1.0,6.0665164,5.343112,5.6540065,5.4021397,5.693232
P4_V1_Phase12,7.0,6.0,7.0,6.0,7.0,6.0683866,5.340284,5.660052,5.4047174,5.6919394
P4_V1_Phase13,7.0,6.0,7.0,6.0,7.0,6.0661902,5.3396764,5.6549983,5.4023876,5.690874
P4_V1_Phase14,4.0,3.0,4.0,3.0,4.0,6.0660563,5.338224,5.6554275,5.403849,5.689831
P4_V1_Phase15,7.0,6.0,7.0,6.0,7.0,6.0686617,5.3411775,5.6583447,5.405029,5.692299
P4_V1_Phase16,4.0,3.0,4.0,3.0,4.0,6.072489,5.3459315,5.661601,5.407999,5.697412
P4_V1_Phase17,5.0,4.0,5.0,4.0,5.0,6.064578,5.3421435,5.651465,5.4006615,5.6921625
P4_V1_Phase18,5.0,5.0,4.0,5.0,4.0,6.070264,5.34063,5.6617575,5.4071283,5.6924753
P4_V1_Phase19,7.0,6.0,7.0,6.0,7.0,6.075075,5.3473544,5.665388,5.4105654,5.700156
P4_V1_Phase2,4.0,3.0,4.0,3.0,4.0,6.0622277,5.338702,5.6493697,5.398267,5.6893835
P4_V1_Phase20,5.0,4.0,5.0,4.0,5.0,6.06909,5.345233,5.657767,5.4031672,5.6958447
P4_V1_Phase21,4.0,3.0,4.0,3.0,4.0,6.070816,5.3445225,5.6587944,5.406312,5.6958947
P4_V1_Phase22,5.0,5.0,4.0,5.0,4.0,6.0682898,5.341185,5.657992,5.4059496,5.691439
P4_V1_Phase23,5.0,4.0,5.0,4.0,5.0,6.067654,5.3423,5.6551075,5.402664,5.6933603
P4_V1_Phase24,7.0,7.0,6.0,7.0,6.0,6.0695367,5.3436894,5.658267,5.403972,5.6956162
P4_V1_Phase25,5.0,4.0,5.0,4.0,4.0,6.0675163,5.3415494,5.6568174,5.404954,5.691319
P4_V1_Phase26,5.0,4.0,5.0,4.0,4.0,6.0678988,5.340057,5.659186,5.4050827,5.6914797
P4_V1_Phase27,5.0,4.0,5.0,4.0,5.0,6.071966,5.343804,5.6600375,5.407877,5.6957226
P4_V1_Phase28,7.0,7.0,6.0,7.0,6.0,6.0666175,5.342297,5.6547112,5.4010835,5.6932163
P4_V1_Phase29,5.0,4.0,5.0,4.0,5.0,6.0666676,5.343141,5.6546364,5.401804,5.693634
P4_V1_Phase3,5.0,4.0,5.0,4.0,5.0,6.065844,5.3404183,5.6544166,5.4009695,5.6915817
P4_V1_Phase30,5.0,5.0,4.0,5.0,4.0,6.0682287,5.3423276,5.6571116,5.4042864,5.6937203
P4_V1_Phase31,5.0,5.0,4.0,4.0,5.0,6.064178,5.3356614,5.6511145,5.402756,5.6866794
P4_V1_Phase32,5.0,5.0,4.0,5.0,4.0,6.075054,5.3511004,5.663352,5.4099255,5.701301
P4_V1_Phase33,4.0,3.0,4.0,3.0,4.0,6.062398,5.339024,5.6496444,5.3983736,5.6896753
P4_V1_Phase34,7.0,6.0,7.0,6.0,7.0,6.070444,5.3442645,5.6595855,5.4054303,5.6959963
P4_V1_Phase35,4.0,3.0,4.0,3.0,4.0,6.0754733,5.3488884,5.663934,5.4096437,5.7005224
P4_V1_Phase36,4.0,3.0,3.0,4.0,4.0,6.070313,5.342804,5.6588073,5.406414,5.6947575
P4_V1_Phase37,0.0,0.0,0.0,0.0,0.0,6.076117,5.348563,5.666246,5.410159,5.7003164
P4_V1_Phase38,5.0,4.0,5.0,4.0,5.0,6.069393,5.34354,5.657987,5.40509,5.695125
P4_V1_Phase39,7.0,6.0,6.0,7.0,6.0,6.066659,5.338631,5.656634,5.403288,5.6906624
P4_V1_Phase4,5.0,4.0,5.0,4.0,5.0,6.069209,5.343185,5.657676,5.404973,5.694992
P4_V1_Phase40,9.0,8.0,9.0,8.0,9.0,6.0724306,5.344708,5.66244,5.408966,5.6965866
P4_V1_Phase41,5.0,5.0,4.0,5.0,5.0,6.067091,5.3409333,5.6559224,5.4033947,5.6925135
P4_V1_Phase42,7.0,6.0,7.0,6.0,6.0,6.0680294,5.3429356,5.6559663,5.402853,5.6944723
P4_V1_Phase43,7.0,6.0,7.0,6.0,7.0,6.0686083,5.3450847,5.656693,5.4033966,5.695313
P4_V1_Phase44,7.0,6.0,7.0,6.0,7.0,6.065134,5.3401384,5.6537204,5.4010525,5.691599
P4_V1_Phase45,7.0,7.0,6.0,6.0,6.0,6.074552,5.349525,5.6630816,5.4080997,5.7000785
P4_V1_Phase46,7.0,6.0,7.0,6.0,7.0,6.0733604,5.3479886,5.663406,5.408109,5.6983943
P4_V1_Phase47,7.0,6.0,7.0,6.0,7.0,6.0677614,5.3406997,5.6578546,5.403576,5.6920576
P4_V1_Phase48,9.0,8.0,9.0,8.0,9.0,6.0693626,5.34308,5.65794,5.403474,5.6946144
P4_V1_Phase49,5.0,5.0,5.0,4.0,4.0,6.0687995,5.3444123,5.6560807,5.4037137,5.6955056
P4_V1_Phase5,5.0,5.0,4.0,5.0,4.0,6.0739822,5.344726,5.6647468,5.4107523,5.697096
P4_V1_Phase50,5.0,4.0,5.0,4.0,4.0,6.064986,5.3416786,5.6531157,5.400775,5.6919804
P4_V1_Phase6,7.0,6.0,7.0,6.0,7.0,6.069785,5.3429694,5.659739,5.406501,5.6948767
P4_V1_Phase7,7.0,7.0,6.0,7.0,6.0,6.074511,5.3425565,5.664836,5.412081,5.6958275
P4_V1_Phase8,9.0,8.0,9.0,8.0,9.0,6.0685663,5.341657,5.657129,5.4039545,5.693924
P4_V1_Phase9,5.0,4.0,5.0,4.0,5.0,6.069503,5.3422365,5.6585026,5.4053483,5.694707
P4_V2_Phase1,5.0,4.0,5.0,4.0,5.0,6.065319,5.34036,5.6535025,5.4018946,5.690842
P4_V2_Phase10,5.0,4.0,5.0,4.0,5.0,6.0675764,5.344105,5.6556754,5.402052,5.694042
P4_V2_Phase11,4.0,3.0,4.0,3.0,4.0,6.069481,5.343721,5.658665,5.405534,5.6952705
P4_V2_Phase12,5.0,4.0,5.0,4.0,5.0,6.0678744,5.341914,5.6570563,5.403723,5.692486
P4_V2_Phase13,2.0,1.0,2.0,1.0,2.0,6.071437,5.3460894,5.6595626,5.4063435,5.6974373
P4_V2_Phase14,2.0,1.0,2.0,1.0,2.0,6.0647683,5.34079,5.651934,5.400053,5.6910696
P4_V2_Phase15,2.0,2.0,2.0,1.0,2.0,6.0681114,5.3394885,5.6570163,5.404291,5.6912208
P4_V2_Phase16,2.0,1.0,2.0,1.0,2.0,6.067296,5.3427625,5.6560407,5.403091,5.6931987
P4_V2_Phase17,4.0,3.0,3.0,4.0,4.0,6.0658503,5.3401604,5.65441,5.401085,5.690963
P4_V2_Phase18,9.0,8.0,9.0,8.0,9.0,6.0676885,5.3425097,5.6570764,5.4016914,5.692287
P4_V2_Phase19,4.0,3.0,3.0,4.0,4.0,6.066972,5.341859,5.654398,5.4028745,5.692504
P4_V2_Phase2,5.0,4.0,4.0,5.0,4.0,6.068097,5.3417535,5.656445,5.4036255,5.693342
P4_V2_Phase20,4.0,3.0,4.0,3.0,4.0,6.068693,5.3419895,5.656219,5.405427,5.693587
P4_V2_Phase21,7.0,6.0,7.0,6.0,7.0,6.067286,5.33657,5.658201,5.4064093,5.689166
P4_V2_Phase22,1.0,0.0,0.0,1.0,1.0,6.0695243,5.3376555,5.664761,5.409999,5.6890926
P4_V2_Phase23,2.0,1.0,1.0,2.0,2.0,6.0672293,5.3412566,5.6561093,5.4032736,5.6931033
P4_V2_Phase24,5.0,4.0,5.0,4.0,5.0,6.069623,5.3441367,5.658303,5.4045086,5.695681
P4_V2_Phase25,5.0,4.0,5.0,4.0,5.0,6.071267,5.3433228,5.6615653,5.407617,5.696353
P4_V2_Phase26,5.0,5.0,5.0,4.0,4.0,6.072697,5.34536,5.662093,5.4082065,5.697023
P4_V2_Phase27,7.0,6.0,7.0,6.0,7.0,6.0684214,5.343713,5.656213,5.402254,5.6945515
P4_V2_Phase28,7.0,6.0,7.0,6.0,7.0,6.069465,5.343447,5.6598,5.4064617,5.694074
P4_V2_Phase29,9.0,8.0,9.0,8.0,9.0,6.067398,5.3405123,5.656027,5.403569,5.6930227
P4_V2_Phase3,7.0,6.0,7.0,6.0,7.0,6.0596046,5.3322015,5.650789,5.400201,5.6820197
P4_V2_Phase30,5.0,4.0,5.0,4.0,5.0,6.065462,5.3404365,5.6538267,5.4008384,5.6915054
P4_V2_Phase31,9.0,8.0,9.0,8.0,9.0,6.0665445,5.342134,5.6555877,5.4022155,5.6933646
P4_V2_Phase32,9.0,8.0,9.0,8.0,9.0,6.06782,5.341743,5.6567416,5.4035,5.693032
P4_V2_Phase4,4.0,3.0,4.0,3.0,4.0,6.066856,5.33939,5.656143,5.4042025,5.6913934
P4_V2_Phase5,4.0,3.0,4.0,3.0,4.0,6.063389,5.340107,5.6517158,5.398747,5.6903725
P4_V2_Phase6,5.0,4.0,4.0,4.0,5.0,6.0702405,5.3435893,5.6582236,5.405765,5.6949887
P4_V2_Phase7,4.0,3.0,4.0,3.0,4.0,6.0662427,5.3396506,5.6558614,5.4036827,5.6896567
P4_V2_Phase8,5.0,4.0,5.0,4.0,5.0,6.070231,5.345658,5.657879,5.404852,5.6968384
P4_V2_Phase9,5.0,4.0,5.0,4.0,5.0,6.068033,5.343823,5.6560616,5.4037027,5.6941147
P4_V3_Phase1,5.0,4.0,5.0,4.0,5.0,6.065239,5.3422027,5.652778,5.399577,5.6915073
P4_V3_Phase10,7.0,6.0,7.0,6.0,7.0,6.0689554,5.3449006,5.655579,5.4045568,5.694673
P4_V3_Phase11,5.0,4.0,5.0,4.0,5.0,6.068903,5.3444314,5.6566033,5.4038334,5.6953106
P4_V3_Phase12,5.0,4.0,5.0,4.0,5.0,6.0664115,5.338754,5.656027,5.403475,5.6906257
P4_V3_Phase13,7.0,6.0,6.0,7.0,6.0,6.062723,5.33997,5.650213,5.3979664,5.6901784
P4_V3_Phase14,7.0,6.0,7.0,6.0,7.0,6.0645676,5.3407884,5.6522183,5.4006324,5.690793
P4_V3_Phase15,5.0,4.0,5.0,4.0,5.0,6.065445,5.336639,5.6577926,5.404992,5.6886435
P4_V3_Phase16,7.0,6.0,6.0,7.0,6.0,6.068781,5.3450327,5.6548934,5.4034634,5.6954126
P4_V3_Phase17,7.0,7.0,6.0,6.0,7.0,6.0661974,5.340563,5.6532793,5.4022055,5.6919003
P4_V3_Phase18,4.0,3.0,4.0,3.0,4.0,6.070695,5.3424487,5.66108,5.406936,5.6950817
P4_V3_Phase19,2.0,1.0,2.0,1.0,2.0,6.0698338,5.3417835,5.661018,5.4069023,5.6937437
P4_V3_Phase2,2.0,1.0,2.0,1.0,2.0,6.065325,5.340635,5.6524196,5.4003496,5.691283
P4_V3_Phase20,5.0,4.0,5.0,4.0,5.0,6.066061,5.34166,5.6539626,5.401756,5.6926165
P4_V3_Phase21,7.0,7.0,7.0,6.0,6.0,6.066842,5.3429537,5.65313,5.403063,5.693345
P4_V3_Phase22,7.0,6.0,7.0,6.0,7.0,6.0611477,5.33756,5.6484923,5.3985844,5.688245
P4_V3_Phase23,4.0,3.0,4.0,3.0,4.0,6.0675607,5.3425217,5.65554,5.4029446,5.6938276
P4_V3_Phase24,5.0,4.0,5.0,4.0,5.0,6.0639596,5.338943,5.6519713,5.3988514,5.6896725
P4_V3_Phase25,5.0,4.0,5.0,4.0,5.0,6.064722,5.339272,5.6520786,5.400573,5.6908007
P4_V3_Phase26,2.0,1.0,2.0,1.0,2.0,6.0673237,5.341391,5.6546865,5.4030685,5.6926866
P4_V3_Phase27,2.0,1.0,2.0,1.0,2.0,6.0690804,5.344519,5.657015,5.4038806,5.695234
P4_V3_Phase28,2.0,1.0,2.0,1.0,2.0,6.0658393,5.3395677,5.654798,5.4022403,5.691064
P4_V3_Phase29,4.0,3.0,4.0,3.0,4.0,6.064567,5.3391476,5.6533065,5.400878,5.6904707
P4_V3_Phase3,7.0,6.0,7.0,6.0,7.0,6.067865,5.34346,5.6558285,5.4023175,5.6940937
P4_V3_Phase30,9.0,8.0,9.0,8.0,9.0,6.0662127,5.34185,5.654703,5.4006834,5.692668
P4_V3_Phase31,4.0,3.0,4.0,3.0,4.0,6.0680275,5.3437657,5.6567187,5.4031296,5.692828
P4_V3_Phase32,5.0,4.0,5.0,4.0,5.0,6.0679793,5.3431144,5.6551614,5.403931,5.6938863
P4_V3_Phase33,4.0,3.0,4.0,3.0,4.0,6.069199,5.343818,5.6577134,5.404748,5.695239
P4_V3_Phase34,5.0,4.0,5.0,4.0,5.0,6.0661836,5.3403583,5.6538577,5.402281,5.6915483
P4_V3_Phase35,2.0,1.0,2.0,1.0,2.0,6.062793,5.3392224,5.650196,5.398136,5.6897883
P4_V3_Phase36,4.0,3.0,4.0,3.0,4.0,6.0670342,5.339936,5.6555657,5.4037795,5.6914043
P4_V3_Phase37,2.0,1.0,2.0,1.0,2.0,6.064799,5.3393917,5.6538835,5.4002156,5.690234
P4_V3_Phase38,4.0,3.0,4.0,3.0,4.0,6.0719566,5.3478813,5.6597786,5.4061337,5.6984224
P4_V3_Phase39,2.0,1.0,0.0,1.0,2.0,6.066238,5.340571,5.65445,5.4026394,5.692298
P4_V3_Phase4,4.0,3.0,4.0,3.0,4.0,6.0643578,5.3405347,5.651281,5.4005017,5.691042
P4_V3_Phase40,2.0,1.0,2.0,1.0,2.0,6.0666914,5.341182,5.654989,5.402488,5.6925
P4_V3_Phase41,2.0,1.0,1.0,2.0,2.0,6.0684934,5.3427243,5.657433,5.404647,5.6941776
P4_V3_Phase42,2.0,1.0,2.0,2.0,2.0,6.070501,5.3423486,5.660526,5.4074607,5.6948175
P4_V3_Phase43,7.0,6.0,7.0,6.0,7.0,6.068013,5.3416257,5.656467,5.4030046,5.693934
P4_V3_Phase44,4.0,3.0,3.0,4.0,3.0,6.0628166,5.338019,5.6503167,5.4001637,5.6877813
P4_V3_Phase45,2.0,1.0,1.0,2.0,1.0,6.0673532,5.342004,5.6547484,5.402404,5.693763
P4_V3_Phase46,7.0,6.0,7.0,6.0,7.0,6.070124,5.341363,5.658135,5.4062533,5.6933117
P4_V3_Phase47,2.0,1.0,2.0,1.0,2.0,6.065338,5.3410068,5.6527023,5.401536,5.691699
P4_V3_Phase48,2.0,1.0,2.0,1.0,2.0,6.067494,5.3414674,5.655355,5.4034753,5.6924844
P4_V3_Phase49,2.0,1.0,2.0,1.0,2.0,6.0677996,5.3407435,5.6561513,5.404212,5.6918297
P4_V3_Phase5,4.0,3.0,4.0,3.0,4.0,6.06914,5.3435082,5.657635,5.4039783,5.6947594
P4_V3_Phase50,4.0,3.0,3.0,4.0,3.0,6.06531,5.339556,5.653765,5.401557,5.6906834
P4_V3_Phase51,7.0,6.0,7.0,6.0,6.0,6.0736265,5.347896,5.6615477,5.4075174,5.6990843
P4_V3_Phase52,7.0,6.0,7.0,6.0,7.0,6.0694475,5.342962,5.658878,5.405107,5.693782
P4_V3_Phase53,4.0,3.0,3.0,4.0,4.0,6.0700865,5.3415318,5.660936,5.4066973,5.692919
P4_V3_Phase54,7.0,6.0,7.0,6.0,7.0,6.068224,5.3428726,5.6560464,5.403528,5.69433
P4_V3_Phase55,5.0,4.0,5.0,4.0,5.0,6.0668945,5.342428,5.6533546,5.4035387,5.693452
P4_V3_Phase56,5.0,4.0,5.0,4.0,5.0,6.0654635,5.3407063,5.6538215,5.402079,5.691513
P4_V3_Phase57,5.0,4.0,4.0,5.0,5.0,6.06703,5.339603,5.6574492,5.4035707,5.6903076
P4_V3_Phase58,4.0,3.0,4.0,3.0,4.0,6.062957,5.3335547,5.6584983,5.4034204,5.6839757
P4_V3_Phase59,5.0,4.0,5.0,4.0,5.0,6.064348,5.3395247,5.6547184,5.398823,5.688685
P4_V3_Phase6,4.0,5.0,4.0,3.0,4.0,6.0662003,5.3409014,5.6532807,5.401606,5.6911373
P4_V3_Phase60,5.0,5.0,4.0,4.0,5.0,6.0679903,5.3398414,5.6574335,5.4046564,5.6905165
P4_V3_Phase61,5.0,4.0,5.0,4.0,5.0,6.0670853,5.3409543,5.656909,5.4035397,5.6916633
P4_V3_Phase62,5.0,4.0,5.0,4.0,5.0,6.0717325,5.3463254,5.6589017,5.405562,5.696905
P4_V3_Phase63,4.0,3.0,4.0,3.0,3.0,6.0671597,5.3408833,5.6557555,5.4025345,5.692566
P4_V3_Phase64,5.0,4.0,5.0,4.0,5.0,6.0668836,5.340863,5.656215,5.4024725,5.692308
P4_V3_Phase65,4.0,3.0,4.0,3.0,4.0,6.0681868,5.3401146,5.658513,5.4044657,5.691266
P4_V3_Phase66,2.0,1.0,2.0,1.0,2.0,6.069136,5.3427854,5.6591287,5.405239,5.692731
P4_V3_Phase67,2.0,1.0,1.0,2.0,1.0,6.0644,5.341488,5.651042,5.3990607,5.6913633
P4_V3_Phase68,4.0,3.0,4.0,3.0,4.0,6.071513,5.3457084,5.6608105,5.4078064,5.697648
P4_V3_Phase7,5.0,4.0,5.0,4.0,5.0,6.061512,5.338045,5.648555,5.3981457,5.6875
P4_V3_Phase8,5.0,4.0,5.0,4.0,5.0,6.069607,5.3447146,5.656807,5.4035063,5.696394
P4_V3_Phase9,5.0,4.0,5.0,4.0,5.0,6.069999,5.344028,5.657988,5.405093,5.695876
P4_V4_Phase1,5.0,4.0,5.0,4.0,4.0,6.0713577,5.343553,5.6606355,5.40759,5.6954756
P4_V4_Phase10,7.0,6.0,7.0,6.0,7.0,6.0657535,5.340394,5.6541533,5.401084,5.691831
P4_V4_Phase11,5.0,4.0,5.0,4.0,5.0,6.064808,5.338859,5.6534324,5.401632,5.689392
P4_V4_Phase12,4.0,3.0,4.0,3.0,4.0,6.0677395,5.3396,5.6573234,5.404967,5.6907024
P4_V4_Phase13,2.0,1.0,2.0,1.0,2.0,6.0714,5.3465443,5.6607356,5.4063587,5.6972866
P4_V4_Phase14,4.0,3.0,4.0,3.0,4.0,6.0703197,5.3399534,5.661652,5.4067945,5.691758
P4_V4_Phase15,7.0,6.0,7.0,6.0,7.0,6.0654426,5.3379493,5.6584444,5.404249,5.6872845
P4_V4_Phase16,5.0,4.0,5.0,4.0,5.0,6.0706787,5.341146,5.6615014,5.4083815,5.693426
P4_V4_Phase17,7.0,6.0,7.0,6.0,7.0,6.070017,5.3418155,5.660002,5.4062786,5.692676
P4_V4_Phase18,5.0,4.0,5.0,4.0,5.0,6.065958,5.3409553,5.654875,5.401705,5.6913176
P4_V4_Phase19,5.0,4.0,5.0,4.0,3.0,6.068247,5.341078,5.657777,5.403597,5.6930676
P4_V4_Phase2,2.0,1.0,1.0,2.0,2.0,6.0682096,5.342255,5.657118,5.4052773,5.6936083
P4_V4_Phase20,5.0,4.0,5.0,4.0,5.0,6.0623264,5.3370085,5.6519465,5.398349,5.687457
P4_V4_Phase21,5.0,4.0,5.0,4.0,5.0,6.073165,5.3452163,5.6615014,5.4073906,5.6959615
P4_V4_Phase22,5.0,4.0,5.0,4.0,5.0,6.067301,5.340842,5.6559196,5.4027147,5.6925993
P4_V4_Phase23,4.0,3.0,4.0,3.0,4.0,6.0738587,5.3448796,5.6642613,5.40961,5.6982365
P4_V4_Phase24,5.0,4.0,5.0,4.0,5.0,6.06686,5.340606,5.6558757,5.4019613,5.6904716
P4_V4_Phase25,7.0,6.0,7.0,6.0,7.0,6.066216,5.340562,5.6542687,5.4024043,5.69226
P4_V4_Phase26,5.0,4.0,4.0,5.0,4.0,6.0683613,5.3428874,5.657192,5.403122,5.6937113
P4_V4_Phase27,7.0,6.0,7.0,6.0,7.0,6.068359,5.3437333,5.6572366,5.4028854,5.695348
P4_V4_Phase28,7.0,6.0,7.0,6.0,7.0,6.0691853,5.3422847,5.660195,5.404708,5.6940436
P4_V4_Phase29,7.0,6.0,7.0,6.0,7.0,6.06414,5.340158,5.6527467,5.3992825,5.6906185
P4_V4_Phase3,4.0,3.0,3.0,4.0,3.0,6.066236,5.3396525,5.654952,5.4017553,5.691288
P4_V4_Phase30,5.0,5.0,4.0,4.0,5.0,6.0675783,5.3417406,5.6552253,5.4025593,5.692283
P4_V4_Phase31,5.0,5.0,5.0,4.0,4.0,6.06522,5.336695,5.655462,5.401655,5.688455
P4_V4_Phase32,7.0,6.0,7.0,6.0,7.0,6.0676236,5.3421903,5.6553636,5.4023695,5.692868
P4_V4_Phase33,7.0,6.0,7.0,6.0,7.0,6.0679417,5.343,5.6551585,5.404356,5.694352
P4_V4_Phase34,9.0,8.0,9.0,8.0,9.0,6.068898,5.34143,5.6585107,5.405362,5.6920834
P4_V4_Phase35,9.0,8.0,8.0,9.0,8.0,6.06176,5.339352,5.64981,5.396322,5.6891985
P4_V4_Phase36,5.0,4.0,5.0,4.0,5.0,6.0724487,5.3468223,5.659353,5.4056416,5.697686
P4_V4_Phase37,5.0,4.0,5.0,4.0,5.0,6.0697737,5.3434606,5.6597066,5.4052415,5.6941175
P4_V4_Phase38,9.0,8.0,9.0,8.0,9.0,6.060753,5.335648,5.6513195,5.398774,5.6851034
P4_V4_Phase39,5.0,5.0,4.0,4.0,5.0,6.0639324,5.338737,5.653192,5.399502,5.689701
P4_V4_Phase4,4.0,3.0,4.0,3.0,4.0,6.065922,5.34005,5.65419,5.4019766,5.692114
P4_V4_Phase40,5.0,4.0,5.0,4.0,5.0,6.0678463,5.3418746,5.6558366,5.4039683,5.692926
P4_V4_Phase41,2.0,1.0,1.0,2.0,2.0,6.0678034,5.3418226,5.6561923,5.4027457,5.693574
P4_V4_Phase42,5.0,4.0,5.0,4.0,4.0,6.0647435,5.338838,5.653335,5.400056,5.6900334
P4_V4_Phase5,4.0,3.0,4.0,3.0,4.0,6.0670676,5.3403287,5.6555276,5.403432,5.6921334
P4_V4_Phase6,5.0,4.0,5.0,4.0,5.0,6.066856,5.3403687,5.655621,5.4024324,5.6929326
P4_V4_Phase7,2.0,1.0,1.0,2.0,1.0,6.0610385,5.3363786,5.6517143,5.397625,5.6858225
P4_V4_Phase8,2.0,1.0,0.0,1.0,2.0,6.0691433,5.3435073,5.657109,5.4040694,5.6946793
P4_V4_Phase9,4.0,3.0,4.0,3.0,4.0,6.0692587,5.341821,5.6586137,5.405514,5.6940303
P4_V5_Phase1,4.0,3.0,4.0,3.0,4.0,6.067196,5.34185,5.655723,5.4040194,5.6932445
P4_V5_Phase10,7.0,7.0,7.0,6.0,6.0,6.069768,5.3411508,5.6599193,5.407858,5.693143
P4_V5_Phase11,9.0,8.0,8.0,9.0,8.0,6.0718284,5.346133,5.661246,5.4070764,5.6974983
P4_V5_Phase12,7.0,6.0,7.0,6.0,7.0,6.0660286,5.3392935,5.6556983,5.4018598,5.6917133
P4_V5_Phase13,9.0,8.0,8.0,9.0,8.0,6.0615087,5.3382373,5.648171,5.39843,5.688282
P4_V5_Phase14,5.0,4.0,5.0,4.0,5.0,6.0681286,5.3405557,5.6559095,5.4037967,5.6914625
P4_V5_Phase15,7.0,6.0,7.0,6.0,6.0,6.067861,5.341033,5.656886,5.4036465,5.6930065
P4_V5_Phase16,7.0,6.0,7.0,6.0,6.0,6.064693,5.337642,5.65301,5.402773,5.689184
P4_V5_Phase17,5.0,4.0,5.0,4.0,5.0,6.0706234,5.3410325,5.6610947,5.407417,5.692036
P4_V5_Phase18,5.0,5.0,4.0,4.0,5.0,6.0625663,5.3367696,5.6542087,5.399437,5.6872396
P4_V5_Phase19,5.0,5.0,4.0,5.0,4.0,6.0656333,5.338452,5.6566606,5.4017973,5.68886
P4_V5_Phase2,5.0,4.0,5.0,4.0,5.0,6.068265,5.342854,5.655967,5.403245,5.6940107
P4_V5_Phase20,5.0,5.0,4.0,4.0,5.0,6.067733,5.3421583,5.65666,5.4038677,5.693389
P4_V5_Phase21,9.0,8.0,9.0,8.0,9.0,6.069153,5.3431506,5.6574283,5.4048867,5.694951
P4_V5_Phase3,5.0,5.0,4.0,4.0,5.0,6.0657883,5.336699,5.660056,5.4055223,5.6876802
P4_V5_Phase4,4.0,3.0,3.0,4.0,3.0,6.0674767,5.340715,5.655749,5.4041567,5.691696
P4_V5_Phase5,4.0,3.0,4.0,3.0,3.0,6.067834,5.343994,5.6567388,5.402543,5.693594
P4_V5_Phase6,5.0,4.0,5.0,4.0,4.0,6.070076,5.3434405,5.6584015,5.4048963,5.6958055
P4_V5_Phase7,7.0,6.0,7.0,6.0,7.0,6.06505,5.338199,5.6545377,5.402281,5.689048
P4_V5_Phase8,9.0,8.0,8.0,9.0,8.0,6.0712667,5.344234,5.6605763,5.408098,5.695894
P4_V5_Phase9,7.0,6.0,7.0,6.0,7.0,6.0689464,5.3405156,5.658979,5.4052186,5.6920133
P4_V6_Phase1,7.0,6.0,7.0,6.0,7.0,6.0667853,5.3414645,5.655269,5.4031157,5.6928062
P4_V6_Phase10,5.0,4.0,5.0,4.0,5.0,6.0692654,5.33842,5.660582,5.4065504,5.690713
P4_V6_Phase11,2.0,1.0,2.0,1.0,2.0,6.0620117,5.337625,5.649366,5.3976965,5.688234
P4_V6_Phase12,5.0,4.0,5.0,4.0,5.0,6.0689635,5.3444867,5.6554346,5.4034357,5.6951313
P4_V6_Phase13,7.0,6.0,7.0,6.0,7.0,6.066763,5.3427258,5.654488,5.402646,5.6933613
P4_V6_Phase14,5.0,4.0,4.0,5.0,4.0,6.067474,5.343772,5.6577144,5.402581,5.692785
P4_V6_Phase15,9.0,8.0,8.0,9.0,8.0,6.0639224,5.337881,5.6545672,5.4000416,5.689288
P4_V6_Phase16,9.0,8.0,8.0,9.0,8.0,6.065346,5.340445,5.653581,5.399725,5.6916704
P4_V6_Phase17,7.0,6.0,6.0,7.0,6.0,6.064539,5.3387284,5.6531863,5.3991137,5.6898785
P4_V6_Phase18,7.0,7.0,6.0,6.0,7.0,6.0671587,5.339072,5.6579766,5.4050045,5.690442
P4_V6_Phase19,7.0,7.0,6.0,7.0,6.0,6.065987,5.3418813,5.653154,5.4002447,5.692524
P4_V6_Phase2,7.0,7.0,7.0,6.0,6.0,6.0669174,5.340977,5.6554604,5.401507,5.6921344
P4_V6_Phase20,7.0,7.0,7.0,6.0,6.0,6.067682,5.344481,5.654989,5.4027348,5.6942043
P4_V6_Phase21,7.0,7.0,6.0,6.0,7.0,6.069967,5.3440175,5.65698,5.4043965,5.6958036
P4_V6_Phase22,9.0,9.0,8.0,8.0,9.0,6.06882,5.3435845,5.6567926,5.403667,5.6944923
P4_V6_Phase23,5.0,5.0,5.0,4.0,5.0,6.067356,5.342943,5.654372,5.403303,5.6936817
P4_V6_Phase24,2.0,2.0,1.0,2.0,1.0,6.068863,5.3433995,5.6573377,5.4050665,5.6942296
P4_V6_Phase25,2.0,2.0,1.0,1.0,2.0,6.064577,5.336829,5.6553206,5.400835,5.6887197
P4_V6_Phase26,2.0,1.0,2.0,1.0,2.0,6.0631833,5.337735,5.6508865,5.399475,5.688923
P4_V6_Phase27,7.0,6.0,6.0,7.0,6.0,6.06758,5.343426,5.6554875,5.403094,5.694077
P4_V6_Phase28,9.0,8.0,8.0,9.0,8.0,6.066391,5.34107,5.655563,5.402565,5.6924744
P4_V6_Phase29,5.0,5.0,4.0,4.0,5.0,6.0643454,5.340093,5.6511397,5.3999844,5.690443
P4_V6_Phase3,7.0,7.0,7.0,6.0,6.0,6.0668383,5.340788,5.654595,5.4033856,5.692701
P4_V6_Phase30,2.0,1.0,2.0,1.0,1.0,6.0658875,5.341926,5.653576,5.4029727,5.6925974
P4_V6_Phase31,7.0,7.0,6.0,7.0,6.0,6.067367,5.3421235,5.6561956,5.4039135,5.6935606
P4_V6_Phase32,9.0,8.0,9.0,8.0,8.0,6.0656123,5.3409724,5.6544433,5.4008856,5.69221
P4_V6_Phase33,9.0,8.0,8.0,9.0,8.0,6.069017,5.342364,5.658445,5.4041986,5.694267
P4_V6_Phase34,5.0,5.0,5.0,4.0,4.0,6.0629025,5.34069,5.65039,5.3973675,5.6901894
P4_V6_Phase35,2.0,1.0,1.0,2.0,1.0,6.070549,5.3442206,5.6581874,5.4053097,5.6958876
P4_V6_Phase36,4.0,3.0,4.0,3.0,4.0,6.076064,5.349633,5.6653285,5.4110107,5.700974
P4_V6_Phase37,5.0,5.0,4.0,4.0,5.0,6.069389,5.3457704,5.6570354,5.4027815,5.6961646
P4_V6_Phase38,7.0,7.0,6.0,6.0,7.0,6.063834,5.3377414,5.6530957,5.3997483,5.688848
P4_V6_Phase39,5.0,5.0,4.0,4.0,5.0,6.071583,5.3446536,5.661823,5.408076,5.6957335
P4_V6_Phase4,4.0,4.0,3.0,4.0,3.0,6.069051,5.342596,5.6570992,5.403966,5.694602
P4_V6_Phase40,7.0,6.0,6.0,7.0,6.0,6.0696163,5.3438463,5.6583323,5.4055977,5.6946487
P4_V6_Phase41,5.0,4.0,4.0,5.0,4.0,6.067204,5.341617,5.656797,5.4033747,5.692047
P4_V6_Phase42,9.0,8.0,8.0,9.0,8.0,6.061038,5.3368516,5.6497617,5.396959,5.6877007
P4_V6_Phase43,7.0,7.0,7.0,6.0,6.0,6.0659366,5.3416204,5.6542573,5.401683,5.6926546
P4_V6_Phase44,5.0,4.0,4.0,5.0,5.0,6.0716214,5.344307,5.6615973,5.406506,5.6963053
P4_V6_Phase45,5.0,4.0,5.0,4.0,4.0,6.0693817,5.3430004,5.6597733,5.4050384,5.694278
P4_V6_Phase46,2.0,2.0,1.0,2.0,1.0,6.0671663,5.3413625,5.6552644,5.4027424,5.69287
P4_V6_Phase47,2.0,2.0,1.0,2.0,1.0,6.065791,5.3392453,5.6541405,5.403017,5.690731
P4_V6_Phase48,2.0,2.0,1.0,1.0,2.0,6.066754,5.3411283,5.6553693,5.4022675,5.6925282
P4_V6_Phase49,4.0,4.0,3.0,3.0,4.0,6.0680876,5.3432465,5.6552677,5.4044747,5.6944075
P4_V6_Phase5,5.0,5.0,5.0,4.0,5.0,6.0688305,5.3434706,5.6553855,5.40431,5.694803
P4_V6_Phase50,5.0,5.0,4.0,4.0,5.0,6.0665097,5.34184,5.653375,5.4031944,5.693191
P4_V6_Phase51,4.0,4.0,3.0,3.0,4.0,6.069306,5.3406744,5.661058,5.40685,5.691263
P4_V6_Phase52,7.0,7.0,7.0,6.0,6.0,6.067096,5.3421073,5.65453,5.4039392,5.69247
P4_V6_Phase53,5.0,4.0,4.0,5.0,4.0,6.070936,5.3456445,5.6584306,5.40473,5.696789
P4_V6_Phase54,5.0,4.0,4.0,5.0,4.0,6.068166,5.3439593,5.6562886,5.40275,5.694666
P4_V6_Phase55,2.0,2.0,1.0,1.0,1.0,6.0669775,5.341244,5.654946,5.4035816,5.6928873
P4_V6_Phase56,9.0,8.0,9.0,8.0,8.0,6.06577,5.340368,5.6538405,5.4002,5.6916494
P4_V6_Phase57,5.0,4.0,5.0,4.0,4.0,6.0681286,5.3428936,5.6565723,5.404627,5.694224
P4_V6_Phase58,9.0,8.0,8.0,9.0,8.0,6.0693283,5.342039,5.657532,5.4047346,5.6938066
P4_V6_Phase59,2.0,1.0,2.0,1.0,2.0,6.065403,5.3397775,5.656804,5.402567,5.690063
P4_V6_Phase6,7.0,6.0,7.0,6.0,6.0,6.0688086,5.3427997,5.657374,5.405018,5.694314
P4_V6_Phase60,2.0,1.0,1.0,2.0,2.0,6.0658355,5.3419013,5.65365,5.4020567,5.692248
P4_V6_Phase61,5.0,4.0,5.0,4.0,5.0,6.0670023,5.3405447,5.657054,5.4021654,5.692085
P4_V6_Phase62,9.0,8.0,8.0,8.0,9.0,6.064147,5.337792,5.6533175,5.401318,5.688905
P4_V6_Phase63,5.0,4.0,5.0,4.0,4.0,6.0690155,5.344961,5.65702,5.404105,5.696032
P4_V6_Phase64,5.0,4.0,5.0,4.0,5.0,6.0701227,5.344396,5.6586056,5.404845,5.6958885
P4_V6_Phase65,7.0,7.0,6.0,6.0,7.0,6.065677,5.3398204,5.653309,5.4004326,5.6903906
P4_V6_Phase66,9.0,8.0,9.0,8.0,8.0,6.068349,5.342962,5.6564217,5.4039717,5.6947536
P4_V6_Phase67,2.0,1.0,1.0,2.0,1.0,6.067371,5.341855,5.6570196,5.402625,5.692512
P4_V6_Phase68,4.0,3.0,4.0,3.0,4.0,6.0671825,5.3428445,5.654308,5.4026794,5.694091
P4_V6_Phase69,4.0,3.0,3.0,4.0,4.0,6.0693936,5.3438888,5.6560764,5.4039383,5.695014
P4_V6_Phase7,5.0,5.0,4.0,4.0,4.0,6.0680666,5.3445716,5.655016,5.402899,5.694601
P4_V6_Phase70,5.0,5.0,4.0,4.0,5.0,6.064698,5.3384023,5.6552157,5.4018908,5.6895585
P4_V6_Phase71,7.0,7.0,7.0,6.0,6.0,6.0659447,5.342129,5.653153,5.4022994,5.692503
P4_V6_Phase72,5.0,4.0,4.0,5.0,4.0,6.0695395,5.342998,5.6581516,5.4048643,5.695286
P4_V6_Phase73,2.0,1.0,0.0,1.0,1.0,6.065335,5.340177,5.6539044,5.40182,5.690646
P4_V6_Phase74,4.0,3.0,3.0,4.0,4.0,6.069443,5.3431697,5.6583295,5.404894,5.695182
P4_V6_Phase75,7.0,7.0,6.0,7.0,6.0,6.068643,5.343929,5.6570783,5.403841,5.694527
P4_V6_Phase76,7.0,7.0,6.0,6.0,7.0,6.066971,5.3391085,5.6566195,5.404542,5.690899
P4_V6_Phase8,4.0,4.0,3.0,3.0,4.0,6.0675554,5.341525,5.6555543,5.4039006,5.692783
P4_V6_Phase9,7.0,7.0,6.0,6.0,7.0,6.068347,5.340577,5.658563,5.405971,5.692252
P4_V7_Phase1,5.0,4.0,5.0,4.0,5.0,6.0669174,5.3434467,5.653429,5.4015927,5.6935253
P4_V7_Phase10,5.0,4.0,4.0,5.0,4.0,6.066102,5.340859,5.6545305,5.402196,5.691901
P4_V7_Phase11,7.0,6.0,6.0,7.0,6.0,6.0709734,5.3432527,5.6607013,5.4076653,5.6950746
P4_V7_Phase12,4.0,3.0,3.0,4.0,3.0,6.0647764,5.340312,5.6539216,5.400124,5.6904473
P4_V7_Phase13,9.0,8.0,9.0,8.0,8.0,6.0695844,5.3451314,5.6576047,5.402279,5.6963215
P4_V7_Phase14,9.0,8.0,8.0,9.0,8.0,6.0678325,5.345347,5.654966,5.4033823,5.695052
P4_V7_Phase15,9.0,8.0,9.0,8.0,9.0,6.0683956,5.342171,5.656527,5.4043775,5.6940994
P4_V7_Phase16,7.0,6.0,6.0,7.0,6.0,6.064163,5.341503,5.650972,5.3996944,5.691207
P4_V7_Phase17,5.0,4.0,5.0,4.0,5.0,6.0665374,5.3440394,5.65373,5.402068,5.6941905
P4_V7_Phase18,9.0,9.0,8.0,8.0,9.0,6.066385,5.3412633,5.6549783,5.400708,5.692235
P4_V7_Phase19,5.0,4.0,5.0,4.0,3.0,6.0672174,5.339982,5.6564255,5.404981,5.6919327
P4_V7_Phase2,7.0,6.0,6.0,7.0,6.0,6.064828,5.339018,5.6539187,5.399932,5.68997
P4_V7_Phase20,2.0,2.0,1.0,1.0,1.0,6.0679283,5.3415813,5.656916,5.403061,5.693192
P4_V7_Phase21,5.0,5.0,4.0,4.0,3.0,6.0663877,5.340113,5.6546226,5.4035263,5.691902
P4_V7_Phase22,9.0,8.0,8.0,9.0,9.0,6.0684004,5.3442044,5.6555247,5.403161,5.6950874
P4_V7_Phase23,5.0,5.0,4.0,4.0,5.0,6.0690246,5.344893,5.655807,5.40466,5.6959677
P4_V7_Phase24,7.0,7.0,6.0,6.0,7.0,6.066271,5.339895,5.658398,5.4039226,5.690516
P4_V7_Phase25,5.0,4.0,5.0,4.0,5.0,6.0657096,5.3415003,5.6535435,5.4011683,5.692313
P4_V7_Phase26,4.0,3.0,4.0,3.0,4.0,6.062479,5.3387246,5.6494236,5.397997,5.689291
P4_V7_Phase27,4.0,3.0,3.0,4.0,3.0,6.0645523,5.3407364,5.652949,5.400393,5.6912885
P4_V7_Phase28,5.0,4.0,5.0,4.0,4.0,6.065875,5.3449235,5.654241,5.400243,5.693782
P4_V7_Phase29,5.0,4.0,5.0,4.0,4.0,6.065415,5.3399987,5.653581,5.4013343,5.6914067
P4_V7_Phase3,9.0,8.0,8.0,9.0,8.0,6.0683994,5.339607,5.6580873,5.405298,5.691874
P4_V7_Phase30,4.0,3.0,3.0,4.0,3.0,6.071076,5.3465085,5.658616,5.4042954,5.697529
P4_V7_Phase31,5.0,5.0,4.0,4.0,5.0,6.063751,5.3407717,5.6499443,5.3991237,5.6908913
P4_V7_Phase32,5.0,5.0,4.0,4.0,5.0,6.0688066,5.3433127,5.6557946,5.404804,5.69462
P4_V7_Phase33,5.0,5.0,4.0,4.0,5.0,6.068056,5.3412304,5.6574206,5.4050813,5.6936655
P4_V7_Phase34,5.0,5.0,5.0,4.0,4.0,6.0641227,5.3394933,5.6515546,5.401229,5.6896715
P4_V7_Phase35,5.0,5.0,4.0,4.0,3.0,6.0670195,5.341954,5.6534014,5.4036736,5.693228
P4_V7_Phase36,7.0,7.0,6.0,6.0,7.0,6.066793,5.341171,5.6559095,5.4031224,5.6921635
P4_V7_Phase37,9.0,8.0,8.0,9.0,8.0,6.070313,5.3441358,5.6588755,5.4058027,5.6958294
P4_V7_Phase38,5.0,5.0,4.0,5.0,4.0,6.0613527,5.3372884,5.6487184,5.3977556,5.6877623
P4_V7_Phase39,7.0,6.0,7.0,6.0,6.0,6.066725,5.341741,5.655438,5.40097,5.692485
P4_V7_Phase4,4.0,3.0,4.0,3.0,4.0,6.0660667,5.3417563,5.6543965,5.401594,5.6927567
P4_V7_Phase40,9.0,9.0,9.0,8.0,8.0,6.065367,5.341638,5.6522927,5.400363,5.692359
P4_V7_Phase41,4.0,3.0,3.0,4.0,3.0,6.068779,5.343597,5.658189,5.4056916,5.6951923
P4_V7_Phase42,2.0,2.0,1.0,2.0,1.0,6.066259,5.3403773,5.6550565,5.4028206,5.6913915
P4_V7_Phase43,5.0,5.0,5.0,4.0,4.0,6.063997,5.340984,5.65095,5.4005055,5.691083
P4_V7_Phase44,9.0,8.0,9.0,9.0,8.0,6.0655184,5.340197,5.6538444,5.400055,5.691182
P4_V7_Phase45,4.0,3.0,3.0,4.0,3.0,6.0660295,5.3417344,5.653135,5.402128,5.6923857
P4_V7_Phase5,7.0,6.0,7.0,6.0,7.0,6.0654325,5.340572,5.652654,5.401244,5.6917014
P4_V7_Phase6,5.0,4.0,4.0,5.0,4.0,6.070946,5.346496,5.658804,5.403736,5.69681
P4_V7_Phase7,7.0,7.0,6.0,6.0,7.0,6.0655775,5.3382754,5.6553426,5.402458,5.6895123
P4_V7_Phase8,5.0,5.0,4.0,4.0,5.0,6.0704966,5.3432665,5.6598477,5.4073353,5.695279
P4_V7_Phase9,2.0,1.0,1.0,2.0,1.0,6.0680637,5.3422503,5.6564937,5.404604,5.6943116
P4_V8_Phase1,5.0,4.0,5.0,4.0,5.0,6.0666857,5.3421855,5.654673,5.4021416,5.6937447
P4_V8_Phase10,7.0,7.0,6.0,7.0,6.0,6.0639153,5.337405,5.65305,5.4010406,5.688539
P4_V8_Phase11,5.0,4.0,4.0,5.0,4.0,6.0677986,5.3412304,5.6566315,5.4035735,5.692894
P4_V8_Phase12,2.0,1.0,2.0,1.0,1.0,6.0651026,5.3401103,5.65288,5.4002633,5.6913414
P4_V8_Phase13,5.0,5.0,4.0,5.0,4.0,6.068557,5.342298,5.6585555,5.403946,5.6938314
P4_V8_Phase14,5.0,5.0,4.0,5.0,4.0,6.0629735,5.338362,5.6501737,5.399232,5.6882305
P4_V8_Phase16,9.0,8.0,9.0,8.0,9.0,6.0706797,5.343922,5.658206,5.4058824,5.69575
P4_V8_Phase17,9.0,8.0,9.0,8.0,9.0,6.066517,5.339915,5.6563926,5.402665,5.691595
P4_V8_Phase18,5.0,4.0,3.0,4.0,5.0,6.060012,5.3363295,5.647778,5.397462,5.6857443
P4_V8_Phase19,4.0,3.0,3.0,4.0,4.0,6.0683126,5.3428006,5.6558423,5.4027576,5.6936502
P4_V8_Phase2,5.0,4.0,4.0,5.0,5.0,6.060939,5.334225,5.6508164,5.3969517,5.68454
P4_V8_Phase20,5.0,4.0,5.0,4.0,5.0,6.0714545,5.3423486,5.660596,5.4080133,5.694087
P4_V8_Phase21,7.0,6.0,7.0,6.0,7.0,6.064007,5.34206,5.6497436,5.398957,5.6917286
P4_V8_Phase22,7.0,7.0,6.0,7.0,6.0,6.0690536,5.340938,5.6586137,5.406909,5.6925073
P4_V8_Phase23,9.0,8.0,9.0,8.0,9.0,6.0651517,5.3347526,5.6573663,5.4042854,5.6862607
P4_V8_Phase24,9.0,8.0,9.0,8.0,9.0,6.06941,5.3428946,5.6562796,5.4045234,5.694412
P4_V8_Phase25,5.0,5.0,5.0,4.0,4.0,6.072514,5.3461385,5.6608677,5.4058495,5.6987476
P4_V8_Phase26,7.0,7.0,6.0,7.0,6.0,6.071151,5.344206,5.6611743,5.405741,5.6960077
P4_V8_Phase27,9.0,8.0,9.0,8.0,9.0,6.0710273,5.3402867,5.661623,5.408039,5.6921773
P4_V8_Phase28,9.0,8.0,9.0,8.0,9.0,6.0652285,5.338857,5.656824,5.401357,5.6877713
P4_V8_Phase29,4.0,3.0,3.0,4.0,4.0,6.069082,5.3415413,5.658541,5.4052877,5.693122
P4_V8_Phase3,4.0,3.0,4.0,3.0,4.0,6.0685134,5.341162,5.657538,5.405366,5.6925406
P4_V8_Phase30,5.0,5.0,4.0,4.0,5.0,6.06553,5.341303,5.6525817,5.401041,5.69213
P4_V8_Phase31,4.0,3.0,3.0,4.0,4.0,6.0647087,5.340219,5.6523676,5.398156,5.690748
P4_V8_Phase32,2.0,1.0,1.0,2.0,1.0,6.0648794,5.3405185,5.6525807,5.401389,5.691153
P4_V8_Phase33,7.0,6.0,7.0,6.0,7.0,6.0655556,5.340532,5.653754,5.3998795,5.691517
P4_V8_Phase34,5.0,5.0,5.0,4.0,4.0,6.0668263,5.3411317,5.6552916,5.4027605,5.6924224
P4_V8_Phase35,4.0,3.0,4.0,3.0,4.0,6.0617266,5.3378386,5.648703,5.398839,5.6881866
P4_V8_Phase36,5.0,4.0,5.0,4.0,5.0,6.067399,5.341989,5.655385,5.4019713,5.693179
P4_V8_Phase37,4.0,3.0,4.0,3.0,4.0,6.070458,5.3417535,5.660606,5.4070444,5.6944304
P4_V8_Phase38,7.0,6.0,7.0,6.0,7.0,6.067012,5.341826,5.655604,5.402666,5.693348
P4_V8_Phase39,9.0,8.0,9.0,8.0,9.0,6.069853,5.343473,5.658115,5.405735,5.695146
P4_V8_Phase4,5.0,4.0,5.0,4.0,5.0,6.0662875,5.3409705,5.654855,5.40137,5.6925054
P4_V8_Phase40,7.0,7.0,7.0,6.0,6.0,6.0723457,5.3465962,5.6605306,5.406389,5.697956
P4_V8_Phase41,5.0,5.0,5.0,4.0,4.0,6.071333,5.3427577,5.6607194,5.407078,5.695825
P4_V8_Phase42,7.0,6.0,7.0,6.0,7.0,6.07011,5.3395953,5.6613708,5.408312,5.6918683
P4_V8_Phase43,5.0,5.0,5.0,4.0,4.0,6.0661173,5.342946,5.653733,5.4009175,5.693283
P4_V8_Phase44,5.0,4.0,4.0,5.0,4.0,6.069625,5.341174,5.660113,5.4056444,5.6927958
P4_V8_Phase45,9.0,8.0,9.0,8.0,9.0,6.063391,5.3378286,5.6525807,5.3998938,5.688319
P4_V8_Phase46,9.0,9.0,8.0,8.0,9.0,6.06767,5.3423495,5.656549,5.403941,5.69287
P4_V8_Phase47,9.0,8.0,9.0,8.0,9.0,6.0647373,5.3393116,5.652288,5.4004536,5.690552
P4_V8_Phase48,4.0,4.0,3.0,4.0,4.0,6.066202,5.339551,5.6554065,5.402048,5.6918545
P4_V8_Phase49,4.0,3.0,4.0,3.0,3.0,6.0673313,5.3416867,5.6559978,5.403105,5.693515
P4_V8_Phase5,2.0,1.0,2.0,1.0,1.0,6.0686646,5.343845,5.656589,5.404229,5.69509
P4_V8_Phase50,4.0,3.0,3.0,4.0,4.0,6.0678406,5.3410487,5.6560073,5.40458,5.6929893
P4_V8_Phase51,4.0,4.0,3.0,3.0,4.0,6.064381,5.3411927,5.65206,5.400508,5.6911325
P4_V8_Phase6,5.0,4.0,5.0,4.0,5.0,6.0645423,5.3383055,5.6536965,5.399514,5.6893806
P4_V8_Phase7,2.0,1.0,2.0,1.0,2.0,6.066745,5.341658,5.6547,5.4027767,5.693387
P4_V8_Phase8,2.0,1.0,1.0,2.0,2.0,6.0681343,5.341719,5.6568913,5.4038944,5.693428
P4_V8_Phase9,7.0,7.0,6.0,7.0,6.0,6.0667133,5.342193,5.654596,5.401891,5.6922135
P4_V9_Phase1,5.0,4.0,5.0,4.0,5.0,6.0645328,5.3405538,5.6526027,5.398735,5.691486
P4_V9_Phase10,2.0,2.0,1.0,2.0,1.0,6.068582,5.3445125,5.655497,5.403171,5.695095
P4_V9_Phase11,7.0,6.0,7.0,6.0,7.0,6.068356,5.3386397,5.658632,5.406217,5.690501
P4_V9_Phase12,7.0,6.0,7.0,6.0,7.0,6.065089,5.3402667,5.6530795,5.4006968,5.691476
P4_V9_Phase13,9.0,8.0,9.0,8.0,9.0,6.072211,5.344544,5.6615844,5.4075394,5.6964583
P4_V9_Phase14,7.0,7.0,6.0,7.0,6.0,6.0674143,5.342048,5.6548104,5.4023647,5.693323
P4_V9_Phase15,7.0,6.0,7.0,6.0,7.0,6.0648537,5.33906,5.6560903,5.401382,5.689416
P4_V9_Phase16,7.0,6.0,7.0,6.0,7.0,6.068014,5.3401656,5.659137,5.405241,5.691319
P4_V9_Phase17,5.0,5.0,4.0,4.0,5.0,6.064457,5.335521,5.6528687,5.402897,5.6871095
P4_V9_Phase18,5.0,4.0,5.0,4.0,5.0,6.06493,5.3398604,5.6531777,5.400302,5.691202
P4_V9_Phase19,5.0,4.0,5.0,4.0,5.0,6.0676184,5.3417864,5.656119,5.403866,5.694117
P4_V9_Phase2,5.0,4.0,5.0,4.0,5.0,6.0660715,5.341643,5.6543574,5.4016685,5.6930265
P4_V9_Phase20,5.0,4.0,4.0,4.0,5.0,6.07111,5.342854,5.660499,5.407035,5.695358
P4_V9_Phase21,5.0,4.0,5.0,4.0,5.0,6.066988,5.342299,5.654797,5.403061,5.693313
P4_V9_Phase22,7.0,6.0,7.0,6.0,7.0,6.064636,5.339993,5.652029,5.3998837,5.689984
P4_V9_Phase23,2.0,2.0,1.0,2.0,1.0,6.0675263,5.34265,5.6559052,5.4023023,5.6938515
P4_V9_Phase24,7.0,6.0,7.0,6.0,7.0,6.0666046,5.3385844,5.656716,5.40464,5.689987
P4_V9_Phase25,4.0,3.0,4.0,3.0,4.0,6.068367,5.3428836,5.656992,5.4048166,5.69491
P4_V9_Phase26,4.0,3.0,4.0,3.0,3.0,6.071868,5.3463855,5.660575,5.4062037,5.697273
P4_V9_Phase27,4.0,3.0,4.0,3.0,4.0,6.069893,5.3441095,5.658468,5.405327,5.6948395
P4_V9_Phase28,5.0,4.0,5.0,4.0,5.0,6.069691,5.3443046,5.6578984,5.4050336,5.695016
P4_V9_Phase29,5.0,4.0,5.0,4.0,5.0,6.0681195,5.3417935,5.6564517,5.4045787,5.6935863
P4_V9_Phase3,4.0,3.0,4.0,3.0,4.0,6.0646324,5.341269,5.6525726,5.4001427,5.692048
P4_V9_Phase30,7.0,6.0,7.0,6.0,7.0,6.068547,5.3398633,5.658668,5.4049096,5.6914067
P4_V9_Phase31,4.0,3.0,4.0,3.0,4.0,6.0602317,5.333767,5.653336,5.4006767,5.6836157
P4_V9_Phase32,2.0,1.0,2.0,1.0,2.0,6.0708323,5.3435535,5.659867,5.4070816,5.6954155
P4_V9_Phase33,4.0,3.0,4.0,3.0,4.0,6.064174,5.3406267,5.651248,5.3999853,5.691024
P4_V9_Phase34,7.0,6.0,7.0,6.0,7.0,6.069475,5.3424115,5.6587896,5.4056005,5.693957
P4_V9_Phase35,2.0,1.0,2.0,1.0,2.0,6.0696993,5.3428617,5.6577744,5.4058237,5.694192
P4_V9_Phase36,2.0,1.0,2.0,1.0,2.0,6.069204,5.3410687,5.6587863,5.4057713,5.6923456
P4_V9_Phase37,2.0,2.0,1.0,2.0,1.0,6.068704,5.338882,5.6624026,5.407439,5.6909857
P4_V9_Phase38,2.0,1.0,2.0,1.0,2.0,6.068474,5.344537,5.6567388,5.403302,5.6949534
P4_V9_Phase39,4.0,3.0,4.0,3.0,4.0,6.0698504,5.339482,5.662124,5.4081764,5.690626
P4_V9_Phase4,5.0,4.0,5.0,4.0,5.0,6.0674934,5.3431726,5.6558237,5.401331,5.6940575
P4_V9_Phase40,9.0,8.0,9.0,8.0,9.0,6.06913,5.3426423,5.658074,5.4053197,5.6940427
P4_V9_Phase41,7.0,6.0,7.0,6.0,7.0,6.0686135,5.340411,5.657244,5.404709,5.6924334
P4_V9_Phase42,2.0,1.0,0.0,1.0,1.0,6.0697536,5.340987,5.6588054,5.4071627,5.692982
P4_V9_Phase43,5.0,4.0,5.0,4.0,5.0,6.074153,5.3436465,5.6633306,5.4097567,5.6961555
P4_V9_Phase44,5.0,4.0,5.0,4.0,5.0,6.0696497,5.3436456,5.6578298,5.4047985,5.6956544
P4_V9_Phase45,4.0,3.0,4.0,3.0,4.0,6.0701423,5.339682,5.6616464,5.4085627,5.6922107
P4_V9_Phase46,5.0,5.0,4.0,5.0,4.0,6.0653124,5.340639,5.652533,5.4021163,5.690911
P4_V9_Phase47,4.0,3.0,4.0,3.0,4.0,6.0681987,5.3425717,5.6592174,5.403228,5.6923776
P4_V9_Phase48,5.0,4.0,5.0,4.0,5.0,6.066911,5.34043,5.6559935,5.4027653,5.6920257
P4_V9_Phase49,9.0,8.0,9.0,8.0,9.0,6.0692987,5.34167,5.6591773,5.4058375,5.6933866
P4_V9_Phase5,5.0,4.0,5.0,4.0,5.0,6.0666647,5.3405337,5.6562095,5.4030304,5.6919985
P4_V9_Phase50,7.0,6.0,7.0,6.0,7.0,6.0723267,5.3450427,5.6614757,5.4079294,5.698037
P4_V9_Phase51,4.0,3.0,4.0,3.0,4.0,6.070154,5.344404,5.658219,5.40476,5.6960216
P4_V9_Phase52,4.0,3.0,4.0,3.0,4.0,6.068061,5.3428416,5.6557508,5.403493,5.694163
P4_V9_Phase53,7.0,6.0,7.0,6.0,7.0,6.0646834,5.3396363,5.6548676,5.4007254,5.689476
P4_V9_Phase54,2.0,1.0,2.0,1.0,2.0,6.065903,5.3429008,5.653191,5.4013996,5.6933947
P4_V9_Phase55,7.0,7.0,6.0,7.0,6.0,6.0681953,5.340848,5.659323,5.4051514,5.6926928
P4_V9_Phase56,2.0,2.0,1.0,2.0,1.0,6.069316,5.3441615,5.657965,5.404854,5.6957955
P4_V9_Phase57,4.0,3.0,3.0,4.0,3.0,6.062274,5.3376293,5.6534514,5.3999405,5.6871543
P4_V9_Phase58,4.0,3.0,4.0,3.0,4.0,6.069146,5.344886,5.657568,5.4038815,5.6957846
P4_V9_Phase59,5.0,4.0,4.0,5.0,4.0,6.065789,5.339251,5.65543,5.402393,5.6907206
P4_V9_Phase6,5.0,4.0,5.0,4.0,5.0,6.067951,5.339032,5.6573462,5.4047556,5.6906204
P4_V9_Phase60,9.0,8.0,9.0,8.0,9.0,6.0675125,5.339404,5.6595507,5.403981,5.690364
P4_V9_Phase61,7.0,6.0,6.0,7.0,6.0,6.0691385,5.343786,5.6570725,5.403366,5.694699
P4_V9_Phase62,5.0,4.0,5.0,4.0,5.0,6.068573,5.342752,5.65624,5.4040356,5.693865
P4_V9_Phase63,4.0,3.0,4.0,3.0,4.0,6.0677476,5.342151,5.6557794,5.403341,5.693523
P4_V9_Phase64,5.0,5.0,4.0,5.0,4.0,6.0641236,5.3400984,5.652083,5.3989453,5.6904297
P4_V9_Phase65,5.0,4.0,5.0,4.0,4.0,6.0708084,5.343705,5.658564,5.405382,5.695138
P4_V9_Phase66,5.0,5.0,4.0,5.0,4.0,6.0643835,5.33861,5.6543155,5.400562,5.689556
P4_V9_Phase67,4.0,3.0,4.0,3.0,4.0,6.068101,5.343769,5.655887,5.402516,5.694417
P4_V9_Phase68,5.0,5.0,4.0,5.0,4.0,6.0657043,5.3389134,5.6556544,5.4009686,5.6901455
P4_V9_Phase69,2.0,2.0,1.0,2.0,1.0,6.0680366,5.3416286,5.655908,5.404295,5.693342
P4_V9_Phase7,2.0,1.0,2.0,1.0,2.0,6.0647173,5.3385105,5.65375,5.402659,5.689588
P4_V9_Phase70,7.0,6.0,7.0,6.0,7.0,6.0692654,5.342457,5.657801,5.4058237,5.6942306
P4_V9_Phase71,5.0,5.0,4.0,4.0,5.0,6.068087,5.3424087,5.656942,5.4039607,5.69275
P4_V9_Phase72,2.0,1.0,2.0,1.0,2.0,6.0683804,5.3421316,5.656544,5.4041333,5.694433
P4_V9_Phase73,7.0,6.0,7.0,6.0,7.0,6.0658746,5.3411546,5.652682,5.400346,5.692642
P4_V9_Phase74,7.0,6.0,7.0,6.0,7.0,6.065878,5.339848,5.654124,5.4020443,5.6912766
P4_V9_Phase75,2.0,1.0,2.0,1.0,2.0,6.0688424,5.341291,5.658093,5.4045234,5.6930237
P4_V9_Phase76,9.0,8.0,9.0,8.0,9.0,6.067243,5.3417773,5.65566,5.40281,5.69307
P4_V9_Phase77,7.0,6.0,7.0,6.0,7.0,6.068843,5.342405,5.6559587,5.4044433,5.694173
P4_V9_Phase78,7.0,6.0,7.0,6.0,7.0,6.06468,5.3375034,5.6581106,5.4022455,5.687893
P4_V9_Phase79,9.0,8.0,9.0,8.0,9.0,6.067851,5.341776,5.6562696,5.4030385,5.694034
P4_V9_Phase8,9.0,8.0,9.0,8.0,9.0,6.069311,5.343801,5.658282,5.406418,5.695787
P4_V9_Phase80,2.0,1.0,2.0,1.0,2.0,6.0672355,5.342227,5.654862,5.4018936,5.6937513
P4_V9_Phase81,2.0,1.0,2.0,1.0,2.0,6.067648,5.3408427,5.655954,5.4030313,5.692897
P4_V9_Phase82,4.0,3.0,4.0,3.0,4.0,6.0681057,5.3417897,5.656772,5.403054,5.6934457
P4_V9_Phase83,4.0,4.0,3.0,4.0,3.0,6.0685816,5.3429027,5.656676,5.4043827,5.694196
P4_V9_Phase84,4.0,3.0,3.0,4.0,4.0,6.068657,5.3414884,5.658834,5.405755,5.6916647
P4_V9_Phase85,9.0,8.0,9.0,8.0,9.0,6.0680943,5.3409038,5.6585,5.4036264,5.692155
P4_V9_Phase9,4.0,3.0,4.0,3.0,4.0,6.064375,5.339069,5.6528497,5.4004154,5.689502
P5_V10_Phase1,5.0,4.0,4.0,5.0,4.0,6.0661917,5.3409624,5.653836,5.4021344,5.6919413
P5_V10_Phase10,5.0,5.0,4.0,5.0,5.0,6.0690074,5.343418,5.657239,5.4038625,5.694507
P5_V10_Phase11,5.0,4.0,4.0,5.0,4.0,6.061948,5.338631,5.6494694,5.398139,5.6887417
P5_V10_Phase12,5.0,4.0,5.0,4.0,5.0,6.0678396,5.3428087,5.655129,5.404275,5.694146
P5_V10_Phase13,7.0,6.0,6.0,7.0,6.0,6.0722103,5.3447695,5.6628885,5.4077153,5.6971545
P5_V10_Phase14,7.0,7.0,7.0,6.0,6.0,6.069314,5.34246,5.6579604,5.404703,5.6943035
P5_V10_Phase15,7.0,7.0,6.0,6.0,7.0,6.0643487,5.33923,5.6523166,5.402319,5.689966
P5_V10_Phase16,7.0,6.0,7.0,6.0,6.0,6.069206,5.3445644,5.6569743,5.405081,5.6953692
P5_V10_Phase17,4.0,3.0,3.0,2.0,3.0,6.070102,5.344974,5.6579165,5.4062634,5.696477
P5_V10_Phase18,7.0,6.0,6.0,7.0,6.0,6.0642653,5.339827,5.6526628,5.401698,5.690398
P5_V10_Phase19,7.0,7.0,6.0,6.0,7.0,6.069253,5.3432407,5.6586637,5.40568,5.695018
P5_V10_Phase2,2.0,1.0,0.0,1.0,2.0,6.064831,5.3407874,5.6524286,5.4012284,5.691102
P5_V10_Phase20,9.0,8.0,9.0,8.0,8.0,6.0694084,5.343241,5.657986,5.4051495,5.6952133
P5_V10_Phase21,0.0,0.0,0.0,0.0,0.0,6.06919,5.34411,5.657829,5.405609,5.69562
P5_V10_Phase22,2.0,1.0,1.0,1.0,0.0,6.0650606,5.339858,5.653468,5.3998556,5.6910143
P5_V10_Phase23,2.0,1.0,2.0,1.0,1.0,6.07018,5.3434234,5.658895,5.4059277,5.69522
P5_V10_Phase24,7.0,6.0,7.0,6.0,6.0,6.0691576,5.3443503,5.6576324,5.402994,5.6948824
P5_V10_Phase25,5.0,4.0,5.0,4.0,5.0,6.065838,5.3391857,5.65482,5.4023952,5.691271
P5_V10_Phase26,5.0,5.0,4.0,4.0,5.0,6.07043,5.3435693,5.6597047,5.406084,5.695141
P5_V10_Phase27,9.0,9.0,9.0,9.0,9.0,6.065998,5.3382955,5.6564755,5.402733,5.689474
P5_V10_Phase28,7.0,6.0,7.0,5.0,6.0,6.0710907,5.341805,5.66221,5.408383,5.694168
P5_V10_Phase29,5.0,4.0,5.0,4.0,5.0,6.071744,5.343803,5.66056,5.4076085,5.6964397
P5_V10_Phase3,2.0,2.0,1.0,2.0,2.0,6.065092,5.3400774,5.6527805,5.4011908,5.6912613
P5_V10_Phase30,9.0,8.0,8.0,9.0,8.0,6.068435,5.3415666,5.657149,5.4041348,5.6933174
P5_V10_Phase31,7.0,6.0,7.0,6.0,7.0,6.065176,5.33973,5.652542,5.400915,5.6902933
P5_V10_Phase32,7.0,7.0,6.0,6.0,7.0,6.068572,5.3431067,5.656551,5.404348,5.695092
P5_V10_Phase33,7.0,7.0,6.0,7.0,6.0,6.0692244,5.339236,5.6605997,5.4061155,5.690607
P5_V10_Phase34,7.0,7.0,6.0,6.0,7.0,6.066805,5.342284,5.655148,5.402871,5.6934958
P5_V10_Phase35,4.0,3.0,4.0,3.0,4.0,6.066345,5.341972,5.6541133,5.401401,5.692707
P5_V10_Phase36,7.0,6.0,6.0,7.0,6.0,6.067522,5.340637,5.6559863,5.4028616,5.692606
P5_V10_Phase37,6.0,6.0,6.0,5.0,5.0,6.066583,5.3414297,5.6536517,5.4023385,5.6924057
P5_V10_Phase38,7.0,7.0,6.0,6.0,7.0,6.067971,5.342013,5.656792,5.403806,5.693818
P5_V10_Phase39,5.0,4.0,5.0,4.0,5.0,6.065793,5.340182,5.6538854,5.401991,5.6908884
P5_V10_Phase4,5.0,4.0,4.0,5.0,4.0,6.069943,5.343813,5.658115,5.406063,5.6950126
P5_V10_Phase40,5.0,5.0,4.0,4.0,5.0,6.0649705,5.3398957,5.655043,5.4016523,5.689043
P5_V10_Phase41,2.0,2.0,1.0,2.0,2.0,6.0630426,5.338001,5.6510735,5.4004803,5.6888885
P5_V10_Phase42,7.0,7.0,6.0,6.0,7.0,6.066603,5.3406253,5.655755,5.4036555,5.6918087
P5_V10_Phase43,4.0,3.0,3.0,4.0,3.0,6.0641623,5.340389,5.6520886,5.400626,5.690177
P5_V10_Phase44,5.0,4.0,4.0,5.0,4.0,6.0703235,5.344823,5.6589823,5.4050455,5.696523
P5_V10_Phase45,5.0,4.0,3.0,4.0,5.0,6.0683794,5.3427362,5.656302,5.404813,5.6941366
P5_V10_Phase46,5.0,5.0,5.0,4.0,4.0,6.064932,5.3405337,5.6531577,5.400054,5.691642
P5_V10_Phase47,4.0,3.0,3.0,4.0,4.0,6.0670543,5.341506,5.655402,5.4022818,5.6930285
P5_V10_Phase5,2.0,2.0,1.0,2.0,1.0,6.0678043,5.344246,5.655167,5.4036374,5.693792
P5_V10_Phase6,5.0,4.0,5.0,4.0,4.0,6.0660543,5.3403435,5.6554723,5.402186,5.6918306
P5_V10_Phase7,5.0,4.0,5.0,4.0,4.0,6.0642977,5.3396163,5.6516595,5.4007206,5.6901007
P5_V10_Phase8,4.0,3.0,3.0,4.0,4.0,6.0657997,5.3411765,5.653313,5.401858,5.6919374
P5_V10_Phase9,4.0,3.0,3.0,4.0,5.0,6.069908,5.3460355,5.658115,5.4043236,5.6966925
P5_V11_Phase1,7.0,6.0,7.0,6.0,7.0,6.071419,5.3460865,5.658495,5.404832,5.697407
P5_V11_Phase10,5.0,5.0,4.0,5.0,4.0,6.065926,5.3408675,5.653785,5.401962,5.6922874
P5_V11_Phase11,7.0,7.0,6.0,6.0,7.0,6.0716467,5.343844,5.6607356,5.4086275,5.695793
P5_V11_Phase12,4.0,3.0,3.0,4.0,3.0,6.062864,5.3386445,5.65029,5.399275,5.689003
P5_V11_Phase13,5.0,4.0,4.0,5.0,4.0,6.0661554,5.340986,5.6537347,5.4002304,5.692382
P5_V11_Phase14,5.0,4.0,5.0,4.0,4.0,6.0641727,5.3390822,5.6518493,5.400256,5.6893682
P5_V11_Phase15,9.0,8.0,9.0,8.0,9.0,6.067628,5.342065,5.6570354,5.4034934,5.6933513
P5_V11_Phase16,5.0,5.0,4.0,4.0,4.0,6.067546,5.341052,5.658444,5.4030104,5.6918373
P5_V11_Phase17,7.0,6.0,6.0,7.0,6.0,6.070821,5.342721,5.661429,5.407241,5.6946487
P5_V11_Phase18,9.0,8.0,8.0,9.0,8.0,6.0713806,5.3433027,5.660661,5.407814,5.695613
P5_V11_Phase19,9.0,9.0,9.0,9.0,9.0,6.070092,5.3416114,5.6601586,5.4071174,5.6936536
P5_V11_Phase2,9.0,8.0,9.0,8.0,9.0,6.067459,5.343407,5.6543994,5.401742,5.694112
P5_V11_Phase20,9.0,9.0,9.0,9.0,9.0,6.0662084,5.3403816,5.65457,5.4018397,5.6921787
P5_V11_Phase21,5.0,4.0,4.0,5.0,4.0,6.064502,5.340853,5.652365,5.400011,5.6913624
P5_V11_Phase22,9.0,9.0,9.0,9.0,9.0,6.0690093,5.3421445,5.658419,5.404422,5.693575
P5_V11_Phase23,9.0,8.0,8.0,9.0,8.0,6.073897,5.346042,5.664347,5.4107714,5.6982203
P5_V11_Phase24,9.0,9.0,9.0,9.0,9.0,6.066725,5.3403535,5.6560426,5.403617,5.6921544
P5_V11_Phase25,7.0,6.0,7.0,6.0,7.0,6.069954,5.341024,5.6621075,5.4080086,5.6927834
P5_V11_Phase26,2.0,1.0,2.0,1.0,1.0,6.0691566,5.3420177,5.6583323,5.4047365,5.6940627
P5_V11_Phase27,5.0,4.0,4.0,5.0,4.0,6.070096,5.343447,5.658628,5.404779,5.695575
P5_V11_Phase28,7.0,6.0,6.0,7.0,6.0,6.0687118,5.343296,5.657319,5.404204,5.6948195
P5_V11_Phase29,9.0,8.0,8.0,9.0,8.0,6.0678043,5.3428383,5.65562,5.403776,5.6945467
P5_V11_Phase3,9.0,9.0,9.0,9.0,9.0,6.0667534,5.3416324,5.654579,5.4025407,5.692552
P5_V11_Phase30,7.0,6.0,7.0,6.0,7.0,6.066414,5.341096,5.653606,5.401867,5.6927195
P5_V11_Phase31,4.0,3.0,3.0,4.0,3.0,6.070055,5.343139,5.659261,5.406377,5.6949368
P5_V11_Phase32,4.0,4.0,3.0,3.0,4.0,6.069473,5.343868,5.6576514,5.404711,5.69534
P5_V11_Phase33,7.0,6.0,7.0,6.0,7.0,6.0646496,5.3398724,5.6535573,5.4008093,5.6911416
P5_V11_Phase34,9.0,9.0,9.0,9.0,9.0,6.064394,5.3389907,5.653216,5.4001703,5.689594
P5_V11_Phase35,2.0,1.0,0.0,1.0,2.0,6.067591,5.3411756,5.6564155,5.4036865,5.6931496
P5_V11_Phase36,9.0,9.0,9.0,9.0,9.0,6.0673423,5.340996,5.65599,5.4020586,5.6926403
P5_V11_Phase37,5.0,4.0,3.0,4.0,4.0,6.067589,5.3425336,5.6555057,5.4034758,5.6932964
P5_V11_Phase38,9.0,9.0,8.0,8.0,9.0,6.071088,5.3439894,5.660316,5.4070663,5.6958055
P5_V11_Phase39,5.0,4.0,3.0,4.0,5.0,6.071638,5.3447356,5.660577,5.406956,5.6970663
P5_V11_Phase4,5.0,4.0,5.0,4.0,4.0,6.068745,5.3430047,5.656507,5.404908,5.6950874
P5_V11_Phase5,5.0,4.0,5.0,4.0,4.0,6.07222,5.348142,5.659693,5.4057293,5.6981096
P5_V11_Phase6,7.0,6.0,6.0,7.0,6.0,6.073291,5.344377,5.6629844,5.409791,5.6965313
P5_V11_Phase7,7.0,7.0,6.0,7.0,6.0,6.069648,5.3448534,5.657389,5.402993,5.695762
P5_V11_Phase8,5.0,4.0,4.0,5.0,5.0,6.0713325,5.3459353,5.658588,5.4051957,5.696541
P5_V11_Phase9,5.0,4.0,5.0,4.0,5.0,6.0692234,5.3416476,5.6606,5.4066553,5.6925936
P5_V12_Phase1,9.0,8.0,9.0,8.0,9.0,6.0658646,5.341724,5.6529174,5.401876,5.692275
P5_V12_Phase10,7.0,7.0,6.0,7.0,6.0,6.069802,5.344792,5.657742,5.404944,5.695915
P5_V12_Phase11,2.0,2.0,1.0,1.0,2.0,6.0662403,5.3408465,5.6543097,5.402619,5.691633
P5_V12_Phase12,4.0,3.0,3.0,4.0,3.0,6.068342,5.3426595,5.65613,5.4035387,5.694015
P5_V12_Phase13,9.0,9.0,9.0,9.0,9.0,6.0637045,5.338309,5.651933,5.401102,5.6894307
P5_V12_Phase14,9.0,9.0,9.0,9.0,9.0,6.0676765,5.341123,5.656446,5.405322,5.6930766
P5_V12_Phase15,5.0,4.0,4.0,5.0,4.0,6.063033,5.33816,5.650617,5.3997507,5.6893106
P5_V12_Phase16,2.0,1.0,2.0,1.0,2.0,6.069707,5.34388,5.657912,5.4047036,5.695739
P5_V12_Phase17,2.0,2.0,2.0,1.0,0.0,6.0667486,5.3400264,5.654965,5.4022055,5.691947
P5_V12_Phase18,5.0,4.0,4.0,5.0,5.0,6.0703726,5.34445,5.6582117,5.4052496,5.6958437
P5_V12_Phase19,5.0,4.0,5.0,4.0,5.0,6.066381,5.3419385,5.6544166,5.4017735,5.691963
P5_V12_Phase2,7.0,6.0,6.0,6.0,7.0,6.0630107,5.3386817,5.651864,5.398094,5.6893992
P5_V12_Phase20,9.0,9.0,9.0,9.0,9.0,6.067725,5.3421173,5.656363,5.4023914,5.6931086
P5_V12_Phase21,7.0,6.0,7.0,6.0,6.0,6.0668135,5.341002,5.656079,5.402844,5.692198
P5_V12_Phase22,5.0,5.0,4.0,4.0,5.0,6.0668373,5.341574,5.6554303,5.402912,5.692666
P5_V12_Phase23,9.0,9.0,9.0,9.0,9.0,6.066203,5.3412204,5.655041,5.402136,5.692593
P5_V12_Phase24,5.0,5.0,4.0,4.0,5.0,6.0691996,5.3433747,5.658151,5.4037056,5.694871
P5_V12_Phase25,9.0,8.0,9.0,8.0,8.0,6.0713243,5.3451486,5.662513,5.4072275,5.6955404
P5_V12_Phase26,2.0,1.0,2.0,1.0,1.0,6.0617523,5.337633,5.6494055,5.398626,5.688321
P5_V12_Phase27,9.0,8.0,9.0,8.0,9.0,6.0652065,5.340656,5.6526923,5.400797,5.691574
P5_V12_Phase28,4.0,3.0,4.0,3.0,3.0,6.0660334,5.341646,5.653581,5.40244,5.6925497
P5_V12_Phase29,2.0,1.0,0.0,1.0,0.0,6.065119,5.3404393,5.6529403,5.4020324,5.690731
P5_V12_Phase3,7.0,7.0,7.0,6.0,6.0,6.0650196,5.3389707,5.653831,5.401805,5.690092
P5_V12_Phase30,7.0,7.0,6.0,6.0,7.0,6.0671244,5.341331,5.654556,5.402136,5.6929526
P5_V12_Phase31,5.0,4.0,4.0,5.0,4.0,6.0655813,5.3385477,5.656958,5.402334,5.6886806
P5_V12_Phase32,7.0,7.0,6.0,6.0,7.0,6.0701985,5.343884,5.6580753,5.4053946,5.6959324
P5_V12_Phase33,4.0,3.0,3.0,4.0,4.0,6.0692105,5.3431535,5.6582975,5.404559,5.6945515
P5_V12_Phase34,9.0,9.0,9.0,9.0,9.0,6.0673547,5.3415117,5.6572843,5.403516,5.6926265
P5_V12_Phase35,7.0,7.0,6.0,6.0,7.0,6.064556,5.338584,5.652735,5.4007273,5.6889367
P5_V12_Phase36,2.0,2.0,1.0,0.0,1.0,6.067425,5.340488,5.6568637,5.4035234,5.6918736
P5_V12_Phase37,5.0,4.0,3.0,4.0,5.0,6.070305,5.343334,5.6580453,5.4054155,5.694636
P5_V12_Phase38,2.0,1.0,1.0,2.0,1.0,6.065409,5.3415246,5.6526914,5.4009485,5.6919603
P5_V12_Phase39,7.0,6.0,6.0,7.0,6.0,6.069087,5.342769,5.657204,5.405308,5.6948185
P5_V12_Phase4,5.0,3.0,4.0,3.0,2.0,6.0706167,5.3441606,5.6598535,5.4071274,5.696492
P5_V12_Phase40,7.0,6.0,6.0,7.0,7.0,6.071039,5.3441777,5.6603107,5.4088345,5.6947985
P5_V12_Phase41,5.0,5.0,4.0,4.0,5.0,6.073507,5.3455367,5.661917,5.40969,5.6979184
P5_V12_Phase42,5.0,4.0,4.0,5.0,4.0,6.06927,5.3432317,5.657652,5.403989,5.695202
P5_V12_Phase43,9.0,8.0,8.0,9.0,8.0,6.0710807,5.3436017,5.6605425,5.405986,5.6943417
P5_V12_Phase44,5.0,5.0,4.0,4.0,5.0,6.0663347,5.3416953,5.65422,5.401038,5.692787
P5_V12_Phase5,9.0,9.0,9.0,9.0,9.0,6.062297,5.338741,5.650023,5.398812,5.6893387
P5_V12_Phase6,2.0,2.0,1.0,2.0,2.0,6.0672617,5.341485,5.65502,5.403412,5.692444
P5_V12_Phase7,4.0,3.0,3.0,4.0,4.0,6.0688066,5.3428435,5.6569157,5.4036374,5.695015
P5_V12_Phase8,2.0,1.0,2.0,1.0,2.0,6.066961,5.3421655,5.655497,5.401942,5.693658
P5_V12_Phase9,2.0,1.0,1.0,2.0,2.0,6.067392,5.341371,5.65535,5.402627,5.6934566
P5_V13_Phase1,4.0,3.0,4.0,3.0,4.0,6.06618,5.340835,5.6533675,5.403222,5.6922746
P5_V13_Phase2,4.0,3.0,3.0,4.0,4.0,6.0662146,5.3405337,5.654122,5.401802,5.6920896
P5_V13_Phase3,5.0,4.0,5.0,4.0,4.0,6.0655518,5.340941,5.6527367,5.4009914,5.691425
P5_V13_Phase4,4.0,3.0,3.0,4.0,4.0,6.0639963,5.3392196,5.6519074,5.399968,5.6904707
P5_V13_Phase5,5.0,4.0,5.0,4.0,4.0,6.07053,5.3447013,5.657274,5.405983,5.696395
P5_V14_Phase1,5.0,4.0,4.0,5.0,4.0,6.0717955,5.3472323,5.659388,5.4066668,5.6982975
P5_V14_Phase10,2.0,1.0,0.0,1.0,2.0,6.0643616,5.339401,5.6526723,5.399621,5.690078
P5_V14_Phase11,2.0,1.0,0.0,1.0,1.0,6.0676026,5.344292,5.654843,5.403632,5.6946287
P5_V14_Phase12,5.0,4.0,3.0,4.0,5.0,6.0671473,5.338592,5.6570106,5.4040565,5.6891904
P5_V14_Phase13,4.0,3.0,3.0,2.0,1.0,6.0651903,5.3405976,5.653707,5.401519,5.691592
P5_V14_Phase2,5.0,4.0,3.0,4.0,4.0,6.0667787,5.34275,5.65522,5.4023495,5.692915
P5_V14_Phase3,4.0,3.0,3.0,4.0,3.0,6.0666885,5.341206,5.654223,5.402478,5.69271
P5_V14_Phase4,5.0,4.0,4.0,5.0,4.0,6.065516,5.3415504,5.653753,5.4013815,5.691865
P5_V14_Phase5,7.0,6.0,6.0,7.0,6.0,6.063363,5.33911,5.6513906,5.3988023,5.68946
P5_V14_Phase6,2.0,1.0,0.0,1.0,2.0,6.0666523,5.3411202,5.655867,5.4018106,5.6922483
P5_V14_Phase7,4.0,3.0,3.0,4.0,4.0,6.0663347,5.342335,5.653039,5.401107,5.6925716
P5_V14_Phase8,4.0,3.0,2.0,3.0,4.0,6.0673985,5.342439,5.6552525,5.40156,5.693529
P5_V14_Phase9,5.0,4.0,3.0,4.0,5.0,6.063516,5.3381696,5.652386,5.4007854,5.688471
P5_V15_Phase1,4.0,3.0,3.0,4.0,4.0,6.062707,5.338082,5.6515365,5.400488,5.6881504
P5_V15_Phase2,5.0,4.0,3.0,4.0,3.0,6.064145,5.337526,5.65319,5.400549,5.688817
P5_V15_Phase3,5.0,4.0,4.0,5.0,4.0,6.0681887,5.342524,5.6563773,5.403267,5.694191
P5_V15_Phase4,4.0,3.0,3.0,4.0,4.0,6.0660925,5.341314,5.653958,5.401025,5.692764
P5_V15_Phase5,5.0,4.0,5.0,4.0,5.0,6.0674667,5.338566,5.661196,5.405983,5.6892595
P5_V15_Phase6,5.0,4.0,5.0,4.0,5.0,6.0657763,5.3404727,5.6544003,5.4010863,5.692046
P5_V15_Phase7,5.0,4.0,5.0,4.0,5.0,6.065934,5.3406262,5.65443,5.4004664,5.69204
P5_V15_Phase8,5.0,5.0,4.0,5.0,5.0,6.0635357,5.339276,5.6516867,5.398862,5.6899796
P5_V16_Phase1,9.0,8.0,9.0,8.0,9.0,6.0688453,5.3413215,5.658396,5.4052362,5.692116
P5_V16_Phase10,9.0,9.0,9.0,9.0,9.0,6.0652065,5.3406935,5.653608,5.401882,5.691969
P5_V16_Phase11,9.0,9.0,9.0,9.0,9.0,6.069325,5.3434615,5.657945,5.4047813,5.6945696
P5_V16_Phase12,9.0,9.0,9.0,9.0,9.0,6.070645,5.3445106,5.659719,5.405978,5.696004
P5_V16_Phase13,7.0,7.0,6.0,6.0,7.0,6.0699224,5.342945,5.6593695,5.4063997,5.69462
P5_V16_Phase14,9.0,9.0,9.0,9.0,9.0,6.068181,5.3419323,5.656752,5.404311,5.693529
P5_V16_Phase15,9.0,9.0,9.0,9.0,9.0,6.0685244,5.3436637,5.65593,5.4042177,5.694975
P5_V16_Phase16,9.0,9.0,9.0,9.0,9.0,6.070034,5.343169,5.657631,5.4059415,5.695421
P5_V16_Phase17,7.0,7.0,6.0,7.0,7.0,6.0712175,5.3436446,5.660458,5.407221,5.695212
P5_V16_Phase18,9.0,9.0,9.0,9.0,9.0,6.067255,5.341374,5.655663,5.403558,5.6927834
P5_V16_Phase19,9.0,9.0,9.0,9.0,9.0,6.0696526,5.341615,5.6611323,5.4054737,5.692798
P5_V16_Phase2,9.0,8.0,8.0,8.0,9.0,6.0640035,5.3398957,5.6517043,5.399602,5.690806
P5_V16_Phase20,9.0,9.0,9.0,9.0,9.0,6.06797,5.3415017,5.65657,5.403366,5.693306
P5_V16_Phase21,9.0,9.0,8.0,9.0,9.0,6.066613,5.342029,5.654782,5.402599,5.6936884
P5_V16_Phase22,9.0,9.0,9.0,9.0,9.0,6.068066,5.340207,5.658776,5.4044447,5.691469
P5_V16_Phase23,9.0,9.0,9.0,9.0,9.0,6.063574,5.3397956,5.6519456,5.3994765,5.690179
P5_V16_Phase24,9.0,9.0,9.0,9.0,9.0,6.068982,5.342341,5.657477,5.404784,5.6938486
P5_V16_Phase25,9.0,9.0,9.0,9.0,9.0,6.0728736,5.343412,5.662949,5.40989,5.6963224
P5_V16_Phase3,7.0,6.0,6.0,7.0,6.0,6.070423,5.342797,5.6592956,5.4067326,5.693865
P5_V16_Phase4,9.0,9.0,9.0,9.0,9.0,6.0723743,5.34524,5.6614213,5.4084,5.697627
P5_V16_Phase5,4.0,5.0,4.0,3.0,4.0,6.064283,5.341042,5.6515727,5.399191,5.6914997
P5_V16_Phase6,5.0,4.0,4.0,5.0,4.0,6.07213,5.3426213,5.664018,5.4077187,5.693552
P5_V16_Phase7,9.0,9.0,9.0,9.0,9.0,6.0663514,5.337625,5.659833,5.4040017,5.68894
P5_V16_Phase8,9.0,9.0,9.0,9.0,9.0,6.071195,5.343639,5.6600676,5.406967,5.6953673
P5_V16_Phase9,9.0,9.0,9.0,9.0,9.0,6.0680866,5.342189,5.6574006,5.4036255,5.6930075
P5_V17_Phase1,9.0,8.0,9.0,8.0,9.0,6.0650587,5.340948,5.6532493,5.401472,5.6920805
P5_V17_Phase10,7.0,7.0,6.0,6.0,7.0,6.071097,5.343884,5.6607614,5.4079447,5.6965017
P5_V17_Phase11,9.0,9.0,9.0,9.0,9.0,6.069931,5.343079,5.6584697,5.4055986,5.6952324
P5_V17_Phase12,9.0,9.0,9.0,9.0,9.0,6.0689945,5.3438706,5.6569834,5.4041395,5.6953626
P5_V17_Phase13,7.0,6.0,7.0,6.0,7.0,6.072465,5.3441596,5.662276,5.4087996,5.695801
P5_V17_Phase14,7.0,7.0,6.0,6.0,7.0,6.07082,5.3440576,5.659533,5.406682,5.695307
P5_V17_Phase15,9.0,8.0,8.0,9.0,8.0,6.0717797,5.3433805,5.6617346,5.4088006,5.695698
P5_V17_Phase16,7.0,6.0,7.0,6.0,7.0,6.0675163,5.341381,5.656134,5.4043264,5.69327
P5_V17_Phase17,9.0,9.0,9.0,9.0,9.0,6.067419,5.3406787,5.6565433,5.404093,5.692071
P5_V17_Phase18,5.0,5.0,4.0,4.0,5.0,6.065243,5.338595,5.6552167,5.4018645,5.689414
P5_V17_Phase2,9.0,9.0,9.0,9.0,9.0,6.0709543,5.3437343,5.660522,5.407686,5.6963234
P5_V17_Phase3,9.0,9.0,9.0,9.0,9.0,6.0646873,5.3364797,5.6550727,5.402151,5.6873603
P5_V17_Phase4,9.0,9.0,9.0,9.0,9.0,6.064442,5.3411775,5.6516147,5.399664,5.6912975
P5_V17_Phase5,7.0,6.0,7.0,6.0,6.0,6.0651054,5.3395267,5.65256,5.4009633,5.6909676
P5_V17_Phase6,5.0,5.0,4.0,5.0,4.0,6.071702,5.3449454,5.660545,5.406805,5.6976614
P5_V17_Phase7,9.0,9.0,9.0,9.0,9.0,6.065336,5.340862,5.65376,5.3995857,5.692071
P5_V17_Phase8,7.0,7.0,6.0,6.0,7.0,6.0691214,5.3412995,5.65902,5.406356,5.6927834
P5_V17_Phase9,9.0,9.0,9.0,9.0,9.0,6.066387,5.340902,5.6544504,5.4019747,5.6925592
P5_V18_Phase1,9.0,8.0,9.0,8.0,9.0,6.0677314,5.3409247,5.6555276,5.403876,5.6922483
P5_V18_Phase10,2.0,1.0,1.0,2.0,1.0,6.0692797,5.345033,5.656883,5.4039917,5.695895
P5_V18_Phase11,2.0,2.0,1.0,1.0,1.0,6.0651865,5.3404527,5.6533837,5.400981,5.690837
P5_V18_Phase12,2.0,1.0,0.0,1.0,1.0,6.069357,5.3418493,5.6585546,5.4059987,5.6939096
P5_V18_Phase13,5.0,5.0,4.0,5.0,4.0,6.0699883,5.346065,5.657128,5.405474,5.696333
P5_V18_Phase14,5.0,5.0,4.0,4.0,5.0,6.068433,5.341558,5.658935,5.404401,5.692632
P5_V18_Phase15,7.0,6.0,6.0,7.0,6.0,6.0687065,5.34183,5.6568456,5.405641,5.6933765
P5_V18_Phase16,9.0,8.0,8.0,9.0,8.0,6.0667214,5.3401885,5.6564636,5.40396,5.6910367
P5_V18_Phase17,5.0,5.0,4.0,4.0,5.0,6.069695,5.3436747,5.6577773,5.4046636,5.6955943
P5_V18_Phase18,9.0,9.0,9.0,9.0,9.0,6.067322,5.343241,5.654201,5.402088,5.6930437
P5_V18_Phase19,7.0,6.0,6.0,7.0,6.0,6.0705423,5.344718,5.658853,5.4070654,5.6962214
P5_V18_Phase2,7.0,7.0,6.0,6.0,7.0,6.0688,5.3401546,5.661589,5.4061847,5.6907043
P5_V18_Phase20,9.0,8.0,9.0,8.0,8.0,6.069023,5.34113,5.659492,5.406624,5.6929455
P5_V18_Phase21,9.0,9.0,8.0,8.0,9.0,6.0644937,5.3407183,5.652436,5.399522,5.691182
P5_V18_Phase22,9.0,8.0,8.0,9.0,8.0,6.068843,5.344814,5.6570125,5.403384,5.695507
P5_V18_Phase23,9.0,9.0,9.0,8.0,8.0,6.071194,5.3466954,5.6588993,5.404402,5.6967473
P5_V18_Phase24,5.0,4.0,4.0,5.0,4.0,6.0730405,5.346558,5.6624727,5.4093866,5.698064
P5_V18_Phase25,2.0,1.0,2.0,1.0,2.0,6.069118,5.3432937,5.6563478,5.406124,5.694872
P5_V18_Phase26,7.0,6.0,6.0,5.0,6.0,6.069913,5.3454523,5.6577973,5.403941,5.6958265
P5_V18_Phase27,7.0,7.0,6.0,6.0,7.0,6.0673494,5.340615,5.6563807,5.404166,5.693144
P5_V18_Phase28,9.0,9.0,9.0,9.0,9.0,6.06586,5.3394885,5.65406,5.4024525,5.690752
P5_V18_Phase29,7.0,7.0,6.0,7.0,6.0,6.0667877,5.341576,5.655129,5.4026327,5.69307
P5_V18_Phase3,7.0,6.0,6.0,6.0,7.0,6.070398,5.3416295,5.6623597,5.407627,5.6935606
P5_V18_Phase30,9.0,8.0,9.0,8.0,9.0,6.0694027,5.3394103,5.662916,5.408267,5.6900215
P5_V18_Phase31,5.0,4.0,5.0,4.0,4.0,6.065345,5.3393445,5.6550136,5.4017596,5.69003
P5_V18_Phase32,7.0,6.0,6.0,5.0,6.0,6.0741606,5.348592,5.663878,5.408801,5.700349
P5_V18_Phase33,5.0,4.0,5.0,4.0,4.0,6.0656424,5.343386,5.6532054,5.400776,5.6932526
P5_V18_Phase34,9.0,8.0,8.0,9.0,8.0,6.0690374,5.343584,5.6576257,5.4050827,5.694599
P5_V18_Phase35,7.0,6.0,7.0,7.0,7.0,6.070408,5.345814,5.658716,5.4057474,5.6968784
P5_V18_Phase36,9.0,8.0,8.0,8.0,9.0,6.0711412,5.3446627,5.658652,5.4064217,5.697053
P5_V18_Phase37,2.0,2.0,1.0,1.0,2.0,6.0634375,5.338822,5.6513815,5.3994923,5.689131
P5_V18_Phase38,7.0,6.0,6.0,7.0,7.0,6.0663567,5.3426304,5.6532826,5.4025354,5.69335
P5_V18_Phase4,9.0,8.0,8.0,9.0,8.0,6.0666265,5.340934,5.6540065,5.402296,5.6923885
P5_V18_Phase5,5.0,5.0,4.0,5.0,4.0,6.06734,5.3389254,5.6586647,5.403949,5.6901407
P5_V18_Phase6,9.0,8.0,8.0,9.0,8.0,6.0692635,5.343166,5.657393,5.4052415,5.6953077
P5_V18_Phase7,9.0,8.0,8.0,9.0,8.0,6.066882,5.338,5.659271,5.403965,5.689961
P5_V18_Phase8,7.0,6.0,6.0,7.0,6.0,6.064823,5.335443,5.6597514,5.40438,5.687139
P5_V18_Phase9,9.0,9.0,9.0,9.0,9.0,6.0705113,5.341341,5.660773,5.4075027,5.6929655
P5_V19_Phase1,7.0,6.0,7.0,6.0,7.0,6.0703206,5.340799,5.663983,5.4075465,5.691872
P5_V19_Phase10,7.0,7.0,6.0,6.0,7.0,6.0686936,5.340766,5.659743,5.406759,5.6909995
P5_V19_Phase11,7.0,6.0,6.0,7.0,6.0,6.069522,5.3407807,5.660129,5.4066277,5.6932144
P5_V19_Phase12,5.0,5.0,4.0,5.0,4.0,6.067168,5.3407054,5.656385,5.403218,5.6929455
P5_V19_Phase13,7.0,6.0,6.0,7.0,6.0,6.070669,5.3427386,5.6615257,5.407763,5.695159
P5_V19_Phase14,9.0,9.0,9.0,8.0,8.0,6.0677767,5.342433,5.6552997,5.40343,5.693735
P5_V19_Phase15,7.0,7.0,6.0,6.0,7.0,6.0716267,5.3429055,5.6614513,5.409578,5.6948686
P5_V19_Phase16,9.0,8.0,9.0,8.0,9.0,6.0701466,5.3435864,5.6610217,5.406723,5.693963
P5_V19_Phase17,9.0,9.0,9.0,9.0,9.0,6.068858,5.343744,5.6565337,5.40448,5.694759
P5_V19_Phase18,9.0,8.0,9.0,8.0,9.0,6.070193,5.3426414,5.660461,5.4067364,5.694803
P5_V19_Phase19,7.0,6.0,7.0,5.0,6.0,6.0643096,5.33927,5.6533313,5.4009237,5.6898155
P5_V19_Phase2,9.0,9.0,9.0,9.0,9.0,6.0704,5.341906,5.66048,5.407941,5.6939545
P5_V19_Phase20,9.0,8.0,9.0,8.0,8.0,6.0670967,5.342864,5.6546087,5.4023747,5.6934395
P5_V19_Phase21,7.0,7.0,6.0,6.0,7.0,6.0653257,5.3393564,5.6538367,5.401465,5.6908245
P5_V19_Phase22,9.0,9.0,9.0,9.0,9.0,6.0666523,5.3394256,5.656215,5.403283,5.6921873
P5_V19_Phase23,5.0,5.0,4.0,5.0,4.0,6.063347,5.339749,5.6503024,5.399686,5.690491
P5_V19_Phase24,5.0,5.0,4.0,5.0,4.0,6.065241,5.3387237,5.6548877,5.4008155,5.691081
P5_V19_Phase25,9.0,9.0,9.0,9.0,9.0,6.070711,5.3450704,5.660129,5.406024,5.695436
P5_V19_Phase26,9.0,8.0,8.0,9.0,8.0,6.0720797,5.3449707,5.6616874,5.4077644,5.696968
P5_V19_Phase27,9.0,9.0,9.0,8.0,8.0,6.0659885,5.340963,5.6537642,5.402607,5.6922293
P5_V19_Phase28,9.0,9.0,9.0,8.0,8.0,6.0654907,5.3383465,5.654304,5.4017334,5.6911974
P5_V19_Phase29,9.0,8.0,8.0,8.0,9.0,6.0664845,5.340035,5.655415,5.401862,5.692318
P5_V19_Phase3,9.0,9.0,8.0,8.0,9.0,6.068494,5.3428555,5.6567893,5.4047027,5.693468
P5_V19_Phase30,7.0,7.0,6.0,6.0,7.0,6.067774,5.342077,5.656112,5.4022036,5.6931148
P5_V19_Phase31,9.0,8.0,9.0,8.0,9.0,6.0681567,5.343194,5.6582494,5.4031544,5.693404
P5_V19_Phase32,9.0,9.0,9.0,9.0,9.0,6.0688972,5.340117,5.6588426,5.4048204,5.6917095
P5_V19_Phase33,7.0,6.0,7.0,6.0,7.0,6.070119,5.341088,5.6616883,5.407315,5.6922646
P5_V19_Phase34,5.0,4.0,4.0,5.0,4.0,6.068178,5.3401084,5.6584344,5.404485,5.6930866
P5_V19_Phase35,5.0,4.0,5.0,4.0,4.0,6.066209,5.3392186,5.6574836,5.4030957,5.689932
P5_V19_Phase36,9.0,8.0,9.0,8.0,9.0,6.071409,5.340862,5.661616,5.4081707,5.6930575
P5_V19_Phase37,9.0,9.0,9.0,9.0,9.0,6.069494,5.339953,5.660236,5.406803,5.6923714
P5_V19_Phase38,5.0,5.0,4.0,4.0,5.0,6.069015,5.343583,5.6605806,5.4045086,5.69209
P5_V19_Phase39,5.0,5.0,4.0,4.0,3.0,6.0677695,5.340645,5.656156,5.403823,5.692713
P5_V19_Phase4,9.0,9.0,9.0,9.0,9.0,6.07044,5.3429923,5.6604857,5.406296,5.6951027
P5_V19_Phase40,5.0,5.0,5.0,4.0,5.0,6.071006,5.344399,5.6595244,5.406262,5.694829
P5_V19_Phase41,7.0,6.0,7.0,6.0,7.0,6.0682716,5.3427267,5.6592813,5.40516,5.692648
P5_V19_Phase42,9.0,9.0,9.0,9.0,8.0,6.068241,5.3423924,5.656006,5.4054317,5.694602
P5_V19_Phase5,9.0,9.0,9.0,9.0,9.0,6.0703516,5.342337,5.6603956,5.4078646,5.6943445
P5_V19_Phase6,9.0,9.0,9.0,9.0,9.0,6.0707836,5.3404574,5.662166,5.4084244,5.692163
P5_V19_Phase7,7.0,7.0,6.0,7.0,6.0,6.066722,5.341535,5.6554,5.4031506,5.69291
P5_V19_Phase8,7.0,7.0,6.0,6.0,7.0,6.0651445,5.3399982,5.6536365,5.401861,5.69097
P5_V19_Phase9,9.0,8.0,8.0,9.0,8.0,6.069866,5.3426433,5.6586127,5.404747,5.694005
P5_V1_Phase1,4.0,3.0,3.0,4.0,4.0,6.0694294,5.3438063,5.65692,5.4043245,5.6958146
P5_V1_Phase10,7.0,7.0,6.0,7.0,6.0,6.071213,5.3434944,5.660381,5.407277,5.696081
P5_V1_Phase11,5.0,4.0,5.0,4.0,4.0,6.0633507,5.3388925,5.651622,5.3992968,5.689975
P5_V1_Phase12,2.0,1.0,2.0,1.0,1.0,6.065033,5.33899,5.6536427,5.400491,5.691098
P5_V1_Phase13,7.0,6.0,6.0,7.0,6.0,6.070151,5.3406057,5.6610327,5.4077196,5.6926556
P5_V1_Phase14,5.0,4.0,5.0,4.0,5.0,6.065362,5.34148,5.6531253,5.4017134,5.6917143
P5_V1_Phase15,2.0,1.0,0.0,1.0,2.0,6.067927,5.3422627,5.656727,5.402752,5.694379
P5_V1_Phase16,5.0,4.0,4.0,3.0,4.0,6.068715,5.3431525,5.657332,5.4030447,5.69459
P5_V1_Phase17,5.0,4.0,3.0,4.0,5.0,6.0686216,5.3428617,5.6565385,5.4033985,5.69446
P5_V1_Phase18,5.0,5.0,4.0,5.0,4.0,6.0684233,5.343045,5.657142,5.404189,5.6950073
P5_V1_Phase19,7.0,6.0,7.0,6.0,7.0,6.068248,5.3429093,5.6562114,5.4029026,5.6940436
P5_V1_Phase2,5.0,4.0,4.0,5.0,4.0,6.067735,5.341803,5.6560864,5.4028506,5.6934376
P5_V1_Phase20,4.0,3.0,3.0,4.0,4.0,6.0642705,5.337103,5.653286,5.4014263,5.688229
P5_V1_Phase21,4.0,3.0,3.0,4.0,3.0,6.066759,5.3397326,5.6542897,5.4031982,5.691653
P5_V1_Phase22,5.0,5.0,4.0,5.0,4.0,6.0679674,5.3414636,5.6595826,5.4050355,5.6914997
P5_V1_Phase23,2.0,2.0,1.0,1.0,2.0,6.0658445,5.341253,5.6535363,5.401629,5.6922336
P5_V1_Phase24,5.0,4.0,4.0,5.0,4.0,6.0681267,5.341826,5.657475,5.4027705,5.6931863
P5_V1_Phase25,9.0,8.0,8.0,9.0,8.0,6.069285,5.342011,5.658677,5.4059367,5.6941032
P5_V1_Phase26,5.0,4.0,4.0,5.0,5.0,6.0740275,5.344383,5.6654143,5.410859,5.6971316
P5_V1_Phase27,5.0,5.0,4.0,4.0,5.0,6.067224,5.341514,5.656017,5.4018383,5.6933894
P5_V1_Phase28,7.0,7.0,6.0,6.0,7.0,6.067732,5.3432736,5.6549144,5.401593,5.6938086
P5_V1_Phase29,5.0,4.0,5.0,4.0,5.0,6.0670867,5.3420696,5.654667,5.4022894,5.693257
P5_V1_Phase3,5.0,4.0,5.0,4.0,5.0,6.066802,5.3414493,5.6530485,5.403761,5.692879
P5_V1_Phase30,2.0,1.0,2.0,1.0,2.0,6.0710764,5.344415,5.6592116,5.406579,5.6966085
P5_V1_Phase31,7.0,6.0,6.0,7.0,6.0,6.069811,5.3429837,5.659062,5.406081,5.694747
P5_V1_Phase32,7.0,6.0,6.0,7.0,6.0,6.06495,5.3399506,5.6532555,5.400935,5.691209
P5_V1_Phase33,7.0,6.0,7.0,6.0,7.0,6.067647,5.3406377,5.6579576,5.404557,5.691989
P5_V1_Phase34,5.0,4.0,4.0,5.0,4.0,6.072462,5.3444414,5.6621785,5.408673,5.696752
P5_V1_Phase35,7.0,7.0,7.0,6.0,6.0,6.070951,5.3418655,5.6614585,5.408189,5.694005
P5_V1_Phase36,9.0,8.0,8.0,9.0,8.0,6.0657063,5.340387,5.65285,5.4023294,5.6914473
P5_V1_Phase37,5.0,5.0,5.0,4.0,4.0,6.070134,5.3437,5.6589966,5.4062037,5.6949654
P5_V1_Phase38,5.0,5.0,4.0,4.0,5.0,6.0671988,5.3394594,5.655934,5.406436,5.6903644
P5_V1_Phase39,5.0,4.0,5.0,4.0,5.0,6.070332,5.342807,5.6592927,5.4068565,5.695153
P5_V1_Phase4,5.0,5.0,4.0,4.0,5.0,6.0677557,5.3425326,5.655413,5.4030457,5.6938467
P5_V1_Phase40,5.0,4.0,5.0,4.0,5.0,6.0714073,5.3443475,5.660822,5.4070916,5.6962357
P5_V1_Phase41,5.0,5.0,4.0,4.0,5.0,6.070174,5.341952,5.661392,5.4055343,5.6929426
P5_V1_Phase42,5.0,4.0,5.0,3.0,3.0,6.0678825,5.341546,5.6565943,5.404044,5.6940393
P5_V1_Phase43,9.0,8.0,9.0,8.0,8.0,6.0623765,5.338239,5.6491666,5.3986526,5.6889005
P5_V1_Phase44,9.0,9.0,9.0,8.0,8.0,6.0643725,5.338923,5.6526012,5.399946,5.6904964
P5_V1_Phase45,7.0,6.0,7.0,6.0,7.0,6.066637,5.341214,5.655619,5.401798,5.6929226
P5_V1_Phase46,9.0,9.0,9.0,8.0,8.0,6.0648746,5.3396573,5.6527762,5.4004364,5.6911755
P5_V1_Phase5,2.0,1.0,2.0,1.0,2.0,6.067726,5.3423486,5.6549954,5.4038916,5.6932936
P5_V1_Phase6,9.0,8.0,8.0,9.0,8.0,6.0676837,5.3436155,5.65499,5.403245,5.693822
P5_V1_Phase7,2.0,1.0,1.0,2.0,1.0,6.0646114,5.3399167,5.6521354,5.3998766,5.6908054
P5_V1_Phase8,7.0,7.0,6.0,6.0,7.0,6.067542,5.3413405,5.655956,5.403879,5.6936064
P5_V1_Phase9,5.0,5.0,4.0,5.0,5.0,6.0718765,5.344028,5.6616373,5.407611,5.6965675
P5_V20_Phase1,7.0,6.0,6.0,7.0,6.0,6.0658517,5.3374524,5.658042,5.4049854,5.68884
P5_V20_Phase10,7.0,6.0,6.0,7.0,6.0,6.0704813,5.341162,5.661073,5.408062,5.692999
P5_V20_Phase11,9.0,8.0,8.0,9.0,8.0,6.067896,5.3403497,5.6570144,5.404364,5.692499
P5_V20_Phase12,5.0,5.0,4.0,5.0,4.0,6.067378,5.341208,5.656384,5.4030128,5.693014
P5_V20_Phase13,7.0,7.0,7.0,6.0,6.0,6.065406,5.339435,5.6554284,5.4024305,5.6897955
P5_V20_Phase14,7.0,7.0,6.0,6.0,7.0,6.0669155,5.3435674,5.654588,5.4014664,5.6934304
P5_V20_Phase15,5.0,4.0,5.0,4.0,5.0,6.0672255,5.343231,5.656104,5.4019375,5.692931
P5_V20_Phase16,2.0,1.0,0.0,1.0,1.0,6.063074,5.3386636,5.6503177,5.3977013,5.689291
P5_V20_Phase17,9.0,8.0,9.0,8.0,9.0,6.0668817,5.3404536,5.6571145,5.4048643,5.689786
P5_V20_Phase18,9.0,8.0,8.0,9.0,8.0,6.0704737,5.3454604,5.658237,5.405218,5.6969357
P5_V20_Phase19,2.0,1.0,0.0,1.0,1.0,6.0668526,5.3421426,5.6547394,5.4028025,5.6931477
P5_V20_Phase2,7.0,6.0,7.0,6.0,7.0,6.0655727,5.3405623,5.653275,5.400812,5.6917467
P5_V20_Phase20,9.0,8.0,8.0,9.0,8.0,6.069098,5.3430896,5.658095,5.404192,5.6938524
P5_V20_Phase21,7.0,6.0,6.0,7.0,6.0,6.071398,5.345951,5.6597104,5.4072866,5.6974974
P5_V20_Phase22,4.0,3.0,4.0,3.0,3.0,6.058177,5.3325973,5.647373,5.394745,5.683051
P5_V20_Phase23,7.0,6.0,7.0,6.0,7.0,6.058854,5.3343387,5.649817,5.396831,5.684296
P5_V20_Phase24,5.0,4.0,4.0,3.0,4.0,6.0623417,5.339867,5.649297,5.3988123,5.6894975
P5_V20_Phase25,4.0,3.0,3.0,4.0,4.0,6.0708556,5.3448257,5.6589375,5.40643,5.6964264
P5_V20_Phase26,7.0,7.0,6.0,6.0,7.0,6.067544,5.3418646,5.656179,5.40268,5.693387
P5_V20_Phase27,4.0,3.0,3.0,4.0,4.0,6.0656104,5.341555,5.653074,5.402172,5.6915884
P5_V20_Phase28,2.0,1.0,2.0,1.0,2.0,6.0706954,5.34526,5.659043,5.40543,5.696659
P5_V20_Phase29,7.0,6.0,5.0,6.0,7.0,6.0707645,5.3447633,5.6584973,5.40438,5.696601
P5_V20_Phase3,9.0,9.0,9.0,9.0,9.0,6.0675077,5.34065,5.656062,5.4030104,5.6910396
P5_V20_Phase4,4.0,3.0,3.0,4.0,4.0,6.065033,5.3408837,5.652572,5.4002476,5.6917105
P5_V20_Phase5,5.0,4.0,4.0,5.0,5.0,6.0676665,5.3418727,5.656169,5.4038057,5.6931405
P5_V20_Phase6,9.0,8.0,9.0,8.0,9.0,6.0666695,5.338156,5.657904,5.4047976,5.689843
P5_V20_Phase7,9.0,9.0,8.0,9.0,8.0,6.0694695,5.339125,5.660168,5.407743,5.692083
P5_V20_Phase8,7.0,6.0,6.0,7.0,6.0,6.057623,5.3331623,5.6482015,5.397557,5.681123
P5_V20_Phase9,9.0,9.0,9.0,9.0,9.0,6.0716114,5.343894,5.6611304,5.4076004,5.6955557
P5_V21_Phase1,5.0,4.0,5.0,4.0,5.0,6.068142,5.338783,5.6585164,5.4048223,5.68995
P5_V21_Phase10,5.0,4.0,4.0,5.0,4.0,6.064946,5.3397503,5.6522446,5.4000864,5.6911745
P5_V21_Phase11,4.0,3.0,3.0,4.0,4.0,6.0681705,5.3420024,5.656648,5.4044886,5.694002
P5_V21_Phase12,5.0,4.0,5.0,4.0,5.0,6.0691032,5.343035,5.656973,5.404727,5.694895
P5_V21_Phase13,5.0,4.0,4.0,5.0,4.0,6.0669065,5.3428397,5.6545596,5.402072,5.6939373
P5_V21_Phase14,9.0,8.0,9.0,8.0,9.0,6.0652494,5.3402348,5.652653,5.3983173,5.6910753
P5_V21_Phase15,4.0,3.0,3.0,4.0,3.0,6.0681973,5.343236,5.6563687,5.4034424,5.6944504
P5_V21_Phase16,5.0,4.0,5.0,5.0,6.0,6.068688,5.343269,5.655785,5.4025702,5.694495
P5_V21_Phase17,5.0,5.0,5.0,4.0,5.0,6.067501,5.3416886,5.6574197,5.403632,5.693884
P5_V21_Phase18,7.0,7.0,6.0,6.0,7.0,6.0698986,5.34238,5.658846,5.405015,5.694521
P5_V21_Phase19,7.0,6.0,6.0,7.0,6.0,6.0644636,5.3402667,5.6521015,5.4000835,5.690564
P5_V21_Phase2,9.0,9.0,9.0,9.0,9.0,6.0700235,5.3430333,5.658986,5.4057546,5.6951914
P5_V21_Phase20,5.0,4.0,5.0,4.0,4.0,6.065009,5.342318,5.6521783,5.400584,5.69234
P5_V21_Phase21,9.0,8.0,9.0,8.0,8.0,6.0613284,5.3383346,5.64838,5.396846,5.6881456
P5_V21_Phase22,9.0,9.0,9.0,8.0,8.0,6.0637655,5.339434,5.65307,5.39837,5.6905775
P5_V21_Phase23,2.0,2.0,1.0,2.0,2.0,6.0676737,5.3419547,5.657307,5.4026804,5.692974
P5_V21_Phase24,5.0,4.0,4.0,5.0,4.0,6.0664597,5.3405914,5.654897,5.4022856,5.6923685
P5_V21_Phase25,7.0,7.0,6.0,6.0,7.0,6.066572,5.3395834,5.656072,5.402361,5.690133
P5_V21_Phase26,7.0,7.0,6.0,6.0,7.0,6.0659714,5.3395786,5.6545677,5.4015913,5.6910696
P5_V21_Phase27,7.0,6.0,7.0,6.0,6.0,6.0679393,5.3439384,5.655297,5.404204,5.69501
P5_V21_Phase28,4.0,5.0,4.0,3.0,4.0,6.0731587,5.345032,5.6623206,5.408515,5.698516
P5_V21_Phase29,5.0,4.0,5.0,4.0,5.0,6.061946,5.337889,5.6496086,5.3981323,5.68853
P5_V21_Phase3,9.0,8.0,8.0,9.0,8.0,6.071484,5.344475,5.661091,5.4067526,5.696554
P5_V21_Phase30,5.0,4.0,5.0,4.0,5.0,6.0627174,5.338902,5.6497016,5.3983364,5.6896043
P5_V21_Phase31,9.0,8.0,9.0,8.0,9.0,6.06845,5.342261,5.656918,5.404557,5.6940665
P5_V21_Phase32,7.0,6.0,7.0,5.0,6.0,6.0672936,5.342443,5.6560235,5.4031377,5.6937675
P5_V21_Phase33,9.0,8.0,9.0,8.0,9.0,6.061161,5.33725,5.6491246,5.397064,5.6880035
P5_V21_Phase34,7.0,6.0,6.0,7.0,6.0,6.065198,5.3404307,5.651846,5.4010506,5.691104
P5_V21_Phase35,5.0,5.0,4.0,5.0,5.0,6.0701303,5.344273,5.659455,5.404191,5.69508
P5_V21_Phase36,7.0,6.0,6.0,7.0,6.0,6.0674796,5.3420167,5.6574454,5.4029098,5.693434
P5_V21_Phase37,5.0,4.0,5.0,4.0,5.0,6.0681343,5.343788,5.6560807,5.4026275,5.694837
P5_V21_Phase38,4.0,3.0,3.0,4.0,5.0,6.0708075,5.3443136,5.6594243,5.4057198,5.6956773
P5_V21_Phase39,2.0,1.0,1.0,2.0,1.0,6.066662,5.342833,5.653445,5.402891,5.692788
P5_V21_Phase4,5.0,4.0,3.0,4.0,4.0,6.0688477,5.3441744,5.6561913,5.404324,5.695589
P5_V21_Phase40,7.0,6.0,6.0,7.0,6.0,6.0695524,5.343296,5.657113,5.40517,5.6951513
P5_V21_Phase41,7.0,6.0,6.0,7.0,6.0,6.0688205,5.342854,5.657696,5.4052143,5.6942415
P5_V21_Phase42,5.0,5.0,4.0,4.0,5.0,6.07041,5.3431115,5.6601357,5.4073443,5.6953516
P5_V21_Phase43,7.0,6.0,6.0,7.0,7.0,6.071643,5.3446007,5.6610956,5.405215,5.695775
P5_V21_Phase44,9.0,9.0,8.0,8.0,9.0,6.067488,5.3414793,5.6552653,5.404237,5.6930246
P5_V21_Phase45,9.0,9.0,8.0,8.0,9.0,6.067061,5.340424,5.6555114,5.40191,5.691019
P5_V21_Phase46,9.0,8.0,9.0,8.0,9.0,6.0658746,5.340668,5.653976,5.4026556,5.6921167
P5_V21_Phase5,7.0,6.0,6.0,7.0,6.0,6.070525,5.3430533,5.65987,5.406991,5.6953
P5_V21_Phase6,4.0,3.0,3.0,4.0,3.0,6.070465,5.343703,5.659433,5.4054894,5.695524
P5_V21_Phase7,9.0,8.0,8.0,9.0,8.0,6.0672836,5.3414893,5.6547394,5.4040985,5.6927156
P5_V21_Phase8,9.0,8.0,8.0,9.0,8.0,6.0658426,5.340051,5.655364,5.403025,5.6913605
P5_V21_Phase9,7.0,6.0,6.0,7.0,6.0,6.0649757,5.3412776,5.6539664,5.4010735,5.692028
P5_V22_Phase1,2.0,2.0,1.0,2.0,2.0,6.0676003,5.342219,5.6558614,5.4031014,5.6937146
P5_V22_Phase10,2.0,1.0,1.0,2.0,1.0,6.0726194,5.345799,5.6600366,5.4070997,5.698079
P5_V22_Phase11,2.0,1.0,2.0,1.0,2.0,6.0677595,5.342096,5.656181,5.4023237,5.6938205
P5_V22_Phase12,2.0,1.0,2.0,1.0,1.0,6.0743923,5.3473563,5.664354,5.4093523,5.6990805
P5_V22_Phase13,2.0,1.0,1.0,2.0,2.0,6.0641313,5.336575,5.655161,5.4023447,5.688163
P5_V22_Phase14,7.0,6.0,7.0,6.0,7.0,6.070405,5.340036,5.662405,5.4075146,5.691287
P5_V22_Phase15,5.0,4.0,4.0,5.0,4.0,6.0671167,5.341273,5.6555448,5.4018507,5.6930046
P5_V22_Phase16,5.0,4.0,5.0,4.0,5.0,6.0648875,5.3405175,5.6525106,5.4007754,5.691126
P5_V22_Phase17,5.0,5.0,4.0,5.0,4.0,6.0657372,5.339512,5.6553426,5.401495,5.6919518
P5_V22_Phase18,5.0,4.0,3.0,4.0,5.0,6.067686,5.3432755,5.6549773,5.4023395,5.6941524
P5_V22_Phase19,5.0,4.0,4.0,5.0,4.0,6.068672,5.3424506,5.6570783,5.4051456,5.6937914
P5_V22_Phase2,5.0,4.0,5.0,4.0,5.0,6.065984,5.3399224,5.6542597,5.4012976,5.6914706
P5_V22_Phase20,5.0,5.0,4.0,5.0,4.0,6.068636,5.3423743,5.65768,5.4040165,5.6942015
P5_V22_Phase21,7.0,6.0,6.0,7.0,6.0,6.070917,5.3438497,5.660867,5.4070425,5.6964903
P5_V22_Phase22,9.0,8.0,9.0,8.0,8.0,6.0680385,5.342674,5.6548557,5.403919,5.693841
P5_V22_Phase23,2.0,1.0,2.0,1.0,2.0,6.0704618,5.3438683,5.6591754,5.407175,5.695876
P5_V22_Phase24,4.0,3.0,3.0,4.0,3.0,6.066603,5.339952,5.6552234,5.40223,5.691037
P5_V22_Phase25,4.0,4.0,3.0,1.0,2.0,6.072249,5.3435755,5.6627245,5.408615,5.696334
P5_V22_Phase3,9.0,8.0,8.0,9.0,8.0,6.0683737,5.342152,5.656732,5.4038434,5.694209
P5_V22_Phase4,5.0,5.0,4.0,4.0,5.0,6.071548,5.344161,5.660265,5.4077606,5.6964254
P5_V22_Phase5,5.0,5.0,4.0,4.0,5.0,6.06826,5.3425217,5.656899,5.404682,5.6939735
P5_V22_Phase6,7.0,6.0,6.0,7.0,6.0,6.069481,5.337681,5.659289,5.408313,5.690037
P5_V22_Phase7,5.0,4.0,3.0,4.0,5.0,6.06765,5.342267,5.655547,5.40232,5.6939936
P5_V22_Phase8,7.0,7.0,7.0,6.0,6.0,6.06711,5.3431473,5.6549397,5.402769,5.69421
P5_V22_Phase9,7.0,6.0,7.0,6.0,7.0,6.0640264,5.3399177,5.6514325,5.399131,5.690961
P5_V23_Phase1,7.0,6.0,6.0,7.0,6.0,6.065173,5.339696,5.652982,5.4009075,5.6915283
P5_V23_Phase10,5.0,4.0,3.0,4.0,5.0,6.068079,5.3432345,5.655785,5.4035196,5.694701
P5_V23_Phase11,5.0,4.0,4.0,5.0,5.0,6.069782,5.345426,5.656415,5.403794,5.6957207
P5_V23_Phase12,5.0,4.0,4.0,4.0,5.0,6.0683684,5.3432517,5.656078,5.403447,5.694894
P5_V23_Phase13,5.0,4.0,4.0,5.0,5.0,6.067235,5.3399396,5.657435,5.4033556,5.6906357
P5_V23_Phase14,5.0,5.0,5.0,4.0,5.0,6.0698566,5.343019,5.6591773,5.4058313,5.6954365
P5_V23_Phase15,5.0,5.0,4.0,5.0,4.0,6.0623612,5.3375096,5.650249,5.3985405,5.6884975
P5_V23_Phase16,7.0,7.0,7.0,6.0,6.0,6.066041,5.341475,5.653635,5.401757,5.692683
P5_V23_Phase17,7.0,6.0,6.0,7.0,6.0,6.063,5.337358,5.6506596,5.3986926,5.6879587
P5_V23_Phase18,2.0,1.0,2.0,1.0,1.0,6.0644274,5.3398767,5.652362,5.3993664,5.691266
P5_V23_Phase19,7.0,6.0,7.0,6.0,7.0,6.0667057,5.3422236,5.6527085,5.4026756,5.6933284
P5_V23_Phase2,5.0,4.0,4.0,4.0,5.0,6.0678983,5.3426247,5.655482,5.403375,5.694214
P5_V23_Phase20,7.0,7.0,6.0,6.0,7.0,6.0650225,5.3411613,5.652233,5.40145,5.6917667
P5_V23_Phase21,7.0,6.0,6.0,7.0,6.0,6.066418,5.3418274,5.6538463,5.4025574,5.6925917
P5_V23_Phase22,2.0,2.0,1.0,2.0,2.0,6.0678515,5.343412,5.654926,5.4037075,5.6946077
P5_V23_Phase23,4.0,3.0,3.0,4.0,4.0,6.066498,5.341309,5.654302,5.402053,5.6926556
P5_V23_Phase24,7.0,6.0,7.0,5.0,6.0,6.0692067,5.342611,5.657898,5.405146,5.694175
P5_V23_Phase25,5.0,4.0,5.0,4.0,5.0,6.069058,5.3454475,5.657167,5.4035587,5.6956253
P5_V23_Phase3,2.0,2.0,2.0,1.0,2.0,6.0686173,5.343056,5.657126,5.4035892,5.6952047
P5_V23_Phase4,5.0,4.0,4.0,5.0,4.0,6.068779,5.343631,5.657296,5.404518,5.694977
P5_V23_Phase5,2.0,1.0,2.0,1.0,2.0,6.063363,5.3402,5.6502976,5.399322,5.690176
P5_V23_Phase6,5.0,4.0,4.0,5.0,4.0,6.0724735,5.3454056,5.6618767,5.4070387,5.6977406
P5_V23_Phase7,4.0,3.0,3.0,4.0,3.0,6.067317,5.3420663,5.6553435,5.4035025,5.6930165
P5_V23_Phase8,7.0,6.0,6.0,7.0,6.0,6.0688696,5.343475,5.657531,5.403926,5.6946516
P5_V23_Phase9,7.0,6.0,6.0,7.0,6.0,6.0611315,5.3372045,5.64908,5.397405,5.6876755
P5_V24_Phase11,4.0,5.0,4.0,3.0,4.0,6.0728974,5.345202,5.6624665,5.4085646,5.697871
P5_V24_Phase12,6.0,6.0,5.0,5.0,6.0,6.066141,5.3437505,5.6555147,5.40283,5.694263
P5_V24_Phase13,2.0,1.0,2.0,0.0,1.0,6.070606,5.3433137,5.6587977,5.405594,5.6960244
P5_V24_Phase14,9.0,8.0,8.0,9.0,8.0,6.066889,5.3385825,5.65992,5.404603,5.6888294
P5_V24_Phase15,2.0,1.0,1.0,2.0,2.0,6.060371,5.3370676,5.647631,5.396594,5.687376
P5_V24_Phase16,0.0,0.0,0.0,0.0,0.0,6.060988,5.337341,5.647485,5.396222,5.687478
P5_V24_Phase17,6.0,5.0,6.0,5.0,6.0,6.06503,5.341416,5.65295,5.400974,5.6914387
P5_V24_Phase18,9.0,8.0,8.0,9.0,8.0,6.0640745,5.3398185,5.654242,5.400496,5.6892385
P5_V24_Phase19,9.0,8.0,8.0,9.0,8.0,6.069797,5.343763,5.657913,5.4045944,5.695627
P5_V24_Phase2,9.0,8.0,9.0,8.0,9.0,6.0613747,5.3389044,5.6496887,5.3976116,5.6872845
P5_V24_Phase20,9.0,9.0,9.0,7.0,7.0,6.067495,5.342443,5.654378,5.4040303,5.6930547
P5_V24_Phase21,6.0,5.0,6.0,4.0,6.0,6.065719,5.3393264,5.6556544,5.4033346,5.689081
P5_V24_Phase3,6.0,5.0,6.0,5.0,6.0,6.070265,5.342338,5.660481,5.4082327,5.6936636
P5_V24_Phase4,6.0,5.0,5.0,6.0,5.0,6.0642624,5.3376226,5.6528506,5.4018064,5.6880713
P5_V24_Phase5,6.0,6.0,6.0,5.0,6.0,6.0681257,5.3438954,5.655096,5.402851,5.6949244
P5_V24_Phase6,9.0,9.0,9.0,7.0,7.0,6.0620966,5.3385215,5.649589,5.396229,5.688675
P5_V24_Phase7,2.0,1.0,1.0,2.0,1.0,6.0667977,5.341384,5.6547065,5.4027634,5.692734
P5_V24_Phase8,2.0,1.0,2.0,1.0,2.0,6.068287,5.3434644,5.657475,5.40396,5.6944704
P5_V24_Phase9,7.0,6.0,6.0,7.0,6.0,6.067829,5.342132,5.656547,5.403947,5.6935387
P5_V25_Phase1,7.0,6.0,6.0,7.0,6.0,6.067651,5.340814,5.6590066,5.4037514,5.6919417
P5_V25_Phase10,9.0,9.0,9.0,9.0,9.0,6.071288,5.3441424,5.661844,5.4071484,5.697121
P5_V25_Phase11,7.0,7.0,7.0,6.0,7.0,6.071251,5.3437896,5.660745,5.4079266,5.695805
P5_V25_Phase12,9.0,9.0,9.0,9.0,9.0,6.0679073,5.3418183,5.655457,5.4024415,5.6937494
P5_V25_Phase13,9.0,8.0,9.0,8.0,9.0,6.066414,5.3415275,5.6535087,5.4024134,5.6929092
P5_V25_Phase14,9.0,8.0,9.0,8.0,8.0,6.0706706,5.344153,5.6582365,5.405904,5.6968536
P5_V25_Phase15,7.0,6.0,7.0,6.0,7.0,6.067972,5.3421702,5.6559024,5.404398,5.693838
P5_V25_Phase16,7.0,7.0,7.0,6.0,6.0,6.0681334,5.342643,5.6570716,5.4046283,5.694206
P5_V25_Phase17,9.0,8.0,9.0,8.0,9.0,6.068715,5.3429046,5.657148,5.4043036,5.6941977
P5_V25_Phase18,9.0,9.0,9.0,8.0,9.0,6.064722,5.3393784,5.652953,5.4003243,5.6903553
P5_V25_Phase19,7.0,6.0,6.0,7.0,6.0,6.069724,5.3435044,5.658417,5.4049788,5.6951237
P5_V25_Phase2,9.0,9.0,9.0,9.0,9.0,6.070973,5.3430934,5.6622148,5.4073763,5.6939945
P5_V25_Phase20,9.0,8.0,8.0,9.0,8.0,6.0693808,5.343471,5.657766,5.405369,5.6950817
P5_V25_Phase21,7.0,6.0,6.0,6.0,7.0,6.066131,5.3404517,5.6540227,5.401256,5.691806
P5_V25_Phase22,7.0,6.0,6.0,7.0,6.0,6.065355,5.3397717,5.6536865,5.4008427,5.691399
P5_V25_Phase23,5.0,5.0,4.0,4.0,5.0,6.0665855,5.3423104,5.654224,5.40203,5.692785
P5_V25_Phase24,6.0,5.0,6.0,5.0,5.0,6.0687256,5.3428454,5.657274,5.4048166,5.694977
P5_V25_Phase25,7.0,6.0,6.0,7.0,6.0,6.073688,5.3453,5.6646285,5.409648,5.6971884
P5_V25_Phase26,6.0,5.0,5.0,6.0,5.0,6.069722,5.3434896,5.658793,5.405443,5.69528
P5_V25_Phase27,9.0,8.0,8.0,9.0,8.0,6.071833,5.3459487,5.661176,5.4074926,5.696146
P5_V25_Phase28,9.0,8.0,9.0,8.0,9.0,6.066604,5.342928,5.6537976,5.4021616,5.6933656
P5_V25_Phase29,9.0,9.0,8.0,8.0,9.0,6.068754,5.3426576,5.655534,5.4039063,5.6943293
P5_V25_Phase3,9.0,9.0,8.0,8.0,9.0,6.065474,5.3395467,5.6539373,5.4010077,5.6913233
P5_V25_Phase30,9.0,9.0,9.0,9.0,9.0,6.0679836,5.3419204,5.656198,5.4036474,5.693984
P5_V25_Phase31,9.0,8.0,9.0,8.0,9.0,6.066292,5.3415465,5.653678,5.4018583,5.692946
P5_V25_Phase32,7.0,6.0,7.0,6.0,6.0,6.0740867,5.3458924,5.664928,5.410256,5.698208
P5_V25_Phase33,9.0,8.0,8.0,9.0,8.0,6.0661936,5.341368,5.6544337,5.402398,5.692728
P5_V25_Phase34,9.0,9.0,9.0,8.0,8.0,6.070284,5.34243,5.6602597,5.406618,5.693933
P5_V25_Phase35,7.0,7.0,6.0,6.0,6.0,6.070285,5.3425593,5.660498,5.4072475,5.6943703
P5_V25_Phase36,7.0,6.0,7.0,6.0,7.0,6.0672307,5.34162,5.655092,5.403493,5.6934767
P5_V25_Phase37,9.0,9.0,8.0,9.0,8.0,6.0691266,5.3435473,5.657228,5.4046125,5.694945
P5_V25_Phase38,9.0,8.0,8.0,9.0,8.0,6.0655527,5.338725,5.657048,5.402954,5.68878
P5_V25_Phase39,6.0,5.0,5.0,6.0,5.0,6.068407,5.3423133,5.6581025,5.404231,5.69341
P5_V25_Phase4,9.0,9.0,9.0,9.0,9.0,6.0681667,5.343324,5.6552806,5.402732,5.694646
P5_V25_Phase40,9.0,9.0,9.0,8.0,9.0,6.066968,5.34165,5.6546073,5.4031267,5.692875
P5_V25_Phase41,7.0,6.0,6.0,6.0,7.0,6.067805,5.3412423,5.6574864,5.404666,5.6936364
P5_V25_Phase42,7.0,6.0,6.0,7.0,6.0,6.0668964,5.3410616,5.656112,5.4018564,5.692659
P5_V25_Phase43,7.0,7.0,6.0,6.0,7.0,6.067286,5.3406277,5.655864,5.4033823,5.692582
P5_V25_Phase44,9.0,9.0,9.0,8.0,8.0,6.0661826,5.3412848,5.655124,5.4020343,5.692157
P5_V25_Phase45,7.0,6.0,6.0,7.0,6.0,6.0684767,5.3418927,5.657985,5.404451,5.6942596
P5_V25_Phase46,6.0,5.0,6.0,5.0,5.0,6.0694036,5.341734,5.6608157,5.406641,5.6928463
P5_V25_Phase47,6.0,5.0,5.0,6.0,5.0,6.0673704,5.3423104,5.6555953,5.402853,5.692997
P5_V25_Phase48,6.0,5.0,5.0,6.0,5.0,6.0686464,5.3424373,5.6567664,5.4043646,5.6941643
P5_V25_Phase49,7.0,6.0,6.0,7.0,6.0,6.06384,5.3394947,5.651953,5.399741,5.690687
P5_V25_Phase5,9.0,9.0,9.0,9.0,9.0,6.0701046,5.343907,5.6588635,5.4059463,5.695249
P5_V25_Phase50,9.0,9.0,9.0,9.0,9.0,6.0710516,5.345017,5.660365,5.407345,5.6960526
P5_V25_Phase51,6.0,5.0,4.0,6.0,5.0,6.0743,5.346737,5.664719,5.409663,5.6988907
P5_V25_Phase52,9.0,8.0,8.0,9.0,8.0,6.06668,5.3427577,5.653972,5.4020424,5.6931486
P5_V25_Phase53,7.0,6.0,6.0,7.0,6.0,6.0628467,5.338784,5.6507373,5.398649,5.689111
P5_V25_Phase54,9.0,9.0,9.0,7.0,8.0,6.064498,5.3397145,5.652531,5.3995495,5.689701
P5_V25_Phase55,9.0,9.0,9.0,8.0,9.0,6.0690618,5.343786,5.656277,5.404388,5.69489
P5_V25_Phase56,7.0,6.0,7.0,6.0,7.0,6.067146,5.3439317,5.6543236,5.402856,5.694715
P5_V25_Phase57,9.0,9.0,9.0,9.0,9.0,6.0659842,5.34028,5.6558604,5.401331,5.691042
P5_V25_Phase58,6.0,5.0,6.0,5.0,6.0,6.074312,5.3463335,5.6639194,5.4103565,5.6985855
P5_V25_Phase59,9.0,9.0,9.0,9.0,9.0,6.0664234,5.3405905,5.6555767,5.4020567,5.692112
P5_V25_Phase6,9.0,9.0,9.0,9.0,9.0,6.0669403,5.340996,5.655159,5.403061,5.692053
P5_V25_Phase60,9.0,9.0,8.0,8.0,9.0,6.066847,5.3398356,5.658071,5.403503,5.6903744
P5_V25_Phase7,9.0,9.0,9.0,9.0,9.0,6.067751,5.340877,5.657204,5.404518,5.6921268
P5_V25_Phase8,6.0,5.0,5.0,5.0,6.0,6.064948,5.340368,5.651774,5.401022,5.691657
P5_V25_Phase9,7.0,7.0,7.0,6.0,6.0,6.075478,5.3481812,5.6632986,5.409935,5.7002373
P5_V26_Phase1,9.0,9.0,9.0,9.0,9.0,6.066782,5.3416553,5.6549783,5.4023647,5.693487
P5_V26_Phase10,5.0,4.0,4.0,5.0,4.0,6.067911,5.3426585,5.655868,5.403993,5.6941586
P5_V26_Phase11,9.0,9.0,9.0,9.0,9.0,6.0675416,5.3395505,5.656696,5.4038296,5.691416
P5_V26_Phase12,9.0,9.0,9.0,9.0,9.0,6.065337,5.338534,5.655745,5.401592,5.6893697
P5_V26_Phase13,9.0,8.0,8.0,8.0,9.0,6.064125,5.33814,5.653151,5.4009438,5.6883583
P5_V26_Phase14,9.0,8.0,8.0,9.0,8.0,6.0632277,5.339364,5.651856,5.39949,5.6898937
P5_V26_Phase15,6.0,5.0,5.0,5.0,6.0,6.0669847,5.3405237,5.6548758,5.402395,5.6924014
P5_V26_Phase16,7.0,6.0,6.0,7.0,6.0,6.0669813,5.340291,5.655236,5.403453,5.691498
P5_V26_Phase17,7.0,7.0,7.0,6.0,6.0,6.0685654,5.3415318,5.6578636,5.4054265,5.693745
P5_V26_Phase18,4.0,3.0,2.0,3.0,4.0,6.0708127,5.3442407,5.6590657,5.4050875,5.696393
P5_V26_Phase19,9.0,8.0,8.0,9.0,8.0,6.0681143,5.3440776,5.656033,5.402361,5.6950493
P5_V26_Phase2,9.0,9.0,9.0,9.0,9.0,6.0681143,5.3409767,5.655818,5.4022574,5.6935825
P5_V26_Phase20,4.0,5.0,4.0,3.0,4.0,6.0645027,5.3399434,5.6511984,5.400523,5.690796
P5_V26_Phase21,7.0,6.0,7.0,6.0,7.0,6.066344,5.341358,5.6545305,5.401404,5.692423
P5_V26_Phase22,7.0,6.0,6.0,7.0,6.0,6.0700154,5.345311,5.6583433,5.4045506,5.695933
P5_V26_Phase23,7.0,6.0,7.0,6.0,7.0,6.069009,5.342375,5.657863,5.405738,5.694096
P5_V26_Phase24,7.0,6.0,6.0,7.0,6.0,6.0697107,5.343363,5.6592307,5.4062414,5.6931605
P5_V26_Phase25,5.0,4.0,3.0,4.0,5.0,6.064762,5.3397403,5.6528306,5.400554,5.6908407
P5_V26_Phase26,7.0,6.0,6.0,7.0,6.0,6.068321,5.341872,5.6567802,5.4029636,5.693778
P5_V26_Phase27,2.0,1.0,1.0,2.0,1.0,6.0695877,5.346563,5.657479,5.403837,5.696296
P5_V26_Phase28,9.0,9.0,9.0,9.0,9.0,6.066128,5.3427567,5.6527996,5.4018536,5.6927977
P5_V26_Phase29,9.0,8.0,9.0,8.0,9.0,6.069068,5.3416286,5.659903,5.404896,5.6920986
P5_V26_Phase3,9.0,8.0,8.0,8.0,9.0,6.0660677,5.3412447,5.654772,5.402718,5.692029
P5_V26_Phase30,2.0,1.0,1.0,2.0,1.0,6.068603,5.3434186,5.656225,5.4044905,5.6952033
P5_V26_Phase31,9.0,8.0,8.0,9.0,8.0,6.064515,5.3390613,5.6531367,5.4004,5.689953
P5_V26_Phase32,2.0,1.0,2.0,1.0,2.0,6.070407,5.344538,5.657904,5.4048414,5.696039
P5_V26_Phase33,7.0,6.0,6.0,7.0,6.0,6.0683613,5.343183,5.6576743,5.404828,5.6948166
P5_V26_Phase34,7.0,6.0,6.0,7.0,6.0,6.0686255,5.344917,5.655894,5.4040747,5.6950574
P5_V26_Phase35,7.0,7.0,6.0,6.0,7.0,6.067033,5.342192,5.6569448,5.403968,5.691589
P5_V26_Phase36,9.0,9.0,9.0,9.0,9.0,6.067379,5.3418818,5.655163,5.4031515,5.6933017
P5_V26_Phase37,6.0,5.0,4.0,4.0,5.0,6.0693417,5.3431573,5.657226,5.404803,5.6949873
P5_V26_Phase38,6.0,5.0,5.0,6.0,5.0,6.0684195,5.3416734,5.65757,5.404887,5.6944084
P5_V26_Phase39,9.0,9.0,9.0,9.0,9.0,6.0681353,5.3418736,5.657336,5.404607,5.6935053
P5_V26_Phase4,9.0,9.0,9.0,8.0,8.0,6.0688176,5.341292,5.6581798,5.4051495,5.693248
P5_V26_Phase40,7.0,6.0,6.0,7.0,6.0,6.0695577,5.336816,5.6588626,5.408949,5.6906667
P5_V26_Phase41,6.0,5.0,6.0,4.0,5.0,6.068699,5.3424826,5.657705,5.4046216,5.6942353
P5_V26_Phase42,7.0,6.0,7.0,5.0,6.0,6.070361,5.344064,5.659307,5.4052496,5.69468
P5_V26_Phase43,7.0,6.0,6.0,7.0,6.0,6.07154,5.3439946,5.6600018,5.407464,5.696595
P5_V26_Phase44,7.0,7.0,7.0,6.0,6.0,6.067212,5.341457,5.654782,5.4020934,5.6930375
P5_V26_Phase45,6.0,5.0,6.0,5.0,5.0,6.0665965,5.341039,5.6543717,5.40317,5.691698
P5_V26_Phase46,3.0,2.0,2.0,1.0,1.0,6.0707474,5.343144,5.6601863,5.4062233,5.6953106
P5_V26_Phase47,9.0,9.0,9.0,8.0,8.0,6.0692763,5.3440747,5.6564116,5.404984,5.695486
P5_V26_Phase48,5.0,4.0,4.0,5.0,5.0,6.068895,5.3442063,5.655503,5.4045973,5.695426
P5_V26_Phase49,7.0,7.0,7.0,5.0,5.0,6.0703125,5.3427224,5.659721,5.406645,5.6950617
P5_V26_Phase5,9.0,9.0,9.0,9.0,9.0,6.065583,5.340285,5.6550136,5.402095,5.690457
P5_V26_Phase50,7.0,6.0,7.0,6.0,6.0,6.067977,5.343024,5.6561036,5.4058747,5.693928
P5_V26_Phase51,4.0,3.0,1.0,3.0,4.0,6.0669317,5.341411,5.654374,5.4037485,5.6927896
P5_V26_Phase52,9.0,8.0,9.0,8.0,8.0,6.0708747,5.3435845,5.659722,5.4067616,5.695343
P5_V26_Phase53,4.0,5.0,4.0,3.0,4.0,6.065062,5.340464,5.6533823,5.4013524,5.691697
P5_V26_Phase54,7.0,6.0,6.0,7.0,6.0,6.068893,5.3407373,5.659313,5.4045334,5.692191
P5_V26_Phase6,5.0,4.0,3.0,4.0,5.0,6.064554,5.34059,5.6526113,5.40079,5.6902914
P5_V26_Phase7,9.0,8.0,8.0,9.0,8.0,6.072047,5.342234,5.6613507,5.408105,5.6947813
P5_V26_Phase8,9.0,8.0,8.0,9.0,8.0,6.0687532,5.343267,5.656895,5.40379,5.694908
P5_V26_Phase9,9.0,9.0,9.0,9.0,9.0,6.0691247,5.3425994,5.6577053,5.4046087,5.694956
P5_V27_Phase1,7.0,7.0,7.0,6.0,6.0,6.070512,5.346491,5.6586537,5.4055376,5.696846
P5_V27_Phase10,7.0,6.0,6.0,5.0,5.0,6.0688562,5.341123,5.6616263,5.405288,5.692284
P5_V27_Phase11,7.0,7.0,7.0,6.0,7.0,6.0691504,5.3427763,5.6581826,5.404952,5.694422
P5_V27_Phase12,7.0,6.0,6.0,7.0,6.0,6.067736,5.3388114,5.6598563,5.4066725,5.689862
P5_V27_Phase13,9.0,8.0,8.0,9.0,8.0,6.0685787,5.3427134,5.6571865,5.4018025,5.6927624
P5_V27_Phase14,2.0,1.0,2.0,1.0,1.0,6.0630116,5.339229,5.6510267,5.4001856,5.6890936
P5_V27_Phase15,9.0,8.0,8.0,8.0,8.0,6.067463,5.335729,5.6592345,5.405112,5.688192
P5_V27_Phase16,9.0,8.0,8.0,9.0,8.0,6.072973,5.34322,5.664081,5.40939,5.6958275
P5_V27_Phase17,5.0,4.0,5.0,4.0,4.0,6.0683613,5.3416934,5.656998,5.404732,5.693608
P5_V27_Phase18,9.0,8.0,8.0,9.0,8.0,6.069092,5.3423104,5.6579823,5.4054823,5.6945724
P5_V27_Phase19,7.0,6.0,7.0,6.0,7.0,6.0674314,5.3414774,5.6567554,5.4030094,5.693406
P5_V27_Phase2,4.0,3.0,2.0,3.0,4.0,6.0700126,5.345849,5.6569233,5.405596,5.696648
P5_V27_Phase20,1.0,1.0,1.0,0.0,0.0,6.0713825,5.3440967,5.6599555,5.407811,5.696484
P5_V27_Phase21,9.0,8.0,8.0,9.0,8.0,6.0675974,5.341351,5.6549525,5.4032173,5.692515
P5_V27_Phase22,5.0,4.0,3.0,4.0,4.0,6.0702624,5.3426356,5.659261,5.4063272,5.694882
P5_V27_Phase23,7.0,6.0,7.0,6.0,6.0,6.069627,5.3437724,5.6578927,5.406139,5.6957445
P5_V27_Phase3,7.0,7.0,6.0,6.0,7.0,6.0663567,5.3410835,5.655623,5.402055,5.6901984
P5_V27_Phase4,9.0,8.0,8.0,9.0,8.0,6.0680513,5.3441815,5.6563826,5.4015174,5.6944094
P5_V27_Phase5,9.0,9.0,9.0,9.0,9.0,6.0682945,5.343308,5.656096,5.40353,5.6946993
P5_V27_Phase6,6.0,5.0,4.0,5.0,6.0,6.0678263,5.3422666,5.655688,5.403119,5.692737
P5_V27_Phase7,7.0,6.0,6.0,6.0,7.0,6.0653987,5.3413033,5.653403,5.400082,5.692384
P5_V27_Phase8,9.0,8.0,9.0,8.0,9.0,6.067195,5.341952,5.655278,5.4023776,5.693476
P5_V27_Phase9,7.0,6.0,6.0,7.0,6.0,6.0648284,5.339619,5.6535726,5.3998976,5.6895084
P5_V28_Phase1,9.0,8.0,8.0,9.0,8.0,6.0727634,5.344085,5.66151,5.408498,5.6957264
P5_V28_Phase10,2.0,1.0,1.0,2.0,1.0,6.068899,5.3424754,5.6580424,5.4053164,5.694806
P5_V28_Phase11,2.0,1.0,2.0,1.0,2.0,6.0678635,5.3418803,5.65495,5.4037046,5.6938095
P5_V28_Phase12,7.0,6.0,6.0,7.0,6.0,6.074089,5.3485703,5.6619525,5.4067707,5.699774
P5_V28_Phase13,9.0,8.0,8.0,9.0,8.0,6.067943,5.345142,5.655315,5.401947,5.694782
P5_V28_Phase14,9.0,8.0,8.0,9.0,8.0,6.0661488,5.3414187,5.6552477,5.400958,5.6914883
P5_V28_Phase15,7.0,6.0,6.0,7.0,6.0,6.0694413,5.341685,5.65879,5.4057016,5.693163
P5_V28_Phase16,7.0,7.0,7.0,6.0,6.0,6.067494,5.3437314,5.655398,5.402338,5.6941547
P5_V28_Phase17,7.0,6.0,7.0,6.0,7.0,6.066347,5.342201,5.653766,5.4017396,5.692591
P5_V28_Phase18,2.0,1.0,1.0,2.0,1.0,6.0677986,5.3458924,5.654409,5.4026356,5.6953793
P5_V28_Phase19,4.0,3.0,2.0,3.0,3.0,6.0654035,5.3417773,5.6518846,5.4001474,5.691782
P5_V28_Phase2,6.0,5.0,5.0,6.0,5.0,6.0705423,5.344317,5.659056,5.407091,5.6961613
P5_V28_Phase20,7.0,7.0,6.0,6.0,7.0,6.0694914,5.344381,5.6587825,5.4051957,5.6935854
P5_V28_Phase21,1.0,0.0,1.0,0.0,1.0,6.0706882,5.3455453,5.658487,5.4051085,5.6966405
P5_V28_Phase22,7.0,6.0,6.0,7.0,6.0,6.068283,5.3409624,5.6589537,5.4051046,5.691907
P5_V28_Phase23,1.0,0.0,0.0,1.0,1.0,6.064537,5.339786,5.6539426,5.4005194,5.6907268
P5_V28_Phase24,2.0,1.0,1.0,0.0,1.0,6.07222,5.3446174,5.662089,5.4083242,5.69666
P5_V28_Phase25,2.0,1.0,2.0,1.0,2.0,6.065346,5.3401456,5.65335,5.4003973,5.690834
P5_V28_Phase3,6.0,5.0,4.0,5.0,6.0,6.0674,5.341047,5.6559095,5.4036736,5.692687
P5_V28_Phase4,9.0,8.0,8.0,9.0,8.0,6.070095,5.340084,5.6623406,5.40755,5.691694
P5_V28_Phase5,9.0,9.0,9.0,8.0,8.0,6.065383,5.33983,5.6547475,5.401328,5.6912413
P5_V28_Phase6,6.0,5.0,4.0,5.0,6.0,6.0634146,5.336842,5.6535206,5.400441,5.688112
P5_V28_Phase7,7.0,6.0,6.0,6.0,7.0,6.068047,5.3399606,5.6578016,5.404025,5.692485
P5_V28_Phase8,6.0,5.0,4.0,5.0,6.0,6.067439,5.3413067,5.656093,5.4038377,5.692947
P5_V28_Phase9,6.0,5.0,5.0,6.0,5.0,6.0706277,5.343879,5.659003,5.4062147,5.6965075
P5_V29_Phase1,6.0,5.0,6.0,5.0,6.0,6.070831,5.3457108,5.658417,5.40532,5.6961994
P5_V29_Phase10,7.0,7.0,6.0,6.0,7.0,6.069694,5.3447676,5.6587415,5.4032884,5.6959877
P5_V29_Phase11,2.0,1.0,2.0,1.0,2.0,6.0697026,5.3449826,5.6576304,5.4036684,5.69605
P5_V29_Phase12,9.0,8.0,8.0,9.0,8.0,6.06553,5.338823,5.656113,5.403303,5.6893396
P5_V29_Phase13,7.0,6.0,6.0,7.0,6.0,6.0692434,5.343361,5.6579833,5.4051633,5.694785
P5_V29_Phase14,7.0,6.0,6.0,7.0,6.0,6.0687656,5.343095,5.65771,5.403678,5.6942587
P5_V29_Phase15,9.0,8.0,9.0,8.0,9.0,6.070633,5.343208,5.6599984,5.4068007,5.695031
P5_V29_Phase16,6.0,5.0,4.0,5.0,6.0,6.0725594,5.3436027,5.6632643,5.409646,5.6955986
P5_V29_Phase17,7.0,7.0,6.0,7.0,6.0,6.066887,5.3393273,5.659065,5.404215,5.6899343
P5_V29_Phase18,7.0,6.0,6.0,6.0,7.0,6.068507,5.3443027,5.6556497,5.403581,5.6946745
P5_V29_Phase19,8.0,7.0,8.0,7.0,7.0,6.061922,5.33837,5.6550913,5.3988214,5.6867876
P5_V29_Phase2,7.0,6.0,6.0,7.0,6.0,6.069641,5.341856,5.6613736,5.405903,5.6925626
P5_V29_Phase20,9.0,8.0,8.0,9.0,8.0,6.0691833,5.3426085,5.6574483,5.4043865,5.6947894
P5_V29_Phase21,7.0,6.0,6.0,7.0,6.0,6.070997,5.3436203,5.65989,5.407175,5.695128
P5_V29_Phase22,7.0,6.0,7.0,6.0,7.0,6.064897,5.337724,5.655726,5.404026,5.6883364
P5_V29_Phase23,7.0,6.0,7.0,6.0,7.0,6.065874,5.3391314,5.656429,5.4031315,5.68939
P5_V29_Phase24,8.0,7.0,8.0,7.0,8.0,6.068635,5.345721,5.6571784,5.403414,5.695812
P5_V29_Phase25,6.0,6.0,6.0,4.0,5.0,6.06931,5.3424945,5.66106,5.4066315,5.6928163
P5_V29_Phase26,9.0,9.0,9.0,9.0,8.0,6.074103,5.3460097,5.6641855,5.4103494,5.698493
P5_V29_Phase27,9.0,8.0,9.0,8.0,9.0,6.070601,5.3442073,5.6604147,5.4058685,5.6960053
P5_V29_Phase28,9.0,8.0,8.0,9.0,8.0,6.0689907,5.3378487,5.6594386,5.4051666,5.689714
P5_V29_Phase29,9.0,8.0,9.0,8.0,9.0,6.0721107,5.345388,5.661303,5.4074755,5.6971183
P5_V29_Phase3,9.0,8.0,9.0,8.0,9.0,6.069868,5.344833,5.657494,5.403881,5.695341
P5_V29_Phase30,7.0,6.0,6.0,7.0,6.0,6.0701623,5.343613,5.6591954,5.406021,5.695821
P5_V29_Phase31,7.0,6.0,7.0,5.0,5.0,6.0703473,5.34392,5.6596904,5.4060926,5.695878
P5_V29_Phase32,2.0,1.0,2.0,1.0,2.0,6.06793,5.341973,5.6560445,5.403553,5.6935873
P5_V29_Phase33,9.0,8.0,9.0,8.0,9.0,6.0699215,5.3430967,5.658179,5.4060397,5.6948433
P5_V29_Phase34,7.0,6.0,6.0,7.0,6.0,6.06938,5.3441844,5.6562285,5.4050446,5.6952615
P5_V29_Phase35,6.0,5.0,6.0,4.0,5.0,6.0677023,5.3411717,5.6563454,5.4033804,5.6930733
P5_V29_Phase36,6.0,5.0,6.0,5.0,6.0,6.0709877,5.343193,5.6605935,5.407517,5.6951504
P5_V29_Phase37,7.0,7.0,7.0,6.0,7.0,6.0682707,5.3426747,5.656306,5.403451,5.6936054
P5_V29_Phase38,2.0,2.0,1.0,2.0,2.0,6.0662017,5.3408675,5.654017,5.4017925,5.692925
P5_V29_Phase39,7.0,6.0,7.0,6.0,7.0,6.067026,5.3415456,5.6542335,5.402569,5.69312
P5_V29_Phase4,8.0,7.0,7.0,8.0,7.0,6.0654964,5.339538,5.655786,5.402166,5.690022
P5_V29_Phase40,9.0,8.0,8.0,9.0,8.0,6.0679975,5.3396525,5.6588645,5.4045553,5.691038
P5_V29_Phase41,1.0,0.0,0.0,1.0,0.0,6.0686197,5.341744,5.657645,5.405138,5.694175
P5_V29_Phase42,9.0,8.0,9.0,8.0,9.0,6.068943,5.344517,5.656515,5.4048386,5.695326
P5_V29_Phase43,9.0,9.0,9.0,9.0,9.0,6.069692,5.3450465,5.658051,5.4057603,5.6962585
P5_V29_Phase44,7.0,6.0,7.0,6.0,7.0,6.0693636,5.342372,5.6594863,5.405497,5.69386
P5_V29_Phase45,9.0,9.0,9.0,9.0,9.0,6.0664144,5.343511,5.6544175,5.3994513,5.693221
P5_V29_Phase46,7.0,6.0,7.0,6.0,7.0,6.0732746,5.344209,5.664538,5.4099803,5.695779
P5_V29_Phase47,2.0,1.0,2.0,1.0,2.0,6.06697,5.339833,5.6564174,5.4062004,5.6898317
P5_V29_Phase48,7.0,7.0,7.0,6.0,7.0,6.0703654,5.344973,5.659646,5.4063935,5.6961603
P5_V29_Phase49,2.0,1.0,2.0,1.0,2.0,6.0680556,5.3406606,5.659443,5.4058743,5.691081
P5_V29_Phase5,9.0,8.0,8.0,9.0,8.0,6.0689297,5.3413386,5.660195,5.4060326,5.6924963
P5_V29_Phase50,7.0,6.0,7.0,6.0,6.0,6.065641,5.3399577,5.655357,5.4015017,5.691696
P5_V29_Phase51,7.0,6.0,7.0,6.0,7.0,6.068228,5.343222,5.656033,5.4033103,5.694833
P5_V29_Phase52,7.0,6.0,7.0,6.0,7.0,6.0722895,5.343076,5.6627507,5.4098005,5.6946034
P5_V29_Phase53,7.0,6.0,7.0,6.0,7.0,6.0676517,5.3428493,5.6556525,5.403836,5.693776
P5_V29_Phase54,9.0,8.0,9.0,8.0,9.0,6.0657535,5.340773,5.654518,5.4018803,5.6915417
P5_V29_Phase55,9.0,8.0,9.0,8.0,9.0,6.0707083,5.342885,5.660709,5.4069357,5.694875
P5_V29_Phase6,9.0,8.0,9.0,7.0,7.0,6.068942,5.3425794,5.657019,5.4057074,5.6940336
P5_V29_Phase7,7.0,6.0,6.0,7.0,6.0,6.072244,5.3458953,5.6604905,5.406416,5.697495
P5_V29_Phase8,9.0,8.0,8.0,9.0,8.0,6.070058,5.3439755,5.658288,5.4055448,5.6955104
P5_V29_Phase9,9.0,8.0,8.0,9.0,8.0,6.0670047,5.3440204,5.6540017,5.4028234,5.6944075
P5_V2_Phase1,7.0,6.0,7.0,6.0,7.0,6.070235,5.3426585,5.6600356,5.4060345,5.6948705
P5_V2_Phase10,5.0,4.0,4.0,5.0,4.0,6.066986,5.341127,5.656279,5.403763,5.691906
P5_V2_Phase11,5.0,5.0,4.0,4.0,5.0,6.069705,5.341845,5.660078,5.4068155,5.693473
P5_V2_Phase12,7.0,6.0,6.0,7.0,6.0,6.069445,5.3438525,5.6573024,5.404328,5.6951504
P5_V2_Phase13,2.0,1.0,2.0,1.0,1.0,6.0694675,5.343123,5.6581445,5.4041595,5.6951637
P5_V2_Phase14,7.0,6.0,7.0,6.0,7.0,6.0658875,5.3402905,5.6553893,5.402087,5.691209
P5_V2_Phase15,2.0,2.0,1.0,1.0,2.0,6.0675573,5.342185,5.6546855,5.4023294,5.693307
P5_V2_Phase16,2.0,2.0,1.0,1.0,2.0,6.071124,5.3449416,5.6596947,5.406491,5.697049
P5_V2_Phase17,9.0,8.0,8.0,9.0,8.0,6.0704446,5.3432918,5.658999,5.4062796,5.6954813
P5_V2_Phase18,2.0,2.0,1.0,2.0,1.0,6.0698423,5.343673,5.657174,5.4052043,5.695445
P5_V2_Phase2,7.0,6.0,6.0,7.0,6.0,6.071065,5.343963,5.658974,5.4076653,5.6959815
P5_V2_Phase3,7.0,7.0,7.0,6.0,6.0,6.0700674,5.3430123,5.660692,5.408005,5.6934443
P5_V2_Phase4,4.0,3.0,4.0,3.0,3.0,6.0639257,5.3403006,5.6509004,5.400172,5.6906443
P5_V2_Phase5,7.0,6.0,6.0,7.0,6.0,6.0641713,5.3384886,5.652832,5.39891,5.6895094
P5_V2_Phase6,5.0,4.0,5.0,4.0,4.0,6.062374,5.3390164,5.6500807,5.398326,5.689479
P5_V2_Phase7,5.0,4.0,5.0,4.0,5.0,6.0667405,5.342614,5.655891,5.4029303,5.6923504
P5_V2_Phase8,4.0,3.0,3.0,4.0,4.0,6.068251,5.340718,5.6578507,5.4052806,5.6934595
P5_V2_Phase9,2.0,1.0,1.0,2.0,1.0,6.06878,5.343103,5.656816,5.404266,5.6941423
P5_V30_Phase1,7.0,6.0,6.0,7.0,6.0,6.0685673,5.342424,5.6562047,5.404967,5.6941833
P5_V30_Phase10,9.0,9.0,9.0,9.0,9.0,6.07119,5.343719,5.6607842,5.406934,5.695946
P5_V30_Phase11,2.0,1.0,0.0,1.0,2.0,6.068442,5.342013,5.6572137,5.404243,5.693531
P5_V30_Phase12,9.0,8.0,9.0,8.0,9.0,6.068993,5.3390565,5.660245,5.4065943,5.691059
P5_V30_Phase13,7.0,7.0,6.0,7.0,6.0,6.0695724,5.343978,5.6574254,5.4042077,5.694713
P5_V30_Phase14,6.0,6.0,6.0,4.0,5.0,6.064722,5.3405156,5.652982,5.3984594,5.6914616
P5_V30_Phase15,2.0,1.0,2.0,1.0,1.0,6.073438,5.347752,5.661548,5.407694,5.6983023
P5_V30_Phase16,7.0,6.0,7.0,6.0,7.0,6.066712,5.342837,5.65388,5.4023733,5.6931076
P5_V30_Phase17,2.0,1.0,2.0,1.0,2.0,6.0693054,5.341848,5.660295,5.4064865,5.692504
P5_V30_Phase18,2.0,1.0,2.0,1.0,2.0,6.0697823,5.345073,5.658045,5.4043684,5.6946716
P5_V30_Phase19,2.0,1.0,2.0,1.0,2.0,6.0681086,5.3441844,5.655531,5.4036274,5.694475
P5_V30_Phase2,2.0,1.0,2.0,1.0,2.0,6.066023,5.3413806,5.6540437,5.4017453,5.69263
P5_V30_Phase20,7.0,6.0,7.0,6.0,7.0,6.06048,5.3345447,5.6505713,5.3996477,5.6841307
P5_V30_Phase21,4.0,3.0,4.0,2.0,2.0,6.0659885,5.3414,5.6537743,5.401889,5.692786
P5_V30_Phase22,6.0,5.0,6.0,5.0,6.0,6.067716,5.341183,5.655267,5.403549,5.6922054
P5_V30_Phase23,7.0,6.0,7.0,5.0,6.0,6.0672297,5.342821,5.656342,5.4021997,5.6937885
P5_V30_Phase24,7.0,6.0,7.0,6.0,7.0,6.06971,5.3438783,5.6589866,5.4061604,5.6955633
P5_V30_Phase25,2.0,1.0,2.0,1.0,2.0,6.067232,5.3412566,5.6568184,5.4027367,5.692953
P5_V30_Phase26,7.0,6.0,7.0,6.0,7.0,6.0689917,5.3437004,5.657809,5.4050455,5.6953945
P5_V30_Phase27,7.0,6.0,7.0,6.0,6.0,6.067441,5.3421617,5.655182,5.4033933,5.693
P5_V30_Phase28,7.0,6.0,6.0,7.0,6.0,6.0722046,5.3448186,5.6614203,5.408913,5.6970835
P5_V30_Phase29,9.0,9.0,9.0,9.0,9.0,6.0646486,5.338568,5.6540275,5.4014254,5.6891537
P5_V30_Phase3,7.0,6.0,6.0,7.0,6.0,6.066809,5.3417983,5.65449,5.401721,5.6931305
P5_V30_Phase30,7.0,6.0,6.0,7.0,6.0,6.072672,5.346638,5.661629,5.4065576,5.6979647
P5_V30_Phase31,2.0,1.0,2.0,1.0,2.0,6.0669756,5.3413177,5.655915,5.4025617,5.6924667
P5_V30_Phase32,7.0,6.0,7.0,6.0,7.0,6.0674086,5.342728,5.6544743,5.4022074,5.6939564
P5_V30_Phase33,7.0,6.0,7.0,6.0,7.0,6.070486,5.345219,5.6580987,5.404876,5.6968246
P5_V30_Phase34,9.0,8.0,9.0,8.0,9.0,6.0661263,5.3394074,5.6547904,5.4031787,5.6907196
P5_V30_Phase35,7.0,7.0,7.0,6.0,7.0,6.069147,5.3436947,5.656617,5.4037952,5.694359
P5_V30_Phase36,7.0,7.0,6.0,6.0,7.0,6.0707836,5.345535,5.6583858,5.404447,5.6963043
P5_V30_Phase37,7.0,7.0,7.0,6.0,7.0,6.07439,5.348225,5.6633697,5.40917,5.6996927
P5_V30_Phase38,7.0,6.0,7.0,4.0,5.0,6.0674505,5.3407683,5.6559367,5.40447,5.6922083
P5_V30_Phase39,7.0,6.0,7.0,6.0,7.0,6.06605,5.3404484,5.6538143,5.403063,5.69108
P5_V30_Phase4,7.0,6.0,6.0,7.0,6.0,6.0665984,5.3416553,5.654689,5.402455,5.693062
P5_V30_Phase40,7.0,6.0,7.0,6.0,7.0,6.066845,5.341776,5.65309,5.40339,5.693099
P5_V30_Phase41,7.0,6.0,6.0,7.0,6.0,6.066609,5.3421736,5.654774,5.4014006,5.692193
P5_V30_Phase42,6.0,5.0,6.0,5.0,6.0,6.063863,5.3392863,5.651303,5.3992143,5.689654
P5_V30_Phase43,7.0,6.0,6.0,7.0,6.0,6.062867,5.33814,5.650149,5.3996315,5.688634
P5_V30_Phase44,9.0,8.0,8.0,9.0,8.0,6.0620365,5.336392,5.652268,5.399436,5.686675
P5_V30_Phase45,8.0,7.0,8.0,7.0,8.0,6.0674644,5.3432374,5.655027,5.401617,5.6938763
P5_V30_Phase46,7.0,7.0,6.0,7.0,7.0,6.064711,5.3393226,5.6525736,5.3996716,5.6906238
P5_V30_Phase47,7.0,7.0,7.0,6.0,6.0,6.0590153,5.330228,5.6498694,5.399428,5.6788893
P5_V30_Phase48,7.0,6.0,7.0,6.0,7.0,6.0616302,5.3394704,5.6477356,5.397644,5.6889095
P5_V30_Phase49,7.0,6.0,6.0,7.0,6.0,6.065527,5.341064,5.6528153,5.401378,5.691921
P5_V30_Phase5,9.0,8.0,8.0,9.0,8.0,6.0702705,5.3432007,5.6601644,5.407364,5.6950555
P5_V30_Phase50,2.0,1.0,2.0,1.0,2.0,6.0644855,5.34253,5.650817,5.39952,5.691826
P5_V30_Phase51,5.0,4.0,5.0,4.0,5.0,6.0688443,5.344311,5.6570544,5.4035826,5.6952596
P5_V30_Phase52,7.0,7.0,7.0,6.0,7.0,6.06892,5.3425,5.6569204,5.4034386,5.693801
P5_V30_Phase53,2.0,2.0,1.0,2.0,2.0,6.065917,5.3427343,5.6524625,5.4019485,5.6930494
P5_V30_Phase54,9.0,8.0,9.0,8.0,8.0,6.0659604,5.3425217,5.652811,5.402232,5.693038
P5_V30_Phase55,4.0,3.0,3.0,4.0,4.0,6.06464,5.340388,5.652821,5.4005003,5.691571
P5_V30_Phase56,2.0,1.0,0.0,1.0,2.0,6.064481,5.339309,5.6536,5.4008617,5.691123
P5_V30_Phase57,2.0,2.0,1.0,2.0,2.0,6.065713,5.342281,5.652637,5.4023843,5.691288
P5_V30_Phase58,9.0,8.0,8.0,9.0,8.0,6.0640206,5.3395896,5.651006,5.4002666,5.6898193
P5_V30_Phase59,4.0,3.0,4.0,3.0,4.0,6.0664725,5.344029,5.6544313,5.4002285,5.693479
P5_V30_Phase6,7.0,6.0,6.0,7.0,6.0,6.063623,5.3391433,5.651545,5.40003,5.6898136
P5_V30_Phase60,7.0,7.0,6.0,6.0,7.0,6.065362,5.3396754,5.653577,5.400976,5.6913686
P5_V30_Phase61,5.0,4.0,5.0,4.0,4.0,6.067686,5.342352,5.655971,5.403452,5.6933517
P5_V30_Phase7,7.0,6.0,6.0,7.0,6.0,6.069086,5.3436284,5.6576953,5.405424,5.694545
P5_V30_Phase8,9.0,8.0,8.0,9.0,8.0,6.0701723,5.3420033,5.660092,5.406504,5.694241
P5_V30_Phase9,9.0,8.0,9.0,8.0,9.0,6.068982,5.3423123,5.658012,5.4057612,5.694206
P5_V31_Phase1,7.0,6.0,6.0,7.0,6.0,6.0675106,5.3423305,5.6559997,5.402959,5.6936836
P5_V31_Phase10,7.0,6.0,6.0,7.0,7.0,6.0572343,5.3296776,5.6532,5.3972926,5.680369
P5_V31_Phase11,7.0,6.0,7.0,6.0,7.0,6.069171,5.343093,5.657127,5.404216,5.6950607
P5_V31_Phase12,7.0,7.0,7.0,6.0,7.0,6.062527,5.338327,5.6505833,5.398683,5.688839
P5_V31_Phase13,7.0,6.0,6.0,7.0,6.0,6.0674753,5.34127,5.657396,5.402416,5.6918397
P5_V31_Phase14,9.0,9.0,9.0,8.0,9.0,6.0662055,5.3409643,5.6538434,5.402156,5.6922855
P5_V31_Phase15,9.0,9.0,9.0,9.0,9.0,6.0686636,5.3432927,5.658648,5.4046555,5.692497
P5_V31_Phase16,7.0,6.0,6.0,7.0,6.0,6.071389,5.344254,5.659516,5.4066243,5.696604
P5_V31_Phase17,7.0,6.0,7.0,6.0,6.0,6.066474,5.3421035,5.654981,5.4022527,5.6931987
P5_V31_Phase18,9.0,9.0,9.0,9.0,9.0,6.067968,5.3418746,5.6561446,5.40444,5.693607
P5_V31_Phase19,6.0,5.0,6.0,5.0,6.0,6.069894,5.3436685,5.660006,5.406183,5.694475
P5_V31_Phase2,7.0,7.0,6.0,6.0,7.0,6.0664573,5.337203,5.659509,5.404752,5.688532
P5_V31_Phase20,8.0,7.0,7.0,8.0,7.0,6.066448,5.341228,5.654858,5.4009953,5.692328
P5_V31_Phase21,7.0,6.0,6.0,7.0,6.0,6.064516,5.339273,5.652487,5.4002724,5.6899633
P5_V31_Phase22,7.0,6.0,6.0,7.0,6.0,6.0661836,5.340224,5.6547227,5.401807,5.691974
P5_V31_Phase23,9.0,8.0,9.0,8.0,8.0,6.066296,5.3393254,5.6569185,5.403013,5.6899157
P5_V31_Phase24,7.0,6.0,7.0,6.0,7.0,6.0707803,5.345283,5.659167,5.4059114,5.696611
P5_V31_Phase25,7.0,7.0,7.0,6.0,6.0,6.0633755,5.3400645,5.650925,5.3982673,5.6905966
P5_V31_Phase26,9.0,9.0,9.0,9.0,9.0,6.0701814,5.3441396,5.6575236,5.4065228,5.695943
P5_V31_Phase27,9.0,9.0,9.0,9.0,9.0,6.0729704,5.343829,5.6634164,5.409715,5.695832
P5_V31_Phase28,7.0,6.0,7.0,6.0,7.0,6.0739326,5.3459477,5.664044,5.4099274,5.6977606
P5_V31_Phase29,7.0,6.0,6.0,7.0,6.0,6.06806,5.3408456,5.6567187,5.4046273,5.692285
P5_V31_Phase3,9.0,9.0,9.0,8.0,8.0,6.063937,5.3407745,5.6516056,5.39898,5.690585
P5_V31_Phase30,9.0,8.0,9.0,8.0,8.0,6.0699534,5.3422813,5.6595798,5.405901,5.6952724
P5_V31_Phase4,7.0,7.0,6.0,6.0,7.0,6.0677605,5.3416724,5.6558337,5.4037514,5.692854
P5_V31_Phase5,7.0,6.0,6.0,7.0,6.0,6.064456,5.3394756,5.6522517,5.400623,5.6908493
P5_V31_Phase6,7.0,7.0,6.0,6.0,6.0,6.0693116,5.34101,5.6612544,5.405818,5.6922255
P5_V31_Phase7,7.0,6.0,6.0,7.0,6.0,6.0694246,5.3438716,5.657068,5.405365,5.695666
P5_V31_Phase8,7.0,6.0,6.0,7.0,6.0,6.0648155,5.338719,5.653339,5.401289,5.6898746
P5_V31_Phase9,7.0,6.0,6.0,7.0,6.0,6.0685186,5.341903,5.6589284,5.404375,5.692775
P5_V32_Phase1,7.0,6.0,7.0,6.0,7.0,6.0729837,5.343187,5.6625047,5.409875,5.695265
P5_V32_Phase10,2.0,1.0,2.0,1.0,2.0,6.0689306,5.345107,5.6573415,5.4048586,5.6964197
P5_V32_Phase11,2.0,1.0,2.0,1.0,2.0,6.0696964,5.342527,5.6585174,5.405719,5.694742
P5_V32_Phase12,5.0,4.0,5.0,4.0,5.0,6.071265,5.3450265,5.6588016,5.4077168,5.6965756
P5_V32_Phase13,2.0,1.0,2.0,1.0,2.0,6.07349,5.345498,5.6616545,5.4085402,5.696905
P5_V32_Phase14,2.0,1.0,2.0,1.0,2.0,6.0698433,5.340922,5.658645,5.405877,5.69226
P5_V32_Phase15,9.0,8.0,9.0,8.0,9.0,6.0701485,5.346046,5.659181,5.403082,5.695984
P5_V32_Phase16,9.0,9.0,9.0,8.0,9.0,6.064872,5.3403516,5.6534276,5.400503,5.691621
P5_V32_Phase17,7.0,6.0,7.0,6.0,7.0,6.067856,5.342153,5.655439,5.4027686,5.693059
P5_V32_Phase18,7.0,7.0,7.0,6.0,7.0,6.069704,5.3425765,5.657228,5.405876,5.694043
P5_V32_Phase19,9.0,8.0,9.0,8.0,9.0,6.0727563,5.3480077,5.66003,5.4057355,5.6985703
P5_V32_Phase2,7.0,6.0,7.0,6.0,6.0,6.068966,5.342353,5.6573052,5.4058304,5.6934614
P5_V32_Phase20,7.0,6.0,7.0,6.0,7.0,6.069039,5.3447566,5.65626,5.404169,5.6953835
P5_V32_Phase21,9.0,9.0,9.0,9.0,9.0,6.0700836,5.3416133,5.661647,5.4074254,5.6927586
P5_V32_Phase22,7.0,6.0,6.0,7.0,6.0,6.0692816,5.343433,5.657832,5.4044676,5.6946983
P5_V32_Phase23,9.0,8.0,9.0,8.0,9.0,6.0721283,5.3472524,5.659826,5.406042,5.698007
P5_V32_Phase24,7.0,6.0,6.0,7.0,6.0,6.0667524,5.3426027,5.652985,5.4022903,5.693495
P5_V32_Phase25,2.0,1.0,2.0,1.0,2.0,6.0683966,5.342479,5.656959,5.4048142,5.693632
P5_V32_Phase26,6.0,6.0,5.0,5.0,6.0,6.067789,5.341245,5.660423,5.405665,5.691511
P5_V32_Phase27,7.0,6.0,7.0,6.0,7.0,6.067706,5.3430376,5.655986,5.403674,5.6938114
P5_V32_Phase28,6.0,6.0,6.0,5.0,6.0,6.0698004,5.3431273,5.6593184,5.406267,5.6944356
P5_V32_Phase29,9.0,8.0,9.0,8.0,9.0,6.0739775,5.3436804,5.665317,5.410309,5.6950603
P5_V32_Phase3,9.0,9.0,9.0,8.0,8.0,6.064636,5.33878,5.653022,5.399727,5.6899137
P5_V32_Phase30,9.0,8.0,9.0,8.0,9.0,6.070236,5.344382,5.6585426,5.4062004,5.6953607
P5_V32_Phase31,1.0,1.0,0.0,1.0,1.0,6.0664253,5.341274,5.654593,5.4019833,5.692178
P5_V32_Phase32,2.0,1.0,2.0,1.0,2.0,6.064928,5.3406053,5.6534033,5.4008813,5.691221
P5_V32_Phase33,7.0,6.0,6.0,7.0,6.0,6.066845,5.340633,5.658835,5.403694,5.6900005
P5_V32_Phase34,7.0,6.0,7.0,6.0,7.0,6.0646105,5.3366337,5.656403,5.4022646,5.6873717
P5_V32_Phase35,7.0,6.0,7.0,6.0,7.0,6.0685234,5.342301,5.6571965,5.4042673,5.693536
P5_V32_Phase36,9.0,9.0,9.0,8.0,9.0,6.0669737,5.3409114,5.656203,5.402499,5.6926584
P5_V32_Phase37,2.0,1.0,0.0,1.0,2.0,6.06851,5.342118,5.6570654,5.4053555,5.693696
P5_V32_Phase38,5.0,4.0,5.0,4.0,4.0,6.0685854,5.3426127,5.6590624,5.405054,5.6932936
P5_V32_Phase39,7.0,6.0,7.0,6.0,7.0,6.0660925,5.342546,5.654803,5.399688,5.692892
P5_V32_Phase4,5.0,4.0,5.0,4.0,4.0,6.068062,5.3419566,5.6574426,5.4045115,5.693521
P5_V32_Phase40,9.0,9.0,9.0,8.0,8.0,6.0715256,5.345966,5.6599383,5.404856,5.6973133
P5_V32_Phase41,6.0,5.0,6.0,5.0,6.0,6.0656395,5.340285,5.6535416,5.401781,5.691679
P5_V32_Phase42,7.0,6.0,7.0,6.0,7.0,6.0649805,5.3402257,5.652495,5.399723,5.6907043
P5_V32_Phase43,7.0,6.0,7.0,6.0,7.0,6.070889,5.3469286,5.6585603,5.4041452,5.6970425
P5_V32_Phase44,2.0,1.0,1.0,2.0,2.0,6.074462,5.3506064,5.6613665,5.4085083,5.7008214
P5_V32_Phase45,7.0,6.0,6.0,7.0,6.0,6.0716133,5.342967,5.6625533,5.4080067,5.6941805
P5_V32_Phase46,7.0,6.0,7.0,6.0,7.0,6.065345,5.341553,5.652519,5.400832,5.692627
P5_V32_Phase47,7.0,7.0,7.0,6.0,7.0,6.0667953,5.341232,5.6543202,5.402137,5.693056
P5_V32_Phase48,7.0,6.0,7.0,6.0,7.0,6.07249,5.344255,5.662645,5.408263,5.696707
P5_V32_Phase49,5.0,4.0,5.0,4.0,5.0,6.0723095,5.3441653,5.66297,5.4092216,5.6957803
P5_V32_Phase5,7.0,6.0,6.0,7.0,6.0,6.0668964,5.342074,5.6543326,5.4023438,5.6932554
P5_V32_Phase50,7.0,7.0,7.0,6.0,7.0,6.0666556,5.3403125,5.656333,5.402216,5.6922464
P5_V32_Phase6,7.0,6.0,7.0,6.0,6.0,6.067301,5.3419805,5.65537,5.404129,5.69357
P5_V32_Phase7,7.0,6.0,7.0,6.0,6.0,6.0670395,5.342175,5.655509,5.402183,5.693115
P5_V32_Phase8,2.0,1.0,1.0,2.0,1.0,6.0646963,5.3395553,5.6532946,5.4007916,5.690697
P5_V32_Phase9,2.0,1.0,2.0,1.0,1.0,6.0664406,5.3401465,5.654321,5.4025364,5.6918774
P5_V33_Phase1,5.0,4.0,5.0,4.0,5.0,6.0673075,5.3426137,5.654832,5.40327,5.693931
P5_V33_Phase10,9.0,8.0,9.0,8.0,9.0,6.0655923,5.3393145,5.6543083,5.403371,5.6893015
P5_V33_Phase11,5.0,4.0,5.0,4.0,5.0,6.0664253,5.341085,5.6547265,5.4020553,5.6924567
P5_V33_Phase12,2.0,1.0,2.0,1.0,2.0,6.067094,5.3403263,5.6554623,5.4028144,5.692144
P5_V33_Phase13,7.0,7.0,6.0,7.0,6.0,6.0683165,5.3443003,5.656449,5.4030104,5.695485
P5_V33_Phase14,7.0,6.0,6.0,7.0,6.0,6.0665555,5.343803,5.65386,5.402008,5.693409
P5_V33_Phase15,7.0,6.0,7.0,6.0,6.0,6.066607,5.343174,5.655042,5.399951,5.6929746
P5_V33_Phase16,5.0,4.0,5.0,4.0,5.0,6.0702324,5.341766,5.6598806,5.407182,5.6935396
P5_V33_Phase17,9.0,8.0,8.0,9.0,8.0,6.0693626,5.344438,5.6569695,5.4046836,5.696022
P5_V33_Phase18,9.0,8.0,8.0,9.0,8.0,6.066451,5.3426046,5.653954,5.401976,5.6927414
P5_V33_Phase19,7.0,6.0,7.0,6.0,7.0,6.066336,5.340633,5.6544623,5.403361,5.6904545
P5_V33_Phase2,2.0,1.0,2.0,1.0,2.0,6.0710497,5.3436704,5.66005,5.407895,5.696473
P5_V33_Phase20,2.0,1.0,2.0,1.0,2.0,6.067727,5.340319,5.6565447,5.4023986,5.692054
P5_V33_Phase21,7.0,6.0,7.0,6.0,7.0,6.0701838,5.3430657,5.661301,5.4072485,5.6937685
P5_V33_Phase22,7.0,7.0,7.0,6.0,7.0,6.0735188,5.3483033,5.661799,5.4068346,5.6996574
P5_V33_Phase23,6.0,5.0,4.0,5.0,6.0,6.0671835,5.344706,5.6549015,5.4016533,5.6938224
P5_V33_Phase24,9.0,8.0,9.0,8.0,9.0,6.069226,5.344898,5.656268,5.404857,5.6956425
P5_V33_Phase25,2.0,1.0,2.0,1.0,2.0,6.0653915,5.3407702,5.653771,5.3997135,5.69127
P5_V33_Phase26,7.0,6.0,7.0,6.0,7.0,6.06621,5.340857,5.6547227,5.401844,5.692955
P5_V33_Phase27,7.0,6.0,7.0,6.0,7.0,6.068907,5.3429646,5.6574616,5.4043884,5.6948023
P5_V33_Phase28,7.0,7.0,7.0,6.0,7.0,6.0666265,5.342701,5.653562,5.403018,5.6936207
P5_V33_Phase29,2.0,1.0,2.0,1.0,2.0,6.0723915,5.345733,5.6603785,5.407272,5.698261
P5_V33_Phase3,6.0,5.0,6.0,5.0,5.0,6.072506,5.3446116,5.6625676,5.4097605,5.69646
P5_V33_Phase30,7.0,7.0,6.0,7.0,6.0,6.0691786,5.3424277,5.6589212,5.405592,5.6941957
P5_V33_Phase31,5.0,4.0,5.0,4.0,5.0,6.0686274,5.3443513,5.6559873,5.4043083,5.6944933
P5_V33_Phase32,2.0,1.0,2.0,1.0,2.0,6.070242,5.3427763,5.66009,5.4069757,5.695197
P5_V33_Phase33,9.0,8.0,9.0,8.0,9.0,6.0687714,5.3408027,5.6594214,5.4055934,5.6926374
P5_V33_Phase34,7.0,6.0,7.0,6.0,7.0,6.0731144,5.345658,5.6624417,5.4082413,5.698334
P5_V33_Phase35,7.0,6.0,7.0,6.0,7.0,6.06962,5.3426437,5.65959,5.405636,5.6952486
P5_V33_Phase36,7.0,6.0,7.0,6.0,6.0,6.067266,5.3413568,5.6555142,5.4037724,5.6926136
P5_V33_Phase37,7.0,6.0,7.0,6.0,7.0,6.0697966,5.3418975,5.6587577,5.4062653,5.6941504
P5_V33_Phase38,7.0,7.0,7.0,6.0,6.0,6.067998,5.341404,5.658164,5.4027114,5.6937494
P5_V33_Phase39,6.0,5.0,6.0,5.0,5.0,6.072032,5.343491,5.6626563,5.408145,5.695089
P5_V33_Phase4,7.0,6.0,7.0,6.0,7.0,6.0644503,5.340001,5.6537623,5.4011774,5.6897445
P5_V33_Phase40,2.0,1.0,2.0,1.0,2.0,6.073304,5.347469,5.661875,5.4070377,5.697833
P5_V33_Phase41,7.0,7.0,7.0,6.0,7.0,6.068726,5.341515,5.6584496,5.4042077,5.6936135
P5_V33_Phase42,2.0,1.0,2.0,1.0,2.0,6.065793,5.3414183,5.653918,5.40075,5.6925735
P5_V33_Phase43,7.0,6.0,7.0,6.0,7.0,6.0729566,5.3471293,5.660726,5.406703,5.6983643
P5_V33_Phase44,9.0,9.0,9.0,9.0,9.0,6.066786,5.341907,5.6541333,5.4022865,5.693181
P5_V33_Phase45,6.0,5.0,6.0,5.0,5.0,6.0675178,5.3442097,5.653832,5.4031444,5.6937423
P5_V33_Phase46,7.0,6.0,7.0,6.0,7.0,6.071047,5.3465104,5.658773,5.4040146,5.697164
P5_V33_Phase47,9.0,8.0,8.0,9.0,8.0,6.0696707,5.3415856,5.6606455,5.407072,5.693211
P5_V33_Phase48,7.0,6.0,7.0,6.0,6.0,6.0660024,5.3407054,5.653965,5.401207,5.691816
P5_V33_Phase49,7.0,6.0,7.0,6.0,7.0,6.0676856,5.340158,5.656031,5.4059515,5.691453
P5_V33_Phase5,7.0,7.0,7.0,6.0,7.0,6.068797,5.3437123,5.656663,5.4044614,5.6951733
P5_V33_Phase50,9.0,8.0,9.0,8.0,9.0,6.0720043,5.347135,5.658455,5.4055204,5.6976767
P5_V33_Phase51,7.0,6.0,6.0,7.0,6.0,6.06837,5.3423615,5.6560655,5.404292,5.6940403
P5_V33_Phase52,2.0,1.0,2.0,1.0,2.0,6.0709496,5.3441253,5.659738,5.4068203,5.696007
P5_V33_Phase53,7.0,7.0,7.0,6.0,7.0,6.070959,5.3436427,5.660828,5.406905,5.6953616
P5_V33_Phase54,7.0,7.0,7.0,5.0,6.0,6.071465,5.3432546,5.661579,5.4078965,5.69561
P5_V33_Phase55,7.0,6.0,7.0,6.0,7.0,6.062523,5.339416,5.65093,5.3990617,5.6888137
P5_V33_Phase56,9.0,9.0,9.0,9.0,9.0,6.0692906,5.34312,5.657582,5.404265,5.6951685
P5_V33_Phase6,7.0,6.0,7.0,6.0,7.0,6.07061,5.3430324,5.659304,5.40659,5.6957183
P5_V33_Phase7,6.0,5.0,6.0,5.0,6.0,6.0686436,5.343003,5.657391,5.405035,5.6943245
P5_V33_Phase8,7.0,6.0,6.0,7.0,6.0,6.0657043,5.335713,5.658402,5.4041977,5.6870823
P5_V33_Phase9,7.0,6.0,6.0,7.0,6.0,6.0698643,5.343867,5.6578093,5.405818,5.695076
P5_V34_Phase1,7.0,6.0,7.0,6.0,7.0,6.062918,5.3402276,5.649718,5.3985386,5.6903973
P5_V34_Phase10,7.0,6.0,6.0,7.0,6.0,6.0611315,5.3372045,5.64908,5.397405,5.6876755
P5_V34_Phase11,5.0,4.0,3.0,4.0,5.0,6.068079,5.3432345,5.655785,5.4035196,5.694701
P5_V34_Phase12,5.0,4.0,4.0,5.0,5.0,6.069782,5.345426,5.656415,5.403794,5.6957207
P5_V34_Phase13,5.0,4.0,4.0,4.0,5.0,6.0683684,5.3432517,5.656078,5.403447,5.694894
P5_V34_Phase14,5.0,4.0,4.0,5.0,5.0,6.067235,5.3399396,5.657435,5.4033556,5.6906357
P5_V34_Phase15,5.0,5.0,5.0,4.0,5.0,6.0698566,5.343019,5.6591773,5.4058313,5.6954365
P5_V34_Phase16,5.0,5.0,4.0,5.0,4.0,6.0623612,5.3375096,5.650249,5.3985405,5.6884975
P5_V34_Phase17,7.0,7.0,7.0,6.0,6.0,6.066041,5.341475,5.653635,5.401757,5.692683
P5_V34_Phase18,7.0,6.0,6.0,7.0,6.0,6.063,5.337358,5.6506596,5.3986926,5.6879587
P5_V34_Phase19,2.0,1.0,2.0,1.0,1.0,6.0644274,5.3398767,5.652362,5.3993664,5.691266
P5_V34_Phase2,7.0,6.0,6.0,7.0,6.0,6.065173,5.339696,5.652982,5.4009075,5.6915283
P5_V34_Phase20,7.0,6.0,7.0,6.0,7.0,6.0667057,5.3422236,5.6527085,5.4026756,5.6933284
P5_V34_Phase21,7.0,7.0,6.0,6.0,7.0,6.0650225,5.3411613,5.652233,5.40145,5.6917667
P5_V34_Phase22,7.0,6.0,6.0,7.0,6.0,6.066418,5.3418274,5.6538463,5.4025574,5.6925917
P5_V34_Phase23,2.0,2.0,1.0,2.0,2.0,6.0678515,5.343412,5.654926,5.4037075,5.6946077
P5_V34_Phase24,4.0,3.0,3.0,4.0,4.0,6.066498,5.341309,5.654302,5.402053,5.6926556
P5_V34_Phase25,7.0,6.0,7.0,5.0,6.0,6.0692067,5.342611,5.657898,5.405146,5.694175
P5_V34_Phase26,5.0,4.0,5.0,4.0,5.0,6.069058,5.3454475,5.657167,5.4035587,5.6956253
P5_V34_Phase3,5.0,4.0,4.0,4.0,5.0,6.0678983,5.3426247,5.655482,5.403375,5.694214
P5_V34_Phase4,2.0,2.0,2.0,1.0,2.0,6.0686173,5.343056,5.657126,5.4035892,5.6952047
P5_V34_Phase5,5.0,4.0,4.0,5.0,4.0,6.068779,5.343631,5.657296,5.404518,5.694977
P5_V34_Phase6,2.0,1.0,2.0,1.0,2.0,6.063363,5.3402,5.6502976,5.399322,5.690176
P5_V34_Phase7,5.0,4.0,4.0,5.0,4.0,6.0724735,5.3454056,5.6618767,5.4070387,5.6977406
P5_V34_Phase8,4.0,3.0,3.0,4.0,3.0,6.067317,5.3420663,5.6553435,5.4035025,5.6930165
P5_V34_Phase9,7.0,6.0,6.0,7.0,6.0,6.0688696,5.343475,5.657531,5.403926,5.6946516
P5_V35_Phase1,7.0,6.0,6.0,7.0,6.0,6.0692725,5.3421407,5.6590934,5.4050097,5.693456
P5_V35_Phase10,7.0,6.0,7.0,6.0,7.0,6.068535,5.342714,5.656907,5.4038277,5.6937943
P5_V35_Phase11,7.0,6.0,7.0,6.0,7.0,6.0682087,5.341274,5.657003,5.4042535,5.6939344
P5_V35_Phase12,2.0,2.0,1.0,2.0,1.0,6.068673,5.342992,5.6554465,5.4051194,5.6947365
P5_V35_Phase13,9.0,8.0,8.0,9.0,8.0,6.073366,5.344171,5.6634736,5.4098506,5.69634
P5_V35_Phase14,7.0,7.0,7.0,6.0,6.0,6.0689917,5.3423142,5.656891,5.4050508,5.6948986
P5_V35_Phase15,9.0,8.0,9.0,8.0,8.0,6.0683913,5.3428235,5.655616,5.404386,5.6943655
P5_V35_Phase16,5.0,4.0,5.0,4.0,4.0,6.063878,5.329584,5.6596923,5.406646,5.6828613
P5_V35_Phase17,7.0,7.0,6.0,7.0,7.0,6.072591,5.3441505,5.662339,5.409297,5.695325
P5_V35_Phase18,7.0,6.0,7.0,6.0,6.0,6.067397,5.341542,5.6552157,5.403917,5.692563
P5_V35_Phase19,6.0,5.0,6.0,6.0,6.0,6.0703998,5.340177,5.6618314,5.4079304,5.6914816
P5_V35_Phase2,7.0,6.0,6.0,7.0,6.0,6.067712,5.3426013,5.65602,5.403255,5.6944284
P5_V35_Phase20,2.0,2.0,1.0,2.0,1.0,6.0700417,5.341277,5.659752,5.4077725,5.6924872
P5_V35_Phase21,9.0,9.0,8.0,8.0,9.0,6.0684147,5.3422346,5.657326,5.405386,5.6932516
P5_V35_Phase22,7.0,6.0,7.0,6.0,7.0,6.068782,5.345115,5.656119,5.403155,5.6954155
P5_V35_Phase23,9.0,9.0,9.0,9.0,9.0,6.067405,5.3430476,5.6556277,5.400447,5.6937017
P5_V35_Phase24,9.0,8.0,9.0,8.0,9.0,6.068676,5.343569,5.659415,5.4029293,5.6951294
P5_V35_Phase25,9.0,9.0,9.0,8.0,8.0,6.0665107,5.3437424,5.6533294,5.4016085,5.693588
P5_V35_Phase26,9.0,9.0,8.0,8.0,9.0,6.0660496,5.340864,5.6535463,5.40244,5.6921287
P5_V35_Phase27,4.0,3.0,3.0,4.0,4.0,6.0717506,5.344685,5.660441,5.407136,5.696944
P5_V35_Phase28,7.0,6.0,7.0,6.0,6.0,6.0687327,5.3418565,5.6593394,5.405549,5.692848
P5_V35_Phase29,2.0,1.0,2.0,1.0,2.0,6.073934,5.34875,5.6633286,5.4075937,5.7001314
P5_V35_Phase3,7.0,7.0,5.0,7.0,7.0,6.0713463,5.3453555,5.6599164,5.4061413,5.696843
P5_V35_Phase30,4.0,3.0,2.0,3.0,4.0,6.0677853,5.3439226,5.6552663,5.4020376,5.694784
P5_V35_Phase31,4.0,3.0,2.0,3.0,4.0,6.070454,5.343757,5.6589117,5.40635,5.696089
P5_V35_Phase32,5.0,4.0,4.0,5.0,5.0,6.076756,5.3481617,5.665936,5.411851,5.7008734
P5_V35_Phase33,9.0,8.0,9.0,8.0,9.0,6.0723314,5.3435016,5.6618342,5.4090276,5.696601
P5_V35_Phase34,5.0,4.0,5.0,4.0,4.0,6.06909,5.3418937,5.657233,5.4059787,5.6941137
P5_V35_Phase35,2.0,2.0,1.0,2.0,1.0,6.0664854,5.34215,5.653993,5.4022675,5.6927605
P5_V35_Phase36,4.0,3.0,4.0,3.0,3.0,6.068783,5.3433022,5.6574073,5.4052296,5.6947536
P5_V35_Phase37,9.0,8.0,8.0,9.0,8.0,6.068529,5.34302,5.6565948,5.404051,5.6944566
P5_V35_Phase38,7.0,7.0,7.0,6.0,7.0,6.069501,5.343518,5.6578584,5.405142,5.695388
P5_V35_Phase39,7.0,7.0,7.0,6.0,7.0,6.070819,5.3444505,5.66126,5.405735,5.6966724
P5_V35_Phase4,7.0,6.0,6.0,7.0,6.0,6.068681,5.3419137,5.6604705,5.4060116,5.692855
P5_V35_Phase40,9.0,8.0,9.0,8.0,9.0,6.067745,5.3420873,5.6553693,5.4041505,5.6934004
P5_V35_Phase41,4.0,4.0,3.0,4.0,4.0,6.0686073,5.344487,5.6560006,5.4042015,5.6952295
P5_V35_Phase5,9.0,8.0,8.0,9.0,8.0,6.070255,5.344591,5.6590543,5.4056053,5.6965833
P5_V35_Phase6,9.0,8.0,8.0,9.0,8.0,6.067751,5.3415694,5.6565547,5.4037633,5.6931515
P5_V35_Phase7,7.0,7.0,6.0,6.0,7.0,6.0705676,5.34419,5.659778,5.4057183,5.6958
P5_V35_Phase8,7.0,6.0,7.0,6.0,7.0,6.0678225,5.342381,5.6559596,5.403738,5.6944
P5_V35_Phase9,9.0,8.0,8.0,9.0,8.0,6.067177,5.3396053,5.657369,5.403887,5.691456
P5_V36_Phase1,7.0,7.0,6.0,6.0,7.0,6.0652556,5.3405795,5.6521106,5.40074,5.6911764
P5_V36_Phase10,7.0,6.0,7.0,6.0,7.0,6.071681,5.3444295,5.6601768,5.406718,5.696821
P5_V36_Phase11,7.0,6.0,7.0,6.0,7.0,6.0671654,5.343084,5.6543136,5.402629,5.6938715
P5_V36_Phase12,7.0,6.0,7.0,6.0,7.0,6.069792,5.345342,5.6577225,5.4054317,5.6961646
P5_V36_Phase13,2.0,2.0,1.0,2.0,1.0,6.070692,5.342533,5.6610074,5.408375,5.695095
P5_V36_Phase14,2.0,1.0,1.0,1.0,2.0,6.0664897,5.3427286,5.654824,5.4016175,5.693223
P5_V36_Phase15,7.0,7.0,7.0,6.0,6.0,6.0680766,5.3434596,5.655643,5.4029016,5.694474
P5_V36_Phase16,2.0,2.0,1.0,2.0,1.0,6.0696917,5.345657,5.6571293,5.4042974,5.6962013
P5_V36_Phase17,2.0,2.0,2.0,1.0,1.0,6.0719004,5.346303,5.6605144,5.4066114,5.697732
P5_V36_Phase18,2.0,1.0,2.0,1.0,2.0,6.068756,5.3417544,5.6577115,5.405743,5.694307
P5_V36_Phase19,6.0,6.0,5.0,5.0,6.0,6.068751,5.3435745,5.6572847,5.402206,5.694737
P5_V36_Phase2,7.0,6.0,6.0,7.0,6.0,6.0770416,5.352842,5.665473,5.4094877,5.7026997
P5_V36_Phase20,7.0,6.0,7.0,6.0,7.0,6.0732374,5.3438697,5.661718,5.4090757,5.6971207
P5_V36_Phase21,1.0,0.0,1.0,0.0,0.0,6.0720778,5.3443656,5.6607585,5.4074574,5.6969395
P5_V36_Phase3,2.0,2.0,1.0,2.0,1.0,6.0712366,5.3461432,5.6598086,5.4059057,5.697627
P5_V36_Phase4,6.0,5.0,5.0,6.0,6.0,6.07141,5.3426466,5.661671,5.4075785,5.6949162
P5_V36_Phase5,2.0,2.0,2.0,1.0,2.0,6.0700226,5.343799,5.659082,5.405832,5.6953554
P5_V36_Phase6,2.0,2.0,1.0,2.0,1.0,6.0712156,5.344589,5.662104,5.4081917,5.696615
P5_V36_Phase7,9.0,9.0,9.0,9.0,9.0,6.0674915,5.3436007,5.655104,5.4027195,5.6940613
P5_V36_Phase8,9.0,8.0,8.0,9.0,8.0,6.0688667,5.34302,5.657418,5.4046555,5.695203
P5_V36_Phase9,7.0,6.0,6.0,7.0,6.0,6.073146,5.346043,5.6614585,5.4093866,5.6978884
P5_V37_Phase1,9.0,9.0,9.0,9.0,9.0,6.069409,5.344859,5.656901,5.4049797,5.695881
P5_V37_Phase10,9.0,9.0,9.0,8.0,9.0,6.070299,5.3421626,5.6603703,5.406268,5.6939125
P5_V37_Phase11,7.0,6.0,7.0,6.0,7.0,6.063138,5.337931,5.655038,5.4011135,5.687683
P5_V37_Phase12,9.0,8.0,9.0,8.0,9.0,6.0675077,5.3412232,5.657536,5.4036937,5.691576
P5_V37_Phase13,9.0,8.0,9.0,8.0,9.0,6.0699873,5.3449726,5.65807,5.404221,5.696501
P5_V37_Phase14,7.0,6.0,7.0,5.0,5.0,6.066639,5.343124,5.654566,5.400489,5.6936817
P5_V37_Phase15,9.0,8.0,9.0,8.0,8.0,6.066884,5.3403563,5.6563234,5.402667,5.6921906
P5_V37_Phase16,5.0,4.0,5.0,4.0,5.0,6.068182,5.3447566,5.6568313,5.4026904,5.6949663
P5_V37_Phase17,7.0,6.0,7.0,6.0,7.0,6.066246,5.3409076,5.654839,5.4013457,5.6913066
P5_V37_Phase18,7.0,7.0,6.0,6.0,7.0,6.0692024,5.342137,5.659164,5.4052887,5.6942935
P5_V37_Phase19,8.0,7.0,6.0,7.0,7.0,6.0724764,5.3450866,5.661825,5.4080834,5.6974287
P5_V37_Phase2,9.0,9.0,9.0,9.0,9.0,6.0691037,5.3437486,5.6554594,5.4050283,5.694936
P5_V37_Phase20,7.0,7.0,6.0,7.0,7.0,6.0671644,5.3427587,5.654228,5.4010234,5.693269
P5_V37_Phase21,3.0,3.0,1.0,2.0,3.0,6.0669794,5.341471,5.655605,5.40221,5.6931257
P5_V37_Phase22,6.0,5.0,6.0,5.0,6.0,6.0653987,5.340389,5.653907,5.4018593,5.6920147
P5_V37_Phase23,2.0,2.0,0.0,0.0,1.0,6.0697327,5.341886,5.6598907,5.4071436,5.6941004
P5_V37_Phase24,6.0,5.0,6.0,4.0,4.0,6.0669785,5.3401365,5.6567388,5.4027967,5.6917953
P5_V37_Phase25,7.0,6.0,7.0,5.0,6.0,6.0642104,5.3406243,5.6514764,5.399579,5.6910467
P5_V37_Phase26,9.0,8.0,8.0,9.0,8.0,6.0672207,5.3402123,5.657191,5.4034586,5.691842
P5_V37_Phase27,7.0,6.0,5.0,6.0,6.0,6.0666046,5.340085,5.6561933,5.4022894,5.692179
P5_V37_Phase28,9.0,8.0,8.0,9.0,8.0,6.0686655,5.343722,5.656838,5.404648,5.6954393
P5_V37_Phase29,7.0,6.0,7.0,6.0,7.0,6.061475,5.3351293,5.6535435,5.398221,5.68561
P5_V37_Phase3,6.0,5.0,6.0,5.0,6.0,6.069508,5.3436165,5.659573,5.404298,5.694002
P5_V37_Phase30,9.0,8.0,8.0,9.0,8.0,6.066474,5.34012,5.6546297,5.4027824,5.691457
P5_V37_Phase31,7.0,7.0,6.0,7.0,6.0,6.065685,5.341362,5.652606,5.401445,5.6919355
P5_V37_Phase32,3.0,2.0,1.0,2.0,2.0,6.0683393,5.343164,5.656116,5.404217,5.6946287
P5_V37_Phase33,5.0,4.0,5.0,3.0,4.0,6.0672083,5.3417363,5.655849,5.402305,5.693121
P5_V37_Phase34,7.0,7.0,6.0,7.0,6.0,6.0678406,5.342312,5.6557302,5.4038973,5.69369
P5_V37_Phase35,4.0,3.0,4.0,2.0,3.0,6.06997,5.3426757,5.65933,5.406579,5.695003
P5_V37_Phase36,7.0,6.0,7.0,6.0,7.0,6.0694156,5.3428607,5.6579595,5.405246,5.694185
P5_V37_Phase37,6.0,5.0,4.0,5.0,5.0,6.06526,5.3403354,5.6535115,5.401506,5.691718
P5_V37_Phase4,7.0,6.0,7.0,6.0,6.0,6.0642138,5.3418813,5.6521287,5.4003334,5.6916213
P5_V37_Phase5,6.0,6.0,5.0,6.0,5.0,6.0714054,5.3435845,5.660812,5.406703,5.695627
P5_V37_Phase6,9.0,8.0,9.0,8.0,9.0,6.0675073,5.342498,5.6579328,5.4029083,5.691865
P5_V37_Phase7,7.0,6.0,5.0,6.0,7.0,6.0707393,5.3458867,5.6594033,5.405287,5.696743
P5_V37_Phase8,9.0,8.0,9.0,8.0,9.0,6.0705395,5.3444057,5.6593013,5.406048,5.696005
P5_V37_Phase9,7.0,6.0,7.0,5.0,6.0,6.06979,5.344923,5.6580095,5.4047112,5.695874
P5_V38_Phase1,7.0,6.0,7.0,6.0,7.0,6.0610137,5.3327546,5.652173,5.3982515,5.6850085
P5_V38_Phase10,0.0,0.0,0.0,0.0,0.0,6.0705676,5.343792,5.659618,5.405461,5.6950984
P5_V38_Phase11,2.0,1.0,2.0,1.0,2.0,6.0680256,5.34185,5.657117,5.4037867,5.6935587
P5_V38_Phase12,2.0,2.0,2.0,1.0,2.0,6.070972,5.3445187,5.659822,5.40701,5.696373
P5_V38_Phase13,2.0,2.0,2.0,1.0,2.0,6.0707827,5.344273,5.6591773,5.406538,5.6959
P5_V38_Phase14,7.0,6.0,7.0,6.0,7.0,6.0698175,5.3428926,5.658547,5.405487,5.694561
P5_V38_Phase15,6.0,6.0,5.0,4.0,5.0,6.073374,5.343109,5.665647,5.4097795,5.6939535
P5_V38_Phase16,4.0,4.0,3.0,4.0,3.0,6.0735955,5.3457255,5.6631246,5.4087663,5.6983976
P5_V38_Phase17,2.0,1.0,1.0,2.0,1.0,6.067251,5.3398347,5.6575828,5.4046307,5.6905603
P5_V38_Phase18,7.0,6.0,7.0,6.0,7.0,6.065926,5.3397446,5.6554685,5.4028864,5.690717
P5_V38_Phase19,2.0,2.0,1.0,1.0,2.0,6.0695515,5.343567,5.6581326,5.4043174,5.6950793
P5_V38_Phase2,1.0,1.0,0.0,1.0,0.0,6.069437,5.3432703,5.6582093,5.405016,5.694946
P5_V38_Phase20,2.0,1.0,2.0,1.0,2.0,6.062537,5.338878,5.65156,5.3977337,5.6881266
P5_V38_Phase21,5.0,4.0,5.0,4.0,5.0,6.069751,5.3446636,5.658095,5.4063272,5.6956873
P5_V38_Phase22,7.0,7.0,7.0,6.0,7.0,6.0681157,5.3425117,5.6562057,5.4035034,5.694414
P5_V38_Phase23,7.0,6.0,6.0,7.0,7.0,6.062754,5.3378606,5.650075,5.3984156,5.6892004
P5_V38_Phase24,4.0,3.0,3.0,4.0,4.0,6.067766,5.340768,5.6570244,5.403062,5.692644
P5_V38_Phase25,2.0,2.0,1.0,2.0,2.0,6.064652,5.3404193,5.6530128,5.40088,5.6913147
P5_V38_Phase26,5.0,5.0,4.0,5.0,4.0,6.0686274,5.340857,5.661352,5.407014,5.691404
P5_V38_Phase27,6.0,5.0,6.0,5.0,6.0,6.0717125,5.343902,5.662496,5.408546,5.6955743
P5_V38_Phase28,7.0,7.0,7.0,6.0,7.0,6.071127,5.3436217,5.660815,5.40751,5.6964192
P5_V38_Phase29,2.0,1.0,2.0,0.0,1.0,6.065794,5.3401494,5.6547346,5.401515,5.69176
P5_V38_Phase3,2.0,2.0,1.0,1.0,1.0,6.0707397,5.343121,5.6611214,5.4072146,5.695213
P5_V38_Phase30,2.0,1.0,2.0,0.0,1.0,6.070364,5.343968,5.659855,5.406336,5.6957693
P5_V38_Phase31,5.0,4.0,5.0,4.0,5.0,6.070673,5.3436484,5.660425,5.407884,5.6963835
P5_V38_Phase32,2.0,2.0,1.0,1.0,2.0,6.068174,5.343345,5.6553636,5.403707,5.693596
P5_V38_Phase33,2.0,2.0,1.0,2.0,1.0,6.0703783,5.343024,5.661815,5.406485,5.6936364
P5_V38_Phase34,7.0,6.0,6.0,7.0,7.0,6.0700607,5.3437095,5.659509,5.406208,5.6958876
P5_V38_Phase35,5.0,5.0,4.0,4.0,5.0,6.0687666,5.3434067,5.657314,5.403022,5.6952343
P5_V38_Phase4,1.0,1.0,0.0,1.0,0.0,6.0644636,5.3401685,5.65301,5.401598,5.6886272
P5_V38_Phase5,2.0,2.0,1.0,1.0,2.0,6.070112,5.343386,5.6573386,5.405496,5.695301
P5_V38_Phase6,9.0,8.0,8.0,9.0,8.0,6.071159,5.3440356,5.659255,5.4065742,5.696288
P5_V38_Phase7,2.0,2.0,1.0,2.0,1.0,6.0685205,5.341916,5.6578937,5.403544,5.693595
P5_V38_Phase8,1.0,0.0,1.0,0.0,1.0,6.068869,5.3445826,5.6570086,5.4027996,5.695098
P5_V38_Phase9,7.0,7.0,7.0,6.0,7.0,6.065961,5.3401117,5.653942,5.401148,5.6913776
P5_V39_Phase1,5.0,4.0,5.0,4.0,5.0,6.0643964,5.3352227,5.6560826,5.4022055,5.687088
P5_V39_Phase10,7.0,7.0,6.0,6.0,7.0,6.0684347,5.343558,5.6557426,5.4022593,5.695053
P5_V39_Phase11,9.0,8.0,8.0,9.0,8.0,6.067838,5.339519,5.6580567,5.4057,5.6914825
P5_V39_Phase12,5.0,4.0,5.0,4.0,5.0,6.0646124,5.342555,5.652518,5.3985653,5.6921444
P5_V39_Phase13,5.0,4.0,5.0,4.0,4.0,6.0703425,5.3455324,5.6587105,5.404538,5.6962814
P5_V39_Phase14,7.0,7.0,7.0,6.0,6.0,6.0698586,5.345553,5.657968,5.403899,5.6970477
P5_V39_Phase15,9.0,9.0,8.0,9.0,9.0,6.0636215,5.3393645,5.650616,5.39847,5.689167
P5_V39_Phase16,9.0,8.0,8.0,8.0,9.0,6.0671034,5.343076,5.6561394,5.4002647,5.694165
P5_V39_Phase17,4.0,3.0,3.0,4.0,4.0,6.0704594,5.3450875,5.6586223,5.4044485,5.696674
P5_V39_Phase18,4.0,4.0,4.0,4.0,5.0,6.064516,5.3395057,5.6528573,5.399796,5.6908336
P5_V39_Phase19,2.0,2.0,1.0,1.0,2.0,6.0682635,5.343205,5.656261,5.4026823,5.6946955
P5_V39_Phase2,5.0,4.0,4.0,5.0,5.0,6.0688457,5.341885,5.6582246,5.404416,5.6931725
P5_V39_Phase20,9.0,8.0,9.0,8.0,9.0,6.064981,5.3409543,5.6522174,5.400573,5.6913533
P5_V39_Phase21,9.0,9.0,8.0,9.0,8.0,6.067069,5.3430276,5.6544194,5.4001894,5.6934266
P5_V39_Phase22,9.0,8.0,8.0,9.0,8.0,6.0677214,5.343106,5.654918,5.4023433,5.6940174
P5_V39_Phase23,7.0,7.0,6.0,6.0,7.0,6.0711527,5.3462005,5.659656,5.406108,5.697274
P5_V39_Phase24,2.0,1.0,0.0,1.0,1.0,6.060666,5.3378572,5.647788,5.3968763,5.6878176
P5_V39_Phase25,7.0,6.0,6.0,7.0,7.0,6.066684,5.342133,5.6547914,5.4026594,5.693045
P5_V39_Phase26,9.0,8.0,8.0,9.0,8.0,6.0659885,5.339688,5.654505,5.4017315,5.691046
P5_V39_Phase27,2.0,1.0,1.0,2.0,1.0,6.0665894,5.3408856,5.6541133,5.402172,5.692047
P5_V39_Phase28,4.0,3.0,3.0,4.0,4.0,6.068102,5.3424373,5.657225,5.404251,5.693823
P5_V39_Phase29,2.0,1.0,0.0,1.0,1.0,6.0660324,5.3415885,5.653626,5.401683,5.6921988
P5_V39_Phase3,2.0,1.0,1.0,2.0,1.0,6.068237,5.342729,5.656973,5.40398,5.694707
P5_V39_Phase30,2.0,1.0,2.0,1.0,2.0,6.065986,5.3409514,5.6543045,5.4011855,5.6923356
P5_V39_Phase31,4.0,3.0,3.0,4.0,3.0,6.0695024,5.3442273,5.6569076,5.404497,5.695649
P5_V39_Phase32,9.0,8.0,8.0,9.0,8.0,6.0651503,5.3400216,5.652901,5.399561,5.6912603
P5_V39_Phase33,2.0,1.0,2.0,1.0,2.0,6.0674167,5.3421607,5.6553226,5.4029264,5.6936197
P5_V39_Phase34,7.0,6.0,6.0,7.0,6.0,6.071561,5.343392,5.662473,5.4077353,5.695619
P5_V39_Phase35,9.0,8.0,9.0,8.0,9.0,6.070063,5.343189,5.658892,5.405593,5.6950593
P5_V39_Phase36,9.0,9.0,9.0,9.0,9.0,6.0704517,5.344042,5.6586704,5.4061027,5.696065
P5_V39_Phase37,5.0,4.0,4.0,5.0,5.0,6.0637245,5.338031,5.6536913,5.3991504,5.68859
P5_V39_Phase38,7.0,7.0,6.0,6.0,7.0,6.0635195,5.336245,5.654824,5.4018726,5.6874523
P5_V39_Phase39,5.0,4.0,3.0,4.0,4.0,6.0650496,5.340858,5.653084,5.400442,5.691822
P5_V39_Phase4,7.0,6.0,7.0,6.0,7.0,6.065544,5.3398824,5.652866,5.401503,5.6910963
P5_V39_Phase40,9.0,8.0,9.0,8.0,8.0,6.0704117,5.3442082,5.658768,5.4058766,5.6961613
P5_V39_Phase41,7.0,6.0,6.0,7.0,6.0,6.06705,5.3422084,5.654803,5.4021544,5.6934147
P5_V39_Phase42,7.0,7.0,6.0,5.0,6.0,6.0664654,5.341401,5.654514,5.4019804,5.6932316
P5_V39_Phase43,2.0,1.0,0.0,0.0,0.0,6.0679865,5.344704,5.656491,5.4030266,5.693871
P5_V39_Phase44,4.0,5.0,4.0,3.0,4.0,6.0662384,5.3385634,5.656093,5.4029884,5.690155
P5_V39_Phase5,2.0,1.0,0.0,1.0,1.0,6.0653105,5.3398747,5.6546683,5.401188,5.690735
P5_V39_Phase6,4.0,3.0,4.0,4.0,5.0,6.063752,5.3390007,5.6508965,5.399158,5.6901555
P5_V39_Phase7,4.0,3.0,3.0,4.0,5.0,6.0664864,5.339751,5.655848,5.402609,5.690701
P5_V39_Phase8,9.0,8.0,8.0,9.0,8.0,6.0736933,5.347182,5.662764,5.4073954,5.699113
P5_V39_Phase9,2.0,1.0,2.0,1.0,2.0,6.070015,5.344331,5.6582203,5.4059997,5.6959066
P5_V3_Phase1,5.0,4.0,5.0,4.0,5.0,6.069358,5.3439856,5.6571894,5.4039645,5.6956
P5_V3_Phase10,7.0,7.0,6.0,7.0,6.0,6.066771,5.3423758,5.655059,5.401386,5.693512
P5_V3_Phase11,9.0,9.0,8.0,9.0,8.0,6.0667534,5.341434,5.654658,5.402167,5.6929207
P5_V3_Phase12,5.0,5.0,4.0,4.0,5.0,6.071475,5.3453093,5.658505,5.4049263,5.6967497
P5_V3_Phase13,7.0,6.0,6.0,7.0,6.0,6.070836,5.3457737,5.659669,5.406148,5.697308
P5_V3_Phase14,5.0,4.0,4.0,5.0,4.0,6.0685935,5.3442254,5.6566434,5.403324,5.6946
P5_V3_Phase15,7.0,6.0,7.0,6.0,7.0,6.067834,5.341822,5.655991,5.4030213,5.6935115
P5_V3_Phase16,7.0,7.0,7.0,6.0,6.0,6.066922,5.3405433,5.6556687,5.4020767,5.692518
P5_V3_Phase17,9.0,8.0,8.0,9.0,8.0,6.071112,5.3455577,5.6596875,5.406588,5.6972914
P5_V3_Phase18,5.0,4.0,4.0,5.0,4.0,6.062278,5.3373876,5.6515117,5.4005456,5.687331
P5_V3_Phase19,5.0,4.0,4.0,4.0,3.0,6.07215,5.3456798,5.6613393,5.408839,5.6982226
P5_V3_Phase2,5.0,4.0,4.0,5.0,5.0,6.0680614,5.3422008,5.655825,5.4030256,5.693944
P5_V3_Phase20,5.0,4.0,4.0,5.0,4.0,6.067218,5.3415904,5.6553245,5.4036922,5.692678
P5_V3_Phase21,4.0,4.0,3.0,4.0,3.0,6.068713,5.341579,5.6581283,5.4059,5.692548
P5_V3_Phase22,9.0,8.0,8.0,8.0,8.0,6.0707693,5.3403516,5.6622753,5.4089136,5.692801
P5_V3_Phase23,9.0,8.0,8.0,9.0,8.0,6.0611677,5.3352194,5.651207,5.3980703,5.6856623
P5_V3_Phase24,4.0,3.0,4.0,3.0,4.0,6.0693264,5.3424635,5.6586466,5.4039,5.6950135
P5_V3_Phase25,5.0,4.0,4.0,5.0,4.0,6.0675883,5.342386,5.6565676,5.403366,5.692665
P5_V3_Phase26,5.0,5.0,4.0,4.0,5.0,6.069275,5.3427253,5.658375,5.406039,5.6943674
P5_V3_Phase27,7.0,6.0,7.0,6.0,6.0,6.069913,5.342352,5.6592155,5.40656,5.6941457
P5_V3_Phase28,2.0,1.0,2.0,1.0,2.0,6.068408,5.342357,5.6556354,5.40466,5.6939764
P5_V3_Phase29,7.0,6.0,7.0,6.0,7.0,6.067787,5.3417215,5.6567435,5.403537,5.69308
P5_V3_Phase3,4.0,3.0,4.0,4.0,4.0,6.065448,5.3387136,5.6548066,5.402211,5.6899757
P5_V3_Phase30,7.0,6.0,7.0,6.0,7.0,6.0680523,5.3404937,5.658688,5.4047213,5.691087
P5_V3_Phase31,9.0,8.0,9.0,9.0,8.0,6.0690107,5.3410535,5.6585155,5.405918,5.692666
P5_V3_Phase32,9.0,9.0,9.0,8.0,8.0,6.067705,5.339594,5.6599164,5.406515,5.6911087
P5_V3_Phase33,2.0,1.0,2.0,1.0,1.0,6.06841,5.341595,5.657758,5.4035387,5.693714
P5_V3_Phase34,2.0,1.0,0.0,1.0,2.0,6.0711503,5.346128,5.660126,5.40557,5.697633
P5_V3_Phase35,5.0,4.0,4.0,5.0,4.0,6.0663347,5.341455,5.6549754,5.4030237,5.693034
P5_V3_Phase36,7.0,6.0,6.0,7.0,6.0,6.0735464,5.3457775,5.663013,5.409335,5.698722
P5_V3_Phase37,5.0,4.0,5.0,4.0,5.0,6.0709777,5.3432517,5.661055,5.407116,5.6962786
P5_V3_Phase38,9.0,8.0,8.0,9.0,8.0,6.0698266,5.3426824,5.6590114,5.405383,5.6948886
P5_V3_Phase39,5.0,5.0,4.0,5.0,4.0,6.072047,5.3447957,5.660867,5.4080515,5.6971445
P5_V3_Phase4,5.0,5.0,4.0,5.0,5.0,6.066513,5.3411455,5.655188,5.4018517,5.6924944
P5_V3_Phase40,5.0,4.0,3.0,4.0,5.0,6.0684595,5.338944,5.6600657,5.406306,5.691038
P5_V3_Phase41,7.0,6.0,6.0,7.0,6.0,6.069066,5.3401656,5.658789,5.4066744,5.6921973
P5_V3_Phase5,5.0,4.0,4.0,5.0,4.0,6.06779,5.342152,5.6560893,5.404855,5.6926966
P5_V3_Phase6,5.0,4.0,5.0,4.0,4.0,6.066684,5.342322,5.6541986,5.401188,5.6931143
P5_V3_Phase7,5.0,4.0,4.0,5.0,4.0,6.0712996,5.346355,5.658358,5.4057693,5.6972547
P5_V3_Phase8,5.0,5.0,4.0,4.0,5.0,6.0698075,5.3442435,5.6585836,5.4047346,5.6962595
P5_V3_Phase9,4.0,4.0,3.0,4.0,4.0,6.067355,5.342157,5.6552906,5.403269,5.693426
P5_V40_Phase1,5.0,4.0,4.0,5.0,4.0,6.0661917,5.3409624,5.653836,5.4021344,5.6919413
P5_V40_Phase10,5.0,5.0,4.0,5.0,5.0,6.0690074,5.343418,5.657239,5.4038625,5.694507
P5_V40_Phase11,5.0,4.0,4.0,5.0,4.0,6.061948,5.338631,5.6494694,5.398139,5.6887417
P5_V40_Phase12,5.0,4.0,5.0,4.0,5.0,6.0678396,5.3428087,5.655129,5.404275,5.694146
P5_V40_Phase13,7.0,6.0,6.0,7.0,6.0,6.0722103,5.3447695,5.6628885,5.4077153,5.6971545
P5_V40_Phase14,7.0,7.0,7.0,6.0,6.0,6.069314,5.34246,5.6579604,5.404703,5.6943035
P5_V40_Phase15,7.0,7.0,6.0,6.0,7.0,6.0643487,5.33923,5.6523166,5.402319,5.689966
P5_V40_Phase16,7.0,6.0,7.0,6.0,6.0,6.069206,5.3445644,5.6569743,5.405081,5.6953692
P5_V40_Phase17,4.0,3.0,3.0,2.0,3.0,6.070102,5.344974,5.6579165,5.4062634,5.696477
P5_V40_Phase18,7.0,6.0,6.0,7.0,6.0,6.0642653,5.339827,5.6526628,5.401698,5.690398
P5_V40_Phase19,7.0,7.0,6.0,6.0,7.0,6.069253,5.3432407,5.6586637,5.40568,5.695018
P5_V40_Phase2,2.0,1.0,0.0,1.0,2.0,6.064831,5.3407874,5.6524286,5.4012284,5.691102
P5_V40_Phase20,9.0,8.0,9.0,8.0,8.0,6.0694084,5.343241,5.657986,5.4051495,5.6952133
P5_V40_Phase21,0.0,0.0,0.0,0.0,0.0,6.06919,5.34411,5.657829,5.405609,5.69562
P5_V40_Phase22,2.0,1.0,1.0,1.0,0.0,6.0650606,5.339858,5.653468,5.3998556,5.6910143
P5_V40_Phase23,2.0,1.0,2.0,1.0,1.0,6.07018,5.3434234,5.658895,5.4059277,5.69522
P5_V40_Phase24,7.0,6.0,7.0,6.0,6.0,6.0691576,5.3443503,5.6576324,5.402994,5.6948824
P5_V40_Phase25,5.0,4.0,5.0,4.0,5.0,6.065838,5.3391857,5.65482,5.4023952,5.691271
P5_V40_Phase26,5.0,5.0,4.0,4.0,5.0,6.07043,5.3435693,5.6597047,5.406084,5.695141
P5_V40_Phase27,9.0,9.0,9.0,9.0,9.0,6.065998,5.3382955,5.6564755,5.402733,5.689474
P5_V40_Phase28,7.0,6.0,7.0,5.0,6.0,6.0710907,5.341805,5.66221,5.408383,5.694168
P5_V40_Phase29,5.0,4.0,5.0,4.0,5.0,6.071744,5.343803,5.66056,5.4076085,5.6964397
P5_V40_Phase3,2.0,2.0,1.0,2.0,2.0,6.065092,5.3400774,5.6527805,5.4011908,5.6912613
P5_V40_Phase30,9.0,8.0,8.0,9.0,8.0,6.068435,5.3415666,5.657149,5.4041348,5.6933174
P5_V40_Phase31,7.0,6.0,7.0,6.0,7.0,6.065176,5.33973,5.652542,5.400915,5.6902933
P5_V40_Phase32,7.0,7.0,6.0,6.0,7.0,6.068572,5.3431067,5.656551,5.404348,5.695092
P5_V40_Phase33,7.0,7.0,6.0,7.0,6.0,6.0692244,5.339236,5.6605997,5.4061155,5.690607
P5_V40_Phase34,7.0,7.0,6.0,6.0,7.0,6.066805,5.342284,5.655148,5.402871,5.6934958
P5_V40_Phase35,4.0,3.0,4.0,3.0,4.0,6.066345,5.341972,5.6541133,5.401401,5.692707
P5_V40_Phase36,7.0,6.0,6.0,7.0,6.0,6.067522,5.340637,5.6559863,5.4028616,5.692606
P5_V40_Phase37,6.0,6.0,6.0,5.0,5.0,6.066583,5.3414297,5.6536517,5.4023385,5.6924057
P5_V40_Phase38,7.0,7.0,6.0,6.0,7.0,6.067971,5.342013,5.656792,5.403806,5.693818
P5_V40_Phase39,5.0,4.0,5.0,4.0,5.0,6.065793,5.340182,5.6538854,5.401991,5.6908884
P5_V40_Phase4,5.0,4.0,4.0,5.0,4.0,6.069943,5.343813,5.658115,5.406063,5.6950126
P5_V40_Phase40,5.0,5.0,4.0,4.0,5.0,6.0649705,5.3398957,5.655043,5.4016523,5.689043
P5_V40_Phase41,2.0,2.0,1.0,2.0,2.0,6.0630426,5.338001,5.6510735,5.4004803,5.6888885
P5_V40_Phase42,7.0,7.0,6.0,6.0,7.0,6.066603,5.3406253,5.655755,5.4036555,5.6918087
P5_V40_Phase43,4.0,3.0,3.0,4.0,3.0,6.0641623,5.340389,5.6520886,5.400626,5.690177
P5_V40_Phase44,5.0,4.0,4.0,5.0,4.0,6.0703235,5.344823,5.6589823,5.4050455,5.696523
P5_V40_Phase45,5.0,4.0,3.0,4.0,5.0,6.0683794,5.3427362,5.656302,5.404813,5.6941366
P5_V40_Phase46,5.0,5.0,5.0,4.0,4.0,6.064932,5.3405337,5.6531577,5.400054,5.691642
P5_V40_Phase47,4.0,3.0,3.0,4.0,4.0,6.0670543,5.341506,5.655402,5.4022818,5.6930285
P5_V40_Phase5,2.0,2.0,1.0,2.0,1.0,6.0678043,5.344246,5.655167,5.4036374,5.693792
P5_V40_Phase6,5.0,4.0,5.0,4.0,4.0,6.0660543,5.3403435,5.6554723,5.402186,5.6918306
P5_V40_Phase7,5.0,4.0,5.0,4.0,4.0,6.0642977,5.3396163,5.6516595,5.4007206,5.6901007
P5_V40_Phase8,4.0,3.0,3.0,4.0,4.0,6.0657997,5.3411765,5.653313,5.401858,5.6919374
P5_V40_Phase9,4.0,3.0,3.0,4.0,5.0,6.069908,5.3460355,5.658115,5.4043236,5.6966925
P5_V41_Phase1,9.0,8.0,9.0,8.0,9.0,6.0688453,5.3413215,5.658396,5.4052362,5.692116
P5_V41_Phase10,9.0,9.0,9.0,9.0,9.0,6.0652065,5.3406935,5.653608,5.401882,5.691969
P5_V41_Phase11,9.0,9.0,9.0,9.0,9.0,6.069325,5.3434615,5.657945,5.4047813,5.6945696
P5_V41_Phase12,9.0,9.0,9.0,9.0,9.0,6.070645,5.3445106,5.659719,5.405978,5.696004
P5_V41_Phase13,7.0,7.0,6.0,6.0,7.0,6.0699224,5.342945,5.6593695,5.4063997,5.69462
P5_V41_Phase14,9.0,9.0,9.0,9.0,9.0,6.068181,5.3419323,5.656752,5.404311,5.693529
P5_V41_Phase15,9.0,9.0,9.0,9.0,9.0,6.0685244,5.3436637,5.65593,5.4042177,5.694975
P5_V41_Phase16,9.0,9.0,9.0,9.0,9.0,6.070034,5.343169,5.657631,5.4059415,5.695421
P5_V41_Phase17,7.0,7.0,6.0,7.0,7.0,6.0712175,5.3436446,5.660458,5.407221,5.695212
P5_V41_Phase18,9.0,9.0,9.0,9.0,9.0,6.067255,5.341374,5.655663,5.403558,5.6927834
P5_V41_Phase19,9.0,9.0,9.0,9.0,9.0,6.0696526,5.341615,5.6611323,5.4054737,5.692798
P5_V41_Phase2,9.0,8.0,8.0,8.0,9.0,6.0640035,5.3398957,5.6517043,5.399602,5.690806
P5_V41_Phase20,9.0,9.0,9.0,9.0,9.0,6.06797,5.3415017,5.65657,5.403366,5.693306
P5_V41_Phase21,9.0,9.0,8.0,9.0,9.0,6.066613,5.342029,5.654782,5.402599,5.6936884
P5_V41_Phase22,9.0,9.0,9.0,9.0,9.0,6.068066,5.340207,5.658776,5.4044447,5.691469
P5_V41_Phase23,9.0,9.0,9.0,9.0,9.0,6.063574,5.3397956,5.6519456,5.3994765,5.690179
P5_V41_Phase24,9.0,9.0,9.0,9.0,9.0,6.068982,5.342341,5.657477,5.404784,5.6938486
P5_V41_Phase25,9.0,9.0,9.0,9.0,9.0,6.0728736,5.343412,5.662949,5.40989,5.6963224
P5_V41_Phase3,7.0,6.0,6.0,7.0,6.0,6.070423,5.342797,5.6592956,5.4067326,5.693865
P5_V41_Phase4,9.0,9.0,9.0,9.0,9.0,6.0723743,5.34524,5.6614213,5.4084,5.697627
P5_V41_Phase5,4.0,5.0,4.0,3.0,4.0,6.064283,5.341042,5.6515727,5.399191,5.6914997
P5_V41_Phase6,5.0,4.0,4.0,5.0,4.0,6.07213,5.3426213,5.664018,5.4077187,5.693552
P5_V41_Phase7,9.0,9.0,9.0,9.0,9.0,6.0663514,5.337625,5.659833,5.4040017,5.68894
P5_V41_Phase8,9.0,9.0,9.0,9.0,9.0,6.071195,5.343639,5.6600676,5.406967,5.6953673
P5_V41_Phase9,9.0,9.0,9.0,9.0,9.0,6.0680866,5.342189,5.6574006,5.4036255,5.6930075
P5_V42_Phase1,7.0,6.0,6.0,7.0,6.0,6.0658517,5.3374524,5.658042,5.4049854,5.68884
P5_V42_Phase10,7.0,6.0,6.0,7.0,6.0,6.0704813,5.341162,5.661073,5.408062,5.692999
P5_V42_Phase11,9.0,8.0,8.0,9.0,8.0,6.067896,5.3403497,5.6570144,5.404364,5.692499
P5_V42_Phase12,5.0,5.0,4.0,5.0,4.0,6.067378,5.341208,5.656384,5.4030128,5.693014
P5_V42_Phase13,7.0,7.0,7.0,6.0,6.0,6.065406,5.339435,5.6554284,5.4024305,5.6897955
P5_V42_Phase14,7.0,7.0,6.0,6.0,7.0,6.0669155,5.3435674,5.654588,5.4014664,5.6934304
P5_V42_Phase15,5.0,4.0,5.0,4.0,5.0,6.0672255,5.343231,5.656104,5.4019375,5.692931
P5_V42_Phase16,2.0,1.0,0.0,1.0,1.0,6.063074,5.3386636,5.6503177,5.3977013,5.689291
P5_V42_Phase17,9.0,8.0,9.0,8.0,9.0,6.0668817,5.3404536,5.6571145,5.4048643,5.689786
P5_V42_Phase18,9.0,8.0,8.0,9.0,8.0,6.0704737,5.3454604,5.658237,5.405218,5.6969357
P5_V42_Phase19,2.0,1.0,0.0,1.0,1.0,6.0668526,5.3421426,5.6547394,5.4028025,5.6931477
P5_V42_Phase2,7.0,6.0,7.0,6.0,7.0,6.0655727,5.3405623,5.653275,5.400812,5.6917467
P5_V42_Phase20,9.0,8.0,8.0,9.0,8.0,6.069098,5.3430896,5.658095,5.404192,5.6938524
P5_V42_Phase21,7.0,6.0,6.0,7.0,6.0,6.071398,5.345951,5.6597104,5.4072866,5.6974974
P5_V42_Phase22,4.0,3.0,4.0,3.0,3.0,6.058177,5.3325973,5.647373,5.394745,5.683051
P5_V42_Phase23,7.0,6.0,7.0,6.0,7.0,6.058854,5.3343387,5.649817,5.396831,5.684296
P5_V42_Phase24,5.0,4.0,4.0,3.0,4.0,6.0623417,5.339867,5.649297,5.3988123,5.6894975
P5_V42_Phase25,4.0,3.0,3.0,4.0,4.0,6.0708556,5.3448257,5.6589375,5.40643,5.6964264
P5_V42_Phase26,7.0,7.0,6.0,6.0,7.0,6.067544,5.3418646,5.656179,5.40268,5.693387
P5_V42_Phase27,4.0,3.0,3.0,4.0,4.0,6.0656104,5.341555,5.653074,5.402172,5.6915884
P5_V42_Phase28,2.0,1.0,2.0,1.0,2.0,6.0706954,5.34526,5.659043,5.40543,5.696659
P5_V42_Phase29,7.0,6.0,5.0,6.0,7.0,6.0707645,5.3447633,5.6584973,5.40438,5.696601
P5_V42_Phase3,9.0,9.0,9.0,9.0,9.0,6.0675077,5.34065,5.656062,5.4030104,5.6910396
P5_V42_Phase4,4.0,3.0,3.0,4.0,4.0,6.065033,5.3408837,5.652572,5.4002476,5.6917105
P5_V42_Phase5,5.0,4.0,4.0,5.0,5.0,6.0676665,5.3418727,5.656169,5.4038057,5.6931405
P5_V42_Phase6,9.0,8.0,9.0,8.0,9.0,6.0666695,5.338156,5.657904,5.4047976,5.689843
P5_V42_Phase7,9.0,9.0,8.0,9.0,8.0,6.0694695,5.339125,5.660168,5.407743,5.692083
P5_V42_Phase8,7.0,6.0,6.0,7.0,6.0,6.057623,5.3331623,5.6482015,5.397557,5.681123
P5_V42_Phase9,9.0,9.0,9.0,9.0,9.0,6.0716114,5.343894,5.6611304,5.4076004,5.6955557
P5_V4_Phase1,5.0,4.0,4.0,5.0,4.0,6.0651655,5.340736,5.653238,5.4007716,5.6919785
P5_V4_Phase10,9.0,8.0,9.0,8.0,8.0,6.068967,5.343802,5.6572566,5.403688,5.6953793
P5_V4_Phase11,4.0,3.0,3.0,4.0,3.0,6.066414,5.341594,5.6541057,5.40172,5.6922345
P5_V4_Phase2,2.0,1.0,0.0,1.0,2.0,6.070064,5.343556,5.6585155,5.405408,5.695813
P5_V4_Phase3,2.0,1.0,0.0,1.0,1.0,6.0632753,5.339141,5.650684,5.398738,5.6899405
P5_V4_Phase4,2.0,1.0,2.0,1.0,2.0,6.0676575,5.342628,5.6555123,5.40363,5.694111
P5_V4_Phase5,5.0,4.0,5.0,4.0,4.0,6.0649076,5.3403974,5.652282,5.4007764,5.6914506
P5_V4_Phase6,5.0,5.0,4.0,4.0,5.0,6.0625553,5.338162,5.650553,5.399619,5.688946
P5_V4_Phase7,5.0,4.0,5.0,4.0,5.0,6.0707464,5.344834,5.65963,5.407202,5.695474
P5_V4_Phase8,7.0,7.0,6.0,6.0,7.0,6.062619,5.339227,5.6501436,5.3987136,5.6894474
P5_V4_Phase9,2.0,1.0,1.0,1.0,2.0,6.0631013,5.3391733,5.6508822,5.399404,5.6897426
P5_V5_Phase1,5.0,4.0,4.0,5.0,4.0,6.0668354,5.341669,5.6548944,5.401537,5.6931915
P5_V5_Phase10,5.0,5.0,5.0,4.0,4.0,6.0662594,5.3397326,5.656276,5.4015083,5.6920104
P5_V5_Phase11,4.0,3.0,3.0,5.0,4.0,6.0664907,5.339049,5.6557765,5.4021096,5.691619
P5_V5_Phase12,7.0,7.0,6.0,7.0,6.0,6.0655785,5.3418283,5.6520796,5.401065,5.692318
P5_V5_Phase13,5.0,5.0,4.0,5.0,6.0,6.0719075,5.3431993,5.660919,5.407626,5.696554
P5_V5_Phase14,5.0,4.0,5.0,4.0,5.0,6.07021,5.341803,5.660654,5.406436,5.6940584
P5_V5_Phase15,4.0,3.0,4.0,3.0,3.0,6.063547,5.3349686,5.654208,5.4008465,5.6869206
P5_V5_Phase16,2.0,1.0,1.0,1.0,2.0,6.067781,5.344107,5.6553664,5.40289,5.693206
P5_V5_Phase17,2.0,2.0,1.0,2.0,1.0,6.068914,5.343897,5.6576014,5.405998,5.695959
P5_V5_Phase18,2.0,1.0,2.0,1.0,0.0,6.065104,5.3398786,5.6542144,5.4017205,5.691699
P5_V5_Phase19,2.0,2.0,1.0,2.0,1.0,6.0691175,5.342835,5.657965,5.4049764,5.6950054
P5_V5_Phase2,4.0,3.0,4.0,3.0,3.0,6.065668,5.3408103,5.6536946,5.4021764,5.6925774
P5_V5_Phase20,5.0,4.0,5.0,4.0,5.0,6.0698595,5.343373,5.658671,5.406089,5.6957846
P5_V5_Phase21,7.0,7.0,6.0,6.0,7.0,6.0680523,5.3432784,5.6562085,5.403185,5.6948023
P5_V5_Phase22,7.0,6.0,6.0,7.0,6.0,6.0698333,5.3421206,5.6582103,5.407293,5.694994
P5_V5_Phase23,7.0,6.0,6.0,7.0,6.0,6.0698404,5.3447833,5.658302,5.405506,5.6960115
P5_V5_Phase24,7.0,7.0,6.0,7.0,6.0,6.064458,5.340114,5.6516137,5.3999014,5.690718
P5_V5_Phase25,5.0,4.0,4.0,5.0,4.0,6.07076,5.3435926,5.6586394,5.40521,5.696122
P5_V5_Phase26,5.0,4.0,4.0,5.0,4.0,6.0697103,5.345176,5.657437,5.4041944,5.6962633
P5_V5_Phase27,7.0,7.0,7.0,6.0,6.0,6.0684605,5.3439913,5.655582,5.4040947,5.6949644
P5_V5_Phase28,2.0,1.0,2.0,1.0,0.0,6.07184,5.3463564,5.6610885,5.4056535,5.698075
P5_V5_Phase29,5.0,4.0,4.0,5.0,5.0,6.0698752,5.3420706,5.659427,5.406161,5.6947894
P5_V5_Phase3,4.0,3.0,3.0,4.0,3.0,6.068384,5.3419304,5.65611,5.4035225,5.6938066
P5_V5_Phase30,5.0,5.0,4.0,5.0,4.0,6.0704627,5.3441463,5.657848,5.40567,5.696399
P5_V5_Phase31,9.0,8.0,8.0,9.0,8.0,6.07248,5.345064,5.6610093,5.406831,5.69707
P5_V5_Phase32,2.0,1.0,1.0,2.0,2.0,6.066816,5.337943,5.6570086,5.4043064,5.6902833
P5_V5_Phase33,9.0,9.0,8.0,9.0,8.0,6.067115,5.3410563,5.655171,5.402323,5.69326
P5_V5_Phase34,9.0,9.0,8.0,9.0,8.0,6.066969,5.3402267,5.6556516,5.405156,5.69081
P5_V5_Phase35,5.0,4.0,5.0,4.0,5.0,6.064624,5.340079,5.652379,5.399459,5.689539
P5_V5_Phase36,9.0,8.0,9.0,8.0,8.0,6.0676904,5.3436465,5.6558695,5.4023275,5.694701
P5_V5_Phase37,9.0,9.0,8.0,9.0,8.0,6.068674,5.3423147,5.6572733,5.4042196,5.694545
P5_V5_Phase38,2.0,1.0,2.0,1.0,0.0,6.0668745,5.341791,5.6546507,5.401346,5.693385
P5_V5_Phase39,4.0,3.0,3.0,4.0,3.0,6.0680313,5.3448563,5.655645,5.403075,5.6949725
P5_V5_Phase4,7.0,6.0,6.0,7.0,6.0,6.064847,5.340697,5.652103,5.400029,5.6913543
P5_V5_Phase5,2.0,1.0,1.0,2.0,1.0,6.0688353,5.343288,5.657126,5.40289,5.6948957
P5_V5_Phase6,4.0,3.0,3.0,4.0,5.0,6.0662885,5.3415017,5.6541533,5.4018145,5.69296
P5_V5_Phase7,2.0,1.0,2.0,1.0,1.0,6.0652704,5.3406234,5.6529236,5.3997936,5.6921053
P5_V5_Phase8,4.0,3.0,3.0,4.0,4.0,6.072993,5.345182,5.662339,5.4086466,5.6971416
P5_V5_Phase9,2.0,1.0,1.0,2.0,2.0,6.067866,5.3420634,5.6593184,5.4047065,5.692054
P5_V6_Phase1,4.0,3.0,4.0,3.0,4.0,6.065752,5.339592,5.654697,5.400936,5.6911583
P5_V6_Phase10,2.0,1.0,2.0,1.0,2.0,6.06707,5.3419967,5.6540227,5.4027686,5.6932
P5_V6_Phase11,2.0,2.0,1.0,1.0,2.0,6.066852,5.341456,5.656156,5.4030156,5.6931033
P5_V6_Phase12,9.0,9.0,9.0,9.0,9.0,6.068821,5.344608,5.657533,5.403082,5.695345
P5_V6_Phase13,9.0,9.0,8.0,9.0,8.0,6.0704885,5.3455453,5.6588855,5.4062395,5.6966486
P5_V6_Phase14,4.0,3.0,3.0,4.0,3.0,6.0645065,5.3415484,5.651543,5.399895,5.6916885
P5_V6_Phase15,9.0,8.0,8.0,9.0,8.0,6.0632095,5.3395543,5.65185,5.397556,5.6897173
P5_V6_Phase16,9.0,9.0,9.0,9.0,9.0,6.068845,5.3436856,5.6557975,5.4028025,5.6949816
P5_V6_Phase17,9.0,8.0,9.0,8.0,9.0,6.0678973,5.343414,5.6557193,5.401708,5.693969
P5_V6_Phase18,7.0,7.0,6.0,6.0,7.0,6.0678253,5.3439665,5.656208,5.400982,5.6943264
P5_V6_Phase19,5.0,5.0,4.0,5.0,4.0,6.0698338,5.346323,5.6580877,5.403524,5.6963115
P5_V6_Phase2,5.0,4.0,4.0,5.0,5.0,6.066492,5.343298,5.6540575,5.400814,5.6933765
P5_V6_Phase20,2.0,1.0,1.0,0.0,1.0,6.065201,5.340428,5.652649,5.401242,5.691516
P5_V6_Phase21,4.0,3.0,4.0,3.0,4.0,6.0649343,5.3396506,5.652599,5.4015245,5.6903296
P5_V6_Phase22,7.0,7.0,6.0,6.0,7.0,6.0702977,5.345246,5.659269,5.4053006,5.6958847
P5_V6_Phase23,5.0,4.0,4.0,4.0,5.0,6.062516,5.336517,5.652992,5.39942,5.687681
P5_V6_Phase24,7.0,6.0,6.0,7.0,6.0,6.065771,5.342069,5.6533523,5.4009743,5.6926064
P5_V6_Phase25,9.0,8.0,9.0,8.0,9.0,6.070781,5.342819,5.6604557,5.4066067,5.695535
P5_V6_Phase26,4.0,3.0,3.0,4.0,3.0,6.067789,5.341121,5.658152,5.4037747,5.6920357
P5_V6_Phase27,5.0,4.0,5.0,4.0,4.0,6.0700502,5.3438153,5.6578326,5.4066625,5.695707
P5_V6_Phase28,9.0,8.0,8.0,9.0,8.0,6.0685043,5.343678,5.656085,5.403554,5.694975
P5_V6_Phase29,9.0,8.0,9.0,8.0,9.0,6.069688,5.343532,5.6578403,5.403706,5.6954603
P5_V6_Phase3,7.0,6.0,6.0,7.0,6.0,6.071063,5.345382,5.6595755,5.405076,5.6970553
P5_V6_Phase30,4.0,3.0,3.0,4.0,4.0,6.0697975,5.343479,5.657719,5.4050636,5.695697
P5_V6_Phase31,9.0,9.0,8.0,8.0,9.0,6.063774,5.3380623,5.654634,5.4008436,5.6892986
P5_V6_Phase32,4.0,5.0,4.0,3.0,4.0,6.068292,5.3418255,5.657685,5.4044175,5.6938562
P5_V6_Phase33,4.0,3.0,2.0,3.0,4.0,6.067382,5.3400183,5.6575155,5.4035892,5.691798
P5_V6_Phase4,2.0,1.0,2.0,1.0,2.0,6.0702176,5.344868,5.6583047,5.4047747,5.696318
P5_V6_Phase5,7.0,7.0,6.0,6.0,7.0,6.0650826,5.3402286,5.652196,5.4011884,5.691702
P5_V6_Phase6,5.0,5.0,4.0,4.0,5.0,6.0703793,5.3447313,5.6579857,5.405153,5.6964417
P5_V6_Phase7,7.0,7.0,6.0,6.0,7.0,6.0613117,5.336416,5.6514115,5.3984537,5.685913
P5_V6_Phase8,7.0,7.0,6.0,6.0,7.0,6.0661545,5.3402944,5.655009,5.40128,5.691847
P5_V6_Phase9,2.0,2.0,1.0,2.0,1.0,6.071418,5.3454204,5.6597867,5.40606,5.697017
P5_V7_Phase1,5.0,4.0,5.0,4.0,5.0,6.0643964,5.3352227,5.6560826,5.4022055,5.687088
P5_V7_Phase10,7.0,7.0,6.0,6.0,7.0,6.0684347,5.343558,5.6557426,5.4022593,5.695053
P5_V7_Phase11,9.0,8.0,8.0,9.0,8.0,6.067838,5.339519,5.6580567,5.4057,5.6914825
P5_V7_Phase12,5.0,4.0,5.0,4.0,5.0,6.0646124,5.342555,5.652518,5.3985653,5.6921444
P5_V7_Phase13,5.0,4.0,5.0,4.0,4.0,6.0703425,5.3455324,5.6587105,5.404538,5.6962814
P5_V7_Phase14,7.0,7.0,7.0,6.0,6.0,6.0698586,5.345553,5.657968,5.403899,5.6970477
P5_V7_Phase15,9.0,9.0,8.0,9.0,9.0,6.0636215,5.3393645,5.650616,5.39847,5.689167
P5_V7_Phase16,9.0,8.0,8.0,8.0,9.0,6.0671034,5.343076,5.6561394,5.4002647,5.694165
P5_V7_Phase17,4.0,3.0,3.0,4.0,4.0,6.0704594,5.3450875,5.6586223,5.4044485,5.696674
P5_V7_Phase18,4.0,4.0,4.0,4.0,5.0,6.064516,5.3395057,5.6528573,5.399796,5.6908336
P5_V7_Phase19,2.0,2.0,1.0,1.0,2.0,6.0682635,5.343205,5.656261,5.4026823,5.6946955
P5_V7_Phase2,5.0,4.0,4.0,5.0,5.0,6.0688457,5.341885,5.6582246,5.404416,5.6931725
P5_V7_Phase20,9.0,8.0,9.0,8.0,9.0,6.064981,5.3409543,5.6522174,5.400573,5.6913533
P5_V7_Phase21,9.0,9.0,8.0,9.0,8.0,6.067069,5.3430276,5.6544194,5.4001894,5.6934266
P5_V7_Phase22,9.0,8.0,8.0,9.0,8.0,6.0677214,5.343106,5.654918,5.4023433,5.6940174
P5_V7_Phase23,7.0,7.0,6.0,6.0,7.0,6.0711527,5.3462005,5.659656,5.406108,5.697274
P5_V7_Phase24,2.0,1.0,0.0,1.0,1.0,6.060666,5.3378572,5.647788,5.3968763,5.6878176
P5_V7_Phase25,7.0,6.0,6.0,7.0,7.0,6.066684,5.342133,5.6547914,5.4026594,5.693045
P5_V7_Phase26,9.0,8.0,8.0,9.0,8.0,6.0659885,5.339688,5.654505,5.4017315,5.691046
P5_V7_Phase27,2.0,1.0,1.0,2.0,1.0,6.0665894,5.3408856,5.6541133,5.402172,5.692047
P5_V7_Phase28,4.0,3.0,3.0,4.0,4.0,6.068102,5.3424373,5.657225,5.404251,5.693823
P5_V7_Phase29,2.0,1.0,0.0,1.0,1.0,6.0660324,5.3415885,5.653626,5.401683,5.6921988
P5_V7_Phase3,2.0,1.0,1.0,2.0,1.0,6.068237,5.342729,5.656973,5.40398,5.694707
P5_V7_Phase30,2.0,1.0,2.0,1.0,2.0,6.065986,5.3409514,5.6543045,5.4011855,5.6923356
P5_V7_Phase31,4.0,3.0,3.0,4.0,3.0,6.0695024,5.3442273,5.6569076,5.404497,5.695649
P5_V7_Phase32,9.0,8.0,8.0,9.0,8.0,6.0651503,5.3400216,5.652901,5.399561,5.6912603
P5_V7_Phase33,2.0,1.0,2.0,1.0,2.0,6.0674167,5.3421607,5.6553226,5.4029264,5.6936197
P5_V7_Phase34,7.0,6.0,6.0,7.0,6.0,6.071561,5.343392,5.662473,5.4077353,5.695619
P5_V7_Phase35,9.0,8.0,9.0,8.0,9.0,6.070063,5.343189,5.658892,5.405593,5.6950593
P5_V7_Phase36,9.0,9.0,9.0,9.0,9.0,6.0704517,5.344042,5.6586704,5.4061027,5.696065
P5_V7_Phase37,5.0,4.0,4.0,5.0,5.0,6.0637245,5.338031,5.6536913,5.3991504,5.68859
P5_V7_Phase38,7.0,7.0,6.0,6.0,7.0,6.0635195,5.336245,5.654824,5.4018726,5.6874523
P5_V7_Phase39,5.0,4.0,3.0,4.0,4.0,6.0650496,5.340858,5.653084,5.400442,5.691822
P5_V7_Phase4,7.0,6.0,7.0,6.0,7.0,6.065544,5.3398824,5.652866,5.401503,5.6910963
P5_V7_Phase40,9.0,8.0,9.0,8.0,8.0,6.0704117,5.3442082,5.658768,5.4058766,5.6961613
P5_V7_Phase41,7.0,6.0,6.0,7.0,6.0,6.06705,5.3422084,5.654803,5.4021544,5.6934147
P5_V7_Phase42,7.0,7.0,6.0,5.0,6.0,6.0664654,5.341401,5.654514,5.4019804,5.6932316
P5_V7_Phase43,2.0,1.0,0.0,0.0,0.0,6.0679865,5.344704,5.656491,5.4030266,5.693871
P5_V7_Phase44,4.0,5.0,4.0,3.0,4.0,6.0662384,5.3385634,5.656093,5.4029884,5.690155
P5_V7_Phase5,2.0,1.0,0.0,1.0,1.0,6.0653105,5.3398747,5.6546683,5.401188,5.690735
P5_V7_Phase6,4.0,3.0,4.0,4.0,5.0,6.063752,5.3390007,5.6508965,5.399158,5.6901555
P5_V7_Phase7,4.0,3.0,3.0,4.0,5.0,6.0664864,5.339751,5.655848,5.402609,5.690701
P5_V7_Phase8,9.0,8.0,8.0,9.0,8.0,6.0736933,5.347182,5.662764,5.4073954,5.699113
P5_V7_Phase9,2.0,1.0,2.0,1.0,2.0,6.070015,5.344331,5.6582203,5.4059997,5.6959066
P5_V8_Phase1,7.0,6.0,6.0,7.0,6.0,6.070961,5.345287,5.6605797,5.4055567,5.6970716
P5_V8_Phase10,5.0,5.0,4.0,5.0,4.0,6.0703917,5.3445735,5.6584888,5.4053087,5.696414
P5_V8_Phase11,2.0,2.0,1.0,1.0,2.0,6.0711093,5.346016,5.659391,5.4046755,5.697367
P5_V8_Phase12,4.0,3.0,3.0,4.0,4.0,6.0676737,5.342503,5.6547112,5.403967,5.693469
P5_V8_Phase13,4.0,3.0,4.0,3.0,3.0,6.0670853,5.3424735,5.6542172,5.403025,5.692563
P5_V8_Phase14,5.0,4.0,4.0,5.0,4.0,6.0658813,5.3424387,5.6528697,5.401668,5.692753
P5_V8_Phase15,7.0,6.0,7.0,6.0,7.0,6.0715017,5.3463693,5.6597953,5.4067717,5.6975207
P5_V8_Phase16,2.0,2.0,1.0,1.0,2.0,6.0670996,5.341901,5.654326,5.40244,5.6924953
P5_V8_Phase17,5.0,5.0,4.0,5.0,4.0,6.0635376,5.339217,5.6509,5.399027,5.690097
P5_V8_Phase18,5.0,5.0,5.0,4.0,4.0,6.0634704,5.3371606,5.6556067,5.4017057,5.686947
P5_V8_Phase19,9.0,9.0,9.0,9.0,9.0,6.068885,5.342101,5.6571684,5.4037275,5.6933994
P5_V8_Phase2,4.0,3.0,4.0,3.0,3.0,6.0681744,5.3415127,5.657019,5.4032836,5.693182
P5_V8_Phase20,4.0,3.0,3.0,4.0,3.0,6.0698533,5.3432784,5.6585155,5.406107,5.6951475
P5_V8_Phase21,5.0,4.0,4.0,5.0,4.0,6.0635796,5.3388467,5.6508236,5.399214,5.689641
P5_V8_Phase22,9.0,8.0,8.0,9.0,8.0,6.067766,5.343497,5.6551027,5.404312,5.6943455
P5_V8_Phase23,9.0,8.0,8.0,9.0,8.0,6.0682716,5.3425255,5.656188,5.4024715,5.6945186
P5_V8_Phase24,7.0,6.0,6.0,7.0,6.0,6.0677524,5.342336,5.6554556,5.4026585,5.694013
P5_V8_Phase25,7.0,6.0,6.0,7.0,6.0,6.0663486,5.343119,5.653099,5.4014816,5.6937017
P5_V8_Phase26,5.0,5.0,4.0,4.0,5.0,6.064681,5.33988,5.6535287,5.401,5.6908054
P5_V8_Phase27,9.0,9.0,9.0,8.0,8.0,6.066009,5.339539,5.654674,5.402399,5.690975
P5_V8_Phase28,9.0,9.0,8.0,8.0,9.0,6.0703006,5.343947,5.658481,5.405029,5.696102
P5_V8_Phase29,7.0,7.0,6.0,6.0,7.0,6.069688,5.3442206,5.6572413,5.4043603,5.6954756
P5_V8_Phase3,5.0,4.0,4.0,5.0,4.0,6.0677376,5.3430495,5.655726,5.4028807,5.694128
P5_V8_Phase30,9.0,9.0,8.0,8.0,9.0,6.0625772,5.3375425,5.650385,5.399152,5.688779
P5_V8_Phase31,7.0,7.0,6.0,6.0,7.0,6.063586,5.3380637,5.652823,5.4004984,5.6879964
P5_V8_Phase32,2.0,1.0,0.0,1.0,2.0,6.068805,5.340269,5.656406,5.4048743,5.6924706
P5_V8_Phase33,7.0,7.0,6.0,6.0,7.0,6.067711,5.3409667,5.6563716,5.4031363,5.692373
P5_V8_Phase34,4.0,3.0,3.0,4.0,3.0,6.0619946,5.335523,5.650045,5.398341,5.685128
P5_V8_Phase35,5.0,4.0,4.0,5.0,5.0,6.065924,5.341391,5.6536417,5.4014235,5.6922855
P5_V8_Phase36,4.0,3.0,3.0,4.0,3.0,6.0674124,5.3400187,5.6567492,5.4033375,5.691638
P5_V8_Phase37,2.0,1.0,0.0,1.0,2.0,6.070904,5.3454766,5.6591496,5.405899,5.6969457
P5_V8_Phase38,7.0,7.0,6.0,6.0,7.0,6.070362,5.3431478,5.6596193,5.4064717,5.6955576
P5_V8_Phase39,5.0,4.0,3.0,4.0,3.0,6.0686493,5.3393703,5.6599746,5.405468,5.6901383
P5_V8_Phase4,7.0,6.0,7.0,6.0,6.0,6.0698156,5.3445973,5.658233,5.405152,5.696316
P5_V8_Phase40,7.0,7.0,6.0,6.0,7.0,6.0677686,5.343729,5.655321,5.4041195,5.694689
P5_V8_Phase41,5.0,4.0,5.0,4.0,4.0,6.070127,5.343473,5.658626,5.406202,5.695097
P5_V8_Phase42,5.0,4.0,4.0,5.0,4.0,6.068288,5.342479,5.6569953,5.403916,5.6938
P5_V8_Phase43,9.0,8.0,8.0,9.0,9.0,6.066518,5.3408084,5.655941,5.402904,5.6920743
P5_V8_Phase44,7.0,7.0,6.0,6.0,7.0,6.070491,5.3430696,5.6591926,5.406247,5.6953917
P5_V8_Phase45,2.0,1.0,1.0,2.0,2.0,6.068704,5.343119,5.656895,5.4041467,5.695043
P5_V8_Phase46,2.0,1.0,1.0,2.0,2.0,6.0650425,5.3409667,5.652327,5.4009233,5.691901
P5_V8_Phase47,7.0,7.0,6.0,6.0,7.0,6.0607147,5.335954,5.650643,5.397665,5.6858096
P5_V8_Phase48,4.0,3.0,2.0,3.0,4.0,6.067645,5.342177,5.6552625,5.40248,5.693736
P5_V8_Phase49,5.0,5.0,5.0,4.0,5.0,6.067886,5.3429403,5.655972,5.4026976,5.69398
P5_V8_Phase5,4.0,4.0,3.0,4.0,5.0,6.061633,5.3375483,5.649674,5.3979874,5.688031
P5_V8_Phase50,9.0,9.0,9.0,9.0,9.0,6.068767,5.343619,5.656921,5.4029546,5.6949177
P5_V8_Phase51,4.0,3.0,2.0,3.0,4.0,6.0699425,5.3440266,5.6578584,5.4046183,5.6959305
P5_V8_Phase52,9.0,9.0,9.0,8.0,8.0,6.066102,5.340688,5.653709,5.401782,5.6926117
P5_V8_Phase53,9.0,8.0,9.0,8.0,9.0,6.0678787,5.34288,5.655128,5.4037337,5.6942797
P5_V8_Phase6,4.0,4.0,3.0,3.0,4.0,6.067479,5.343017,5.6551447,5.4035687,5.694172
P5_V8_Phase7,9.0,8.0,8.0,9.0,8.0,6.0673065,5.3411984,5.655759,5.4040976,5.6922417
P5_V8_Phase8,2.0,1.0,0.0,1.0,2.0,6.0644407,5.3408427,5.652842,5.39942,5.691556
P5_V8_Phase9,9.0,8.0,9.0,8.0,8.0,6.065768,5.3422523,5.6531434,5.401986,5.6923246
P5_V9_Phase1,5.0,4.0,3.0,4.0,5.0,6.071067,5.34485,5.659395,5.4059973,5.6968
P5_V9_Phase10,2.0,1.0,1.0,2.0,1.0,6.0698605,5.343673,5.6591406,5.4052215,5.6954565
P5_V9_Phase11,9.0,9.0,9.0,9.0,8.0,6.0649605,5.3403754,5.651661,5.3993616,5.6907454
P5_V9_Phase12,7.0,7.0,6.0,6.0,7.0,6.071021,5.3431544,5.660544,5.407614,5.6959786
P5_V9_Phase13,7.0,7.0,6.0,6.0,7.0,6.0678225,5.3425126,5.6557755,5.4032564,5.694217
P5_V9_Phase14,5.0,4.0,4.0,5.0,4.0,6.067741,5.3418064,5.6553817,5.403556,5.693614
P5_V9_Phase15,9.0,8.0,8.0,9.0,8.0,6.0672393,5.3423963,5.6545343,5.4016867,5.693247
P5_V9_Phase16,5.0,5.0,4.0,4.0,5.0,6.0693874,5.3435845,5.657247,5.405158,5.695212
P5_V9_Phase17,7.0,6.0,6.0,7.0,6.0,6.0677814,5.342221,5.656726,5.4037027,5.6932373
P5_V9_Phase18,9.0,9.0,9.0,9.0,9.0,6.0673847,5.3426957,5.655597,5.401911,5.6934996
P5_V9_Phase19,5.0,4.0,4.0,5.0,5.0,6.060934,5.3363333,5.6484933,5.396698,5.686513
P5_V9_Phase2,7.0,6.0,6.0,7.0,6.0,6.069643,5.3432145,5.6584125,5.405122,5.6947465
P5_V9_Phase20,5.0,5.0,4.0,4.0,5.0,6.0680227,5.343033,5.6554136,5.4022536,5.6939454
P5_V9_Phase21,7.0,6.0,6.0,7.0,6.0,6.0706105,5.3446536,5.659792,5.406055,5.6962204
P5_V9_Phase22,5.0,4.0,5.0,5.0,4.0,6.0720096,5.3449984,5.6610546,5.407408,5.696787
P5_V9_Phase23,7.0,7.0,6.0,6.0,7.0,6.067256,5.3402815,5.6559663,5.4037194,5.6921816
P5_V9_Phase24,2.0,1.0,1.0,2.0,2.0,6.0642447,5.339833,5.6515265,5.399803,5.6907787
P5_V9_Phase25,7.0,7.0,6.0,6.0,7.0,6.0677195,5.3427253,5.6555877,5.4032307,5.6935096
P5_V9_Phase26,7.0,7.0,6.0,6.0,7.0,6.0688667,5.343962,5.65601,5.4048853,5.6957197
P5_V9_Phase27,9.0,8.0,9.0,8.0,8.0,6.0628033,5.3391232,5.650868,5.3988523,5.68992
P5_V9_Phase28,5.0,4.0,3.0,4.0,4.0,6.0697746,5.343774,5.658048,5.4044323,5.695961
P5_V9_Phase29,4.0,4.0,3.0,4.0,3.0,6.0661683,5.340737,5.6554666,5.4020877,5.6918383
P5_V9_Phase3,9.0,8.0,9.0,8.0,9.0,6.0694976,5.343594,5.6575418,5.40592,5.6950097
P5_V9_Phase30,2.0,2.0,1.0,2.0,2.0,6.0656066,5.3406816,5.6538563,5.401742,5.692004
P5_V9_Phase4,7.0,7.0,6.0,6.0,7.0,6.065986,5.3405924,5.6545653,5.4014697,5.691777
P5_V9_Phase5,5.0,4.0,5.0,4.0,5.0,6.064682,5.339342,5.652166,5.3998947,5.6905184
P5_V9_Phase6,7.0,6.0,6.0,7.0,6.0,6.0648937,5.3409314,5.6519156,5.400937,5.691698
P5_V9_Phase7,2.0,2.0,1.0,1.0,2.0,6.067535,5.3423247,5.6558585,5.402861,5.6939096
P5_V9_Phase8,9.0,9.0,9.0,9.0,9.0,6.0696726,5.3433156,5.658093,5.40528,5.695218
P5_V9_Phase9,2.0,2.0,0.0,1.0,2.0,6.0658417,5.3416276,5.6534085,5.4012747,5.692544
P6_V10_Phase1,7.0,6.0,7.0,6.0,7.0,6.0706253,5.344359,5.658797,5.405675,5.696209
P6_V10_Phase10,7.0,6.0,7.0,6.0,7.0,6.069183,5.343574,5.657479,5.4045935,5.6947966
P6_V10_Phase11,2.0,1.0,2.0,1.0,2.0,6.069708,5.34546,5.656125,5.4040833,5.6959114
P6_V10_Phase12,1.0,0.0,0.0,1.0,1.0,6.0630918,5.33851,5.652211,5.3987827,5.689185
P6_V10_Phase13,2.0,1.0,0.0,1.0,2.0,6.0656815,5.341324,5.653294,5.402375,5.6916704
P6_V10_Phase14,2.0,1.0,0.0,1.0,2.0,6.0687475,5.344133,5.6570325,5.403695,5.6953526
P6_V10_Phase15,1.0,0.0,1.0,0.0,1.0,6.0669727,5.341587,5.656067,5.403296,5.69318
P6_V10_Phase16,1.0,0.0,1.0,0.0,1.0,6.0690413,5.3419538,5.658541,5.404869,5.693359
P6_V10_Phase17,4.0,3.0,3.0,4.0,3.0,6.0685797,5.3430843,5.656916,5.4039254,5.694558
P6_V10_Phase18,0.0,0.0,0.0,0.0,0.0,6.068365,5.3415937,5.65743,5.404535,5.6929555
P6_V10_Phase19,7.0,6.0,7.0,6.0,7.0,6.0684996,5.343106,5.656607,5.4044657,5.6947346
P6_V10_Phase2,2.0,1.0,2.0,1.0,2.0,6.0700912,5.34395,5.658789,5.406788,5.695206
P6_V10_Phase20,7.0,7.0,6.0,7.0,6.0,6.0717564,5.3435388,5.661526,5.407371,5.6961913
P6_V10_Phase21,7.0,7.0,7.0,6.0,6.0,6.069739,5.341512,5.6600904,5.4059896,5.6928024
P6_V10_Phase22,9.0,8.0,9.0,8.0,9.0,6.0671444,5.342641,5.654843,5.4039607,5.6938243
P6_V10_Phase23,7.0,6.0,7.0,6.0,7.0,6.0682154,5.3446703,5.6558332,5.402487,5.6953716
P6_V10_Phase24,9.0,8.0,9.0,8.0,9.0,6.06688,5.3416233,5.6546903,5.404475,5.693229
P6_V10_Phase25,7.0,6.0,7.0,6.0,6.0,6.0702057,5.3414288,5.660449,5.4074316,5.693184
P6_V10_Phase26,7.0,6.0,7.0,6.0,6.0,6.071993,5.3434615,5.6636825,5.4085245,5.694897
P6_V10_Phase27,7.0,7.0,6.0,7.0,6.0,6.0685945,5.342393,5.658714,5.405935,5.691994
P6_V10_Phase28,7.0,7.0,6.0,7.0,7.0,6.064998,5.3412185,5.6512985,5.401126,5.6918077
P6_V10_Phase29,9.0,8.0,9.0,8.0,9.0,6.069515,5.344421,5.6577106,5.4050126,5.6956387
P6_V10_Phase3,7.0,6.0,7.0,6.0,7.0,6.0693045,5.3433595,5.657909,5.405,5.6952014
P6_V10_Phase30,7.0,6.0,7.0,6.0,7.0,6.069237,5.342536,5.658999,5.4047537,5.6942587
P6_V10_Phase31,7.0,6.0,6.0,7.0,6.0,6.069623,5.3433642,5.658441,5.4048376,5.694763
P6_V10_Phase32,7.0,7.0,7.0,6.0,7.0,6.0672626,5.3439307,5.655132,5.4003963,5.6939354
P6_V10_Phase33,7.0,6.0,7.0,6.0,7.0,6.0734243,5.345781,5.662987,5.409336,5.6975913
P6_V10_Phase34,2.0,2.0,1.0,2.0,2.0,6.0708222,5.342155,5.663525,5.408344,5.693491
P6_V10_Phase35,9.0,8.0,9.0,8.0,9.0,6.070444,5.345306,5.6585593,5.4055624,5.6968207
P6_V10_Phase36,7.0,6.0,7.0,6.0,7.0,6.0664988,5.34166,5.6558933,5.4028945,5.6927195
P6_V10_Phase37,7.0,7.0,6.0,6.0,7.0,6.0687304,5.341712,5.6569085,5.4045105,5.69361
P6_V10_Phase4,2.0,2.0,1.0,1.0,2.0,6.071417,5.3450837,5.660008,5.406288,5.696955
P6_V10_Phase5,7.0,6.0,7.0,6.0,7.0,6.0681486,5.3399544,5.6582246,5.405268,5.690393
P6_V10_Phase6,7.0,6.0,7.0,6.0,7.0,6.0659947,5.340302,5.653934,5.4022827,5.6907096
P6_V10_Phase7,7.0,6.0,7.0,6.0,7.0,6.0664463,5.3418117,5.654458,5.40267,5.6928854
P6_V10_Phase8,9.0,8.0,9.0,8.0,9.0,6.0689874,5.3426967,5.657004,5.404603,5.6948957
P6_V10_Phase9,2.0,1.0,2.0,1.0,2.0,6.0699506,5.342638,5.6603436,5.406739,5.6931305
P6_V11_Phase1,7.0,7.0,6.0,7.0,6.0,6.0662956,5.340208,5.6548686,5.4029074,5.6923103
P6_V11_Phase10,7.0,7.0,7.0,6.0,6.0,6.0693073,5.3453746,5.656816,5.4056582,5.6955156
P6_V11_Phase11,1.0,0.0,1.0,0.0,1.0,6.072073,5.3459086,5.660498,5.407619,5.6978607
P6_V11_Phase12,1.0,0.0,0.0,0.0,0.0,6.070053,5.343331,5.658749,5.405761,5.695298
P6_V11_Phase13,1.0,0.0,1.0,0.0,1.0,6.071634,5.3447294,5.6605783,5.406975,5.697046
P6_V11_Phase14,2.0,2.0,2.0,1.0,2.0,6.059866,5.33833,5.6469545,5.395339,5.6877995
P6_V11_Phase15,6.0,5.0,6.0,5.0,5.0,6.070033,5.344073,5.658422,5.4053583,5.695383
P6_V11_Phase16,7.0,7.0,7.0,6.0,6.0,6.069442,5.3449755,5.6572022,5.40478,5.6957397
P6_V11_Phase17,2.0,1.0,2.0,1.0,2.0,6.066884,5.3417726,5.6547647,5.4030466,5.693409
P6_V11_Phase18,2.0,2.0,1.0,1.0,2.0,6.069774,5.3436923,5.6572824,5.404812,5.6958475
P6_V11_Phase19,2.0,1.0,2.0,1.0,2.0,6.0744944,5.34716,5.662869,5.4095087,5.699498
P6_V11_Phase2,7.0,6.0,7.0,6.0,7.0,6.068821,5.3414187,5.65789,5.4056187,5.693576
P6_V11_Phase20,2.0,1.0,1.0,2.0,1.0,6.0689173,5.34313,5.6572995,5.4052033,5.694538
P6_V11_Phase21,7.0,6.0,7.0,6.0,7.0,6.065238,5.3395505,5.6534867,5.400652,5.690455
P6_V11_Phase22,7.0,6.0,6.0,7.0,6.0,6.066845,5.3415446,5.653958,5.403061,5.692706
P6_V11_Phase23,2.0,2.0,1.0,1.0,1.0,6.0679,5.3421655,5.655511,5.403467,5.693573
P6_V11_Phase24,6.0,6.0,5.0,5.0,6.0,6.0672483,5.343685,5.655046,5.4016485,5.6938496
P6_V11_Phase25,2.0,1.0,2.0,1.0,2.0,6.068083,5.341807,5.65674,5.403651,5.6935654
P6_V11_Phase26,7.0,6.0,7.0,6.0,7.0,6.0711927,5.3462043,5.659283,5.4056945,5.6975946
P6_V11_Phase27,7.0,7.0,7.0,6.0,6.0,6.0685425,5.3447905,5.655603,5.4026766,5.695334
P6_V11_Phase28,7.0,6.0,7.0,6.0,7.0,6.06538,5.3426304,5.652583,5.399737,5.6928015
P6_V11_Phase29,7.0,7.0,7.0,6.0,6.0,6.073636,5.3466268,5.661937,5.4076023,5.698284
P6_V11_Phase3,7.0,6.0,7.0,6.0,7.0,6.067502,5.343188,5.6556783,5.402991,5.6936173
P6_V11_Phase30,7.0,6.0,7.0,6.0,7.0,6.064595,5.3399444,5.6535535,5.400051,5.6907196
P6_V11_Phase31,7.0,6.0,7.0,6.0,7.0,6.068847,5.3434215,5.657363,5.404251,5.695351
P6_V11_Phase32,7.0,6.0,7.0,6.0,7.0,6.0723305,5.345437,5.661326,5.4076757,5.6971273
P6_V11_Phase33,7.0,7.0,7.0,6.0,7.0,6.0735188,5.348157,5.661406,5.4072747,5.6989384
P6_V11_Phase34,7.0,7.0,7.0,6.0,7.0,6.07003,5.3441596,5.6588655,5.405286,5.695054
P6_V11_Phase35,2.0,2.0,2.0,1.0,1.0,6.0700846,5.3451653,5.6581388,5.4040556,5.696916
P6_V11_Phase36,2.0,1.0,0.0,1.0,1.0,6.0672464,5.3431907,5.656056,5.402014,5.6942635
P6_V11_Phase37,2.0,2.0,1.0,2.0,1.0,6.070984,5.3446164,5.6597095,5.406911,5.6968164
P6_V11_Phase38,6.0,5.0,6.0,4.0,5.0,6.071127,5.3457937,5.6597085,5.4066496,5.6971273
P6_V11_Phase39,7.0,6.0,6.0,7.0,6.0,6.0684805,5.343382,5.6563544,5.4040456,5.694171
P6_V11_Phase4,2.0,1.0,1.0,2.0,1.0,6.0729523,5.3455243,5.6614285,5.407894,5.697296
P6_V11_Phase5,9.0,8.0,9.0,8.0,9.0,6.0685053,5.3436856,5.656408,5.4024453,5.694804
P6_V11_Phase6,7.0,7.0,7.0,6.0,6.0,6.0661592,5.341857,5.654696,5.4003425,5.6933346
P6_V11_Phase7,9.0,8.0,9.0,8.0,8.0,6.068769,5.3435044,5.6573124,5.4042187,5.6954336
P6_V11_Phase8,1.0,0.0,0.0,1.0,1.0,6.067849,5.3447013,5.6560574,5.4021893,5.6950283
P6_V11_Phase9,2.0,1.0,2.0,1.0,1.0,6.066767,5.3409386,5.6559796,5.402764,5.6926613
P6_V12_Phase1,5.0,4.0,5.0,4.0,5.0,6.069924,5.3411455,5.6606083,5.407896,5.6932483
P6_V12_Phase10,7.0,7.0,7.0,6.0,6.0,6.0684495,5.3434067,5.657538,5.402687,5.6936555
P6_V12_Phase11,2.0,2.0,1.0,2.0,1.0,6.068471,5.342629,5.656946,5.4037914,5.6946707
P6_V12_Phase12,2.0,1.0,2.0,1.0,1.0,6.067659,5.3413568,5.65572,5.4042306,5.693141
P6_V12_Phase13,5.0,4.0,5.0,4.0,5.0,6.070225,5.347059,5.659023,5.4043307,5.6974506
P6_V12_Phase14,4.0,3.0,4.0,3.0,4.0,6.0680294,5.3422713,5.656035,5.402119,5.693919
P6_V12_Phase15,2.0,1.0,0.0,1.0,1.0,6.0686216,5.3428645,5.6563067,5.4031363,5.693904
P6_V12_Phase16,9.0,8.0,8.0,9.0,8.0,6.068369,5.344013,5.6575847,5.403328,5.694218
P6_V12_Phase17,2.0,2.0,1.0,1.0,2.0,6.0626,5.3377004,5.657005,5.400118,5.686823
P6_V12_Phase18,9.0,8.0,8.0,9.0,8.0,6.069159,5.3429317,5.6578145,5.4038877,5.693776
P6_V12_Phase19,5.0,4.0,5.0,4.0,4.0,6.0691013,5.343943,5.657063,5.4050455,5.695423
P6_V12_Phase2,5.0,4.0,5.0,4.0,5.0,6.0713816,5.3457427,5.6590967,5.4062834,5.6974416
P6_V12_Phase20,0.0,0.0,0.0,0.0,0.0,6.0690827,5.34197,5.658453,5.405333,5.6940594
P6_V12_Phase21,2.0,1.0,0.0,1.0,0.0,6.0687103,5.3442426,5.657969,5.4047594,5.6941175
P6_V12_Phase22,2.0,1.0,2.0,0.0,0.0,6.0693827,5.3430743,5.6597953,5.406169,5.694776
P6_V12_Phase23,7.0,6.0,7.0,6.0,7.0,6.070009,5.343954,5.65749,5.4040017,5.6953344
P6_V12_Phase24,2.0,1.0,2.0,1.0,1.0,6.0697603,5.343613,5.657974,5.4055147,5.6949463
P6_V12_Phase25,7.0,6.0,7.0,6.0,6.0,6.069575,5.34384,5.65774,5.40511,5.6958385
P6_V12_Phase26,7.0,6.0,6.0,7.0,6.0,6.06741,5.342666,5.6554513,5.4008236,5.6935563
P6_V12_Phase27,7.0,6.0,7.0,6.0,7.0,6.069174,5.3432503,5.658028,5.4056354,5.6944704
P6_V12_Phase28,2.0,1.0,2.0,1.0,1.0,6.0652266,5.339188,5.6537786,5.3998547,5.6911697
P6_V12_Phase29,2.0,1.0,2.0,1.0,1.0,6.0689373,5.342708,5.6572905,5.4042826,5.6943827
P6_V12_Phase3,7.0,6.0,7.0,6.0,7.0,6.0688887,5.3410716,5.6576285,5.4048405,5.693513
P6_V12_Phase30,7.0,6.0,6.0,7.0,6.0,6.0736237,5.348476,5.6615663,5.4074335,5.699478
P6_V12_Phase31,2.0,1.0,2.0,1.0,2.0,6.0683937,5.3439727,5.6564407,5.402424,5.6945534
P6_V12_Phase32,7.0,6.0,6.0,7.0,6.0,6.0696917,5.3395543,5.662093,5.408086,5.691416
P6_V12_Phase33,9.0,8.0,8.0,9.0,8.0,6.0675917,5.3420825,5.655241,5.404302,5.6933475
P6_V12_Phase34,9.0,8.0,9.0,7.0,8.0,6.069545,5.342605,5.6579556,5.404391,5.6947546
P6_V12_Phase4,7.0,6.0,6.0,7.0,6.0,6.065528,5.3403664,5.6546965,5.4012594,5.6905336
P6_V12_Phase5,7.0,6.0,7.0,6.0,7.0,6.0675516,5.3436255,5.654859,5.4022264,5.694705
P6_V12_Phase6,2.0,2.0,1.0,1.0,2.0,6.068369,5.341512,5.656693,5.4041395,5.6933284
P6_V12_Phase7,7.0,7.0,6.0,7.0,6.0,6.0711246,5.3444533,5.659912,5.406087,5.695609
P6_V12_Phase8,7.0,7.0,6.0,6.0,7.0,6.067684,5.341558,5.656219,5.4034386,5.693657
P6_V12_Phase9,7.0,6.0,6.0,7.0,6.0,6.069724,5.3443274,5.657664,5.403301,5.6951036
P6_V13_Phase1,7.0,6.0,7.0,6.0,6.0,6.0679626,5.341029,5.656148,5.4024744,5.6929207
P6_V13_Phase10,2.0,1.0,2.0,1.0,1.0,6.070284,5.3432016,5.65978,5.406742,5.6945176
P6_V13_Phase11,1.0,0.0,0.0,1.0,1.0,6.0705833,5.342777,5.6607985,5.406563,5.6943426
P6_V13_Phase12,7.0,6.0,7.0,6.0,7.0,6.0731096,5.3452506,5.6617513,5.4081078,5.697246
P6_V13_Phase13,2.0,1.0,2.0,1.0,1.0,6.0679374,5.3413405,5.656611,5.4040675,5.693124
P6_V13_Phase14,1.0,0.0,1.0,0.0,1.0,6.0707903,5.344366,5.660122,5.4063463,5.6962843
P6_V13_Phase15,1.0,1.0,0.0,1.0,1.0,6.066961,5.341021,5.655813,5.4038763,5.692707
P6_V13_Phase16,1.0,0.0,1.0,0.0,1.0,6.070266,5.3457704,5.659434,5.4057884,5.696379
P6_V13_Phase2,2.0,2.0,1.0,2.0,1.0,6.0707474,5.3423524,5.66153,5.4073334,5.6958838
P6_V13_Phase3,1.0,0.0,1.0,0.0,0.0,6.0649204,5.3403087,5.6528215,5.4006615,5.691288
P6_V13_Phase4,2.0,1.0,1.0,2.0,2.0,6.0668206,5.341715,5.6546216,5.4021626,5.6931343
P6_V13_Phase5,6.0,5.0,6.0,5.0,5.0,6.072325,5.34569,5.6610312,5.408143,5.697702
P6_V13_Phase6,9.0,8.0,9.0,8.0,8.0,6.069377,5.3428845,5.6582656,5.4049664,5.6947246
P6_V13_Phase7,9.0,8.0,9.0,8.0,9.0,6.0701246,5.343803,5.6592226,5.406111,5.695533
P6_V13_Phase8,9.0,9.0,9.0,8.0,8.0,6.0683417,5.342162,5.657271,5.4036856,5.693773
P6_V13_Phase9,1.0,0.0,1.0,0.0,0.0,6.0682907,5.343684,5.656154,5.4045258,5.6925564
P6_V14_Phase1,2.0,1.0,2.0,1.0,2.0,6.068448,5.342444,5.6568713,5.404221,5.693736
P6_V14_Phase10,9.0,8.0,9.0,8.0,8.0,6.0708904,5.3451753,5.6599174,5.405213,5.69555
P6_V14_Phase11,7.0,6.0,6.0,7.0,6.0,6.069968,5.344504,5.6575694,5.4036064,5.6959257
P6_V14_Phase12,7.0,6.0,7.0,6.0,7.0,6.072664,5.347115,5.661411,5.406649,5.6982718
P6_V14_Phase13,9.0,8.0,9.0,8.0,9.0,6.069703,5.344032,5.6578317,5.40374,5.6952577
P6_V14_Phase14,6.0,5.0,6.0,5.0,5.0,6.0700746,5.346252,5.658722,5.405194,5.6958675
P6_V14_Phase15,5.0,4.0,5.0,4.0,5.0,6.070443,5.343536,5.659905,5.4057617,5.6959457
P6_V14_Phase16,2.0,1.0,1.0,2.0,1.0,6.070286,5.343236,5.659433,5.4062653,5.695985
P6_V14_Phase17,0.0,0.0,0.0,0.0,0.0,6.0687385,5.340924,5.658633,5.405704,5.6931353
P6_V14_Phase18,7.0,6.0,6.0,7.0,6.0,6.070481,5.344197,5.6604276,5.407194,5.695119
P6_V14_Phase19,5.0,4.0,5.0,4.0,4.0,6.0721483,5.3443336,5.661204,5.4083877,5.6964846
P6_V14_Phase2,0.0,0.0,0.0,0.0,0.0,6.0727215,5.346873,5.6608696,5.407749,5.6978216
P6_V14_Phase20,2.0,1.0,2.0,1.0,2.0,6.068495,5.3433185,5.657207,5.4037714,5.694095
P6_V14_Phase21,7.0,7.0,7.0,6.0,6.0,6.06703,5.3396373,5.655885,5.403055,5.691292
P6_V14_Phase22,2.0,1.0,2.0,1.0,2.0,6.063757,5.3399143,5.6511,5.399146,5.6906624
P6_V14_Phase3,2.0,1.0,2.0,1.0,2.0,6.06905,5.343893,5.657324,5.4036016,5.6955137
P6_V14_Phase4,4.0,3.0,4.0,3.0,4.0,6.064271,5.3417315,5.6519904,5.3988843,5.6913834
P6_V14_Phase5,7.0,6.0,7.0,6.0,6.0,6.068697,5.344234,5.6571484,5.4042425,5.6953745
P6_V14_Phase6,7.0,7.0,7.0,5.0,6.0,6.071644,5.3466897,5.6600833,5.405406,5.6978245
P6_V14_Phase7,7.0,6.0,6.0,7.0,6.0,6.070528,5.3448777,5.658341,5.4047003,5.696369
P6_V14_Phase8,9.0,8.0,9.0,6.0,7.0,6.0651817,5.340896,5.6529202,5.399722,5.6917334
P6_V14_Phase9,7.0,7.0,7.0,6.0,6.0,6.0666704,5.3424754,5.6549644,5.401863,5.6927233
P6_V15_Phase1,9.0,9.0,9.0,9.0,9.0,6.075042,5.346358,5.6646495,5.409568,5.6991153
P6_V15_Phase10,2.0,1.0,2.0,1.0,2.0,6.0705647,5.343155,5.6583505,5.406114,5.6953917
P6_V15_Phase11,2.0,2.0,1.0,2.0,2.0,6.066725,5.340087,5.6557097,5.4041724,5.691329
P6_V15_Phase12,2.0,1.0,2.0,1.0,2.0,6.0717416,5.3449917,5.6602874,5.406467,5.697193
P6_V15_Phase13,6.0,6.0,7.0,6.0,7.0,6.067498,5.3436704,5.6552663,5.4031377,5.6934795
P6_V15_Phase14,2.0,2.0,2.0,1.0,2.0,6.067824,5.339105,5.660251,5.4057727,5.6913147
P6_V15_Phase15,9.0,8.0,9.0,8.0,8.0,6.068117,5.343134,5.6554513,5.401888,5.6942406
P6_V15_Phase16,9.0,9.0,8.0,8.0,9.0,6.067531,5.343061,5.6565824,5.402389,5.6932917
P6_V15_Phase17,7.0,6.0,7.0,6.0,7.0,6.071973,5.342629,5.6628537,5.4082847,5.69401
P6_V15_Phase18,7.0,6.0,7.0,6.0,7.0,6.0722485,5.3463693,5.6595597,5.4060516,5.697591
P6_V15_Phase19,4.0,3.0,4.0,3.0,4.0,6.070502,5.3427653,5.6606426,5.406688,5.6944118
P6_V15_Phase2,2.0,1.0,1.0,2.0,2.0,6.0712166,5.3438783,5.6609597,5.406975,5.6963882
P6_V15_Phase20,2.0,2.0,1.0,2.0,1.0,6.0683556,5.345921,5.6563888,5.40302,5.69581
P6_V15_Phase21,2.0,1.0,2.0,1.0,2.0,6.0711417,5.3434196,5.6612716,5.4071307,5.696293
P6_V15_Phase22,9.0,8.0,9.0,7.0,8.0,6.0698266,5.3431935,5.6590476,5.406028,5.695532
P6_V15_Phase23,1.0,0.0,1.0,0.0,1.0,6.0681853,5.3404593,5.655776,5.4041233,5.692015
P6_V15_Phase24,7.0,7.0,6.0,6.0,7.0,6.0699043,5.3453383,5.6563315,5.404593,5.6959295
P6_V15_Phase25,2.0,1.0,2.0,1.0,1.0,6.0667744,5.3407607,5.6548285,5.403287,5.6921654
P6_V15_Phase3,7.0,6.0,7.0,6.0,7.0,6.068888,5.341738,5.658437,5.4044075,5.6934605
P6_V15_Phase4,7.0,6.0,6.0,7.0,7.0,6.0706367,5.3413944,5.6597066,5.4061594,5.692876
P6_V15_Phase5,7.0,7.0,7.0,5.0,6.0,6.0641603,5.33785,5.6522346,5.3997335,5.688622
P6_V15_Phase6,2.0,2.0,1.0,2.0,2.0,6.0653005,5.340413,5.6543794,5.400648,5.6904135
P6_V15_Phase7,9.0,8.0,9.0,8.0,9.0,6.067824,5.3390374,5.660309,5.406913,5.690585
P6_V15_Phase8,2.0,1.0,2.0,1.0,2.0,6.0707607,5.3430305,5.6602626,5.406802,5.695877
P6_V15_Phase9,2.0,1.0,2.0,1.0,2.0,6.0690155,5.343108,5.657537,5.4050903,5.69436
P6_V16_Phase1,4.0,3.0,4.0,3.0,4.0,6.0677896,5.342481,5.654547,5.4018598,5.6940584
P6_V16_Phase10,6.0,5.0,5.0,6.0,5.0,6.069313,5.343537,5.65857,5.403868,5.6937027
P6_V16_Phase11,2.0,2.0,1.0,1.0,2.0,6.066511,5.3423533,5.6541433,5.402364,5.693571
P6_V16_Phase12,2.0,2.0,1.0,1.0,2.0,6.067374,5.3423524,5.653428,5.4031296,5.6934175
P6_V16_Phase13,7.0,6.0,7.0,5.0,6.0,6.0718365,5.345285,5.660605,5.4059954,5.6974177
P6_V16_Phase14,2.0,2.0,1.0,1.0,2.0,6.0697136,5.345311,5.657685,5.40556,5.696752
P6_V16_Phase15,5.0,4.0,5.0,4.0,5.0,6.0651774,5.337273,5.655107,5.40265,5.6890907
P6_V16_Phase16,7.0,7.0,6.0,6.0,7.0,6.0690107,5.343736,5.6567807,5.4040747,5.695182
P6_V16_Phase17,7.0,7.0,6.0,6.0,7.0,6.0697575,5.340668,5.6587787,5.406744,5.6929045
P6_V16_Phase18,2.0,1.0,2.0,1.0,2.0,6.073806,5.3478665,5.66242,5.407745,5.699597
P6_V16_Phase19,9.0,8.0,9.0,8.0,9.0,6.069908,5.343717,5.6575723,5.405945,5.6946893
P6_V16_Phase2,7.0,6.0,6.0,7.0,6.0,6.068982,5.342573,5.658116,5.405788,5.69471
P6_V16_Phase20,7.0,7.0,6.0,6.0,7.0,6.06705,5.341645,5.6556067,5.4029264,5.693034
P6_V16_Phase21,9.0,8.0,9.0,8.0,9.0,6.0693955,5.343553,5.657862,5.4045467,5.694993
P6_V16_Phase22,1.0,0.0,1.0,0.0,0.0,6.066682,5.341028,5.6555357,5.4022994,5.692362
P6_V16_Phase23,6.0,5.0,6.0,5.0,6.0,6.0683236,5.3399477,5.6582828,5.405291,5.6919947
P6_V16_Phase24,9.0,9.0,9.0,8.0,8.0,6.068116,5.341787,5.656523,5.4032397,5.6930404
P6_V16_Phase25,2.0,2.0,1.0,2.0,2.0,6.0689044,5.3419414,5.6578026,5.4053907,5.693431
P6_V16_Phase26,5.0,4.0,5.0,4.0,5.0,6.0712337,5.344175,5.6605124,5.406898,5.695506
P6_V16_Phase27,7.0,7.0,6.0,7.0,7.0,6.073475,5.345715,5.664033,5.4097853,5.697625
P6_V16_Phase28,2.0,2.0,1.0,1.0,2.0,6.069968,5.3429914,5.6607957,5.406461,5.695011
P6_V16_Phase29,1.0,1.0,0.0,0.0,0.0,6.068718,5.3437605,5.6567817,5.4045277,5.6946783
P6_V16_Phase3,7.0,6.0,7.0,6.0,7.0,6.0704355,5.34497,5.6586156,5.4058485,5.6967716
P6_V16_Phase30,2.0,1.0,2.0,1.0,1.0,6.0656514,5.340877,5.653548,5.4016876,5.692315
P6_V16_Phase4,2.0,2.0,1.0,2.0,1.0,6.0660796,5.341431,5.6547437,5.401929,5.6919703
P6_V16_Phase5,7.0,6.0,6.0,7.0,6.0,6.0672245,5.3412814,5.6564126,5.4016213,5.6915193
P6_V16_Phase6,2.0,1.0,2.0,1.0,2.0,6.071992,5.3436546,5.6607623,5.4076076,5.6963253
P6_V16_Phase7,2.0,2.0,1.0,1.0,2.0,6.065523,5.3406653,5.6570745,5.4017167,5.690007
P6_V16_Phase8,7.0,6.0,7.0,6.0,7.0,6.0690937,5.3443184,5.657739,5.405173,5.6951857
P6_V16_Phase9,2.0,1.0,2.0,1.0,2.0,6.070567,5.3438807,5.660014,5.4052477,5.6958127
P6_V17_Phase1,3.0,3.0,3.0,2.0,2.0,6.0707836,5.3426375,5.660192,5.406807,5.694899
P6_V17_Phase10,7.0,6.0,7.0,6.0,7.0,6.0647273,5.3418665,5.651673,5.399968,5.6915483
P6_V17_Phase11,7.0,6.0,7.0,6.0,7.0,6.067229,5.3426948,5.656798,5.4016685,5.691612
P6_V17_Phase12,5.0,4.0,5.0,3.0,4.0,6.0690947,5.343207,5.6571827,5.404188,5.6942487
P6_V17_Phase13,2.0,2.0,1.0,2.0,2.0,6.068536,5.3420405,5.6566567,5.4052725,5.694252
P6_V17_Phase14,6.0,6.0,6.0,5.0,5.0,6.0719767,5.3465466,5.6596828,5.405138,5.698287
P6_V17_Phase15,9.0,9.0,8.0,8.0,9.0,6.070903,5.3423595,5.6612,5.4071646,5.6935787
P6_V17_Phase16,6.0,5.0,6.0,5.0,5.0,6.067852,5.3417754,5.6556754,5.4026766,5.692479
P6_V17_Phase17,7.0,7.0,7.0,6.0,7.0,6.0660143,5.3401866,5.655244,5.402482,5.6909385
P6_V17_Phase18,7.0,6.0,7.0,6.0,6.0,6.0667915,5.3428683,5.6543193,5.402587,5.693362
P6_V17_Phase19,8.0,7.0,7.0,6.0,7.0,6.068375,5.3435483,5.65591,5.403677,5.6945486
P6_V17_Phase2,5.0,4.0,5.0,4.0,5.0,6.0687127,5.344118,5.6569843,5.4037952,5.69493
P6_V17_Phase20,5.0,4.0,5.0,4.0,4.0,6.0699797,5.3440633,5.659879,5.404436,5.694525
P6_V17_Phase21,2.0,2.0,1.0,2.0,1.0,6.0630946,5.3389497,5.6533475,5.399554,5.6885695
P6_V17_Phase22,2.0,2.0,2.0,1.0,1.0,6.069002,5.344746,5.656503,5.404044,5.6956434
P6_V17_Phase23,7.0,7.0,7.0,6.0,7.0,6.0672445,5.3430705,5.656279,5.403136,5.692769
P6_V17_Phase24,7.0,7.0,6.0,6.0,7.0,6.0704775,5.345575,5.6592917,5.404357,5.6975174
P6_V17_Phase25,6.0,6.0,6.0,5.0,6.0,6.0708017,5.3435907,5.660153,5.407168,5.69549
P6_V17_Phase3,2.0,2.0,2.0,1.0,2.0,6.0629272,5.3373027,5.6541233,5.40176,5.6871896
P6_V17_Phase4,7.0,7.0,7.0,6.0,7.0,6.06302,5.3387094,5.652029,5.4001346,5.687859
P6_V17_Phase5,1.0,1.0,0.0,1.0,1.0,6.0678997,5.3418365,5.657741,5.4047365,5.693699
P6_V17_Phase6,2.0,1.0,2.0,1.0,2.0,6.069504,5.3412623,5.6582785,5.4061766,5.6945157
P6_V17_Phase7,7.0,6.0,7.0,6.0,7.0,6.070408,5.342321,5.6620727,5.4065704,5.6939893
P6_V17_Phase8,7.0,7.0,7.0,6.0,6.0,6.069519,5.3445115,5.658176,5.4039965,5.6962132
P6_V17_Phase9,1.0,0.0,1.0,0.0,1.0,6.0703974,5.343572,5.658706,5.4064927,5.694229
P6_V18_Phase1,7.0,6.0,7.0,6.0,7.0,6.0610137,5.3327546,5.652173,5.3982515,5.6850085
P6_V18_Phase10,0.0,0.0,0.0,0.0,0.0,6.0705676,5.343792,5.659618,5.405461,5.6950984
P6_V18_Phase11,2.0,1.0,2.0,1.0,2.0,6.0680256,5.34185,5.657117,5.4037867,5.6935587
P6_V18_Phase12,2.0,2.0,2.0,1.0,2.0,6.070972,5.3445187,5.659822,5.40701,5.696373
P6_V18_Phase13,2.0,2.0,2.0,1.0,2.0,6.0707827,5.344273,5.6591773,5.406538,5.6959
P6_V18_Phase14,7.0,6.0,7.0,6.0,7.0,6.0698175,5.3428926,5.658547,5.405487,5.694561
P6_V18_Phase15,6.0,6.0,5.0,4.0,5.0,6.073374,5.343109,5.665647,5.4097795,5.6939535
P6_V18_Phase16,4.0,4.0,3.0,4.0,3.0,6.0735955,5.3457255,5.6631246,5.4087663,5.6983976
P6_V18_Phase17,2.0,1.0,1.0,2.0,1.0,6.067251,5.3398347,5.6575828,5.4046307,5.6905603
P6_V18_Phase18,7.0,6.0,7.0,6.0,7.0,6.065926,5.3397446,5.6554685,5.4028864,5.690717
P6_V18_Phase19,2.0,2.0,1.0,1.0,2.0,6.0695515,5.343567,5.6581326,5.4043174,5.6950793
P6_V18_Phase2,1.0,1.0,0.0,1.0,0.0,6.069437,5.3432703,5.6582093,5.405016,5.694946
P6_V18_Phase20,2.0,1.0,2.0,1.0,2.0,6.062537,5.338878,5.65156,5.3977337,5.6881266
P6_V18_Phase21,5.0,4.0,5.0,4.0,5.0,6.069751,5.3446636,5.658095,5.4063272,5.6956873
P6_V18_Phase22,7.0,7.0,7.0,6.0,7.0,6.0681157,5.3425117,5.6562057,5.4035034,5.694414
P6_V18_Phase23,7.0,6.0,6.0,7.0,7.0,6.062754,5.3378606,5.650075,5.3984156,5.6892004
P6_V18_Phase24,4.0,3.0,3.0,4.0,4.0,6.067766,5.340768,5.6570244,5.403062,5.692644
P6_V18_Phase25,2.0,2.0,1.0,2.0,2.0,6.064652,5.3404193,5.6530128,5.40088,5.6913147
P6_V18_Phase26,5.0,5.0,4.0,5.0,4.0,6.0686274,5.340857,5.661352,5.407014,5.691404
P6_V18_Phase27,6.0,5.0,6.0,5.0,6.0,6.0717125,5.343902,5.662496,5.408546,5.6955743
P6_V18_Phase28,7.0,7.0,7.0,6.0,7.0,6.071127,5.3436217,5.660815,5.40751,5.6964192
P6_V18_Phase29,2.0,1.0,2.0,0.0,1.0,6.065794,5.3401494,5.6547346,5.401515,5.69176
P6_V18_Phase3,2.0,2.0,1.0,1.0,1.0,6.0707397,5.343121,5.6611214,5.4072146,5.695213
P6_V18_Phase30,2.0,1.0,2.0,0.0,1.0,6.070364,5.343968,5.659855,5.406336,5.6957693
P6_V18_Phase31,5.0,4.0,5.0,4.0,5.0,6.070673,5.3436484,5.660425,5.407884,5.6963835
P6_V18_Phase32,2.0,2.0,1.0,1.0,2.0,6.068174,5.343345,5.6553636,5.403707,5.693596
P6_V18_Phase33,2.0,2.0,1.0,2.0,1.0,6.0703783,5.343024,5.661815,5.406485,5.6936364
P6_V18_Phase34,7.0,6.0,6.0,7.0,7.0,6.0700607,5.3437095,5.659509,5.406208,5.6958876
P6_V18_Phase35,5.0,5.0,4.0,4.0,5.0,6.0687666,5.3434067,5.657314,5.403022,5.6952343
P6_V18_Phase4,1.0,1.0,0.0,1.0,0.0,6.0644636,5.3401685,5.65301,5.401598,5.6886272
P6_V18_Phase5,2.0,2.0,1.0,1.0,2.0,6.070112,5.343386,5.6573386,5.405496,5.695301
P6_V18_Phase6,9.0,8.0,8.0,9.0,8.0,6.071159,5.3440356,5.659255,5.4065742,5.696288
P6_V18_Phase7,2.0,2.0,1.0,2.0,1.0,6.0685205,5.341916,5.6578937,5.403544,5.693595
P6_V18_Phase8,1.0,0.0,1.0,0.0,1.0,6.068869,5.3445826,5.6570086,5.4027996,5.695098
P6_V18_Phase9,7.0,7.0,7.0,6.0,7.0,6.065961,5.3401117,5.653942,5.401148,5.6913776
P6_V19_Phase1,5.0,4.0,5.0,4.0,5.0,6.0709577,5.3432984,5.660176,5.406165,5.695938
P6_V19_Phase10,7.0,7.0,6.0,7.0,6.0,6.066718,5.3426647,5.654431,5.4022284,5.6934223
P6_V19_Phase11,2.0,1.0,2.0,1.0,2.0,6.0664654,5.3403115,5.655666,5.4032526,5.6914783
P6_V19_Phase12,9.0,9.0,9.0,9.0,9.0,6.0660925,5.340647,5.6540103,5.4019337,5.6922793
P6_V19_Phase13,5.0,4.0,5.0,4.0,5.0,6.0658607,5.3412995,5.653456,5.401698,5.6920614
P6_V19_Phase14,7.0,6.0,7.0,6.0,7.0,6.0689692,5.341247,5.6589026,5.405943,5.693569
P6_V19_Phase15,6.0,5.0,6.0,5.0,6.0,6.0680747,5.342217,5.6580515,5.4038677,5.693037
P6_V19_Phase16,7.0,7.0,7.0,6.0,7.0,6.0696974,5.3447957,5.6583395,5.404402,5.6962304
P6_V19_Phase17,2.0,2.0,1.0,1.0,1.0,6.0659995,5.343614,5.6528654,5.4002757,5.6935453
P6_V19_Phase18,2.0,2.0,1.0,2.0,2.0,6.070158,5.344094,5.6588283,5.405974,5.6947336
P6_V19_Phase19,9.0,9.0,8.0,8.0,9.0,6.06639,5.3404346,5.6555667,5.4033146,5.6919136
P6_V19_Phase2,7.0,6.0,6.0,7.0,6.0,6.0701494,5.3435073,5.6592937,5.406419,5.6947966
P6_V19_Phase20,9.0,8.0,8.0,9.0,8.0,6.0712147,5.3448625,5.661079,5.406767,5.695944
P6_V19_Phase21,9.0,9.0,9.0,8.0,9.0,6.0685024,5.3414226,5.6593122,5.4054565,5.6922464
P6_V19_Phase22,7.0,7.0,6.0,6.0,7.0,6.06426,5.3405805,5.6521072,5.3992395,5.691094
P6_V19_Phase23,9.0,8.0,8.0,9.0,8.0,6.064665,5.339686,5.6525636,5.4015856,5.6914825
P6_V19_Phase24,2.0,1.0,2.0,1.0,2.0,6.0705204,5.3436646,5.659279,5.4067326,5.695918
P6_V19_Phase25,7.0,7.0,6.0,6.0,7.0,6.0728636,5.343848,5.661336,5.4088345,5.6965017
P6_V19_Phase26,2.0,2.0,1.0,1.0,2.0,6.069088,5.3408265,5.6585164,5.407082,5.690384
P6_V19_Phase27,7.0,6.0,6.0,6.0,7.0,6.0654306,5.340142,5.654163,5.4007206,5.6917543
P6_V19_Phase28,9.0,9.0,9.0,9.0,9.0,6.066106,5.3404384,5.655517,5.401277,5.6920404
P6_V19_Phase29,9.0,8.0,9.0,8.0,9.0,6.066718,5.339829,5.655465,5.4030924,5.6911364
P6_V19_Phase3,5.0,4.0,4.0,5.0,4.0,6.0716076,5.3458395,5.660882,5.4067497,5.696614
P6_V19_Phase30,5.0,4.0,5.0,4.0,4.0,6.071638,5.343825,5.661783,5.407854,5.6968875
P6_V19_Phase31,3.0,2.0,2.0,3.0,3.0,6.0648775,5.34067,5.652941,5.4017906,5.6914606
P6_V19_Phase32,9.0,8.0,9.0,8.0,8.0,6.0667186,5.3423743,5.6547656,5.402053,5.6927953
P6_V19_Phase33,2.0,1.0,0.0,1.0,2.0,6.063923,5.3389792,5.652036,5.3994865,5.690149
P6_V19_Phase34,2.0,2.0,1.0,0.0,1.0,6.0704746,5.343448,5.659672,5.407015,5.6958733
P6_V19_Phase35,5.0,4.0,5.0,4.0,5.0,6.0681076,5.3415866,5.656507,5.4044933,5.693144
P6_V19_Phase36,7.0,7.0,6.0,6.0,7.0,6.065864,5.34102,5.6532702,5.400337,5.6911716
P6_V19_Phase37,9.0,9.0,9.0,8.0,8.0,6.0664034,5.340974,5.654282,5.4018316,5.69215
P6_V19_Phase38,7.0,7.0,7.0,6.0,6.0,6.069195,5.341561,5.660806,5.4057713,5.692629
P6_V19_Phase39,4.0,5.0,4.0,3.0,4.0,6.0719857,5.3455787,5.659949,5.406047,5.697564
P6_V19_Phase4,9.0,8.0,8.0,9.0,8.0,6.069893,5.343841,5.65944,5.40676,5.694541
P6_V19_Phase40,7.0,7.0,6.0,6.0,7.0,6.0674667,5.3423653,5.6543465,5.4027576,5.6934075
P6_V19_Phase41,9.0,9.0,9.0,9.0,9.0,6.0664673,5.3442564,5.654952,5.401993,5.694018
P6_V19_Phase42,9.0,9.0,9.0,8.0,9.0,6.0682936,5.3436875,5.6558595,5.403207,5.6948414
P6_V19_Phase43,2.0,1.0,1.0,2.0,1.0,6.0702047,5.343946,5.6587873,5.40602,5.695588
P6_V19_Phase44,2.0,1.0,2.0,1.0,1.0,6.0695095,5.342798,5.6580253,5.4056363,5.6946507
P6_V19_Phase5,9.0,9.0,8.0,8.0,9.0,6.065997,5.340134,5.6549053,5.4017878,5.6918087
P6_V19_Phase6,3.0,2.0,3.0,2.0,3.0,6.066951,5.3408637,5.655239,5.4033637,5.692564
P6_V19_Phase7,2.0,2.0,1.0,1.0,2.0,6.069046,5.34355,5.657295,5.4043655,5.6954584
P6_V19_Phase8,2.0,2.0,1.0,2.0,1.0,6.0664654,5.3412976,5.655238,5.4018846,5.69283
P6_V19_Phase9,9.0,8.0,8.0,9.0,8.0,6.0672584,5.3430033,5.654589,5.4027634,5.6940584
P6_V1_Phase1,5.0,4.0,5.0,4.0,5.0,6.0676394,5.3431115,5.655201,5.4041567,5.694167
P6_V1_Phase10,7.0,6.0,6.0,7.0,6.0,6.0704093,5.343428,5.6591716,5.4064736,5.6953793
P6_V1_Phase11,9.0,9.0,8.0,8.0,9.0,6.067792,5.342363,5.6552386,5.402913,5.6941395
P6_V1_Phase12,7.0,6.0,7.0,6.0,7.0,6.070466,5.3412375,5.661078,5.407572,5.6931286
P6_V1_Phase13,6.0,5.0,6.0,5.0,6.0,6.068427,5.3422513,5.6585975,5.403742,5.6934576
P6_V1_Phase14,7.0,6.0,7.0,6.0,7.0,6.0700912,5.3421054,5.6598353,5.407148,5.693825
P6_V1_Phase15,6.0,5.0,6.0,5.0,5.0,6.068358,5.342321,5.6576214,5.40501,5.6934814
P6_V1_Phase16,7.0,6.0,7.0,6.0,7.0,6.0616436,5.335258,5.6517005,5.3981614,5.6860332
P6_V1_Phase17,5.0,4.0,5.0,4.0,5.0,6.064849,5.3391743,5.6535764,5.399839,5.690625
P6_V1_Phase18,6.0,5.0,5.0,6.0,5.0,6.0684624,5.343058,5.657758,5.404193,5.69405
P6_V1_Phase19,4.0,3.0,3.0,4.0,3.0,6.0684414,5.3416457,5.6578455,5.4049373,5.692975
P6_V1_Phase2,7.0,6.0,6.0,7.0,7.0,6.070541,5.3442426,5.659248,5.4067764,5.6956353
P6_V1_Phase20,7.0,6.0,6.0,7.0,6.0,6.0715647,5.3421044,5.661428,5.408058,5.694299
P6_V1_Phase21,7.0,6.0,7.0,6.0,7.0,6.068967,5.3422656,5.657451,5.405344,5.693577
P6_V1_Phase22,7.0,6.0,7.0,6.0,7.0,6.068482,5.3424935,5.657149,5.40506,5.6940174
P6_V1_Phase23,7.0,6.0,7.0,6.0,7.0,6.0633645,5.3370905,5.652929,5.4004774,5.6878276
P6_V1_Phase24,2.0,1.0,2.0,1.0,2.0,6.0693207,5.342814,5.6577697,5.40574,5.695239
P6_V1_Phase25,2.0,1.0,2.0,1.0,2.0,6.069663,5.34328,5.6593165,5.405513,5.694849
P6_V1_Phase26,5.0,4.0,5.0,4.0,5.0,6.073339,5.345574,5.6626725,5.4087253,5.6979
P6_V1_Phase27,0.0,0.0,0.0,0.0,0.0,6.0671825,5.3406425,5.6567483,5.40411,5.691358
P6_V1_Phase28,2.0,1.0,2.0,1.0,2.0,6.0689673,5.342788,5.6577897,5.4039783,5.6942787
P6_V1_Phase29,2.0,1.0,2.0,1.0,2.0,6.067356,5.3432193,5.6541586,5.40277,5.6935406
P6_V1_Phase3,2.0,2.0,1.0,1.0,2.0,6.0672817,5.3412213,5.6573443,5.4045105,5.692834
P6_V1_Phase30,2.0,1.0,1.0,2.0,1.0,6.0652294,5.33923,5.6540756,5.402143,5.6896067
P6_V1_Phase31,2.0,1.0,2.0,1.0,2.0,6.073496,5.346111,5.6630926,5.409545,5.697939
P6_V1_Phase32,7.0,6.0,6.0,7.0,7.0,6.068355,5.340945,5.6560917,5.4064198,5.691454
P6_V1_Phase33,2.0,1.0,2.0,1.0,2.0,6.070692,5.3443522,5.6597834,5.406625,5.6963263
P6_V1_Phase34,7.0,6.0,6.0,7.0,6.0,6.0695877,5.343865,5.65704,5.4040694,5.695446
P6_V1_Phase35,2.0,2.0,1.0,2.0,2.0,6.070104,5.343946,5.6594653,5.40626,5.6949854
P6_V1_Phase36,2.0,1.0,2.0,1.0,2.0,6.0688066,5.342447,5.661004,5.4057446,5.692668
P6_V1_Phase37,2.0,1.0,2.0,1.0,2.0,6.064768,5.338486,5.6524677,5.401017,5.690716
P6_V1_Phase4,7.0,6.0,7.0,6.0,7.0,6.070329,5.3423905,5.660444,5.4066777,5.6947117
P6_V1_Phase5,5.0,4.0,4.0,5.0,4.0,6.0693355,5.3437815,5.6587276,5.405307,5.694831
P6_V1_Phase6,7.0,7.0,7.0,6.0,6.0,6.0695543,5.343369,5.658053,5.4050655,5.6948957
P6_V1_Phase7,7.0,6.0,7.0,6.0,7.0,6.0675144,5.341649,5.6554956,5.4031262,5.693395
P6_V1_Phase8,7.0,6.0,7.0,6.0,7.0,6.074014,5.3477993,5.66286,5.4095345,5.69936
P6_V1_Phase9,6.0,5.0,6.0,5.0,6.0,6.0689683,5.342557,5.657962,5.405159,5.6940465
P6_V20_Phase1,9.0,9.0,8.0,8.0,9.0,6.064969,5.336322,5.6536,5.404251,5.687756
P6_V20_Phase10,7.0,7.0,6.0,5.0,5.0,6.0649815,5.34121,5.6526685,5.40186,5.691927
P6_V20_Phase11,5.0,4.0,5.0,3.0,4.0,6.065056,5.3411975,5.6538267,5.401816,5.690953
P6_V20_Phase12,7.0,6.0,6.0,7.0,6.0,6.0683703,5.3422966,5.65628,5.403656,5.693921
P6_V20_Phase13,7.0,6.0,7.0,4.0,5.0,6.0731564,5.344245,5.663552,5.409968,5.6963005
P6_V20_Phase14,7.0,7.0,7.0,6.0,7.0,6.0668216,5.341257,5.6551394,5.4031954,5.692675
P6_V20_Phase15,8.0,7.0,8.0,7.0,7.0,6.068648,5.3411727,5.6588254,5.40427,5.692608
P6_V20_Phase16,5.0,5.0,4.0,4.0,5.0,6.064661,5.338672,5.653839,5.401053,5.6897964
P6_V20_Phase17,7.0,7.0,6.0,6.0,7.0,6.0703297,5.342754,5.658788,5.4068336,5.6953754
P6_V20_Phase18,7.0,7.0,6.0,6.0,7.0,6.068261,5.3415437,5.6565595,5.404171,5.693818
P6_V20_Phase19,2.0,2.0,1.0,1.0,2.0,6.066944,5.341535,5.6574874,5.402896,5.6921425
P6_V20_Phase2,7.0,6.0,6.0,7.0,6.0,6.064931,5.338351,5.6553574,5.4017587,5.6894875
P6_V20_Phase20,9.0,8.0,8.0,9.0,9.0,6.0700636,5.3441095,5.6585574,5.4053736,5.6953964
P6_V20_Phase21,7.0,7.0,6.0,6.0,7.0,6.0668926,5.3430934,5.6545625,5.4015913,5.693827
P6_V20_Phase22,9.0,9.0,9.0,7.0,8.0,6.064024,5.339785,5.6520333,5.3994637,5.6903877
P6_V20_Phase23,7.0,6.0,7.0,6.0,7.0,6.0648756,5.3419423,5.6534576,5.399889,5.691701
P6_V20_Phase24,5.0,5.0,4.0,4.0,5.0,6.0713615,5.3457227,5.6595664,5.4060235,5.6974277
P6_V20_Phase3,7.0,7.0,7.0,6.0,7.0,6.0698075,5.3427277,5.660306,5.4073186,5.69476
P6_V20_Phase4,5.0,4.0,5.0,3.0,4.0,6.064871,5.3415627,5.654163,5.3986826,5.6923475
P6_V20_Phase5,7.0,7.0,6.0,6.0,7.0,6.072161,5.346621,5.659965,5.406724,5.698143
P6_V20_Phase6,5.0,5.0,4.0,5.0,4.0,6.0696964,5.345552,5.6566186,5.4048414,5.696293
P6_V20_Phase7,6.0,6.0,5.0,5.0,6.0,6.0668745,5.341282,5.654615,5.4032736,5.692932
P6_V20_Phase8,6.0,6.0,5.0,5.0,6.0,6.0646787,5.340066,5.6521482,5.4025908,5.691139
P6_V20_Phase9,3.0,2.0,3.0,2.0,3.0,6.0651155,5.342422,5.6517377,5.400948,5.692074
P6_V21_Phase1,2.0,2.0,0.0,1.0,2.0,6.0720253,5.3449416,5.6608596,5.407876,5.6970024
P6_V21_Phase10,7.0,7.0,7.0,5.0,6.0,6.0704513,5.3450093,5.6587663,5.4061384,5.6965127
P6_V21_Phase11,7.0,7.0,7.0,6.0,7.0,6.0694675,5.3428073,5.6588964,5.406128,5.69491
P6_V21_Phase12,7.0,7.0,7.0,6.0,7.0,6.065957,5.339972,5.655384,5.402974,5.6910057
P6_V21_Phase13,5.0,5.0,4.0,4.0,5.0,6.0687795,5.3428063,5.6572413,5.4050837,5.6945934
P6_V21_Phase14,9.0,8.0,9.0,8.0,8.0,6.0647054,5.3396406,5.653298,5.400593,5.6903124
P6_V21_Phase15,2.0,1.0,0.0,1.0,2.0,6.0637355,5.338388,5.653416,5.399227,5.68857
P6_V21_Phase16,7.0,7.0,7.0,6.0,7.0,6.0712833,5.344727,5.660937,5.4084787,5.696803
P6_V21_Phase17,9.0,8.0,8.0,9.0,8.0,6.0707607,5.3423533,5.6598654,5.407707,5.6944313
P6_V21_Phase18,2.0,2.0,1.0,1.0,2.0,6.0677967,5.341735,5.6556907,5.4034786,5.693243
P6_V21_Phase19,6.0,5.0,6.0,5.0,6.0,6.0687666,5.34268,5.6586456,5.405776,5.6938496
P6_V21_Phase2,7.0,7.0,6.0,7.0,6.0,6.067772,5.3421946,5.656136,5.4040766,5.6936483
P6_V21_Phase20,2.0,2.0,1.0,2.0,1.0,6.0696545,5.342251,5.6591635,5.4066224,5.6937637
P6_V21_Phase21,2.0,1.0,1.0,2.0,1.0,6.070605,5.34304,5.659426,5.406596,5.6950126
P6_V21_Phase22,7.0,7.0,6.0,6.0,7.0,6.070733,5.3437076,5.660197,5.40695,5.6955786
P6_V21_Phase23,7.0,7.0,7.0,6.0,7.0,6.0733814,5.3454194,5.6639323,5.4097776,5.697909
P6_V21_Phase24,5.0,4.0,5.0,4.0,5.0,6.068272,5.341637,5.65735,5.40421,5.694062
P6_V21_Phase25,7.0,6.0,6.0,7.0,6.0,6.0700555,5.343655,5.659458,5.406008,5.695286
P6_V21_Phase26,9.0,8.0,8.0,9.0,8.0,6.0673523,5.338656,5.6561913,5.4042892,5.6907167
P6_V21_Phase27,9.0,9.0,9.0,8.0,8.0,6.068042,5.3412156,5.657864,5.405195,5.6926813
P6_V21_Phase28,9.0,8.0,8.0,9.0,8.0,6.071424,5.3446507,5.6603494,5.4062977,5.6966634
P6_V21_Phase29,7.0,7.0,7.0,5.0,6.0,6.0695243,5.343308,5.657878,5.4059753,5.6947823
P6_V21_Phase3,7.0,7.0,6.0,6.0,7.0,6.0695224,5.3417306,5.6598287,5.4064655,5.6934443
P6_V21_Phase30,2.0,2.0,1.0,1.0,2.0,6.0738916,5.345944,5.6634917,5.408966,5.698085
P6_V21_Phase31,5.0,5.0,5.0,3.0,4.0,6.072012,5.345553,5.6619763,5.4073668,5.697298
P6_V21_Phase32,9.0,8.0,9.0,8.0,9.0,6.0703754,5.3422523,5.659994,5.4072847,5.694001
P6_V21_Phase33,9.0,9.0,9.0,8.0,8.0,6.068843,5.3421597,5.658166,5.40547,5.6943364
P6_V21_Phase34,2.0,2.0,1.0,2.0,1.0,6.0683002,5.342696,5.6568637,5.404192,5.6944904
P6_V21_Phase35,9.0,9.0,9.0,8.0,8.0,6.069168,5.3409505,5.6579547,5.4064713,5.692157
P6_V21_Phase36,2.0,2.0,2.0,1.0,2.0,6.067788,5.3423343,5.6559596,5.4037094,5.6921215
P6_V21_Phase37,5.0,4.0,5.0,4.0,5.0,6.0703077,5.3444257,5.6577344,5.405946,5.6961517
P6_V21_Phase4,4.0,3.0,4.0,3.0,4.0,6.0690002,5.3424697,5.657742,5.4058657,5.6941986
P6_V21_Phase5,7.0,6.0,6.0,7.0,6.0,6.0716295,5.345118,5.6609626,5.408514,5.696848
P6_V21_Phase6,7.0,7.0,6.0,6.0,7.0,6.068132,5.3422256,5.656224,5.4029455,5.693946
P6_V21_Phase7,7.0,7.0,7.0,6.0,7.0,6.0703583,5.343782,5.6585116,5.4057775,5.6953526
P6_V21_Phase8,4.0,3.0,4.0,3.0,4.0,6.069393,5.343723,5.657739,5.4059887,5.694894
P6_V21_Phase9,7.0,7.0,7.0,6.0,7.0,6.0681925,5.341555,5.656594,5.405369,5.6924205
P6_V22_Phase1,9.0,8.0,8.0,9.0,8.0,6.0699215,5.3431697,5.658117,5.405566,5.6947517
P6_V22_Phase10,7.0,7.0,6.0,6.0,6.0,6.0664988,5.341869,5.655833,5.4031477,5.6928415
P6_V22_Phase11,0.0,0.0,0.0,0.0,0.0,6.072955,5.3475676,5.662092,5.4061227,5.6985216
P6_V22_Phase12,7.0,7.0,6.0,6.0,7.0,6.0669794,5.3436766,5.656276,5.4038696,5.6928415
P6_V22_Phase13,2.0,1.0,2.0,1.0,2.0,6.0638623,5.339854,5.651553,5.4007416,5.690113
P6_V22_Phase14,2.0,1.0,0.0,1.0,2.0,6.0702,5.345044,5.6573615,5.4057417,5.6955786
P6_V22_Phase15,7.0,7.0,6.0,6.0,7.0,6.065858,5.3409953,5.6533012,5.4007277,5.692124
P6_V22_Phase16,9.0,8.0,8.0,9.0,8.0,6.0676594,5.3424153,5.65577,5.402269,5.6938515
P6_V22_Phase17,2.0,1.0,0.0,2.0,2.0,6.069197,5.342027,5.658975,5.4056582,5.6945004
P6_V22_Phase18,7.0,6.0,7.0,6.0,7.0,6.0705814,5.3433194,5.660255,5.4065914,5.693947
P6_V22_Phase19,1.0,0.0,0.0,0.0,1.0,6.067662,5.345376,5.655993,5.4019604,5.695452
P6_V22_Phase2,9.0,9.0,8.0,8.0,9.0,6.066064,5.3402805,5.6556535,5.401415,5.691744
P6_V22_Phase3,7.0,7.0,6.0,6.0,7.0,6.0637827,5.3396354,5.6515965,5.398539,5.6901937
P6_V22_Phase4,2.0,1.0,2.0,1.0,2.0,6.069816,5.341987,5.6600127,5.4064636,5.693605
P6_V22_Phase5,5.0,5.0,5.0,3.0,4.0,6.0673113,5.3422713,5.6565175,5.4035797,5.693776
P6_V22_Phase6,7.0,6.0,7.0,6.0,7.0,6.0715647,5.3437433,5.6608043,5.4075775,5.6966124
P6_V22_Phase7,2.0,2.0,2.0,1.0,1.0,6.0697737,5.344643,5.658193,5.4068556,5.695937
P6_V22_Phase8,4.0,3.0,4.0,3.0,4.0,6.069838,5.3429847,5.6596212,5.405142,5.694685
P6_V22_Phase9,2.0,1.0,2.0,1.0,1.0,6.0703716,5.344468,5.660682,5.4074273,5.696267
P6_V23_Phase1,7.0,7.0,6.0,6.0,7.0,6.0652556,5.3405795,5.6521106,5.40074,5.6911764
P6_V23_Phase10,7.0,6.0,7.0,6.0,7.0,6.071681,5.3444295,5.6601768,5.406718,5.696821
P6_V23_Phase11,7.0,6.0,7.0,6.0,7.0,6.0671654,5.343084,5.6543136,5.402629,5.6938715
P6_V23_Phase12,7.0,6.0,7.0,6.0,7.0,6.069792,5.345342,5.6577225,5.4054317,5.6961646
P6_V23_Phase13,2.0,2.0,1.0,2.0,1.0,6.070692,5.342533,5.6610074,5.408375,5.695095
P6_V23_Phase14,2.0,1.0,1.0,1.0,2.0,6.0664897,5.3427286,5.654824,5.4016175,5.693223
P6_V23_Phase15,7.0,7.0,7.0,6.0,6.0,6.0680766,5.3434596,5.655643,5.4029016,5.694474
P6_V23_Phase16,2.0,2.0,1.0,2.0,1.0,6.0696917,5.345657,5.6571293,5.4042974,5.6962013
P6_V23_Phase17,2.0,2.0,2.0,1.0,1.0,6.0719004,5.346303,5.6605144,5.4066114,5.697732
P6_V23_Phase18,2.0,1.0,2.0,1.0,2.0,6.068756,5.3417544,5.6577115,5.405743,5.694307
P6_V23_Phase19,6.0,6.0,5.0,5.0,6.0,6.068751,5.3435745,5.6572847,5.402206,5.694737
P6_V23_Phase2,7.0,6.0,6.0,7.0,6.0,6.0770416,5.352842,5.665473,5.4094877,5.7026997
P6_V23_Phase20,7.0,6.0,7.0,6.0,7.0,6.0732374,5.3438697,5.661718,5.4090757,5.6971207
P6_V23_Phase21,1.0,0.0,1.0,0.0,0.0,6.0720778,5.3443656,5.6607585,5.4074574,5.6969395
P6_V23_Phase3,2.0,2.0,1.0,2.0,1.0,6.0712366,5.3461432,5.6598086,5.4059057,5.697627
P6_V23_Phase4,6.0,5.0,5.0,6.0,6.0,6.07141,5.3426466,5.661671,5.4075785,5.6949162
P6_V23_Phase5,2.0,2.0,2.0,1.0,2.0,6.0700226,5.343799,5.659082,5.405832,5.6953554
P6_V23_Phase6,2.0,2.0,1.0,2.0,1.0,6.0712156,5.344589,5.662104,5.4081917,5.696615
P6_V23_Phase7,9.0,9.0,9.0,9.0,9.0,6.0674915,5.3436007,5.655104,5.4027195,5.6940613
P6_V23_Phase8,9.0,8.0,8.0,9.0,8.0,6.0688667,5.34302,5.657418,5.4046555,5.695203
P6_V23_Phase9,7.0,6.0,6.0,7.0,6.0,6.073146,5.346043,5.6614585,5.4093866,5.6978884
P6_V24_Phase1,9.0,9.0,9.0,8.0,9.0,6.0688896,5.343828,5.656074,5.4039717,5.694868
P6_V24_Phase10,7.0,7.0,6.0,6.0,7.0,6.065743,5.3399563,5.654328,5.402067,5.691181
P6_V24_Phase11,7.0,6.0,6.0,7.0,6.0,6.0741386,5.3451734,5.6644917,5.409937,5.6983347
P6_V24_Phase12,7.0,7.0,7.0,6.0,6.0,6.073005,5.345167,5.6631293,5.40912,5.6977324
P6_V24_Phase13,9.0,9.0,9.0,9.0,9.0,6.0704937,5.3438287,5.6587386,5.406526,5.6945558
P6_V24_Phase14,4.0,5.0,4.0,3.0,4.0,6.071347,5.344463,5.660539,5.408283,5.6962957
P6_V24_Phase15,7.0,7.0,7.0,5.0,6.0,6.0661097,5.3405595,5.65445,5.401863,5.692195
P6_V24_Phase16,9.0,9.0,8.0,9.0,8.0,6.0718374,5.3440065,5.661574,5.4071074,5.6961136
P6_V24_Phase17,7.0,7.0,7.0,6.0,7.0,6.0663958,5.3382397,5.6577377,5.40355,5.689087
P6_V24_Phase18,9.0,9.0,9.0,8.0,9.0,6.0696635,5.3432593,5.6573825,5.406,5.695258
P6_V24_Phase19,7.0,7.0,7.0,6.0,7.0,6.0678654,5.3422866,5.6568646,5.4037056,5.693262
P6_V24_Phase2,7.0,7.0,6.0,7.0,6.0,6.068673,5.3468523,5.65754,5.403551,5.696534
P6_V24_Phase20,5.0,4.0,5.0,3.0,3.0,6.0685806,5.3425055,5.6576858,5.4052153,5.6938314
P6_V24_Phase21,2.0,2.0,2.0,1.0,1.0,6.0675573,5.341888,5.654343,5.403881,5.6933365
P6_V24_Phase22,7.0,6.0,7.0,6.0,7.0,6.064377,5.3404675,5.6528573,5.400708,5.6901774
P6_V24_Phase23,5.0,4.0,0.0,5.0,5.0,6.0682425,5.344552,5.6555166,5.4021745,5.694651
P6_V24_Phase24,9.0,8.0,8.0,9.0,8.0,6.0660505,5.3419976,5.653662,5.4015484,5.691712
P6_V24_Phase25,5.0,4.0,5.0,3.0,4.0,6.069785,5.3451676,5.657269,5.4036584,5.6957693
P6_V24_Phase26,7.0,7.0,6.0,6.0,7.0,6.0691977,5.3438926,5.658164,5.4038353,5.6941795
P6_V24_Phase27,9.0,9.0,8.0,8.0,9.0,6.064996,5.3402743,5.6524835,5.3996286,5.6903734
P6_V24_Phase3,7.0,7.0,6.0,6.0,7.0,6.068115,5.3406186,5.657577,5.4046316,5.692691
P6_V24_Phase4,7.0,6.0,6.0,7.0,6.0,6.0704823,5.345702,5.658961,5.405263,5.696612
P6_V24_Phase5,2.0,1.0,1.0,2.0,1.0,6.0714083,5.344361,5.6610537,5.4071684,5.6968756
P6_V24_Phase6,9.0,8.0,9.0,8.0,9.0,6.0679684,5.3410563,5.6581626,5.403824,5.6923604
P6_V24_Phase7,7.0,6.0,6.0,7.0,6.0,6.067115,5.340779,5.6559386,5.4028125,5.6925964
P6_V24_Phase8,2.0,2.0,1.0,1.0,2.0,6.064558,5.3376355,5.653977,5.400423,5.688605
P6_V24_Phase9,9.0,9.0,8.0,8.0,9.0,6.0643153,5.33948,5.6521797,5.4004188,5.690877
P6_V25_Phase1,5.0,5.0,4.0,4.0,5.0,6.071995,5.346595,5.6605268,5.4061637,5.6982937
P6_V25_Phase10,7.0,6.0,6.0,7.0,6.0,6.067398,5.3420196,5.6559405,5.4036956,5.6939487
P6_V25_Phase11,5.0,4.0,5.0,4.0,5.0,6.068592,5.3403096,5.6579704,5.4058843,5.691784
P6_V25_Phase12,7.0,7.0,6.0,6.0,6.0,6.063563,5.339232,5.650853,5.3997498,5.6899586
P6_V25_Phase13,9.0,8.0,9.0,8.0,9.0,6.0682716,5.340876,5.6576686,5.403624,5.6925926
P6_V25_Phase14,7.0,7.0,7.0,6.0,7.0,6.0671487,5.340741,5.6548095,5.402076,5.6923122
P6_V25_Phase15,8.0,7.0,7.0,8.0,7.0,6.069486,5.343572,5.658128,5.406039,5.6949625
P6_V25_Phase16,7.0,6.0,7.0,6.0,7.0,6.0642476,5.338018,5.6544566,5.4017305,5.6885767
P6_V25_Phase17,9.0,8.0,8.0,9.0,8.0,6.0656414,5.3382463,5.654836,5.401804,5.6895146
P6_V25_Phase18,2.0,1.0,0.0,1.0,2.0,6.06839,5.34327,5.657088,5.4040117,5.6944876
P6_V25_Phase19,5.0,5.0,4.0,5.0,4.0,6.073475,5.3456893,5.66261,5.408412,5.697731
P6_V25_Phase2,3.0,3.0,1.0,2.0,3.0,6.070571,5.344279,5.660538,5.4068356,5.6959414
P6_V25_Phase20,7.0,7.0,6.0,6.0,7.0,6.0653834,5.341392,5.6525683,5.400503,5.692038
P6_V25_Phase21,6.0,6.0,5.0,6.0,5.0,6.069924,5.345244,5.6570554,5.403491,5.6958866
P6_V25_Phase22,7.0,6.0,6.0,7.0,7.0,6.070038,5.3443174,5.6573353,5.4049377,5.696084
P6_V25_Phase23,5.0,5.0,4.0,5.0,4.0,6.0660853,5.341924,5.6541247,5.40145,5.692866
P6_V25_Phase24,9.0,9.0,9.0,9.0,9.0,6.07111,5.3463774,5.6583714,5.406016,5.6972256
P6_V25_Phase25,9.0,9.0,9.0,9.0,9.0,6.0716863,5.3465085,5.659961,5.4063845,5.697405
P6_V25_Phase26,9.0,9.0,9.0,9.0,9.0,6.070461,5.3468766,5.6597257,5.405749,5.697424
P6_V25_Phase27,7.0,7.0,6.0,6.0,7.0,6.067547,5.3442965,5.6538105,5.4022527,5.694786
P6_V25_Phase28,7.0,6.0,6.0,7.0,6.0,6.061562,5.3358893,5.6514754,5.3985686,5.6867704
P6_V25_Phase29,6.0,6.0,5.0,5.0,6.0,6.0753756,5.3474193,5.665778,5.4108386,5.6994667
P6_V25_Phase3,8.0,7.0,8.0,7.0,8.0,6.067961,5.3419757,5.656287,5.4019837,5.694056
P6_V25_Phase30,7.0,7.0,6.0,6.0,7.0,6.070733,5.3439946,5.6595426,5.406658,5.6957836
P6_V25_Phase31,7.0,6.0,6.0,7.0,6.0,6.068455,5.342523,5.6582255,5.4049087,5.692953
P6_V25_Phase32,2.0,1.0,0.0,1.0,2.0,6.0676785,5.3426905,5.6565857,5.4036455,5.6932526
P6_V25_Phase33,8.0,7.0,7.0,8.0,8.0,6.0677195,5.33949,5.6590533,5.4052167,5.690367
P6_V25_Phase34,5.0,5.0,6.0,3.0,4.0,6.0698028,5.342028,5.661307,5.406393,5.692492
P6_V25_Phase35,9.0,9.0,9.0,7.0,8.0,6.0699234,5.343081,5.658464,5.406666,5.694525
P6_V25_Phase36,6.0,5.0,6.0,4.0,5.0,6.071805,5.342444,5.66301,5.4086456,5.694312
P6_V25_Phase37,5.0,4.0,5.0,4.0,5.0,6.070688,5.343762,5.6608214,5.407507,5.69584
P6_V25_Phase38,7.0,6.0,5.0,6.0,7.0,6.073101,5.344049,5.662371,5.4092064,5.6967463
P6_V25_Phase39,7.0,7.0,7.0,6.0,7.0,6.07178,5.344835,5.6616063,5.4062433,5.6963806
P6_V25_Phase4,2.0,2.0,1.0,1.0,2.0,6.068885,5.3442836,5.6562867,5.4033794,5.695614
P6_V25_Phase40,4.0,3.0,2.0,3.0,3.0,6.0689344,5.3423715,5.659586,5.4056253,5.693186
P6_V25_Phase41,8.0,7.0,7.0,8.0,7.0,6.0649133,5.340078,5.653129,5.401494,5.6912127
P6_V25_Phase42,3.0,2.0,1.0,2.0,2.0,6.070565,5.343329,5.6602883,5.4061203,5.695713
P6_V25_Phase43,5.0,4.0,5.0,3.0,4.0,6.069293,5.3420577,5.660298,5.405305,5.6934977
P6_V25_Phase44,5.0,4.0,5.0,4.0,5.0,6.0689983,5.3427005,5.657371,5.4046397,5.694537
P6_V25_Phase5,3.0,2.0,1.0,2.0,3.0,6.0697145,5.3439984,5.65747,5.4050703,5.6955643
P6_V25_Phase6,7.0,7.0,6.0,6.0,7.0,6.07167,5.3442664,5.6605964,5.4072046,5.696989
P6_V25_Phase7,7.0,7.0,7.0,5.0,6.0,6.066476,5.341377,5.6547565,5.4024935,5.692483
P6_V25_Phase8,7.0,7.0,6.0,6.0,7.0,6.0696173,5.343757,5.6575813,5.4048505,5.695262
P6_V25_Phase9,7.0,6.0,7.0,6.0,7.0,6.066273,5.340655,5.6543794,5.4020834,5.692047
P6_V26_Phase1,9.0,9.0,9.0,9.0,9.0,6.069409,5.344859,5.656901,5.4049797,5.695881
P6_V26_Phase10,9.0,9.0,9.0,8.0,9.0,6.070299,5.3421626,5.6603703,5.406268,5.6939125
P6_V26_Phase11,7.0,6.0,7.0,6.0,7.0,6.063138,5.337931,5.655038,5.4011135,5.687683
P6_V26_Phase12,9.0,8.0,9.0,8.0,9.0,6.0675077,5.3412232,5.657536,5.4036937,5.691576
P6_V26_Phase13,9.0,8.0,9.0,8.0,9.0,6.0699873,5.3449726,5.65807,5.404221,5.696501
P6_V26_Phase14,7.0,6.0,7.0,5.0,5.0,6.066639,5.343124,5.654566,5.400489,5.6936817
P6_V26_Phase15,9.0,8.0,9.0,8.0,8.0,6.066884,5.3403563,5.6563234,5.402667,5.6921906
P6_V26_Phase16,5.0,4.0,5.0,4.0,5.0,6.068182,5.3447566,5.6568313,5.4026904,5.6949663
P6_V26_Phase17,7.0,6.0,7.0,6.0,7.0,6.066246,5.3409076,5.654839,5.4013457,5.6913066
P6_V26_Phase18,7.0,7.0,6.0,6.0,7.0,6.0692024,5.342137,5.659164,5.4052887,5.6942935
P6_V26_Phase19,8.0,7.0,6.0,7.0,7.0,6.0724764,5.3450866,5.661825,5.4080834,5.6974287
P6_V26_Phase2,9.0,9.0,9.0,9.0,9.0,6.0691037,5.3437486,5.6554594,5.4050283,5.694936
P6_V26_Phase20,7.0,7.0,6.0,7.0,7.0,6.0671644,5.3427587,5.654228,5.4010234,5.693269
P6_V26_Phase21,3.0,3.0,1.0,2.0,3.0,6.0669794,5.341471,5.655605,5.40221,5.6931257
P6_V26_Phase22,6.0,5.0,6.0,5.0,6.0,6.0653987,5.340389,5.653907,5.4018593,5.6920147
P6_V26_Phase23,2.0,2.0,0.0,0.0,1.0,6.0697327,5.341886,5.6598907,5.4071436,5.6941004
P6_V26_Phase24,6.0,5.0,6.0,4.0,4.0,6.0669785,5.3401365,5.6567388,5.4027967,5.6917953
P6_V26_Phase25,7.0,6.0,7.0,5.0,6.0,6.0642104,5.3406243,5.6514764,5.399579,5.6910467
P6_V26_Phase26,9.0,8.0,8.0,9.0,8.0,6.0672207,5.3402123,5.657191,5.4034586,5.691842
P6_V26_Phase27,7.0,6.0,5.0,6.0,6.0,6.0666046,5.340085,5.6561933,5.4022894,5.692179
P6_V26_Phase28,9.0,8.0,8.0,9.0,8.0,6.0686655,5.343722,5.656838,5.404648,5.6954393
P6_V26_Phase29,7.0,6.0,7.0,6.0,7.0,6.061475,5.3351293,5.6535435,5.398221,5.68561
P6_V26_Phase3,6.0,5.0,6.0,5.0,6.0,6.069508,5.3436165,5.659573,5.404298,5.694002
P6_V26_Phase30,9.0,8.0,8.0,9.0,8.0,6.066474,5.34012,5.6546297,5.4027824,5.691457
P6_V26_Phase31,7.0,7.0,6.0,7.0,6.0,6.065685,5.341362,5.652606,5.401445,5.6919355
P6_V26_Phase32,3.0,2.0,1.0,2.0,2.0,6.0683393,5.343164,5.656116,5.404217,5.6946287
P6_V26_Phase33,5.0,4.0,5.0,3.0,4.0,6.0672083,5.3417363,5.655849,5.402305,5.693121
P6_V26_Phase34,7.0,7.0,6.0,7.0,6.0,6.0678406,5.342312,5.6557302,5.4038973,5.69369
P6_V26_Phase35,4.0,3.0,4.0,2.0,3.0,6.06997,5.3426757,5.65933,5.406579,5.695003
P6_V26_Phase36,7.0,6.0,7.0,6.0,7.0,6.0694156,5.3428607,5.6579595,5.405246,5.694185
P6_V26_Phase37,6.0,5.0,4.0,5.0,5.0,6.06526,5.3403354,5.6535115,5.401506,5.691718
P6_V26_Phase4,7.0,6.0,7.0,6.0,6.0,6.0642138,5.3418813,5.6521287,5.4003334,5.6916213
P6_V26_Phase5,6.0,6.0,5.0,6.0,5.0,6.0714054,5.3435845,5.660812,5.406703,5.695627
P6_V26_Phase6,9.0,8.0,9.0,8.0,9.0,6.0675073,5.342498,5.6579328,5.4029083,5.691865
P6_V26_Phase7,7.0,6.0,5.0,6.0,7.0,6.0707393,5.3458867,5.6594033,5.405287,5.696743
P6_V26_Phase8,9.0,8.0,9.0,8.0,9.0,6.0705395,5.3444057,5.6593013,5.406048,5.696005
P6_V26_Phase9,7.0,6.0,7.0,5.0,6.0,6.06979,5.344923,5.6580095,5.4047112,5.695874
P6_V27_Phase1,7.0,6.0,7.0,6.0,7.0,6.0688114,5.343723,5.6575475,5.405116,5.6945004
P6_V27_Phase10,7.0,6.0,7.0,6.0,7.0,6.0622206,5.338866,5.649999,5.3976545,5.6886926
P6_V27_Phase11,9.0,8.0,9.0,8.0,9.0,6.0693035,5.3425236,5.6574035,5.4050646,5.694355
P6_V27_Phase12,7.0,6.0,7.0,6.0,7.0,6.0618653,5.338539,5.6489625,5.3980503,5.6888485
P6_V27_Phase13,9.0,8.0,8.0,9.0,8.0,6.071686,5.344072,5.6611705,5.4068136,5.695908
P6_V27_Phase14,7.0,7.0,7.0,6.0,6.0,6.068444,5.3423696,5.65798,5.4051943,5.692915
P6_V27_Phase15,9.0,8.0,8.0,9.0,8.0,6.067249,5.3416147,5.657569,5.404359,5.6905303
P6_V27_Phase16,3.0,2.0,3.0,2.0,2.0,6.0708227,5.344503,5.6597266,5.407137,5.696069
P6_V27_Phase17,9.0,8.0,8.0,9.0,8.0,6.07,5.3427796,5.6592946,5.4070244,5.6941514
P6_V27_Phase18,9.0,8.0,8.0,9.0,8.0,6.068794,5.342674,5.6568055,5.403685,5.6943283
P6_V27_Phase19,7.0,7.0,6.0,7.0,6.0,6.06676,5.341295,5.6561522,5.402204,5.6925592
P6_V27_Phase2,7.0,6.0,7.0,6.0,6.0,6.072049,5.345533,5.66065,5.4075975,5.6977863
P6_V27_Phase20,9.0,9.0,9.0,9.0,9.0,6.068672,5.3426948,5.6577244,5.4036846,5.6937985
P6_V27_Phase21,9.0,9.0,9.0,8.0,9.0,6.0705004,5.3436947,5.65986,5.4064646,5.6953716
P6_V27_Phase22,9.0,8.0,9.0,8.0,9.0,6.068523,5.3424106,5.656224,5.403414,5.6938734
P6_V27_Phase23,7.0,6.0,7.0,6.0,6.0,6.065649,5.3402553,5.655033,5.402236,5.6903763
P6_V27_Phase24,9.0,8.0,7.0,8.0,8.0,6.0711966,5.3450456,5.658904,5.406831,5.6968317
P6_V27_Phase25,7.0,6.0,7.0,4.0,5.0,6.0725574,5.344216,5.6629596,5.4090786,5.6969237
P6_V27_Phase26,9.0,9.0,9.0,7.0,7.0,6.065197,5.337609,5.6546216,5.402694,5.689486
P6_V27_Phase27,3.0,2.0,1.0,2.0,3.0,6.068507,5.3426666,5.6570945,5.404351,5.693948
P6_V27_Phase28,9.0,8.0,9.0,7.0,8.0,6.069054,5.3424277,5.657962,5.4046926,5.6944385
P6_V27_Phase29,9.0,8.0,8.0,9.0,8.0,6.0673866,5.3428903,5.654656,5.402534,5.6937356
P6_V27_Phase3,2.0,1.0,2.0,2.0,1.0,6.069501,5.343469,5.658211,5.4044504,5.695369
P6_V27_Phase30,7.0,6.0,7.0,6.0,7.0,6.068734,5.3425345,5.658254,5.4052696,5.693331
P6_V27_Phase31,9.0,8.0,7.0,8.0,9.0,6.071977,5.3451486,5.6618934,5.4075623,5.696109
P6_V27_Phase32,9.0,9.0,8.0,9.0,8.0,6.0666933,5.341708,5.653808,5.4025908,5.6927786
P6_V27_Phase33,9.0,9.0,8.0,8.0,8.0,6.067269,5.341729,5.6557655,5.401861,5.693324
P6_V27_Phase34,8.0,7.0,8.0,7.0,7.0,6.0710263,5.3439846,5.6600666,5.4066935,5.6955624
P6_V27_Phase35,6.0,5.0,5.0,6.0,5.0,6.0658183,5.340585,5.653292,5.403023,5.692031
P6_V27_Phase36,7.0,6.0,7.0,6.0,7.0,6.063595,5.340381,5.651494,5.398587,5.6905107
P6_V27_Phase37,7.0,6.0,6.0,7.0,6.0,6.0684943,5.3426943,5.6572065,5.405217,5.6938868
P6_V27_Phase38,6.0,5.0,6.0,4.0,4.0,6.073583,5.3462987,5.663052,5.409292,5.698415
P6_V27_Phase39,7.0,7.0,7.0,4.0,5.0,6.066389,5.3404584,5.6553006,5.4019322,5.691923
P6_V27_Phase4,7.0,6.0,7.0,6.0,6.0,6.071021,5.3419633,5.663337,5.408732,5.6932116
P6_V27_Phase40,5.0,4.0,5.0,4.0,4.0,6.0708613,5.344999,5.6618447,5.407113,5.6954813
P6_V27_Phase5,3.0,2.0,1.0,2.0,2.0,6.0676017,5.3394675,5.6579485,5.4035034,5.6918364
P6_V27_Phase6,7.0,6.0,7.0,6.0,6.0,6.0665245,5.341061,5.65567,5.403365,5.6926646
P6_V27_Phase7,7.0,7.0,6.0,7.0,6.0,6.070892,5.3440385,5.6588874,5.4065933,5.696059
P6_V27_Phase8,3.0,2.0,2.0,3.0,2.0,6.070688,5.3428245,5.6609626,5.40677,5.6954193
P6_V27_Phase9,5.0,4.0,5.0,4.0,5.0,6.070236,5.3438153,5.658837,5.406212,5.6960754
P6_V28_Phase1,7.0,6.0,6.0,7.0,6.0,6.068026,5.34279,5.656384,5.4043493,5.694083
P6_V28_Phase10,9.0,9.0,8.0,8.0,9.0,6.067603,5.344851,5.655455,5.404271,5.695129
P6_V28_Phase11,9.0,8.0,9.0,8.0,9.0,6.068466,5.3403554,5.657623,5.405428,5.6924496
P6_V28_Phase12,4.0,3.0,0.0,3.0,4.0,6.0707684,5.343862,5.659316,5.4066,5.695523
P6_V28_Phase13,4.0,5.0,4.0,3.0,4.0,6.073579,5.347827,5.6621284,5.4077806,5.7000527
P6_V28_Phase14,9.0,8.0,8.0,9.0,8.0,6.0722017,5.3467345,5.660007,5.406514,5.698967
P6_V28_Phase15,9.0,8.0,8.0,9.0,8.0,6.0648804,5.3382382,5.6544495,5.4016542,5.690111
P6_V28_Phase16,7.0,7.0,6.0,7.0,7.0,6.0682364,5.3416286,5.658806,5.40599,5.6925726
P6_V28_Phase17,8.0,7.0,7.0,8.0,7.0,6.070808,5.346929,5.6587496,5.4051642,5.697543
P6_V28_Phase18,7.0,6.0,6.0,7.0,6.0,6.069253,5.3422523,5.6582685,5.406375,5.693984
P6_V28_Phase19,2.0,2.0,1.0,2.0,2.0,6.0721207,5.344419,5.660874,5.408349,5.696705
P6_V28_Phase2,9.0,8.0,9.0,8.0,9.0,6.0700445,5.345929,5.657377,5.404683,5.696677
P6_V28_Phase20,2.0,2.0,1.0,2.0,2.0,6.072004,5.344576,5.660337,5.4073515,5.69707
P6_V28_Phase21,5.0,4.0,4.0,5.0,4.0,6.0695467,5.345143,5.656813,5.4034815,5.69637
P6_V28_Phase22,7.0,7.0,7.0,6.0,6.0,6.0688105,5.3430247,5.6574583,5.405452,5.694639
P6_V28_Phase23,7.0,7.0,7.0,6.0,7.0,6.073141,5.3463454,5.661274,5.4068136,5.6981606
P6_V28_Phase24,2.0,1.0,0.0,1.0,2.0,6.0682783,5.3431406,5.6563683,5.404171,5.694293
P6_V28_Phase25,7.0,7.0,7.0,6.0,6.0,6.0684147,5.341369,5.6569924,5.404643,5.6933937
P6_V28_Phase26,9.0,9.0,9.0,8.0,9.0,6.067809,5.3420987,5.6558433,5.403125,5.6938467
P6_V28_Phase27,9.0,9.0,8.0,8.0,9.0,6.066808,5.340404,5.655352,5.402233,5.692585
P6_V28_Phase28,6.0,5.0,4.0,5.0,6.0,6.070853,5.3438663,5.6605997,5.406663,5.6958275
P6_V28_Phase29,7.0,7.0,6.0,6.0,7.0,6.0690145,5.3422527,5.6587954,5.4051943,5.694449
P6_V28_Phase3,9.0,9.0,9.0,8.0,9.0,6.0676994,5.343385,5.65597,5.4025846,5.694951
P6_V28_Phase30,6.0,6.0,5.0,5.0,6.0,6.064248,5.340812,5.6513934,5.3989034,5.691063
P6_V28_Phase31,7.0,7.0,6.0,6.0,7.0,6.0662413,5.3405805,5.653689,5.40259,5.6924787
P6_V28_Phase32,9.0,8.0,8.0,9.0,8.0,6.0646706,5.3382516,5.6540112,5.4000597,5.6894608
P6_V28_Phase33,7.0,7.0,6.0,6.0,7.0,6.067422,5.343619,5.656215,5.403057,5.6946297
P6_V28_Phase34,7.0,6.0,5.0,6.0,7.0,6.066576,5.3409534,5.6545424,5.401508,5.69276
P6_V28_Phase35,7.0,7.0,7.0,6.0,7.0,6.0700226,5.342358,5.6586947,5.4073973,5.6952333
P6_V28_Phase36,7.0,6.0,6.0,7.0,6.0,6.062978,5.3407235,5.6504827,5.3991346,5.690152
P6_V28_Phase37,5.0,5.0,4.0,5.0,4.0,6.0701137,5.3448625,5.659057,5.405361,5.696028
P6_V28_Phase4,6.0,5.0,6.0,5.0,6.0,6.069092,5.3436627,5.6568913,5.4047346,5.695625
P6_V28_Phase5,7.0,7.0,7.0,6.0,6.0,6.0622025,5.339704,5.6520734,5.3964186,5.688425
P6_V28_Phase6,5.0,4.0,4.0,5.0,5.0,6.070802,5.344913,5.6587024,5.4052334,5.6969132
P6_V28_Phase7,8.0,8.0,7.0,7.0,8.0,6.0704,5.342035,5.6602626,5.406842,5.6938143
P6_V28_Phase8,7.0,7.0,7.0,6.0,6.0,6.0683336,5.3431964,5.656729,5.402755,5.6950245
P6_V28_Phase9,7.0,7.0,6.0,6.0,7.0,6.0696273,5.344876,5.6573496,5.404064,5.6962185
P6_V29_Phase1,9.0,8.0,8.0,9.0,8.0,6.0680065,5.3426003,5.656714,5.404147,5.6938396
P6_V29_Phase10,2.0,1.0,0.0,0.0,0.0,6.0721264,5.345347,5.662068,5.406761,5.696349
P6_V29_Phase11,9.0,8.0,8.0,9.0,8.0,6.064602,5.3396196,5.652968,5.400337,5.691065
P6_V29_Phase12,9.0,8.0,8.0,9.0,8.0,6.0721197,5.346911,5.660517,5.407444,5.697324
P6_V29_Phase13,9.0,8.0,9.0,8.0,9.0,6.068423,5.3431344,5.657252,5.404171,5.694331
P6_V29_Phase14,9.0,9.0,8.0,8.0,9.0,6.0677094,5.3412795,5.656698,5.403388,5.692808
P6_V29_Phase15,7.0,6.0,7.0,6.0,6.0,6.071845,5.3433585,5.6619825,5.4084454,5.695051
P6_V29_Phase16,7.0,6.0,6.0,7.0,6.0,6.0706873,5.34236,5.662214,5.407196,5.6939764
P6_V29_Phase17,7.0,6.0,6.0,7.0,6.0,6.0702314,5.342422,5.66106,5.406623,5.6931877
P6_V29_Phase18,7.0,7.0,6.0,7.0,6.0,6.065055,5.340201,5.6524577,5.4008865,5.6907935
P6_V29_Phase19,5.0,4.0,4.0,5.0,4.0,6.066247,5.340874,5.6550884,5.4023776,5.6916127
P6_V29_Phase2,9.0,8.0,8.0,9.0,8.0,6.067099,5.3400245,5.65634,5.404033,5.691702
P6_V29_Phase20,7.0,7.0,7.0,6.0,6.0,6.0668464,5.341488,5.6551814,5.4025536,5.6928153
P6_V29_Phase21,2.0,1.0,2.0,1.0,2.0,6.070686,5.3434844,5.6593795,5.407494,5.6954107
P6_V29_Phase22,9.0,9.0,9.0,9.0,9.0,6.070274,5.3434615,5.659146,5.4061623,5.695777
P6_V29_Phase23,5.0,4.0,4.0,5.0,4.0,6.067063,5.341145,5.6564736,5.403407,5.692156
P6_V29_Phase24,9.0,8.0,8.0,9.0,8.0,6.058999,5.3327794,5.6465607,5.396532,5.683562
P6_V29_Phase25,5.0,4.0,5.0,4.0,5.0,6.0662684,5.3404145,5.655415,5.4027815,5.692387
P6_V29_Phase26,2.0,1.0,2.0,1.0,1.0,6.064407,5.340136,5.6531515,5.40089,5.6908407
P6_V29_Phase27,4.0,5.0,4.0,3.0,4.0,6.0696406,5.3454194,5.657906,5.40294,5.6961393
P6_V29_Phase28,6.0,5.0,5.0,6.0,5.0,6.066393,5.342293,5.654775,5.402475,5.6923842
P6_V29_Phase29,7.0,6.0,6.0,7.0,6.0,6.066317,5.3410144,5.655089,5.402086,5.6918764
P6_V29_Phase3,7.0,6.0,7.0,6.0,7.0,6.070237,5.3431973,5.660238,5.4065437,5.694369
P6_V29_Phase30,7.0,7.0,7.0,6.0,6.0,6.068547,5.342609,5.657106,5.40382,5.6939125
P6_V29_Phase31,7.0,6.0,7.0,6.0,6.0,6.0680313,5.34048,5.6577387,5.404604,5.6918426
P6_V29_Phase32,5.0,4.0,5.0,2.0,3.0,6.0656147,5.340919,5.6530967,5.399597,5.6907625
P6_V29_Phase33,7.0,7.0,7.0,6.0,6.0,6.0696554,5.345085,5.6581874,5.403372,5.6960144
P6_V29_Phase4,7.0,6.0,6.0,7.0,6.0,6.066718,5.340532,5.6562915,5.40249,5.6925716
P6_V29_Phase5,4.0,3.0,3.0,4.0,4.0,6.0682993,5.342897,5.6569138,5.4040537,5.694569
P6_V29_Phase6,5.0,4.0,3.0,4.0,5.0,6.0704536,5.3436766,5.6594443,5.405705,5.695058
P6_V29_Phase7,8.0,7.0,7.0,8.0,7.0,6.0648766,5.3386364,5.6559086,5.4026227,5.6895533
P6_V29_Phase8,9.0,8.0,8.0,9.0,8.0,6.070174,5.3429875,5.659031,5.4063168,5.6946297
P6_V29_Phase9,9.0,8.0,8.0,8.0,9.0,6.073531,5.3453307,5.664191,5.4099813,5.697385
P6_V2_Phase1,2.0,1.0,2.0,1.0,2.0,6.0683355,5.3420405,5.656279,5.4029493,5.693938
P6_V2_Phase10,2.0,1.0,2.0,1.0,2.0,6.069636,5.3436427,5.659225,5.4058094,5.695243
P6_V2_Phase11,9.0,8.0,9.0,8.0,9.0,6.075159,5.3469553,5.6642327,5.4097166,5.6997366
P6_V2_Phase12,7.0,6.0,7.0,6.0,7.0,6.06584,5.3401423,5.6548953,5.401056,5.6919084
P6_V2_Phase13,2.0,2.0,1.0,2.0,2.0,6.072569,5.3442073,5.6622396,5.4090004,5.697398
P6_V2_Phase14,5.0,4.0,5.0,3.0,4.0,6.0698986,5.341136,5.6620574,5.4071217,5.6922736
P6_V2_Phase15,5.0,4.0,5.0,4.0,4.0,6.0684147,5.344913,5.656444,5.402286,5.695348
P6_V2_Phase16,9.0,8.0,9.0,8.0,9.0,6.0719495,5.342591,5.662059,5.408559,5.694581
P6_V2_Phase17,7.0,6.0,6.0,7.0,6.0,6.070711,5.3432517,5.659723,5.406993,5.695599
P6_V2_Phase18,4.0,3.0,4.0,4.0,4.0,6.068182,5.3439417,5.65579,5.4029894,5.6940875
P6_V2_Phase19,6.0,5.0,5.0,6.0,5.0,6.0710087,5.342707,5.6605244,5.407078,5.69587
P6_V2_Phase2,7.0,6.0,7.0,6.0,7.0,6.074198,5.348126,5.6637588,5.4068694,5.699285
P6_V2_Phase20,7.0,6.0,6.0,7.0,6.0,6.0692387,5.343169,5.6578984,5.4050426,5.694582
P6_V2_Phase21,9.0,9.0,9.0,9.0,9.0,6.066827,5.3402457,5.6557927,5.4031024,5.6921415
P6_V2_Phase22,2.0,1.0,0.0,1.0,1.0,6.069203,5.342443,5.65822,5.4044514,5.6943264
P6_V2_Phase23,2.0,2.0,1.0,2.0,1.0,6.0697803,5.3453174,5.6583734,5.403861,5.6958933
P6_V2_Phase24,7.0,7.0,6.0,7.0,6.0,6.066898,5.338474,5.657145,5.4032507,5.6903934
P6_V2_Phase25,6.0,5.0,6.0,5.0,6.0,6.067493,5.342117,5.654417,5.402842,5.692421
P6_V2_Phase26,7.0,6.0,6.0,7.0,6.0,6.075247,5.3455334,5.6649113,5.4109707,5.6984253
P6_V2_Phase27,5.0,4.0,5.0,4.0,4.0,6.066819,5.340388,5.65726,5.4031944,5.690627
P6_V2_Phase28,7.0,6.0,6.0,7.0,6.0,6.06861,5.344639,5.655481,5.401704,5.6951046
P6_V2_Phase29,5.0,4.0,5.0,4.0,4.0,6.0719237,5.3485856,5.6587577,5.405886,5.698971
P6_V2_Phase3,9.0,8.0,9.0,8.0,9.0,6.0693035,5.3427005,5.6584115,5.405843,5.6942825
P6_V2_Phase30,4.0,5.0,4.0,3.0,4.0,6.0722027,5.3420854,5.661963,5.409096,5.6949224
P6_V2_Phase31,7.0,6.0,7.0,6.0,7.0,6.0661836,5.3409195,5.653906,5.401988,5.692548
P6_V2_Phase32,7.0,7.0,7.0,6.0,6.0,6.0694566,5.3424726,5.6596417,5.407675,5.6921906
P6_V2_Phase33,2.0,1.0,2.0,1.0,2.0,6.0672717,5.341525,5.655442,5.404254,5.6929536
P6_V2_Phase34,5.0,4.0,5.0,4.0,4.0,6.0654063,5.340026,5.653608,5.401098,5.6917367
P6_V2_Phase35,7.0,7.0,6.0,7.0,6.0,6.06548,5.339946,5.6532683,5.4012165,5.691369
P6_V2_Phase36,2.0,1.0,1.0,2.0,1.0,6.067136,5.3406234,5.6564,5.4043646,5.6910505
P6_V2_Phase37,5.0,4.0,5.0,4.0,5.0,6.0701437,5.3466926,5.6570644,5.4056425,5.6968946
P6_V2_Phase4,7.0,6.0,7.0,6.0,7.0,6.071779,5.34454,5.6606665,5.4069695,5.696435
P6_V2_Phase5,2.0,1.0,2.0,1.0,2.0,6.0719576,5.3469224,5.6593556,5.406132,5.6978273
P6_V2_Phase6,2.0,1.0,2.0,1.0,2.0,6.0692725,5.342259,5.6573195,5.4057884,5.694271
P6_V2_Phase7,7.0,6.0,7.0,6.0,7.0,6.06952,5.343288,5.658121,5.4053173,5.6943216
P6_V2_Phase8,7.0,6.0,6.0,7.0,6.0,6.0679464,5.3431935,5.655895,5.4030514,5.694437
P6_V2_Phase9,2.0,1.0,2.0,1.0,2.0,6.0734015,5.348124,5.663427,5.408852,5.6997995
P6_V30_Phase1,2.0,1.0,1.0,1.0,2.0,6.0702972,5.3429284,5.6592703,5.406061,5.6952004
P6_V30_Phase10,7.0,7.0,7.0,6.0,7.0,6.06775,5.3421054,5.655635,5.4036064,5.693632
P6_V30_Phase11,9.0,9.0,9.0,6.0,7.0,6.063884,5.338319,5.651828,5.4005604,5.6901307
P6_V30_Phase12,7.0,6.0,6.0,7.0,6.0,6.0718975,5.343764,5.6612964,5.4080935,5.696323
P6_V30_Phase13,9.0,8.0,8.0,9.0,9.0,6.070181,5.343966,5.658569,5.4056683,5.695711
P6_V30_Phase14,9.0,8.0,9.0,8.0,9.0,6.0675693,5.341622,5.6559005,5.40207,5.693523
P6_V30_Phase15,2.0,2.0,0.0,2.0,2.0,6.069997,5.3441315,5.6584997,5.4056826,5.695692
P6_V30_Phase16,2.0,2.0,0.0,2.0,2.0,6.0654035,5.340848,5.652749,5.401161,5.6914806
P6_V30_Phase17,9.0,8.0,8.0,9.0,8.0,6.0692744,5.341619,5.657002,5.4050894,5.693034
P6_V30_Phase18,7.0,7.0,6.0,7.0,6.0,6.067378,5.34018,5.6572585,5.403432,5.6915874
P6_V30_Phase19,0.0,0.0,0.0,0.0,0.0,6.0702963,5.345331,5.657612,5.4060097,5.6958838
P6_V30_Phase2,7.0,6.0,6.0,7.0,6.0,6.0703835,5.34333,5.6601834,5.406254,5.6948686
P6_V30_Phase20,7.0,6.0,6.0,7.0,7.0,6.0694823,5.3452535,5.656999,5.4038925,5.696078
P6_V30_Phase21,2.0,1.0,2.0,1.0,2.0,6.0694456,5.3445015,5.6574802,5.403699,5.6954184
P6_V30_Phase22,7.0,6.0,6.0,7.0,6.0,6.065441,5.3394713,5.653559,5.4009,5.690215
P6_V30_Phase23,7.0,6.0,7.0,6.0,7.0,6.0676794,5.340621,5.6555066,5.4043174,5.692054
P6_V30_Phase24,7.0,6.0,7.0,6.0,7.0,6.0674324,5.3435626,5.6553655,5.4021225,5.6927967
P6_V30_Phase25,7.0,6.0,7.0,6.0,7.0,6.070094,5.344208,5.6584554,5.4038153,5.6958666
P6_V30_Phase26,2.0,2.0,1.0,1.0,2.0,6.0663834,5.3420434,5.653423,5.401106,5.6932664
P6_V30_Phase3,9.0,8.0,8.0,9.0,8.0,6.0721693,5.34765,5.6597733,5.4062195,5.6977468
P6_V30_Phase4,9.0,8.0,9.0,8.0,9.0,6.069869,5.34504,5.6587768,5.40405,5.6948853
P6_V30_Phase5,2.0,1.0,2.0,1.0,2.0,6.0662613,5.3415403,5.6541533,5.402361,5.692701
P6_V30_Phase6,2.0,1.0,0.0,1.0,2.0,6.0690846,5.3431735,5.657542,5.4048986,5.6947002
P6_V30_Phase7,0.0,0.0,0.0,0.0,0.0,6.0691977,5.3427873,5.6573424,5.405046,5.6949186
P6_V30_Phase8,9.0,8.0,8.0,9.0,8.0,6.068746,5.3424077,5.6566987,5.4045224,5.694501
P6_V30_Phase9,9.0,8.0,9.0,6.0,7.0,6.063143,5.3376503,5.651254,5.399759,5.6890125
P6_V31_Phase1,7.0,6.0,6.0,7.0,6.0,6.0692725,5.3421407,5.6590934,5.4050097,5.693456
P6_V31_Phase10,7.0,6.0,7.0,6.0,7.0,6.068535,5.342714,5.656907,5.4038277,5.6937943
P6_V31_Phase11,7.0,6.0,7.0,6.0,7.0,6.0682087,5.341274,5.657003,5.4042535,5.6939344
P6_V31_Phase12,2.0,2.0,1.0,2.0,1.0,6.068673,5.342992,5.6554465,5.4051194,5.6947365
P6_V31_Phase13,9.0,8.0,8.0,9.0,8.0,6.073366,5.344171,5.6634736,5.4098506,5.69634
P6_V31_Phase14,7.0,7.0,7.0,6.0,6.0,6.0689917,5.3423142,5.656891,5.4050508,5.6948986
P6_V31_Phase15,9.0,8.0,9.0,8.0,8.0,6.0683913,5.3428235,5.655616,5.404386,5.6943655
P6_V31_Phase16,5.0,4.0,5.0,4.0,4.0,6.063878,5.329584,5.6596923,5.406646,5.6828613
P6_V31_Phase17,7.0,7.0,6.0,7.0,7.0,6.072591,5.3441505,5.662339,5.409297,5.695325
P6_V31_Phase18,7.0,6.0,7.0,6.0,6.0,6.067397,5.341542,5.6552157,5.403917,5.692563
P6_V31_Phase19,6.0,5.0,6.0,6.0,6.0,6.0703998,5.340177,5.6618314,5.4079304,5.6914816
P6_V31_Phase2,7.0,6.0,6.0,7.0,6.0,6.067712,5.3426013,5.65602,5.403255,5.6944284
P6_V31_Phase20,2.0,2.0,1.0,2.0,1.0,6.0700417,5.341277,5.659752,5.4077725,5.6924872
P6_V31_Phase21,9.0,9.0,8.0,8.0,9.0,6.0684147,5.3422346,5.657326,5.405386,5.6932516
P6_V31_Phase22,7.0,6.0,7.0,6.0,7.0,6.068782,5.345115,5.656119,5.403155,5.6954155
P6_V31_Phase23,9.0,9.0,9.0,9.0,9.0,6.067405,5.3430476,5.6556277,5.400447,5.6937017
P6_V31_Phase24,9.0,8.0,9.0,8.0,9.0,6.068676,5.343569,5.659415,5.4029293,5.6951294
P6_V31_Phase25,9.0,9.0,9.0,8.0,8.0,6.0665107,5.3437424,5.6533294,5.4016085,5.693588
P6_V31_Phase26,9.0,9.0,8.0,8.0,9.0,6.0660496,5.340864,5.6535463,5.40244,5.6921287
P6_V31_Phase27,4.0,3.0,3.0,4.0,4.0,6.0717506,5.344685,5.660441,5.407136,5.696944
P6_V31_Phase28,7.0,6.0,7.0,6.0,6.0,6.0687327,5.3418565,5.6593394,5.405549,5.692848
P6_V31_Phase29,2.0,1.0,2.0,1.0,2.0,6.073934,5.34875,5.6633286,5.4075937,5.7001314
P6_V31_Phase3,7.0,7.0,5.0,7.0,7.0,6.0713463,5.3453555,5.6599164,5.4061413,5.696843
P6_V31_Phase30,4.0,3.0,2.0,3.0,4.0,6.0677853,5.3439226,5.6552663,5.4020376,5.694784
P6_V31_Phase31,4.0,3.0,2.0,3.0,4.0,6.070454,5.343757,5.6589117,5.40635,5.696089
P6_V31_Phase32,5.0,4.0,4.0,5.0,5.0,6.076756,5.3481617,5.665936,5.411851,5.7008734
P6_V31_Phase33,9.0,8.0,9.0,8.0,9.0,6.0723314,5.3435016,5.6618342,5.4090276,5.696601
P6_V31_Phase34,5.0,4.0,5.0,4.0,4.0,6.06909,5.3418937,5.657233,5.4059787,5.6941137
P6_V31_Phase35,2.0,2.0,1.0,2.0,1.0,6.0664854,5.34215,5.653993,5.4022675,5.6927605
P6_V31_Phase36,4.0,3.0,4.0,3.0,3.0,6.068783,5.3433022,5.6574073,5.4052296,5.6947536
P6_V31_Phase37,9.0,8.0,8.0,9.0,8.0,6.068529,5.34302,5.6565948,5.404051,5.6944566
P6_V31_Phase38,7.0,7.0,7.0,6.0,7.0,6.069501,5.343518,5.6578584,5.405142,5.695388
P6_V31_Phase39,7.0,7.0,7.0,6.0,7.0,6.070819,5.3444505,5.66126,5.405735,5.6966724
P6_V31_Phase4,7.0,6.0,6.0,7.0,6.0,6.068681,5.3419137,5.6604705,5.4060116,5.692855
P6_V31_Phase40,9.0,8.0,9.0,8.0,9.0,6.067745,5.3420873,5.6553693,5.4041505,5.6934004
P6_V31_Phase41,4.0,4.0,3.0,4.0,4.0,6.0686073,5.344487,5.6560006,5.4042015,5.6952295
P6_V31_Phase5,9.0,8.0,8.0,9.0,8.0,6.070255,5.344591,5.6590543,5.4056053,5.6965833
P6_V31_Phase6,9.0,8.0,8.0,9.0,8.0,6.067751,5.3415694,5.6565547,5.4037633,5.6931515
P6_V31_Phase7,7.0,7.0,6.0,6.0,7.0,6.0705676,5.34419,5.659778,5.4057183,5.6958
P6_V31_Phase8,7.0,6.0,7.0,6.0,7.0,6.0678225,5.342381,5.6559596,5.403738,5.6944
P6_V31_Phase9,9.0,8.0,8.0,9.0,8.0,6.067177,5.3396053,5.657369,5.403887,5.691456
P6_V32_Phase1,5.0,4.0,5.0,4.0,5.0,6.069358,5.3439856,5.6571894,5.4039645,5.6956
P6_V32_Phase10,7.0,7.0,6.0,7.0,6.0,6.066771,5.3423758,5.655059,5.401386,5.693512
P6_V32_Phase11,9.0,9.0,8.0,9.0,8.0,6.0667534,5.341434,5.654658,5.402167,5.6929207
P6_V32_Phase12,5.0,5.0,4.0,4.0,5.0,6.071475,5.3453093,5.658505,5.4049263,5.6967497
P6_V32_Phase13,7.0,6.0,6.0,7.0,6.0,6.070836,5.3457737,5.659669,5.406148,5.697308
P6_V32_Phase14,5.0,4.0,4.0,5.0,4.0,6.0685935,5.3442254,5.6566434,5.403324,5.6946
P6_V32_Phase15,7.0,6.0,7.0,6.0,7.0,6.067834,5.341822,5.655991,5.4030213,5.6935115
P6_V32_Phase16,7.0,7.0,7.0,6.0,6.0,6.066922,5.3405433,5.6556687,5.4020767,5.692518
P6_V32_Phase17,9.0,8.0,8.0,9.0,8.0,6.071112,5.3455577,5.6596875,5.406588,5.6972914
P6_V32_Phase18,5.0,4.0,4.0,5.0,4.0,6.062278,5.3373876,5.6515117,5.4005456,5.687331
P6_V32_Phase19,5.0,4.0,4.0,4.0,3.0,6.07215,5.3456798,5.6613393,5.408839,5.6982226
P6_V32_Phase2,5.0,4.0,4.0,5.0,5.0,6.0680614,5.3422008,5.655825,5.4030256,5.693944
P6_V32_Phase20,5.0,4.0,4.0,5.0,4.0,6.067218,5.3415904,5.6553245,5.4036922,5.692678
P6_V32_Phase21,4.0,4.0,3.0,4.0,3.0,6.068713,5.341579,5.6581283,5.4059,5.692548
P6_V32_Phase22,9.0,8.0,8.0,8.0,8.0,6.0707693,5.3403516,5.6622753,5.4089136,5.692801
P6_V32_Phase23,9.0,8.0,8.0,9.0,8.0,6.0611677,5.3352194,5.651207,5.3980703,5.6856623
P6_V32_Phase24,4.0,3.0,4.0,3.0,4.0,6.0693264,5.3424635,5.6586466,5.4039,5.6950135
P6_V32_Phase25,5.0,4.0,4.0,5.0,4.0,6.0675883,5.342386,5.6565676,5.403366,5.692665
P6_V32_Phase26,5.0,5.0,4.0,4.0,5.0,6.069275,5.3427253,5.658375,5.406039,5.6943674
P6_V32_Phase27,7.0,6.0,7.0,6.0,6.0,6.069913,5.342352,5.6592155,5.40656,5.6941457
P6_V32_Phase28,2.0,1.0,2.0,1.0,2.0,6.068408,5.342357,5.6556354,5.40466,5.6939764
P6_V32_Phase29,7.0,6.0,7.0,6.0,7.0,6.067787,5.3417215,5.6567435,5.403537,5.69308
P6_V32_Phase3,4.0,3.0,4.0,4.0,4.0,6.065448,5.3387136,5.6548066,5.402211,5.6899757
P6_V32_Phase30,7.0,6.0,7.0,6.0,7.0,6.0680523,5.3404937,5.658688,5.4047213,5.691087
P6_V32_Phase31,9.0,8.0,9.0,9.0,8.0,6.0690107,5.3410535,5.6585155,5.405918,5.692666
P6_V32_Phase32,9.0,9.0,9.0,8.0,8.0,6.067705,5.339594,5.6599164,5.406515,5.6911087
P6_V32_Phase33,2.0,1.0,2.0,1.0,1.0,6.06841,5.341595,5.657758,5.4035387,5.693714
P6_V32_Phase34,2.0,1.0,0.0,1.0,2.0,6.0711503,5.346128,5.660126,5.40557,5.697633
P6_V32_Phase35,5.0,4.0,4.0,5.0,4.0,6.0663347,5.341455,5.6549754,5.4030237,5.693034
P6_V32_Phase36,7.0,6.0,6.0,7.0,6.0,6.0735464,5.3457775,5.663013,5.409335,5.698722
P6_V32_Phase37,5.0,4.0,5.0,4.0,5.0,6.0709777,5.3432517,5.661055,5.407116,5.6962786
P6_V32_Phase38,9.0,8.0,8.0,9.0,8.0,6.0698266,5.3426824,5.6590114,5.405383,5.6948886
P6_V32_Phase39,5.0,5.0,4.0,5.0,4.0,6.072047,5.3447957,5.660867,5.4080515,5.6971445
P6_V32_Phase4,5.0,5.0,4.0,5.0,5.0,6.066513,5.3411455,5.655188,5.4018517,5.6924944
P6_V32_Phase40,5.0,4.0,3.0,4.0,5.0,6.0684595,5.338944,5.6600657,5.406306,5.691038
P6_V32_Phase41,7.0,6.0,6.0,7.0,6.0,6.069066,5.3401656,5.658789,5.4066744,5.6921973
P6_V32_Phase5,5.0,4.0,4.0,5.0,4.0,6.06779,5.342152,5.6560893,5.404855,5.6926966
P6_V32_Phase6,5.0,4.0,5.0,4.0,4.0,6.066684,5.342322,5.6541986,5.401188,5.6931143
P6_V32_Phase7,5.0,4.0,4.0,5.0,4.0,6.0712996,5.346355,5.658358,5.4057693,5.6972547
P6_V32_Phase8,5.0,5.0,4.0,4.0,5.0,6.0698075,5.3442435,5.6585836,5.4047346,5.6962595
P6_V32_Phase9,4.0,4.0,3.0,4.0,4.0,6.067355,5.342157,5.6552906,5.403269,5.693426
P6_V33_Phase1,9.0,8.0,9.0,8.0,9.0,6.0672345,5.34257,5.654951,5.403,5.6936197
P6_V33_Phase10,7.0,7.0,6.0,6.0,7.0,6.0657215,5.339315,5.6558247,5.402244,5.6901064
P6_V33_Phase11,5.0,4.0,5.0,4.0,5.0,6.0705237,5.345008,5.657804,5.4048924,5.696472
P6_V33_Phase12,7.0,7.0,6.0,7.0,6.0,6.075054,5.348528,5.663612,5.410077,5.699932
P6_V33_Phase13,7.0,7.0,6.0,7.0,6.0,6.0666637,5.33666,5.655086,5.4080296,5.689006
P6_V33_Phase14,9.0,8.0,8.0,9.0,8.0,6.063044,5.3377824,5.651992,5.399168,5.689108
P6_V33_Phase15,6.0,5.0,6.0,5.0,5.0,6.0733128,5.3463616,5.661938,5.408627,5.6978827
P6_V33_Phase16,9.0,8.0,9.0,8.0,9.0,6.062788,5.339313,5.6530504,5.398299,5.68843
P6_V33_Phase17,9.0,8.0,9.0,7.0,8.0,6.069137,5.3433557,5.657986,5.405998,5.6948767
P6_V33_Phase18,7.0,6.0,7.0,6.0,7.0,6.0689564,5.343748,5.6570044,5.404168,5.6952953
P6_V33_Phase19,7.0,6.0,7.0,6.0,7.0,6.070698,5.343965,5.6584105,5.4050336,5.6957245
P6_V33_Phase2,9.0,8.0,9.0,8.0,9.0,6.0668473,5.3424954,5.654237,5.402604,5.6935577
P6_V33_Phase20,7.0,7.0,6.0,6.0,7.0,6.067726,5.340545,5.6568093,5.403753,5.6918755
P6_V33_Phase21,7.0,6.0,7.0,6.0,7.0,6.0703363,5.3439617,5.6575513,5.4050264,5.6957793
P6_V33_Phase22,7.0,7.0,6.0,6.0,6.0,6.0672035,5.341654,5.6563706,5.402052,5.6923103
P6_V33_Phase23,7.0,7.0,6.0,7.0,6.0,6.0651965,5.3403506,5.653623,5.400208,5.6917605
P6_V33_Phase24,7.0,6.0,6.0,7.0,6.0,6.067008,5.341256,5.654756,5.4020977,5.692892
P6_V33_Phase25,7.0,6.0,7.0,6.0,6.0,6.068979,5.344154,5.6568947,5.4040947,5.694859
P6_V33_Phase26,2.0,2.0,1.0,2.0,2.0,6.066702,5.3417068,5.6546607,5.402265,5.6929708
P6_V33_Phase27,5.0,4.0,5.0,4.0,5.0,6.0728,5.3468194,5.661221,5.4068995,5.698565
P6_V33_Phase28,2.0,2.0,1.0,2.0,1.0,6.0673475,5.341793,5.655005,5.40343,5.6929836
P6_V33_Phase29,7.0,6.0,7.0,5.0,6.0,6.067971,5.341052,5.6576724,5.4053693,5.6924167
P6_V33_Phase3,2.0,2.0,1.0,2.0,1.0,6.0720606,5.342386,5.6608253,5.408264,5.6939588
P6_V33_Phase30,7.0,6.0,7.0,6.0,6.0,6.0682936,5.342645,5.657215,5.403842,5.6944532
P6_V33_Phase31,7.0,6.0,7.0,6.0,7.0,6.0650187,5.3402286,5.653974,5.40033,5.691908
P6_V33_Phase32,7.0,7.0,6.0,6.0,7.0,6.0688124,5.3423357,5.6582875,5.4052706,5.693971
P6_V33_Phase33,7.0,6.0,7.0,6.0,7.0,6.070677,5.343673,5.6600347,5.4082894,5.6954985
P6_V33_Phase34,9.0,8.0,9.0,8.0,9.0,6.0669985,5.342131,5.654678,5.4023037,5.6936145
P6_V33_Phase35,8.0,7.0,8.0,7.0,7.0,6.071933,5.347807,5.6611648,5.4072757,5.698957
P6_V33_Phase36,2.0,2.0,1.0,2.0,1.0,6.0699205,5.343372,5.6583605,5.404991,5.6947355
P6_V33_Phase37,7.0,6.0,7.0,6.0,7.0,6.068961,5.342357,5.6569257,5.404039,5.692995
P6_V33_Phase38,5.0,4.0,5.0,4.0,5.0,6.067105,5.341991,5.654758,5.402738,5.693308
P6_V33_Phase39,7.0,6.0,7.0,6.0,7.0,6.06944,5.3456855,5.657183,5.4025216,5.69571
P6_V33_Phase4,7.0,7.0,6.0,7.0,6.0,6.0699143,5.344398,5.6571846,5.403713,5.6959233
P6_V33_Phase40,2.0,2.0,1.0,2.0,1.0,6.0689335,5.3430896,5.6570573,5.404746,5.6944857
P6_V33_Phase41,4.0,3.0,4.0,3.0,4.0,6.0692186,5.3444533,5.6575766,5.403375,5.695409
P6_V33_Phase42,7.0,6.0,7.0,6.0,7.0,6.0676103,5.342531,5.6554203,5.403753,5.6932154
P6_V33_Phase43,6.0,6.0,6.0,4.0,5.0,6.072787,5.3472595,5.6607423,5.406101,5.699108
P6_V33_Phase44,7.0,7.0,7.0,6.0,7.0,6.069062,5.342376,5.6592455,5.405232,5.694417
P6_V33_Phase45,7.0,7.0,6.0,6.0,7.0,6.0706334,5.3443284,5.658354,5.4067383,5.696191
P6_V33_Phase46,5.0,4.0,4.0,5.0,5.0,6.0678344,5.342075,5.657119,5.401538,5.6936097
P6_V33_Phase47,7.0,6.0,6.0,7.0,6.0,6.062361,5.335854,5.6538634,5.3998537,5.686668
P6_V33_Phase48,4.0,3.0,4.0,3.0,4.0,6.069483,5.343128,5.6580434,5.405262,5.69471
P6_V33_Phase5,9.0,9.0,9.0,8.0,8.0,6.0673933,5.3427367,5.655584,5.4019985,5.6938157
P6_V33_Phase6,9.0,8.0,8.0,9.0,8.0,6.07009,5.3439384,5.6575456,5.404142,5.695794
P6_V33_Phase7,7.0,6.0,7.0,6.0,7.0,6.066329,5.340125,5.6538634,5.4017467,5.6910315
P6_V33_Phase8,2.0,2.0,1.0,2.0,2.0,6.070424,5.3457537,5.658571,5.404769,5.69576
P6_V33_Phase9,7.0,6.0,7.0,6.0,7.0,6.0681977,5.343237,5.656675,5.403334,5.694715
P6_V34_Phase1,5.0,4.0,5.0,4.0,5.0,6.068142,5.338783,5.6585164,5.4048223,5.68995
P6_V34_Phase10,5.0,4.0,4.0,5.0,4.0,6.064946,5.3397503,5.6522446,5.4000864,5.6911745
P6_V34_Phase11,4.0,3.0,3.0,4.0,4.0,6.0681705,5.3420024,5.656648,5.4044886,5.694002
P6_V34_Phase12,5.0,4.0,5.0,4.0,5.0,6.0691032,5.343035,5.656973,5.404727,5.694895
P6_V34_Phase13,5.0,4.0,4.0,5.0,4.0,6.0669065,5.3428397,5.6545596,5.402072,5.6939373
P6_V34_Phase14,9.0,8.0,9.0,8.0,9.0,6.0652494,5.3402348,5.652653,5.3983173,5.6910753
P6_V34_Phase15,4.0,3.0,3.0,4.0,3.0,6.0681973,5.343236,5.6563687,5.4034424,5.6944504
P6_V34_Phase16,5.0,4.0,5.0,5.0,6.0,6.068688,5.343269,5.655785,5.4025702,5.694495
P6_V34_Phase17,5.0,5.0,5.0,4.0,5.0,6.067501,5.3416886,5.6574197,5.403632,5.693884
P6_V34_Phase18,7.0,7.0,6.0,6.0,7.0,6.0698986,5.34238,5.658846,5.405015,5.694521
P6_V34_Phase19,7.0,6.0,6.0,7.0,6.0,6.0644636,5.3402667,5.6521015,5.4000835,5.690564
P6_V34_Phase2,9.0,9.0,9.0,9.0,9.0,6.0700235,5.3430333,5.658986,5.4057546,5.6951914
P6_V34_Phase20,5.0,4.0,5.0,4.0,4.0,6.065009,5.342318,5.6521783,5.400584,5.69234
P6_V34_Phase21,9.0,8.0,9.0,8.0,8.0,6.0613284,5.3383346,5.64838,5.396846,5.6881456
P6_V34_Phase22,9.0,9.0,9.0,8.0,8.0,6.0637655,5.339434,5.65307,5.39837,5.6905775
P6_V34_Phase23,2.0,2.0,1.0,2.0,2.0,6.0676737,5.3419547,5.657307,5.4026804,5.692974
P6_V34_Phase24,5.0,4.0,4.0,5.0,4.0,6.0664597,5.3405914,5.654897,5.4022856,5.6923685
P6_V34_Phase25,7.0,7.0,6.0,6.0,7.0,6.066572,5.3395834,5.656072,5.402361,5.690133
P6_V34_Phase26,7.0,7.0,6.0,6.0,7.0,6.0659714,5.3395786,5.6545677,5.4015913,5.6910696
P6_V34_Phase27,7.0,6.0,7.0,6.0,6.0,6.0679393,5.3439384,5.655297,5.404204,5.69501
P6_V34_Phase28,4.0,5.0,4.0,3.0,4.0,6.0731587,5.345032,5.6623206,5.408515,5.698516
P6_V34_Phase29,5.0,4.0,5.0,4.0,5.0,6.061946,5.337889,5.6496086,5.3981323,5.68853
P6_V34_Phase3,9.0,8.0,8.0,9.0,8.0,6.071484,5.344475,5.661091,5.4067526,5.696554
P6_V34_Phase30,5.0,4.0,5.0,4.0,5.0,6.0627174,5.338902,5.6497016,5.3983364,5.6896043
P6_V34_Phase31,9.0,8.0,9.0,8.0,9.0,6.06845,5.342261,5.656918,5.404557,5.6940665
P6_V34_Phase32,7.0,6.0,7.0,5.0,6.0,6.0672936,5.342443,5.6560235,5.4031377,5.6937675
P6_V34_Phase33,9.0,8.0,9.0,8.0,9.0,6.061161,5.33725,5.6491246,5.397064,5.6880035
P6_V34_Phase34,7.0,6.0,6.0,7.0,6.0,6.065198,5.3404307,5.651846,5.4010506,5.691104
P6_V34_Phase35,5.0,5.0,4.0,5.0,5.0,6.0701303,5.344273,5.659455,5.404191,5.69508
P6_V34_Phase36,7.0,6.0,6.0,7.0,6.0,6.0674796,5.3420167,5.6574454,5.4029098,5.693434
P6_V34_Phase37,5.0,4.0,5.0,4.0,5.0,6.0681343,5.343788,5.6560807,5.4026275,5.694837
P6_V34_Phase38,4.0,3.0,3.0,4.0,5.0,6.0708075,5.3443136,5.6594243,5.4057198,5.6956773
P6_V34_Phase39,2.0,1.0,1.0,2.0,1.0,6.066662,5.342833,5.653445,5.402891,5.692788
P6_V34_Phase4,5.0,4.0,3.0,4.0,4.0,6.0688477,5.3441744,5.6561913,5.404324,5.695589
P6_V34_Phase40,7.0,6.0,6.0,7.0,6.0,6.0695524,5.343296,5.657113,5.40517,5.6951513
P6_V34_Phase41,7.0,6.0,6.0,7.0,6.0,6.0688205,5.342854,5.657696,5.4052143,5.6942415
P6_V34_Phase42,5.0,5.0,4.0,4.0,5.0,6.07041,5.3431115,5.6601357,5.4073443,5.6953516
P6_V34_Phase43,7.0,6.0,6.0,7.0,7.0,6.071643,5.3446007,5.6610956,5.405215,5.695775
P6_V34_Phase44,9.0,9.0,8.0,8.0,9.0,6.067488,5.3414793,5.6552653,5.404237,5.6930246
P6_V34_Phase45,9.0,9.0,8.0,8.0,9.0,6.067061,5.340424,5.6555114,5.40191,5.691019
P6_V34_Phase46,9.0,8.0,9.0,8.0,9.0,6.0658746,5.340668,5.653976,5.4026556,5.6921167
P6_V34_Phase5,7.0,6.0,6.0,7.0,6.0,6.070525,5.3430533,5.65987,5.406991,5.6953
P6_V34_Phase6,4.0,3.0,3.0,4.0,3.0,6.070465,5.343703,5.659433,5.4054894,5.695524
P6_V34_Phase7,9.0,8.0,8.0,9.0,8.0,6.0672836,5.3414893,5.6547394,5.4040985,5.6927156
P6_V34_Phase8,9.0,8.0,8.0,9.0,8.0,6.0658426,5.340051,5.655364,5.403025,5.6913605
P6_V34_Phase9,7.0,6.0,6.0,7.0,6.0,6.0649757,5.3412776,5.6539664,5.4010735,5.692028
P6_V35_Phase1,2.0,1.0,0.0,0.0,1.0,6.0709133,5.3430557,5.6599565,5.405784,5.6940384
P6_V35_Phase10,4.0,3.0,2.0,3.0,4.0,6.067417,5.3395715,5.6585784,5.4046106,5.6903133
P6_V35_Phase11,6.0,5.0,6.0,5.0,5.0,6.0691347,5.343082,5.65807,5.404058,5.694442
P6_V35_Phase12,8.0,7.0,7.0,7.0,8.0,6.0650377,5.3405337,5.6537986,5.4001617,5.690556
P6_V35_Phase13,2.0,1.0,0.0,1.0,2.0,6.06561,5.3392425,5.6565967,5.402277,5.689514
P6_V35_Phase14,2.0,2.0,1.0,2.0,1.0,6.069591,5.3462873,5.656608,5.404335,5.6965303
P6_V35_Phase15,6.0,5.0,5.0,6.0,6.0,6.0708795,5.3459296,5.6591115,5.405138,5.6970434
P6_V35_Phase16,7.0,6.0,6.0,7.0,7.0,6.0706997,5.3450847,5.658596,5.4044313,5.6966305
P6_V35_Phase17,4.0,3.0,3.0,4.0,4.0,6.069232,5.343699,5.6575246,5.4045315,5.695056
P6_V35_Phase18,6.0,5.0,5.0,6.0,6.0,6.068589,5.342971,5.657338,5.404438,5.694173
P6_V35_Phase19,7.0,6.0,7.0,6.0,7.0,6.0678983,5.3426948,5.6562514,5.404292,5.694372
P6_V35_Phase2,6.0,5.0,6.0,5.0,5.0,6.066588,5.3380694,5.659781,5.405874,5.689905
P6_V35_Phase20,7.0,7.0,6.0,6.0,7.0,6.070611,5.345459,5.6586375,5.4054055,5.6968694
P6_V35_Phase21,2.0,1.0,0.0,1.0,2.0,6.067116,5.340691,5.6556125,5.4038434,5.6918025
P6_V35_Phase22,9.0,8.0,8.0,8.0,9.0,6.068049,5.3417487,5.657304,5.4025755,5.693039
P6_V35_Phase23,9.0,8.0,9.0,8.0,9.0,6.066969,5.3430037,5.654568,5.401594,5.693264
P6_V35_Phase24,2.0,1.0,0.0,1.0,2.0,6.069501,5.342012,5.660155,5.4068394,5.693637
P6_V35_Phase25,6.0,5.0,6.0,5.0,6.0,6.0727,5.346345,5.662703,5.4088974,5.6985655
P6_V35_Phase26,7.0,7.0,6.0,7.0,6.0,6.069174,5.3450084,5.6576276,5.403145,5.6956997
P6_V35_Phase27,7.0,7.0,6.0,6.0,7.0,6.073633,5.3473954,5.66268,5.4072475,5.698422
P6_V35_Phase28,7.0,6.0,7.0,6.0,6.0,6.0690975,5.343779,5.658769,5.4033713,5.694394
P6_V35_Phase29,7.0,6.0,7.0,4.0,5.0,6.068185,5.342791,5.6562157,5.403675,5.6942387
P6_V35_Phase3,5.0,4.0,5.0,4.0,4.0,6.068924,5.3439264,5.656216,5.4036665,5.69529
P6_V35_Phase30,2.0,1.0,1.0,2.0,1.0,6.069565,5.3453984,5.6577935,5.404103,5.6962566
P6_V35_Phase31,2.0,1.0,1.0,2.0,1.0,6.065983,5.3410697,5.653758,5.4014826,5.691592
P6_V35_Phase4,7.0,7.0,6.0,6.0,7.0,6.069194,5.3412127,5.660029,5.406397,5.691539
P6_V35_Phase5,4.0,3.0,2.0,3.0,4.0,6.066902,5.3411098,5.654653,5.4026217,5.6930013
P6_V35_Phase6,7.0,6.0,6.0,7.0,6.0,6.0689745,5.339418,5.6601543,5.4059143,5.691428
P6_V35_Phase7,7.0,7.0,6.0,6.0,6.0,6.0655804,5.341188,5.6539197,5.400858,5.6918116
P6_V35_Phase8,9.0,8.0,8.0,9.0,8.0,6.070587,5.34471,5.6580796,5.4057174,5.6963005
P6_V35_Phase9,5.0,5.0,4.0,5.0,4.0,6.069353,5.3439374,5.6571116,5.40456,5.6953077
P6_V36_Phase1,7.0,7.0,6.0,6.0,7.0,6.0701337,5.346353,5.6586533,5.403809,5.697463
P6_V36_Phase10,7.0,7.0,7.0,6.0,6.0,6.0713196,5.3448205,5.660426,5.4075303,5.695578
P6_V36_Phase11,2.0,2.0,1.0,2.0,2.0,6.068051,5.3410287,5.6600523,5.4057884,5.6917553
P6_V36_Phase12,2.0,2.0,1.0,2.0,2.0,6.0716944,5.3443856,5.660476,5.406907,5.6969333
P6_V36_Phase13,7.0,7.0,6.0,6.0,7.0,6.0692425,5.342712,5.658651,5.405381,5.69454
P6_V36_Phase14,9.0,9.0,9.0,8.0,9.0,6.067746,5.342052,5.6566315,5.404129,5.693573
P6_V36_Phase15,7.0,7.0,6.0,6.0,7.0,6.070239,5.3441253,5.6571817,5.4064207,5.696107
P6_V36_Phase16,7.0,6.0,7.0,6.0,7.0,6.0718255,5.344216,5.660931,5.4066205,5.696008
P6_V36_Phase17,4.0,3.0,2.0,3.0,4.0,6.068118,5.3420386,5.656811,5.403098,5.694299
P6_V36_Phase18,7.0,6.0,7.0,6.0,6.0,6.0728574,5.344156,5.6628485,5.4084272,5.696292
P6_V36_Phase19,6.0,5.0,5.0,6.0,5.0,6.071003,5.345345,5.6581254,5.40553,5.6961737
P6_V36_Phase2,7.0,7.0,6.0,6.0,7.0,6.0678415,5.3427324,5.65638,5.4031315,5.6938257
P6_V36_Phase20,7.0,6.0,7.0,6.0,6.0,6.06804,5.3421197,5.6563654,5.403385,5.693864
P6_V36_Phase21,5.0,4.0,5.0,4.0,4.0,6.070777,5.3453975,5.6580324,5.4041986,5.6967645
P6_V36_Phase22,4.0,3.0,3.0,4.0,4.0,6.0682383,5.341157,5.6591563,5.4058247,5.6927876
P6_V36_Phase23,4.0,3.0,2.0,3.0,4.0,6.068202,5.3399515,5.6598396,5.4060698,5.691457
P6_V36_Phase24,7.0,7.0,6.0,6.0,7.0,6.071126,5.3447723,5.6597104,5.406839,5.6966553
P6_V36_Phase25,9.0,8.0,9.0,8.0,8.0,6.0662956,5.342013,5.653725,5.4026814,5.6924934
P6_V36_Phase26,9.0,8.0,9.0,8.0,8.0,6.067525,5.341678,5.6549625,5.4035707,5.6931453
P6_V36_Phase27,4.0,3.0,3.0,4.0,4.0,6.0648384,5.340599,5.65232,5.4002585,5.6917324
P6_V36_Phase28,7.0,7.0,6.0,6.0,7.0,6.0696573,5.3412137,5.6599174,5.4061975,5.6931114
P6_V36_Phase29,7.0,6.0,7.0,5.0,5.0,6.0661616,5.340718,5.653877,5.402048,5.692057
P6_V36_Phase3,9.0,8.0,9.0,8.0,9.0,6.069216,5.342439,5.6576295,5.404945,5.6936455
P6_V36_Phase30,7.0,6.0,7.0,6.0,6.0,6.072423,5.3446174,5.6620126,5.409057,5.6964464
P6_V36_Phase31,5.0,5.0,4.0,4.0,5.0,6.070719,5.343893,5.659732,5.4061127,5.6957703
P6_V36_Phase32,7.0,6.0,7.0,6.0,6.0,6.065766,5.3392158,5.655041,5.402648,5.689974
P6_V36_Phase33,7.0,7.0,6.0,6.0,7.0,6.0696936,5.3426757,5.6582723,5.4065404,5.694065
P6_V36_Phase34,7.0,6.0,6.0,7.0,6.0,6.0702295,5.343429,5.6609607,5.405513,5.6947627
P6_V36_Phase35,7.0,7.0,6.0,6.0,7.0,6.0692058,5.3424664,5.658088,5.405361,5.6942353
P6_V36_Phase36,7.0,6.0,7.0,6.0,6.0,6.064708,5.33835,5.653399,5.4015107,5.690337
P6_V36_Phase37,6.0,5.0,5.0,6.0,5.0,6.066189,5.3404336,5.65511,5.4019713,5.692235
P6_V36_Phase38,2.0,1.0,2.0,1.0,2.0,6.066571,5.3407664,5.6548004,5.4020605,5.6922903
P6_V36_Phase39,7.0,6.0,6.0,7.0,6.0,6.0702343,5.3450627,5.658659,5.4051495,5.6965637
P6_V36_Phase4,7.0,6.0,7.0,6.0,6.0,6.071327,5.343865,5.6604867,5.4076605,5.6956463
P6_V36_Phase40,5.0,4.0,5.0,3.0,4.0,6.0717273,5.3448606,5.6601577,5.4062395,5.6971416
P6_V36_Phase41,2.0,1.0,2.0,1.0,1.0,6.0683756,5.3415513,5.659163,5.4048934,5.692569
P6_V36_Phase42,1.0,1.0,0.0,1.0,1.0,6.069849,5.3454785,5.657648,5.404748,5.6967726
P6_V36_Phase43,6.0,5.0,5.0,6.0,6.0,6.0704055,5.3430667,5.659616,5.4074583,5.6944513
P6_V36_Phase5,9.0,8.0,9.0,8.0,9.0,6.0701237,5.343951,5.657782,5.4047246,5.695748
P6_V36_Phase6,9.0,8.0,9.0,8.0,9.0,6.0659075,5.339963,5.6543193,5.400651,5.6915746
P6_V36_Phase7,9.0,8.0,8.0,9.0,8.0,6.070303,5.343962,5.6590285,5.4050665,5.6955442
P6_V36_Phase8,5.0,4.0,4.0,5.0,4.0,6.0693083,5.343037,5.658894,5.405424,5.694332
P6_V36_Phase9,4.0,3.0,2.0,3.0,4.0,6.070361,5.3434296,5.659138,5.405869,5.6953487
P6_V37_Phase1,2.0,2.0,0.0,2.0,2.0,6.0621805,5.33978,5.6500373,5.3977976,5.6896152
P6_V37_Phase10,5.0,4.0,5.0,4.0,5.0,6.0694957,5.343266,5.6599283,5.406028,5.6937647
P6_V37_Phase100,7.0,7.0,6.0,6.0,7.0,6.0677414,5.3420863,5.6558957,5.4040623,5.6927776
P6_V37_Phase101,8.0,7.0,7.0,8.0,7.0,6.063014,5.33231,5.6532245,5.4035425,5.6836147
P6_V37_Phase102,8.0,7.0,7.0,8.0,7.0,6.06583,5.3380575,5.6539526,5.406526,5.688857
P6_V37_Phase103,9.0,8.0,9.0,7.0,7.0,6.06528,5.340474,5.6534247,5.400426,5.689929
P6_V37_Phase104,9.0,8.0,9.0,7.0,7.0,6.068408,5.3409905,5.6581473,5.404394,5.692734
P6_V37_Phase105,7.0,7.0,6.0,6.0,7.0,6.067968,5.340901,5.65799,5.4044075,5.6923304
P6_V37_Phase106,9.0,8.0,8.0,9.0,8.0,6.0653133,5.3384833,5.653323,5.4007387,5.690237
P6_V37_Phase107,9.0,9.0,8.0,8.0,9.0,6.067295,5.341576,5.6548986,5.403429,5.692479
P6_V37_Phase108,2.0,1.0,2.0,1.0,1.0,6.0662756,5.3424683,5.653811,5.401609,5.692814
P6_V37_Phase109,7.0,6.0,7.0,6.0,7.0,6.0656023,5.3416276,5.653079,5.401819,5.691785
P6_V37_Phase11,5.0,5.0,4.0,5.0,4.0,6.070875,5.3470664,5.659025,5.40533,5.6974087
P6_V37_Phase110,6.0,6.0,4.0,5.0,4.0,6.070056,5.344623,5.6587634,5.405631,5.695574
P6_V37_Phase111,7.0,7.0,6.0,6.0,7.0,6.0675354,5.342439,5.655681,5.4028645,5.693221
P6_V37_Phase112,4.0,3.0,2.0,3.0,4.0,6.0688457,5.3450246,5.6561227,5.4049664,5.6955786
P6_V37_Phase113,5.0,4.0,4.0,5.0,4.0,6.070303,5.3435707,5.659223,5.4065275,5.6956034
P6_V37_Phase114,6.0,5.0,5.0,6.0,6.0,6.0692487,5.3428464,5.6571736,5.40481,5.694735
P6_V37_Phase115,7.0,7.0,6.0,6.0,7.0,6.0680537,5.341708,5.658761,5.4042892,5.6920033
P6_V37_Phase116,7.0,6.0,6.0,7.0,6.0,6.0573845,5.3240895,5.6519413,5.399834,5.6761894
P6_V37_Phase117,5.0,5.0,3.0,5.0,5.0,6.0698857,5.3430076,5.6593404,5.406166,5.694133
P6_V37_Phase118,7.0,6.0,6.0,7.0,6.0,6.067271,5.3406653,5.656508,5.4028006,5.6925306
P6_V37_Phase119,9.0,8.0,8.0,9.0,8.0,6.0688877,5.342971,5.6564765,5.4049187,5.693637
P6_V37_Phase12,7.0,7.0,6.0,7.0,6.0,6.0689697,5.342419,5.6584716,5.40392,5.6933947
P6_V37_Phase120,7.0,6.0,6.0,7.0,6.0,6.0685835,5.3420515,5.655115,5.4032044,5.6933403
P6_V37_Phase121,7.0,6.0,5.0,6.0,7.0,6.0717163,5.343102,5.661402,5.40751,5.6945963
P6_V37_Phase122,9.0,8.0,7.0,8.0,9.0,6.066139,5.3425217,5.653153,5.401005,5.692999
P6_V37_Phase123,9.0,8.0,8.0,9.0,8.0,6.0720954,5.345505,5.660061,5.4065514,5.6973314
P6_V37_Phase124,7.0,7.0,6.0,6.0,7.0,6.0707297,5.344666,5.6594315,5.406242,5.6955023
P6_V37_Phase125,8.0,7.0,8.0,7.0,7.0,6.068159,5.3405194,5.6607776,5.4034557,5.6914005
P6_V37_Phase126,6.0,5.0,5.0,6.0,6.0,6.0680685,5.343564,5.655845,5.4035764,5.694298
P6_V37_Phase127,5.0,4.0,5.0,4.0,4.0,6.0664053,5.340791,5.6538105,5.4026713,5.6919727
P6_V37_Phase128,7.0,6.0,7.0,6.0,6.0,6.067388,5.340686,5.655603,5.4040284,5.6916656
P6_V37_Phase129,9.0,8.0,9.0,8.0,8.0,6.0647154,5.3398747,5.652721,5.399482,5.691196
P6_V37_Phase13,7.0,7.0,6.0,7.0,6.0,6.06279,5.336744,5.650908,5.399534,5.687584
P6_V37_Phase130,4.0,3.0,3.0,4.0,3.0,6.060152,5.334305,5.650312,5.397023,5.68439
P6_V37_Phase131,4.0,3.0,3.0,4.0,3.0,6.067505,5.341467,5.655545,5.402921,5.6932015
P6_V37_Phase132,5.0,5.0,4.0,4.0,5.0,6.068141,5.3421855,5.656042,5.404232,5.6937733
P6_V37_Phase133,7.0,7.0,6.0,6.0,7.0,6.068817,5.342978,5.657837,5.4047623,5.694787
P6_V37_Phase134,7.0,6.0,6.0,7.0,7.0,6.075717,5.3474965,5.6653695,5.410681,5.700269
P6_V37_Phase135,7.0,7.0,7.0,5.0,6.0,6.068127,5.3416066,5.6576123,5.404191,5.693068
P6_V37_Phase136,7.0,6.0,7.0,6.0,7.0,6.068424,5.341678,5.6565113,5.4056654,5.693384
P6_V37_Phase137,9.0,8.0,8.0,9.0,8.0,6.064446,5.338216,5.653893,5.40324,5.6877346
P6_V37_Phase138,9.0,8.0,8.0,9.0,8.0,6.0679054,5.34052,5.657294,5.404437,5.692274
P6_V37_Phase139,7.0,6.0,6.0,7.0,6.0,6.070419,5.344649,5.6591825,5.4056497,5.6963825
P6_V37_Phase14,6.0,6.0,5.0,5.0,6.0,6.067938,5.342832,5.656768,5.403183,5.6936846
P6_V37_Phase140,9.0,8.0,8.0,9.0,8.0,6.068433,5.342511,5.656302,5.4038353,5.691762
P6_V37_Phase141,5.0,4.0,5.0,4.0,4.0,6.067109,5.3390746,5.6570477,5.404195,5.69046
P6_V37_Phase142,5.0,4.0,4.0,5.0,4.0,6.068772,5.3424,5.657099,5.403567,5.694607
P6_V37_Phase15,6.0,6.0,5.0,5.0,6.0,6.0687194,5.3421464,5.656896,5.4050827,5.6940517
P6_V37_Phase16,2.0,2.0,1.0,1.0,2.0,6.068946,5.3433185,5.6574836,5.404739,5.6949368
P6_V37_Phase17,2.0,1.0,1.0,2.0,1.0,6.067455,5.34126,5.655576,5.403981,5.6916814
P6_V37_Phase18,7.0,6.0,7.0,6.0,6.0,6.067247,5.3411183,5.6566777,5.404275,5.6919127
P6_V37_Phase19,7.0,7.0,7.0,5.0,6.0,6.0721874,5.3470325,5.6595254,5.405715,5.6982107
P6_V37_Phase2,6.0,6.0,5.0,6.0,5.0,6.0668764,5.341686,5.655309,5.4016647,5.6930523
P6_V37_Phase20,7.0,7.0,7.0,5.0,6.0,6.0666447,5.3408127,5.6538844,5.4028606,5.6915293
P6_V37_Phase21,7.0,7.0,6.0,7.0,6.0,6.0657067,5.3426213,5.6536264,5.3990707,5.6929607
P6_V37_Phase22,7.0,7.0,6.0,6.0,7.0,6.0676556,5.3411345,5.65553,5.4038644,5.6922398
P6_V37_Phase23,9.0,8.0,8.0,9.0,8.0,6.0662475,5.3352947,5.654796,5.4049544,5.687766
P6_V37_Phase24,8.0,7.0,8.0,6.0,7.0,6.0668874,5.3405304,5.6545997,5.4035344,5.691324
P6_V37_Phase25,9.0,8.0,9.0,8.0,8.0,6.068701,5.3400564,5.6580424,5.405983,5.6922216
P6_V37_Phase26,7.0,7.0,6.0,6.0,7.0,6.067687,5.3407226,5.6560826,5.403447,5.6932163
P6_V37_Phase27,7.0,7.0,6.0,6.0,7.0,6.0713873,5.3444552,5.6584735,5.405258,5.6957617
P6_V37_Phase28,2.0,2.0,1.0,1.0,2.0,6.0725737,5.343819,5.6631064,5.409061,5.696227
P6_V37_Phase29,6.0,6.0,5.0,5.0,6.0,6.0688305,5.3415112,5.6567254,5.404657,5.6933513
P6_V37_Phase3,8.0,7.0,8.0,7.0,7.0,6.0697813,5.3441157,5.658171,5.4035344,5.6959095
P6_V37_Phase30,6.0,5.0,6.0,5.0,6.0,6.071609,5.345782,5.658936,5.4060073,5.697218
P6_V37_Phase31,7.0,6.0,6.0,7.0,6.0,6.0675774,5.342747,5.6552215,5.403481,5.694216
P6_V37_Phase32,4.0,3.0,3.0,4.0,3.0,6.0677447,5.343555,5.6545987,5.4029016,5.6937695
P6_V37_Phase33,4.0,3.0,2.0,3.0,4.0,6.066223,5.3406553,5.652969,5.4025126,5.691784
P6_V37_Phase34,7.0,6.0,6.0,7.0,6.0,6.070385,5.344275,5.6584086,5.405324,5.695491
P6_V37_Phase35,5.0,4.0,5.0,4.0,5.0,6.066634,5.3383436,5.656065,5.4038997,5.690453
P6_V37_Phase36,7.0,7.0,6.0,6.0,7.0,6.0687466,5.343973,5.6564283,5.403385,5.695226
P6_V37_Phase37,7.0,6.0,7.0,6.0,7.0,6.066593,5.341392,5.6549163,5.4043865,5.6902504
P6_V37_Phase38,4.0,3.0,3.0,4.0,3.0,6.0667076,5.3411455,5.654441,5.4010053,5.6923475
P6_V37_Phase39,2.0,1.0,2.0,1.0,2.0,6.062844,5.338822,5.650873,5.397971,5.690037
P6_V37_Phase4,9.0,8.0,9.0,8.0,9.0,6.066903,5.341451,5.657353,5.4016304,5.6911173
P6_V37_Phase40,2.0,2.0,1.0,2.0,1.0,6.065466,5.3399773,5.653822,5.400028,5.6912165
P6_V37_Phase41,9.0,8.0,9.0,8.0,9.0,6.0708284,5.3440557,5.660014,5.4063873,5.696295
P6_V37_Phase42,9.0,8.0,9.0,8.0,9.0,6.0683064,5.341196,5.6572165,5.404515,5.6930275
P6_V37_Phase43,2.0,2.0,1.0,2.0,1.0,6.0667934,5.3406014,5.6545825,5.4021726,5.6923604
P6_V37_Phase44,9.0,8.0,9.0,8.0,9.0,6.067958,5.3419557,5.6563783,5.4032407,5.693683
P6_V37_Phase45,7.0,7.0,6.0,7.0,6.0,6.068472,5.341778,5.6586347,5.4043965,5.6938176
P6_V37_Phase46,7.0,7.0,6.0,6.0,7.0,6.0656853,5.34018,5.654248,5.401655,5.691001
P6_V37_Phase47,7.0,7.0,6.0,6.0,7.0,6.070265,5.342436,5.659581,5.4065514,5.695406
P6_V37_Phase48,7.0,7.0,6.0,6.0,7.0,6.0628824,5.3364334,5.6528907,5.3997974,5.6871376
P6_V37_Phase49,2.0,1.0,1.0,2.0,1.0,6.0694227,5.3415055,5.658534,5.405131,5.6937056
P6_V37_Phase5,7.0,7.0,6.0,6.0,7.0,6.0662007,5.33866,5.6532335,5.4029627,5.690521
P6_V37_Phase50,7.0,6.0,6.0,7.0,6.0,6.063407,5.338398,5.6525817,5.398315,5.689744
P6_V37_Phase51,7.0,6.0,7.0,6.0,7.0,6.0704203,5.34182,5.661618,5.4070516,5.694056
P6_V37_Phase52,5.0,4.0,3.0,4.0,5.0,6.072482,5.3443103,5.6624784,5.4079866,5.6966457
P6_V37_Phase53,7.0,7.0,6.0,6.0,7.0,6.0698667,5.342839,5.6611533,5.405623,5.693782
P6_V37_Phase54,4.0,4.0,2.0,3.0,4.0,6.0670614,5.3415093,5.6547813,5.402509,5.693331
P6_V37_Phase55,7.0,6.0,7.0,6.0,7.0,6.0687776,5.3430696,5.6555743,5.404003,5.693918
P6_V37_Phase56,7.0,6.0,6.0,7.0,6.0,6.066389,5.3413973,5.6536264,5.402586,5.692307
P6_V37_Phase57,9.0,8.0,9.0,8.0,9.0,6.0692244,5.3432918,5.656947,5.4039803,5.695095
P6_V37_Phase58,7.0,6.0,7.0,5.0,5.0,6.066104,5.34043,5.6537743,5.4037538,5.691064
P6_V37_Phase59,4.0,3.0,3.0,4.0,3.0,6.0672264,5.3417387,5.656014,5.402519,5.6933184
P6_V37_Phase6,7.0,6.0,7.0,6.0,7.0,6.0706964,5.3447394,5.6585245,5.405802,5.696064
P6_V37_Phase60,7.0,6.0,6.0,7.0,6.0,6.0682797,5.344299,5.6562,5.4025474,5.694825
P6_V37_Phase61,2.0,2.0,1.0,1.0,2.0,6.066346,5.341019,5.6545157,5.401945,5.6922407
P6_V37_Phase62,6.0,6.0,5.0,5.0,6.0,6.0666757,5.3405566,5.655227,5.4019413,5.6919804
P6_V37_Phase63,7.0,7.0,6.0,5.0,5.0,6.0684667,5.3429914,5.6578264,5.404602,5.6942635
P6_V37_Phase64,4.0,3.0,2.0,2.0,3.0,6.0682487,5.342083,5.6564083,5.4039474,5.6939535
P6_V37_Phase65,2.0,2.0,1.0,1.0,2.0,6.0685406,5.34137,5.656611,5.404219,5.6930914
P6_V37_Phase66,9.0,8.0,8.0,9.0,8.0,6.069684,5.3431478,5.657594,5.4046364,5.6951165
P6_V37_Phase67,3.0,3.0,2.0,2.0,3.0,6.0663824,5.340606,5.6546836,5.4028263,5.692587
P6_V37_Phase68,2.0,2.0,1.0,2.0,1.0,6.063843,5.3374095,5.652871,5.3998165,5.688599
P6_V37_Phase69,5.0,4.0,5.0,4.0,5.0,6.064171,5.338281,5.6540313,5.3988733,5.689577
P6_V37_Phase7,7.0,7.0,6.0,7.0,6.0,6.067908,5.3423524,5.657973,5.403534,5.6922903
P6_V37_Phase70,4.0,3.0,3.0,4.0,3.0,6.0627756,5.335388,5.652964,5.3998585,5.686653
P6_V37_Phase71,4.0,4.0,3.0,3.0,4.0,6.0703754,5.341537,5.6591935,5.4071407,5.693953
P6_V37_Phase72,7.0,7.0,6.0,6.0,7.0,6.069653,5.342023,5.659368,5.406288,5.693268
P6_V37_Phase73,7.0,6.0,7.0,6.0,7.0,6.0684376,5.3416705,5.6567626,5.4035325,5.693907
P6_V37_Phase74,5.0,4.0,3.0,4.0,5.0,6.0718527,5.3465257,5.659306,5.4057674,5.6969156
P6_V37_Phase75,7.0,6.0,7.0,6.0,7.0,6.064823,5.3361735,5.655745,5.403988,5.6873684
P6_V37_Phase76,7.0,7.0,6.0,6.0,7.0,6.0704584,5.3407283,5.6611896,5.4086924,5.6922064
P6_V37_Phase77,7.0,7.0,6.0,7.0,6.0,6.0685015,5.340881,5.657389,5.404846,5.692086
P6_V37_Phase78,9.0,8.0,8.0,9.0,8.0,6.0717573,5.344253,5.6605115,5.407033,5.6954107
P6_V37_Phase79,4.0,3.0,3.0,4.0,3.0,6.071209,5.344707,5.6598763,5.406026,5.69662
P6_V37_Phase8,4.0,3.0,2.0,3.0,4.0,6.0664697,5.339917,5.6552787,5.4022384,5.6916084
P6_V37_Phase80,9.0,8.0,8.0,9.0,8.0,6.067789,5.3413568,5.6569486,5.403234,5.6931367
P6_V37_Phase81,7.0,6.0,7.0,5.0,4.0,6.065554,5.3407273,5.6531386,5.4020963,5.6910925
P6_V37_Phase82,7.0,6.0,7.0,6.0,6.0,6.070053,5.3423233,5.6606526,5.406621,5.694229
P6_V37_Phase83,7.0,7.0,6.0,6.0,7.0,6.070048,5.343332,5.658278,5.4052134,5.694829
P6_V37_Phase84,9.0,8.0,8.0,9.0,8.0,6.067768,5.3428645,5.6562514,5.4030437,5.693004
P6_V37_Phase85,9.0,8.0,8.0,9.0,8.0,6.0712414,5.3429666,5.6596093,5.4072704,5.6948414
P6_V37_Phase86,8.0,7.0,7.0,8.0,7.0,6.068707,5.3410907,5.656901,5.404443,5.692975
P6_V37_Phase87,6.0,6.0,5.0,5.0,6.0,6.068632,5.3413444,5.6579704,5.4049616,5.6929626
P6_V37_Phase88,9.0,8.0,8.0,9.0,8.0,6.067144,5.3406205,5.6562896,5.4045377,5.6911535
P6_V37_Phase89,7.0,7.0,6.0,6.0,7.0,6.0678453,5.342034,5.656569,5.4027996,5.69242
P6_V37_Phase9,7.0,6.0,7.0,6.0,7.0,6.0668554,5.3395505,5.6570754,5.4039917,5.6901665
P6_V37_Phase90,7.0,6.0,6.0,7.0,6.0,6.068271,5.3410935,5.656755,5.4032707,5.692538
P6_V37_Phase91,7.0,7.0,6.0,6.0,7.0,6.0677643,5.34349,5.6562123,5.401939,5.6937623
P6_V37_Phase92,5.0,4.0,5.0,4.0,5.0,6.067228,5.343434,5.654919,5.4020195,5.6944003
P6_V37_Phase93,9.0,8.0,9.0,8.0,9.0,6.0675087,5.341699,5.656044,5.40419,5.692622
P6_V37_Phase94,7.0,7.0,6.0,7.0,6.0,6.068325,5.341326,5.6583047,5.403393,5.6912627
P6_V37_Phase95,7.0,7.0,6.0,6.0,7.0,6.0676107,5.341909,5.658015,5.4031353,5.6916
P6_V37_Phase96,9.0,8.0,8.0,9.0,8.0,6.0699177,5.3441024,5.6582627,5.405361,5.6959233
P6_V37_Phase98,8.0,7.0,8.0,7.0,8.0,6.0713253,5.34327,5.659633,5.4076366,5.6958127
P6_V37_Phase99,9.0,8.0,9.0,7.0,7.0,6.0687995,5.3425174,5.6575904,5.404073,5.6939535
P6_V38_Phase1,9.0,9.0,9.0,9.0,9.0,6.075042,5.346358,5.6646495,5.409568,5.6991153
P6_V38_Phase10,2.0,1.0,2.0,1.0,2.0,6.0705647,5.343155,5.6583505,5.406114,5.6953917
P6_V38_Phase11,2.0,2.0,1.0,2.0,2.0,6.066725,5.340087,5.6557097,5.4041724,5.691329
P6_V38_Phase12,2.0,1.0,2.0,1.0,2.0,6.0717416,5.3449917,5.6602874,5.406467,5.697193
P6_V38_Phase13,6.0,6.0,7.0,6.0,7.0,6.067498,5.3436704,5.6552663,5.4031377,5.6934795
P6_V38_Phase14,2.0,2.0,2.0,1.0,2.0,6.067824,5.339105,5.660251,5.4057727,5.6913147
P6_V38_Phase15,9.0,8.0,9.0,8.0,8.0,6.068117,5.343134,5.6554513,5.401888,5.6942406
P6_V38_Phase16,9.0,9.0,8.0,8.0,9.0,6.067531,5.343061,5.6565824,5.402389,5.6932917
P6_V38_Phase17,7.0,6.0,7.0,6.0,7.0,6.071973,5.342629,5.6628537,5.4082847,5.69401
P6_V38_Phase18,7.0,6.0,7.0,6.0,7.0,6.0722485,5.3463693,5.6595597,5.4060516,5.697591
P6_V38_Phase19,4.0,3.0,4.0,3.0,4.0,6.070502,5.3427653,5.6606426,5.406688,5.6944118
P6_V38_Phase2,2.0,1.0,1.0,2.0,2.0,6.0712166,5.3438783,5.6609597,5.406975,5.6963882
P6_V38_Phase20,2.0,2.0,1.0,2.0,1.0,6.0683556,5.345921,5.6563888,5.40302,5.69581
P6_V38_Phase21,2.0,1.0,2.0,1.0,2.0,6.0711417,5.3434196,5.6612716,5.4071307,5.696293
P6_V38_Phase22,9.0,8.0,9.0,7.0,8.0,6.0698266,5.3431935,5.6590476,5.406028,5.695532
P6_V38_Phase23,1.0,0.0,1.0,0.0,1.0,6.0681853,5.3404593,5.655776,5.4041233,5.692015
P6_V38_Phase24,7.0,7.0,6.0,6.0,7.0,6.0699043,5.3453383,5.6563315,5.404593,5.6959295
P6_V38_Phase25,2.0,1.0,2.0,1.0,1.0,6.0667744,5.3407607,5.6548285,5.403287,5.6921654
P6_V38_Phase3,7.0,6.0,7.0,6.0,7.0,6.068888,5.341738,5.658437,5.4044075,5.6934605
P6_V38_Phase4,7.0,6.0,6.0,7.0,7.0,6.0706367,5.3413944,5.6597066,5.4061594,5.692876
P6_V38_Phase5,7.0,7.0,7.0,5.0,6.0,6.0641603,5.33785,5.6522346,5.3997335,5.688622
P6_V38_Phase6,2.0,2.0,1.0,2.0,2.0,6.0653005,5.340413,5.6543794,5.400648,5.6904135
P6_V38_Phase7,9.0,8.0,9.0,8.0,9.0,6.067824,5.3390374,5.660309,5.406913,5.690585
P6_V38_Phase8,2.0,1.0,2.0,1.0,2.0,6.0707607,5.3430305,5.6602626,5.406802,5.695877
P6_V38_Phase9,2.0,1.0,2.0,1.0,2.0,6.0690155,5.343108,5.657537,5.4050903,5.69436
P6_V39_Phase1,5.0,4.0,5.0,4.0,5.0,6.0709577,5.3432984,5.660176,5.406165,5.695938
P6_V39_Phase10,7.0,7.0,6.0,7.0,6.0,6.066718,5.3426647,5.654431,5.4022284,5.6934223
P6_V39_Phase11,2.0,1.0,2.0,1.0,2.0,6.0664654,5.3403115,5.655666,5.4032526,5.6914783
P6_V39_Phase12,9.0,9.0,9.0,9.0,9.0,6.0660925,5.340647,5.6540103,5.4019337,5.6922793
P6_V39_Phase13,5.0,4.0,5.0,4.0,5.0,6.0658607,5.3412995,5.653456,5.401698,5.6920614
P6_V39_Phase14,7.0,6.0,7.0,6.0,7.0,6.0689692,5.341247,5.6589026,5.405943,5.693569
P6_V39_Phase15,6.0,5.0,6.0,5.0,6.0,6.0680747,5.342217,5.6580515,5.4038677,5.693037
P6_V39_Phase16,7.0,7.0,7.0,6.0,7.0,6.0696974,5.3447957,5.6583395,5.404402,5.6962304
P6_V39_Phase17,2.0,2.0,1.0,1.0,1.0,6.0659995,5.343614,5.6528654,5.4002757,5.6935453
P6_V39_Phase18,2.0,2.0,1.0,2.0,2.0,6.070158,5.344094,5.6588283,5.405974,5.6947336
P6_V39_Phase19,9.0,9.0,8.0,8.0,9.0,6.06639,5.3404346,5.6555667,5.4033146,5.6919136
P6_V39_Phase2,7.0,6.0,6.0,7.0,6.0,6.0701494,5.3435073,5.6592937,5.406419,5.6947966
P6_V39_Phase20,9.0,8.0,8.0,9.0,8.0,6.0712147,5.3448625,5.661079,5.406767,5.695944
P6_V39_Phase21,9.0,9.0,9.0,8.0,9.0,6.0685024,5.3414226,5.6593122,5.4054565,5.6922464
P6_V39_Phase22,7.0,7.0,6.0,6.0,7.0,6.06426,5.3405805,5.6521072,5.3992395,5.691094
P6_V39_Phase23,9.0,8.0,8.0,9.0,8.0,6.064665,5.339686,5.6525636,5.4015856,5.6914825
P6_V39_Phase24,2.0,1.0,2.0,1.0,2.0,6.0705204,5.3436646,5.659279,5.4067326,5.695918
P6_V39_Phase25,7.0,7.0,6.0,6.0,7.0,6.0728636,5.343848,5.661336,5.4088345,5.6965017
P6_V39_Phase26,2.0,2.0,1.0,1.0,2.0,6.069088,5.3408265,5.6585164,5.407082,5.690384
P6_V39_Phase27,7.0,6.0,6.0,6.0,7.0,6.0654306,5.340142,5.654163,5.4007206,5.6917543
P6_V39_Phase28,9.0,9.0,9.0,9.0,9.0,6.066106,5.3404384,5.655517,5.401277,5.6920404
P6_V39_Phase29,9.0,8.0,9.0,8.0,9.0,6.066718,5.339829,5.655465,5.4030924,5.6911364
P6_V39_Phase3,5.0,4.0,4.0,5.0,4.0,6.0716076,5.3458395,5.660882,5.4067497,5.696614
P6_V39_Phase30,5.0,4.0,5.0,4.0,4.0,6.071638,5.343825,5.661783,5.407854,5.6968875
P6_V39_Phase31,3.0,2.0,2.0,3.0,3.0,6.0648775,5.34067,5.652941,5.4017906,5.6914606
P6_V39_Phase32,9.0,8.0,9.0,8.0,8.0,6.0667186,5.3423743,5.6547656,5.402053,5.6927953
P6_V39_Phase33,2.0,1.0,0.0,1.0,2.0,6.063923,5.3389792,5.652036,5.3994865,5.690149
P6_V39_Phase34,2.0,2.0,1.0,0.0,1.0,6.0704746,5.343448,5.659672,5.407015,5.6958733
P6_V39_Phase35,5.0,4.0,5.0,4.0,5.0,6.0681076,5.3415866,5.656507,5.4044933,5.693144
P6_V39_Phase36,7.0,7.0,6.0,6.0,7.0,6.065864,5.34102,5.6532702,5.400337,5.6911716
P6_V39_Phase37,9.0,9.0,9.0,8.0,8.0,6.0664034,5.340974,5.654282,5.4018316,5.69215
P6_V39_Phase38,7.0,7.0,7.0,6.0,6.0,6.069195,5.341561,5.660806,5.4057713,5.692629
P6_V39_Phase39,4.0,5.0,4.0,3.0,4.0,6.0719857,5.3455787,5.659949,5.406047,5.697564
P6_V39_Phase4,9.0,8.0,8.0,9.0,8.0,6.069893,5.343841,5.65944,5.40676,5.694541
P6_V39_Phase40,7.0,7.0,6.0,6.0,7.0,6.0674667,5.3423653,5.6543465,5.4027576,5.6934075
P6_V39_Phase41,9.0,9.0,9.0,9.0,9.0,6.0664673,5.3442564,5.654952,5.401993,5.694018
P6_V39_Phase42,9.0,9.0,9.0,8.0,9.0,6.0682936,5.3436875,5.6558595,5.403207,5.6948414
P6_V39_Phase43,2.0,1.0,1.0,2.0,1.0,6.0702047,5.343946,5.6587873,5.40602,5.695588
P6_V39_Phase44,2.0,1.0,2.0,1.0,1.0,6.0695095,5.342798,5.6580253,5.4056363,5.6946507
P6_V39_Phase5,9.0,9.0,8.0,8.0,9.0,6.065997,5.340134,5.6549053,5.4017878,5.6918087
P6_V39_Phase6,3.0,2.0,3.0,2.0,3.0,6.066951,5.3408637,5.655239,5.4033637,5.692564
P6_V39_Phase7,2.0,2.0,1.0,1.0,2.0,6.069046,5.34355,5.657295,5.4043655,5.6954584
P6_V39_Phase8,2.0,2.0,1.0,2.0,1.0,6.0664654,5.3412976,5.655238,5.4018846,5.69283
P6_V39_Phase9,9.0,8.0,8.0,9.0,8.0,6.0672584,5.3430033,5.654589,5.4027634,5.6940584
P6_V3_Phase1,2.0,1.0,2.0,1.0,1.0,6.072089,5.346165,5.660442,5.406828,5.696971
P6_V3_Phase10,7.0,6.0,7.0,5.0,6.0,6.0658455,5.3404336,5.655012,5.4022226,5.691663
P6_V3_Phase11,6.0,5.0,6.0,5.0,6.0,6.0663285,5.3405585,5.655168,5.4032507,5.6917577
P6_V3_Phase12,2.0,1.0,2.0,1.0,2.0,6.0690956,5.342795,5.658727,5.404752,5.694131
P6_V3_Phase13,2.0,2.0,2.0,1.0,2.0,6.0696745,5.341973,5.6586585,5.4059353,5.6937437
P6_V3_Phase14,2.0,2.0,1.0,2.0,1.0,6.0689487,5.341789,5.6582885,5.405013,5.693414
P6_V3_Phase15,5.0,4.0,5.0,4.0,5.0,6.073256,5.3476057,5.6612463,5.407676,5.698248
P6_V3_Phase16,6.0,5.0,5.0,6.0,5.0,6.0668426,5.3397665,5.656527,5.403597,5.6916904
P6_V3_Phase17,2.0,1.0,2.0,1.0,2.0,6.0678864,5.342258,5.6561403,5.4035225,5.6937532
P6_V3_Phase18,6.0,5.0,6.0,5.0,5.0,6.066741,5.341188,5.655274,5.403128,5.692851
P6_V3_Phase19,9.0,9.0,9.0,9.0,9.0,6.066488,5.3412824,5.6548657,5.4033113,5.6927986
P6_V3_Phase2,7.0,6.0,6.0,7.0,6.0,6.0682936,5.3440213,5.6563787,5.4025135,5.694405
P6_V3_Phase20,7.0,6.0,7.0,6.0,7.0,6.067156,5.3398957,5.656755,5.4025574,5.692071
P6_V3_Phase21,7.0,7.0,7.0,6.0,7.0,6.0713897,5.3453813,5.6595345,5.405369,5.6977015
P6_V3_Phase22,2.0,1.0,2.0,1.0,2.0,6.0641184,5.339703,5.6519017,5.3999014,5.6900387
P6_V3_Phase23,1.0,0.0,0.0,1.0,0.0,6.070831,5.3449655,5.659222,5.405709,5.6960096
P6_V3_Phase24,5.0,4.0,5.0,3.0,4.0,6.066142,5.3398595,5.65552,5.4031754,5.6920195
P6_V3_Phase25,2.0,1.0,0.0,1.0,2.0,6.070669,5.3435507,5.660198,5.4059153,5.6949315
P6_V3_Phase26,6.0,5.0,5.0,6.0,6.0,6.069915,5.3422837,5.659474,5.405341,5.6942444
P6_V3_Phase27,5.0,4.0,5.0,4.0,4.0,6.071135,5.3445673,5.6613474,5.4084682,5.696463
P6_V3_Phase28,7.0,7.0,6.0,6.0,7.0,6.0647984,5.339612,5.6538453,5.398633,5.6900516
P6_V3_Phase3,2.0,1.0,2.0,1.0,2.0,6.065565,5.341532,5.6531906,5.3998566,5.6923075
P6_V3_Phase4,2.0,2.0,1.0,1.0,2.0,6.064361,5.339627,5.6523113,5.3997006,5.6905794
P6_V3_Phase5,2.0,2.0,1.0,2.0,1.0,6.071007,5.3449078,5.659315,5.4058523,5.6971855
P6_V3_Phase6,2.0,2.0,1.0,1.0,2.0,6.067712,5.3411846,5.6561933,5.4035177,5.6929336
P6_V3_Phase7,5.0,4.0,4.0,5.0,5.0,6.070631,5.3434415,5.659387,5.4059067,5.6955338
P6_V3_Phase8,5.0,4.0,5.0,4.0,5.0,6.064685,5.3395324,5.6526437,5.4010124,5.6903133
P6_V3_Phase9,2.0,1.0,2.0,1.0,2.0,6.0695076,5.344234,5.65803,5.405963,5.695385
P6_V4_Phase1,2.0,1.0,2.0,1.0,1.0,6.0712404,5.3464255,5.6588182,5.4054275,5.6975794
P6_V4_Phase10,7.0,6.0,6.0,7.0,6.0,6.065529,5.3427014,5.652962,5.400996,5.6928244
P6_V4_Phase11,9.0,8.0,8.0,9.0,8.0,6.0631695,5.340051,5.6510134,5.3992124,5.690484
P6_V4_Phase12,9.0,8.0,8.0,9.0,9.0,6.067264,5.342805,5.653176,5.4034204,5.6939325
P6_V4_Phase13,2.0,1.0,2.0,1.0,2.0,6.0672593,5.3422885,5.6558084,5.4038725,5.6932344
P6_V4_Phase14,2.0,1.0,1.0,2.0,1.0,6.0684757,5.341759,5.6563883,5.4036694,5.6939926
P6_V4_Phase15,2.0,2.0,1.0,2.0,1.0,6.063875,5.34014,5.6510043,5.398962,5.6906257
P6_V4_Phase16,5.0,4.0,5.0,4.0,5.0,6.0690823,5.3425293,5.658529,5.4057236,5.694035
P6_V4_Phase17,7.0,7.0,7.0,6.0,7.0,6.0689883,5.342688,5.657561,5.40614,5.693331
P6_V4_Phase18,7.0,6.0,7.0,6.0,7.0,6.064048,5.338939,5.6531425,5.400368,5.6904254
P6_V4_Phase19,7.0,7.0,7.0,6.0,7.0,6.066524,5.3421326,5.654366,5.402996,5.693179
P6_V4_Phase2,2.0,1.0,2.0,1.0,2.0,6.0629334,5.3403964,5.650277,5.397999,5.6902795
P6_V4_Phase20,6.0,5.0,6.0,5.0,6.0,6.067504,5.3369794,5.6608663,5.406228,5.68966
P6_V4_Phase21,7.0,7.0,6.0,6.0,7.0,6.058237,5.3334928,5.648662,5.396295,5.68374
P6_V4_Phase22,2.0,1.0,2.0,1.0,1.0,6.0688114,5.3426557,5.6576676,5.4048758,5.6947823
P6_V4_Phase23,5.0,4.0,5.0,3.0,4.0,6.0646772,5.337291,5.654937,5.402584,5.6883526
P6_V4_Phase24,7.0,6.0,7.0,6.0,7.0,6.0667996,5.3402267,5.656606,5.403271,5.6916227
P6_V4_Phase25,7.0,6.0,6.0,7.0,6.0,6.0715656,5.343823,5.660324,5.406906,5.696603
P6_V4_Phase26,2.0,1.0,2.0,1.0,2.0,6.065728,5.3408823,5.654084,5.4012203,5.691291
P6_V4_Phase27,6.0,6.0,5.0,6.0,5.0,6.064457,5.339126,5.6519732,5.3999395,5.6904035
P6_V4_Phase28,7.0,6.0,7.0,4.0,5.0,6.0683455,5.3439693,5.6573067,5.402588,5.6948233
P6_V4_Phase29,2.0,2.0,1.0,2.0,1.0,6.0680046,5.3415265,5.656668,5.404461,5.693922
P6_V4_Phase3,2.0,1.0,2.0,1.0,2.0,6.0679016,5.341978,5.65589,5.4031596,5.693073
P6_V4_Phase30,7.0,6.0,7.0,4.0,5.0,6.074112,5.3478274,5.662503,5.407842,5.6996207
P6_V4_Phase31,7.0,6.0,7.0,6.0,7.0,6.06754,5.341479,5.656076,5.4031897,5.6928883
P6_V4_Phase32,5.0,4.0,5.0,4.0,5.0,6.0693083,5.3399076,5.6595416,5.4069357,5.692331
P6_V4_Phase33,2.0,1.0,2.0,1.0,2.0,6.0628815,5.338847,5.650844,5.3980603,5.688789
P6_V4_Phase34,2.0,1.0,2.0,1.0,2.0,6.0703497,5.343776,5.6597595,5.406393,5.6950135
P6_V4_Phase35,7.0,6.0,7.0,4.0,5.0,6.064834,5.340733,5.653299,5.401141,5.6916733
P6_V4_Phase4,7.0,6.0,6.0,7.0,6.0,6.0679092,5.3423443,5.655477,5.4026585,5.694072
P6_V4_Phase5,7.0,6.0,6.0,7.0,6.0,6.069442,5.341804,5.6589546,5.404209,5.693067
P6_V4_Phase6,2.0,2.0,1.0,1.0,2.0,6.0725875,5.346707,5.6601744,5.406754,5.6973825
P6_V4_Phase7,2.0,2.0,1.0,1.0,2.0,6.0660377,5.3411613,5.65379,5.40117,5.6922984
P6_V4_Phase8,2.0,1.0,1.0,2.0,1.0,6.0639086,5.339176,5.6524663,5.399587,5.690101
P6_V4_Phase9,7.0,6.0,6.0,7.0,6.0,6.069729,5.3440657,5.657476,5.406664,5.6953707
P6_V5_Phase1,2.0,2.0,1.0,2.0,2.0,6.068153,5.3423905,5.656054,5.4030247,5.6942315
P6_V5_Phase10,5.0,4.0,5.0,4.0,5.0,6.067955,5.3434205,5.656221,5.403362,5.694421
P6_V5_Phase11,6.0,5.0,6.0,5.0,6.0,6.069676,5.345694,5.657127,5.4051914,5.696597
P6_V5_Phase12,2.0,1.0,1.0,2.0,1.0,6.0668592,5.341959,5.6555057,5.4028006,5.69294
P6_V5_Phase13,2.0,1.0,2.0,1.0,1.0,6.0633297,5.3379645,5.6516514,5.399221,5.689315
P6_V5_Phase14,2.0,2.0,1.0,2.0,1.0,6.0652456,5.341435,5.6531157,5.4008937,5.691469
P6_V5_Phase15,0.0,0.0,0.0,0.0,0.0,6.0647936,5.3394265,5.6536202,5.4014754,5.6908646
P6_V5_Phase16,0.0,0.0,0.0,0.0,0.0,6.0748296,5.3466425,5.6648164,5.410288,5.699787
P6_V5_Phase17,7.0,6.0,7.0,6.0,7.0,6.068608,5.3426642,5.6564064,5.403284,5.6939797
P6_V5_Phase18,7.0,6.0,6.0,7.0,6.0,6.0692563,5.3431487,5.657599,5.405135,5.6951413
P6_V5_Phase19,6.0,6.0,5.0,3.0,3.0,6.066869,5.342048,5.6543293,5.401726,5.6934733
P6_V5_Phase2,2.0,2.0,1.0,2.0,1.0,6.070319,5.34563,5.6580215,5.4054775,5.6963015
P6_V5_Phase20,7.0,7.0,7.0,6.0,7.0,6.0740824,5.3459716,5.6644225,5.4099684,5.6980076
P6_V5_Phase21,1.0,0.0,1.0,0.0,0.0,6.0701895,5.3447785,5.6588373,5.4056807,5.6962543
P6_V5_Phase22,1.0,1.0,1.0,0.0,1.0,6.071076,5.344395,5.66,5.4067183,5.6958046
P6_V5_Phase23,2.0,1.0,2.0,0.0,1.0,6.0705147,5.344806,5.658297,5.4063387,5.6968193
P6_V5_Phase24,2.0,1.0,2.0,0.0,1.0,6.0697303,5.3452215,5.6587095,5.4048643,5.6965814
P6_V5_Phase25,6.0,6.0,6.0,5.0,6.0,6.069681,5.3439984,5.6591024,5.4045115,5.6942015
P6_V5_Phase26,6.0,6.0,5.0,6.0,5.0,6.072184,5.3482223,5.659887,5.406425,5.698642
P6_V5_Phase3,2.0,2.0,2.0,1.0,2.0,6.0660114,5.3401666,5.6535134,5.4016075,5.691496
P6_V5_Phase4,7.0,6.0,7.0,6.0,7.0,6.063697,5.3385983,5.6526,5.4012103,5.6891384
P6_V5_Phase5,2.0,2.0,2.0,1.0,2.0,6.065215,5.341265,5.652107,5.401104,5.691527
P6_V5_Phase6,2.0,2.0,2.0,1.0,1.0,6.066409,5.341302,5.655276,5.4020185,5.692919
P6_V5_Phase7,7.0,6.0,7.0,6.0,7.0,6.0674973,5.3431296,5.655597,5.403267,5.6937656
P6_V5_Phase8,2.0,1.0,2.0,1.0,2.0,6.0667644,5.3414392,5.6554656,5.4026804,5.692889
P6_V5_Phase9,0.0,0.0,0.0,0.0,0.0,6.0636797,5.3401327,5.651647,5.399742,5.6905603
P6_V6_Phase1,2.0,1.0,1.0,2.0,2.0,6.0675926,5.3421216,5.6581063,5.4049945,5.691971
P6_V6_Phase10,2.0,1.0,0.0,1.0,1.0,6.066723,5.3418813,5.6550474,5.4035773,5.693025
P6_V6_Phase11,2.0,1.0,2.0,1.0,2.0,6.0656633,5.3406277,5.6539645,5.4018703,5.692098
P6_V6_Phase12,1.0,0.0,0.0,0.0,1.0,6.0667377,5.3427815,5.6544147,5.4020004,5.693076
P6_V6_Phase13,0.0,0.0,0.0,0.0,0.0,6.062081,5.3361306,5.6513944,5.3973722,5.686912
P6_V6_Phase14,7.0,6.0,7.0,4.0,6.0,6.0682983,5.342973,5.6577034,5.404615,5.693467
P6_V6_Phase15,2.0,1.0,2.0,1.0,2.0,6.071768,5.344627,5.6605077,5.4072227,5.697791
P6_V6_Phase16,2.0,1.0,2.0,1.0,2.0,6.0686703,5.3414283,5.657166,5.404779,5.6933813
P6_V6_Phase17,2.0,1.0,2.0,1.0,1.0,6.0620213,5.3363953,5.6499066,5.399008,5.6875663
P6_V6_Phase18,2.0,1.0,2.0,1.0,2.0,6.066663,5.3417687,5.6552706,5.4020486,5.691927
P6_V6_Phase19,2.0,2.0,1.0,1.0,2.0,6.067491,5.34199,5.6551137,5.4032927,5.692321
P6_V6_Phase2,9.0,8.0,9.0,8.0,8.0,6.0700803,5.3423324,5.660542,5.408305,5.693808
P6_V6_Phase20,2.0,1.0,1.0,2.0,1.0,6.0645065,5.33805,5.652683,5.400256,5.6894317
P6_V6_Phase21,2.0,1.0,2.0,1.0,1.0,6.0667257,5.3410344,5.6545367,5.4022474,5.693177
P6_V6_Phase22,2.0,1.0,2.0,1.0,2.0,6.06969,5.3437123,5.658301,5.404259,5.695563
P6_V6_Phase23,1.0,1.0,1.0,0.0,0.0,6.067,5.3426948,5.6541796,5.4017944,5.693578
P6_V6_Phase24,1.0,0.0,1.0,0.0,1.0,6.068297,5.342916,5.6568713,5.404385,5.6939707
P6_V6_Phase3,2.0,1.0,2.0,1.0,2.0,6.068412,5.343022,5.655006,5.4036345,5.694517
P6_V6_Phase4,7.0,6.0,7.0,6.0,7.0,6.0685806,5.3438907,5.655852,5.4041343,5.6943636
P6_V6_Phase5,2.0,1.0,2.0,1.0,2.0,6.065812,5.34226,5.6540437,5.401038,5.6934114
P6_V6_Phase6,2.0,2.0,1.0,1.0,2.0,6.0657706,5.3414865,5.6537127,5.399816,5.6922364
P6_V6_Phase7,7.0,7.0,7.0,6.0,7.0,6.0666285,5.34096,5.655596,5.402674,5.691818
P6_V6_Phase8,2.0,1.0,2.0,1.0,1.0,6.0637727,5.339363,5.6515574,5.3995132,5.690013
P6_V6_Phase9,7.0,6.0,7.0,6.0,7.0,6.0683923,5.339362,5.6568418,5.4078407,5.690956
P6_V7_Phase1,7.0,6.0,7.0,6.0,7.0,6.0703206,5.340799,5.663983,5.4075465,5.691872
P6_V7_Phase10,7.0,7.0,6.0,6.0,7.0,6.0686936,5.340766,5.659743,5.406759,5.6909995
P6_V7_Phase11,7.0,6.0,6.0,7.0,6.0,6.069522,5.3407807,5.660129,5.4066277,5.6932144
P6_V7_Phase12,5.0,5.0,4.0,5.0,4.0,6.067168,5.3407054,5.656385,5.403218,5.6929455
P6_V7_Phase13,7.0,6.0,6.0,7.0,6.0,6.070669,5.3427386,5.6615257,5.407763,5.695159
P6_V7_Phase14,9.0,9.0,9.0,8.0,8.0,6.0677767,5.342433,5.6552997,5.40343,5.693735
P6_V7_Phase15,7.0,7.0,6.0,6.0,7.0,6.0716267,5.3429055,5.6614513,5.409578,5.6948686
P6_V7_Phase16,9.0,8.0,9.0,8.0,9.0,6.0701466,5.3435864,5.6610217,5.406723,5.693963
P6_V7_Phase17,9.0,9.0,9.0,9.0,9.0,6.068858,5.343744,5.6565337,5.40448,5.694759
P6_V7_Phase18,9.0,8.0,9.0,8.0,9.0,6.070193,5.3426414,5.660461,5.4067364,5.694803
P6_V7_Phase19,7.0,6.0,7.0,5.0,6.0,6.0643096,5.33927,5.6533313,5.4009237,5.6898155
P6_V7_Phase2,9.0,9.0,9.0,9.0,9.0,6.0704,5.341906,5.66048,5.407941,5.6939545
P6_V7_Phase20,9.0,8.0,9.0,8.0,8.0,6.0670967,5.342864,5.6546087,5.4023747,5.6934395
P6_V7_Phase21,7.0,7.0,6.0,6.0,7.0,6.0653257,5.3393564,5.6538367,5.401465,5.6908245
P6_V7_Phase22,9.0,9.0,9.0,9.0,9.0,6.0666523,5.3394256,5.656215,5.403283,5.6921873
P6_V7_Phase23,5.0,5.0,4.0,5.0,4.0,6.063347,5.339749,5.6503024,5.399686,5.690491
P6_V7_Phase24,5.0,5.0,4.0,5.0,4.0,6.065241,5.3387237,5.6548877,5.4008155,5.691081
P6_V7_Phase25,9.0,9.0,9.0,9.0,9.0,6.070711,5.3450704,5.660129,5.406024,5.695436
P6_V7_Phase26,9.0,8.0,8.0,9.0,8.0,6.0720797,5.3449707,5.6616874,5.4077644,5.696968
P6_V7_Phase27,9.0,9.0,9.0,8.0,8.0,6.0659885,5.340963,5.6537642,5.402607,5.6922293
P6_V7_Phase28,9.0,9.0,9.0,8.0,8.0,6.0654907,5.3383465,5.654304,5.4017334,5.6911974
P6_V7_Phase29,9.0,8.0,8.0,8.0,9.0,6.0664845,5.340035,5.655415,5.401862,5.692318
P6_V7_Phase3,9.0,9.0,8.0,8.0,9.0,6.068494,5.3428555,5.6567893,5.4047027,5.693468
P6_V7_Phase30,7.0,7.0,6.0,6.0,7.0,6.067774,5.342077,5.656112,5.4022036,5.6931148
P6_V7_Phase31,9.0,8.0,9.0,8.0,9.0,6.0681567,5.343194,5.6582494,5.4031544,5.693404
P6_V7_Phase32,9.0,9.0,9.0,9.0,9.0,6.0688972,5.340117,5.6588426,5.4048204,5.6917095
P6_V7_Phase33,7.0,6.0,7.0,6.0,7.0,6.070119,5.341088,5.6616883,5.407315,5.6922646
P6_V7_Phase34,5.0,4.0,4.0,5.0,4.0,6.068178,5.3401084,5.6584344,5.404485,5.6930866
P6_V7_Phase35,5.0,4.0,5.0,4.0,4.0,6.066209,5.3392186,5.6574836,5.4030957,5.689932
P6_V7_Phase36,9.0,8.0,9.0,8.0,9.0,6.071409,5.340862,5.661616,5.4081707,5.6930575
P6_V7_Phase37,9.0,9.0,9.0,9.0,9.0,6.069494,5.339953,5.660236,5.406803,5.6923714
P6_V7_Phase38,5.0,5.0,4.0,4.0,5.0,6.069015,5.343583,5.6605806,5.4045086,5.69209
P6_V7_Phase39,5.0,5.0,4.0,4.0,3.0,6.0677695,5.340645,5.656156,5.403823,5.692713
P6_V7_Phase4,9.0,9.0,9.0,9.0,9.0,6.07044,5.3429923,5.6604857,5.406296,5.6951027
P6_V7_Phase40,5.0,5.0,5.0,4.0,5.0,6.071006,5.344399,5.6595244,5.406262,5.694829
P6_V7_Phase41,7.0,6.0,7.0,6.0,7.0,6.0682716,5.3427267,5.6592813,5.40516,5.692648
P6_V7_Phase42,9.0,9.0,9.0,9.0,8.0,6.068241,5.3423924,5.656006,5.4054317,5.694602
P6_V7_Phase5,9.0,9.0,9.0,9.0,9.0,6.0703516,5.342337,5.6603956,5.4078646,5.6943445
P6_V7_Phase6,9.0,9.0,9.0,9.0,9.0,6.0707836,5.3404574,5.662166,5.4084244,5.692163
P6_V7_Phase7,7.0,7.0,6.0,7.0,6.0,6.066722,5.341535,5.6554,5.4031506,5.69291
P6_V7_Phase8,7.0,7.0,6.0,6.0,7.0,6.0651445,5.3399982,5.6536365,5.401861,5.69097
P6_V7_Phase9,9.0,8.0,8.0,9.0,8.0,6.069866,5.3426433,5.6586127,5.404747,5.694005
P6_V8_Phase1,7.0,6.0,7.0,6.0,7.0,6.0666327,5.3418307,5.6539445,5.403059,5.6927204
P6_V8_Phase10,7.0,7.0,6.0,6.0,7.0,6.069807,5.3436704,5.658502,5.406057,5.694775
P6_V8_Phase11,7.0,7.0,6.0,7.0,6.0,6.070366,5.3440146,5.659288,5.4062877,5.695303
P6_V8_Phase12,7.0,6.0,6.0,7.0,6.0,6.0699835,5.343954,5.6584144,5.406558,5.6958
P6_V8_Phase13,7.0,6.0,6.0,7.0,6.0,6.070182,5.3447747,5.6601048,5.4059315,5.6953945
P6_V8_Phase14,7.0,6.0,6.0,7.0,6.0,6.06668,5.3416185,5.65426,5.4033594,5.6925764
P6_V8_Phase15,5.0,4.0,5.0,4.0,5.0,6.069014,5.342651,5.6572037,5.405404,5.6946282
P6_V8_Phase16,7.0,6.0,7.0,6.0,7.0,6.069592,5.343614,5.6585765,5.4045696,5.6961665
P6_V8_Phase17,7.0,7.0,7.0,6.0,7.0,6.070857,5.3401265,5.662637,5.4087934,5.691633
P6_V8_Phase18,2.0,1.0,2.0,1.0,2.0,6.065995,5.340767,5.6540008,5.402979,5.692271
P6_V8_Phase19,7.0,6.0,7.0,6.0,7.0,6.0691066,5.3431687,5.6577,5.4060297,5.6945467
P6_V8_Phase2,7.0,6.0,6.0,7.0,6.0,6.068635,5.345291,5.6561456,5.4027166,5.69535
P6_V8_Phase20,2.0,1.0,2.0,1.0,2.0,6.068484,5.3430605,5.6571193,5.405218,5.6947136
P6_V8_Phase21,9.0,8.0,9.0,8.0,9.0,6.0670133,5.341601,5.6552997,5.4035025,5.692526
P6_V8_Phase22,7.0,6.0,7.0,6.0,7.0,6.0719748,5.3440366,5.66052,5.4074225,5.6964874
P6_V8_Phase23,9.0,8.0,8.0,9.0,8.0,6.0670633,5.3413577,5.6552978,5.4033003,5.692783
P6_V8_Phase24,7.0,6.0,6.0,7.0,6.0,6.0690746,5.3405604,5.6595435,5.4063616,5.6917057
P6_V8_Phase25,7.0,7.0,7.0,6.0,7.0,6.067827,5.3411756,5.6561236,5.403289,5.693378
P6_V8_Phase26,7.0,7.0,6.0,6.0,7.0,6.067304,5.3432145,5.6557083,5.4042106,5.693954
P6_V8_Phase27,5.0,4.0,5.0,3.0,4.0,6.072261,5.34432,5.661994,5.4081407,5.696406
P6_V8_Phase28,7.0,7.0,7.0,6.0,6.0,6.066573,5.341522,5.653633,5.4017963,5.692859
P6_V8_Phase29,7.0,6.0,7.0,5.0,6.0,6.068985,5.3425956,5.656318,5.4051666,5.694457
P6_V8_Phase3,2.0,2.0,1.0,2.0,1.0,6.073764,5.3452477,5.6637483,5.4090605,5.698786
P6_V8_Phase30,2.0,1.0,2.0,1.0,2.0,6.067393,5.3441644,5.654107,5.402275,5.6942577
P6_V8_Phase31,9.0,8.0,9.0,8.0,9.0,6.0657153,5.3406706,5.6542926,5.4018497,5.6923623
P6_V8_Phase32,7.0,6.0,7.0,6.0,6.0,6.067167,5.3366284,5.6607447,5.4062686,5.68855
P6_V8_Phase33,9.0,8.0,9.0,8.0,9.0,6.0713186,5.343182,5.6618433,5.406699,5.694584
P6_V8_Phase34,7.0,6.0,7.0,6.0,7.0,6.0643177,5.338907,5.6518407,5.4004555,5.6899314
P6_V8_Phase35,0.0,0.0,0.0,1.0,1.0,6.0685444,5.3410506,5.6577225,5.404207,5.693709
P6_V8_Phase36,2.0,1.0,2.0,1.0,2.0,6.066162,5.3396173,5.656963,5.4026494,5.6907845
P6_V8_Phase37,9.0,8.0,9.0,8.0,9.0,6.068455,5.3397536,5.6577325,5.403578,5.6915817
P6_V8_Phase38,9.0,9.0,9.0,8.0,9.0,6.072626,5.34885,5.6613483,5.4054875,5.6991835
P6_V8_Phase39,7.0,6.0,6.0,7.0,6.0,6.066082,5.3399596,5.6548433,5.402736,5.690961
P6_V8_Phase4,5.0,4.0,5.0,4.0,5.0,6.069288,5.343189,5.6571784,5.405958,5.6950016
P6_V8_Phase40,7.0,7.0,7.0,6.0,7.0,6.0678897,5.341559,5.656923,5.402594,5.6930933
P6_V8_Phase41,7.0,6.0,7.0,4.0,6.0,6.0680566,5.343474,5.6569953,5.4015064,5.6945887
P6_V8_Phase42,2.0,1.0,2.0,1.0,2.0,6.067376,5.341043,5.655891,5.403452,5.693245
P6_V8_Phase43,7.0,6.0,7.0,6.0,7.0,6.0668135,5.3425317,5.6546144,5.4028254,5.6935086
P6_V8_Phase44,6.0,6.0,6.0,3.0,5.0,6.072671,5.345978,5.6618695,5.4078526,5.697832
P6_V8_Phase45,7.0,6.0,6.0,7.0,6.0,6.066942,5.340222,5.655531,5.4031677,5.691698
P6_V8_Phase46,5.0,4.0,5.0,4.0,5.0,6.0684767,5.3432755,5.6577544,5.404914,5.693918
P6_V8_Phase47,7.0,6.0,6.0,7.0,6.0,6.067993,5.341065,5.6598296,5.4059687,5.6912336
P6_V8_Phase48,9.0,9.0,9.0,8.0,8.0,6.0666766,5.3394666,5.657133,5.4030714,5.6911993
P6_V8_Phase49,7.0,6.0,6.0,7.0,6.0,6.067483,5.338962,5.6587386,5.4053183,5.6904335
P6_V8_Phase5,2.0,1.0,2.0,1.0,2.0,6.0674686,5.3415046,5.6560693,5.4035435,5.6934137
P6_V8_Phase50,9.0,9.0,9.0,9.0,9.0,6.0627365,5.337026,5.6527605,5.3993425,5.688081
P6_V8_Phase51,9.0,8.0,9.0,8.0,9.0,6.067706,5.3409553,5.660016,5.405713,5.6914587
P6_V8_Phase52,7.0,6.0,7.0,6.0,7.0,6.070671,5.3437133,5.6596227,5.4074283,5.696555
P6_V8_Phase53,2.0,2.0,1.0,2.0,1.0,6.0680294,5.3411136,5.657121,5.4036283,5.693077
P6_V8_Phase54,7.0,7.0,7.0,6.0,6.0,6.0659266,5.342168,5.652634,5.400901,5.6928697
P6_V8_Phase55,6.0,5.0,6.0,5.0,5.0,6.06437,5.338598,5.6572523,5.4022846,5.6888356
P6_V8_Phase56,9.0,8.0,9.0,8.0,9.0,6.0688167,5.341711,5.658219,5.4053564,5.6930532
P6_V8_Phase6,7.0,6.0,6.0,7.0,6.0,6.0731235,5.3451095,5.6631036,5.4086723,5.6973686
P6_V8_Phase7,6.0,5.0,6.0,5.0,6.0,6.0701265,5.3432913,5.6608963,5.4070196,5.6938267
P6_V8_Phase8,7.0,7.0,6.0,7.0,6.0,6.067674,5.3381333,5.658752,5.405736,5.6887903
P6_V8_Phase9,7.0,7.0,6.0,7.0,6.0,6.0669756,5.3413377,5.6548085,5.40375,5.6930647
P6_V9_Phase1,2.0,1.0,0.0,1.0,1.0,6.0765696,5.34882,5.6663766,5.4114246,5.701349
P6_V9_Phase10,7.0,6.0,7.0,6.0,7.0,6.0693216,5.3441634,5.6568236,5.402962,5.695857
P6_V9_Phase11,9.0,8.0,9.0,8.0,9.0,6.068945,5.342904,5.656012,5.405566,5.6947117
P6_V9_Phase12,7.0,7.0,7.0,6.0,6.0,6.0670776,5.34119,5.655441,5.4036922,5.692851
P6_V9_Phase13,9.0,9.0,9.0,8.0,8.0,6.0673084,5.3429637,5.6540494,5.402183,5.693947
P6_V9_Phase14,9.0,8.0,9.0,8.0,9.0,6.068857,5.3444715,5.65663,5.404874,5.6956987
P6_V9_Phase15,2.0,1.0,2.0,1.0,2.0,6.0710583,5.344294,5.6603956,5.4062405,5.696204
P6_V9_Phase16,9.0,8.0,9.0,8.0,9.0,6.0647335,5.3403616,5.652637,5.400955,5.6901937
P6_V9_Phase17,7.0,7.0,7.0,6.0,7.0,6.066596,5.340942,5.6582108,5.404213,5.6911354
P6_V9_Phase18,9.0,8.0,9.0,7.0,8.0,6.070149,5.3456273,5.6571927,5.4046154,5.696733
P6_V9_Phase19,2.0,2.0,1.0,2.0,1.0,6.0704026,5.3429456,5.661179,5.4068995,5.694044
P6_V9_Phase2,7.0,6.0,6.0,7.0,6.0,6.070014,5.3438587,5.6581025,5.40432,5.696007
P6_V9_Phase20,2.0,2.0,1.0,2.0,1.0,6.066978,5.3419228,5.654733,5.4032826,5.693347
P6_V9_Phase21,7.0,6.0,7.0,6.0,6.0,6.0649953,5.3393874,5.6541066,5.4029813,5.690606
P6_V9_Phase22,2.0,1.0,2.0,1.0,2.0,6.0710287,5.3425117,5.660053,5.407484,5.695285
P6_V9_Phase23,2.0,2.0,1.0,2.0,1.0,6.068688,5.342591,5.6583524,5.4059362,5.6944513
P6_V9_Phase24,2.0,1.0,2.0,1.0,2.0,6.067962,5.3420854,5.656056,5.4030066,5.6937895
P6_V9_Phase25,7.0,6.0,7.0,6.0,7.0,6.0713863,5.344691,5.6601524,5.4069138,5.6953764
P6_V9_Phase3,2.0,1.0,0.0,1.0,2.0,6.0668864,5.3428664,5.6542354,5.4033093,5.693021
P6_V9_Phase4,7.0,6.0,7.0,6.0,7.0,6.0574346,5.3325295,5.645739,5.398441,5.68149
P6_V9_Phase5,7.0,7.0,6.0,6.0,7.0,6.0679255,5.342297,5.656305,5.402844,5.6941843
P6_V9_Phase6,7.0,6.0,7.0,6.0,7.0,6.070163,5.345089,5.657978,5.404851,5.6965437
P6_V9_Phase7,7.0,6.0,7.0,5.0,6.0,6.06609,5.341453,5.6546474,5.4015613,5.691764
P6_V9_Phase8,5.0,4.0,5.0,4.0,5.0,6.0679474,5.3409734,5.6582136,5.4042697,5.692503
P6_V9_Phase9,9.0,8.0,8.0,9.0,8.0,6.0656347,5.340056,5.6541715,5.4018564,5.6916313
P7_V10_Phase1,7.0,7.0,6.0,6.0,7.0,6.067133,5.342665,5.654796,5.4014945,5.6935034
P7_V10_Phase10,5.0,4.0,5.0,4.0,4.0,6.0700364,5.346296,5.657126,5.404935,5.696999
P7_V10_Phase11,3.0,3.0,1.0,2.0,3.0,6.0666876,5.343215,5.6540246,5.40152,5.6926
P7_V10_Phase12,7.0,6.0,7.0,6.0,6.0,6.0662127,5.3421054,5.6546392,5.4007626,5.69276
P7_V10_Phase13,8.0,8.0,7.0,8.0,7.0,6.0669894,5.3422914,5.655638,5.4032774,5.6936154
P7_V10_Phase14,8.0,7.0,7.0,8.0,7.0,6.0710907,5.3451676,5.6579885,5.4057646,5.6961045
P7_V10_Phase15,8.0,7.0,7.0,8.0,7.0,6.0705757,5.3459516,5.6581116,5.403735,5.696679
P7_V10_Phase16,6.0,5.0,6.0,4.0,5.0,6.0702486,5.344006,5.6573253,5.40619,5.694574
P7_V10_Phase17,9.0,9.0,9.0,8.0,9.0,6.0744047,5.349282,5.662295,5.4073515,5.7000017
P7_V10_Phase18,7.0,7.0,6.0,6.0,7.0,6.072169,5.346142,5.6597915,5.4061956,5.6975822
P7_V10_Phase19,8.0,8.0,7.0,7.0,8.0,6.0725307,5.34693,5.6596074,5.4060698,5.697524
P7_V10_Phase2,7.0,7.0,6.0,6.0,7.0,6.064894,5.341277,5.652048,5.401297,5.690917
P7_V10_Phase20,7.0,7.0,6.0,6.0,7.0,6.070811,5.3454256,5.6589456,5.405073,5.6969104
P7_V10_Phase21,5.0,4.0,4.0,3.0,4.0,6.0675282,5.3419414,5.654638,5.4039636,5.692917
P7_V10_Phase22,9.0,8.0,8.0,9.0,8.0,6.072541,5.3469043,5.660228,5.4060984,5.6981726
P7_V10_Phase23,8.0,8.0,7.0,8.0,7.0,6.071315,5.346072,5.6589985,5.4051914,5.69716
P7_V10_Phase24,9.0,9.0,8.0,9.0,8.0,6.068111,5.3452125,5.6564703,5.402134,5.6950526
P7_V10_Phase25,2.0,2.0,1.0,2.0,1.0,6.0690336,5.343369,5.657555,5.403701,5.6943107
P7_V10_Phase26,9.0,8.0,9.0,8.0,9.0,6.069309,5.3449063,5.657354,5.403124,5.6957855
P7_V10_Phase27,2.0,2.0,1.0,1.0,2.0,6.071129,5.3432264,5.6619616,5.4058065,5.693947
P7_V10_Phase28,8.0,7.0,8.0,7.0,7.0,6.0695105,5.34547,5.658711,5.403423,5.696418
P7_V10_Phase29,9.0,9.0,9.0,9.0,9.0,6.0669813,5.3427386,5.654643,5.402303,5.6933923
P7_V10_Phase3,7.0,7.0,6.0,6.0,7.0,6.0695763,5.3426437,5.658273,5.4054284,5.695122
P7_V10_Phase30,7.0,7.0,6.0,7.0,6.0,6.0654397,5.3409457,5.6536355,5.400045,5.6918335
P7_V10_Phase31,9.0,8.0,8.0,9.0,8.0,6.0695305,5.345489,5.6567955,5.403819,5.6957483
P7_V10_Phase32,8.0,7.0,7.0,8.0,7.0,6.074152,5.345788,5.6631627,5.409464,5.6978865
P7_V10_Phase33,7.0,7.0,6.0,6.0,7.0,6.068862,5.3451586,5.6574783,5.4036083,5.6949987
P7_V10_Phase34,7.0,7.0,6.0,6.0,7.0,6.068848,5.344807,5.6568675,5.402702,5.6954994
P7_V10_Phase35,9.0,8.0,9.0,7.0,8.0,6.0677967,5.3439174,5.655396,5.4037857,5.6941404
P7_V10_Phase36,7.0,7.0,6.0,7.0,6.0,6.0700336,5.3425384,5.658974,5.4069214,5.6939015
P7_V10_Phase37,9.0,8.0,8.0,9.0,8.0,6.069728,5.3450074,5.6585784,5.403922,5.6957626
P7_V10_Phase38,7.0,7.0,6.0,6.0,7.0,6.0712113,5.344049,5.658994,5.406479,5.695156
P7_V10_Phase39,9.0,9.0,9.0,8.0,9.0,6.0694847,5.3456774,5.6584477,5.4026146,5.695404
P7_V10_Phase4,9.0,8.0,8.0,9.0,8.0,6.0681295,5.344491,5.656153,5.4039793,5.6954274
P7_V10_Phase40,9.0,8.0,8.0,9.0,8.0,6.0702057,5.340858,5.6611047,5.404927,5.6929693
P7_V10_Phase41,9.0,9.0,9.0,8.0,9.0,6.0643215,5.3409185,5.65185,5.3997517,5.6913805
P7_V10_Phase42,9.0,8.0,8.0,9.0,8.0,6.0725536,5.3443103,5.6625223,5.408375,5.696974
P7_V10_Phase43,7.0,7.0,6.0,6.0,7.0,6.069755,5.345222,5.657763,5.403555,5.695757
P7_V10_Phase44,8.0,7.0,8.0,6.0,7.0,6.0677295,5.34276,5.656847,5.4011364,5.6923075
P7_V10_Phase45,4.0,3.0,3.0,4.0,3.0,6.0698805,5.3446517,5.6578517,5.404399,5.695592
P7_V10_Phase5,8.0,7.0,8.0,7.0,7.0,6.063304,5.338281,5.6520452,5.399749,5.6879873
P7_V10_Phase6,7.0,6.0,7.0,6.0,7.0,6.0653143,5.3413234,5.6535754,5.3989,5.692365
P7_V10_Phase7,7.0,7.0,6.0,6.0,7.0,6.072727,5.346809,5.660135,5.406302,5.698329
P7_V10_Phase8,6.0,5.0,6.0,5.0,6.0,6.0690546,5.3453517,5.655779,5.404129,5.695256
P7_V10_Phase9,7.0,7.0,6.0,6.0,7.0,6.069186,5.343265,5.659081,5.402648,5.6938143
P7_V11_Phase1,7.0,7.0,6.0,6.0,7.0,6.0673046,5.34038,5.658737,5.404599,5.690421
P7_V11_Phase10,6.0,5.0,6.0,5.0,5.0,6.065083,5.342374,5.6524935,5.399106,5.692425
P7_V11_Phase11,7.0,7.0,6.0,6.0,7.0,6.0691876,5.3449407,5.656525,5.403174,5.695733
P7_V11_Phase12,6.0,6.0,5.0,5.0,6.0,6.0625505,5.337794,5.6574187,5.4010906,5.687586
P7_V11_Phase13,7.0,7.0,6.0,6.0,7.0,6.065815,5.342642,5.653045,5.4011264,5.6930676
P7_V11_Phase14,5.0,4.0,4.0,5.0,5.0,6.064996,5.341974,5.6531234,5.3988333,5.6919603
P7_V11_Phase15,7.0,6.0,6.0,7.0,7.0,6.0734878,5.348185,5.6605496,5.4074974,5.69864
P7_V11_Phase16,7.0,6.0,7.0,6.0,7.0,6.066148,5.3441205,5.652473,5.4003305,5.6932387
P7_V11_Phase17,7.0,7.0,7.0,6.0,6.0,6.071448,5.3447556,5.66007,5.4058194,5.6964045
P7_V11_Phase18,7.0,7.0,6.0,6.0,7.0,6.067081,5.343297,5.6546407,5.401623,5.6923375
P7_V11_Phase19,7.0,7.0,6.0,6.0,7.0,6.069012,5.345104,5.6570077,5.4036565,5.6949377
P7_V11_Phase2,9.0,8.0,8.0,9.0,8.0,6.0653543,5.3398547,5.654422,5.402172,5.690135
P7_V11_Phase20,9.0,9.0,9.0,7.0,7.0,6.067307,5.3423476,5.6585503,5.40288,5.6922064
P7_V11_Phase21,7.0,6.0,6.0,7.0,6.0,6.0667324,5.3376637,5.6596017,5.404825,5.688491
P7_V11_Phase22,7.0,7.0,6.0,6.0,7.0,6.073637,5.346433,5.6635265,5.4082365,5.698541
P7_V11_Phase23,9.0,9.0,9.0,9.0,9.0,6.0751863,5.3479714,5.663433,5.408959,5.6999774
P7_V11_Phase24,9.0,8.0,9.0,7.0,8.0,6.071659,5.345659,5.659311,5.407296,5.6975365
P7_V11_Phase25,9.0,8.0,8.0,9.0,8.0,6.0707645,5.3462915,5.65893,5.404666,5.6965694
P7_V11_Phase3,9.0,8.0,9.0,8.0,9.0,6.068508,5.340961,5.6589627,5.404393,5.691885
P7_V11_Phase4,8.0,8.0,7.0,6.0,7.0,6.0740347,5.348615,5.6626596,5.4071164,5.700077
P7_V11_Phase5,7.0,6.0,7.0,6.0,7.0,6.066972,5.340647,5.658708,5.403152,5.6904144
P7_V11_Phase6,9.0,9.0,9.0,8.0,9.0,6.0725718,5.3445516,5.660394,5.4068456,5.695957
P7_V11_Phase7,7.0,6.0,6.0,6.0,7.0,6.0718246,5.3438754,5.6606116,5.4081287,5.6962843
P7_V11_Phase8,9.0,8.0,9.0,8.0,8.0,6.070576,5.3453317,5.6589046,5.40531,5.696947
P7_V11_Phase9,9.0,9.0,8.0,8.0,9.0,6.0700555,5.3461337,5.6566224,5.404753,5.69591
P7_V12_Phase1,7.0,7.0,6.0,7.0,6.0,6.0675526,5.343617,5.654797,5.4027886,5.69334
P7_V12_Phase10,7.0,6.0,6.0,7.0,6.0,6.0705404,5.345942,5.6588,5.404544,5.6967254
P7_V12_Phase11,9.0,8.0,8.0,9.0,8.0,6.0669994,5.3430104,5.6550055,5.401487,5.6937904
P7_V12_Phase12,9.0,9.0,9.0,8.0,9.0,6.064124,5.3390193,5.652082,5.3990617,5.690137
P7_V12_Phase13,9.0,9.0,9.0,9.0,9.0,6.068273,5.3407493,5.657391,5.4046087,5.692422
P7_V12_Phase14,7.0,7.0,6.0,7.0,6.0,6.0710983,5.3461185,5.659287,5.405632,5.697444
P7_V12_Phase15,9.0,8.0,8.0,9.0,9.0,6.0661426,5.342276,5.653705,5.4013233,5.6925836
P7_V12_Phase16,2.0,2.0,1.0,2.0,2.0,6.071208,5.344411,5.6598167,5.406846,5.696497
P7_V12_Phase2,7.0,6.0,7.0,6.0,6.0,6.068604,5.344374,5.6568584,5.4026814,5.6947703
P7_V12_Phase3,9.0,8.0,8.0,9.0,8.0,6.068435,5.3444486,5.6549783,5.4028673,5.694905
P7_V12_Phase4,7.0,7.0,6.0,6.0,7.0,6.0702887,5.3451753,5.657745,5.405322,5.696334
P7_V12_Phase5,6.0,6.0,5.0,6.0,5.0,6.0701685,5.3445582,5.6583447,5.404044,5.6965055
P7_V12_Phase6,4.0,3.0,3.0,4.0,4.0,6.066228,5.342747,5.653394,5.4013224,5.692733
P7_V12_Phase7,7.0,7.0,5.0,6.0,6.0,6.070015,5.34292,5.6597295,5.4049835,5.6942806
P7_V12_Phase8,7.0,7.0,6.0,6.0,7.0,6.065745,5.3409534,5.6532173,5.4003453,5.691551
P7_V12_Phase9,7.0,7.0,5.0,6.0,5.0,6.0692806,5.3425217,5.659387,5.4039116,5.69317
P7_V13_Phase1,2.0,2.0,0.0,2.0,2.0,6.0621805,5.33978,5.6500373,5.3977976,5.6896152
P7_V13_Phase10,5.0,4.0,5.0,4.0,5.0,6.0694957,5.343266,5.6599283,5.406028,5.6937647
P7_V13_Phase100,7.0,7.0,6.0,6.0,7.0,6.0677414,5.3420863,5.6558957,5.4040623,5.6927776
P7_V13_Phase101,8.0,7.0,7.0,8.0,7.0,6.063014,5.33231,5.6532245,5.4035425,5.6836147
P7_V13_Phase102,8.0,7.0,7.0,8.0,7.0,6.06583,5.3380575,5.6539526,5.406526,5.688857
P7_V13_Phase103,9.0,8.0,9.0,7.0,7.0,6.06528,5.340474,5.6534247,5.400426,5.689929
P7_V13_Phase104,9.0,8.0,9.0,7.0,7.0,6.068408,5.3409905,5.6581473,5.404394,5.692734
P7_V13_Phase105,7.0,7.0,6.0,6.0,7.0,6.067968,5.340901,5.65799,5.4044075,5.6923304
P7_V13_Phase106,9.0,8.0,8.0,9.0,8.0,6.0653133,5.3384833,5.653323,5.4007387,5.690237
P7_V13_Phase107,9.0,9.0,8.0,8.0,9.0,6.067295,5.341576,5.6548986,5.403429,5.692479
P7_V13_Phase108,2.0,1.0,2.0,1.0,1.0,6.0662756,5.3424683,5.653811,5.401609,5.692814
P7_V13_Phase109,7.0,6.0,7.0,6.0,7.0,6.0656023,5.3416276,5.653079,5.401819,5.691785
P7_V13_Phase11,5.0,5.0,4.0,5.0,4.0,6.070875,5.3470664,5.659025,5.40533,5.6974087
P7_V13_Phase110,6.0,6.0,4.0,5.0,4.0,6.070056,5.344623,5.6587634,5.405631,5.695574
P7_V13_Phase111,7.0,7.0,6.0,6.0,7.0,6.0675354,5.342439,5.655681,5.4028645,5.693221
P7_V13_Phase112,4.0,3.0,2.0,3.0,4.0,6.0688457,5.3450246,5.6561227,5.4049664,5.6955786
P7_V13_Phase113,5.0,4.0,4.0,5.0,4.0,6.070303,5.3435707,5.659223,5.4065275,5.6956034
P7_V13_Phase114,6.0,5.0,5.0,6.0,6.0,6.0692487,5.3428464,5.6571736,5.40481,5.694735
P7_V13_Phase115,7.0,7.0,6.0,6.0,7.0,6.0680537,5.341708,5.658761,5.4042892,5.6920033
P7_V13_Phase116,7.0,6.0,6.0,7.0,6.0,6.0573845,5.3240895,5.6519413,5.399834,5.6761894
P7_V13_Phase117,5.0,5.0,3.0,5.0,5.0,6.0698857,5.3430076,5.6593404,5.406166,5.694133
P7_V13_Phase118,7.0,6.0,6.0,7.0,6.0,6.067271,5.3406653,5.656508,5.4028006,5.6925306
P7_V13_Phase119,9.0,8.0,8.0,9.0,8.0,6.0688877,5.342971,5.6564765,5.4049187,5.693637
P7_V13_Phase12,7.0,7.0,6.0,7.0,6.0,6.0689697,5.342419,5.6584716,5.40392,5.6933947
P7_V13_Phase120,7.0,6.0,6.0,7.0,6.0,6.0685835,5.3420515,5.655115,5.4032044,5.6933403
P7_V13_Phase121,7.0,6.0,5.0,6.0,7.0,6.0717163,5.343102,5.661402,5.40751,5.6945963
P7_V13_Phase122,9.0,8.0,7.0,8.0,9.0,6.066139,5.3425217,5.653153,5.401005,5.692999
P7_V13_Phase123,9.0,8.0,8.0,9.0,8.0,6.0720954,5.345505,5.660061,5.4065514,5.6973314
P7_V13_Phase124,7.0,7.0,6.0,6.0,7.0,6.0707297,5.344666,5.6594315,5.406242,5.6955023
P7_V13_Phase125,8.0,7.0,8.0,7.0,7.0,6.068159,5.3405194,5.6607776,5.4034557,5.6914005
P7_V13_Phase126,6.0,5.0,5.0,6.0,6.0,6.0680685,5.343564,5.655845,5.4035764,5.694298
P7_V13_Phase127,5.0,4.0,5.0,4.0,4.0,6.0664053,5.340791,5.6538105,5.4026713,5.6919727
P7_V13_Phase128,7.0,6.0,7.0,6.0,6.0,6.067388,5.340686,5.655603,5.4040284,5.6916656
P7_V13_Phase129,9.0,8.0,9.0,8.0,8.0,6.0647154,5.3398747,5.652721,5.399482,5.691196
P7_V13_Phase13,7.0,7.0,6.0,7.0,6.0,6.06279,5.336744,5.650908,5.399534,5.687584
P7_V13_Phase130,4.0,3.0,3.0,4.0,3.0,6.060152,5.334305,5.650312,5.397023,5.68439
P7_V13_Phase131,4.0,3.0,3.0,4.0,3.0,6.067505,5.341467,5.655545,5.402921,5.6932015
P7_V13_Phase132,5.0,5.0,4.0,4.0,5.0,6.068141,5.3421855,5.656042,5.404232,5.6937733
P7_V13_Phase133,7.0,7.0,6.0,6.0,7.0,6.068817,5.342978,5.657837,5.4047623,5.694787
P7_V13_Phase134,7.0,6.0,6.0,7.0,7.0,6.075717,5.3474965,5.6653695,5.410681,5.700269
P7_V13_Phase135,7.0,7.0,7.0,5.0,6.0,6.068127,5.3416066,5.6576123,5.404191,5.693068
P7_V13_Phase136,7.0,6.0,7.0,6.0,7.0,6.068424,5.341678,5.6565113,5.4056654,5.693384
P7_V13_Phase137,9.0,8.0,8.0,9.0,8.0,6.064446,5.338216,5.653893,5.40324,5.6877346
P7_V13_Phase138,9.0,8.0,8.0,9.0,8.0,6.0679054,5.34052,5.657294,5.404437,5.692274
P7_V13_Phase139,7.0,6.0,6.0,7.0,6.0,6.070419,5.344649,5.6591825,5.4056497,5.6963825
P7_V13_Phase14,6.0,6.0,5.0,5.0,6.0,6.067938,5.342832,5.656768,5.403183,5.6936846
P7_V13_Phase140,9.0,8.0,8.0,9.0,8.0,6.068433,5.342511,5.656302,5.4038353,5.691762
P7_V13_Phase141,5.0,4.0,5.0,4.0,4.0,6.067109,5.3390746,5.6570477,5.404195,5.69046
P7_V13_Phase142,5.0,4.0,4.0,5.0,4.0,6.068772,5.3424,5.657099,5.403567,5.694607
P7_V13_Phase15,6.0,6.0,5.0,5.0,6.0,6.0687194,5.3421464,5.656896,5.4050827,5.6940517
P7_V13_Phase16,2.0,2.0,1.0,1.0,2.0,6.068946,5.3433185,5.6574836,5.404739,5.6949368
P7_V13_Phase17,2.0,1.0,1.0,2.0,1.0,6.067455,5.34126,5.655576,5.403981,5.6916814
P7_V13_Phase18,7.0,6.0,7.0,6.0,6.0,6.067247,5.3411183,5.6566777,5.404275,5.6919127
P7_V13_Phase19,7.0,7.0,7.0,5.0,6.0,6.0721874,5.3470325,5.6595254,5.405715,5.6982107
P7_V13_Phase2,6.0,6.0,5.0,6.0,5.0,6.0668764,5.341686,5.655309,5.4016647,5.6930523
P7_V13_Phase20,7.0,7.0,7.0,5.0,6.0,6.0666447,5.3408127,5.6538844,5.4028606,5.6915293
P7_V13_Phase21,7.0,7.0,6.0,7.0,6.0,6.0657067,5.3426213,5.6536264,5.3990707,5.6929607
P7_V13_Phase22,7.0,7.0,6.0,6.0,7.0,6.0676556,5.3411345,5.65553,5.4038644,5.6922398
P7_V13_Phase23,9.0,8.0,8.0,9.0,8.0,6.0662475,5.3352947,5.654796,5.4049544,5.687766
P7_V13_Phase24,8.0,7.0,8.0,6.0,7.0,6.0668874,5.3405304,5.6545997,5.4035344,5.691324
P7_V13_Phase25,9.0,8.0,9.0,8.0,8.0,6.068701,5.3400564,5.6580424,5.405983,5.6922216
P7_V13_Phase26,7.0,7.0,6.0,6.0,7.0,6.067687,5.3407226,5.6560826,5.403447,5.6932163
P7_V13_Phase27,7.0,7.0,6.0,6.0,7.0,6.0713873,5.3444552,5.6584735,5.405258,5.6957617
P7_V13_Phase28,2.0,2.0,1.0,1.0,2.0,6.0725737,5.343819,5.6631064,5.409061,5.696227
P7_V13_Phase29,6.0,6.0,5.0,5.0,6.0,6.0688305,5.3415112,5.6567254,5.404657,5.6933513
P7_V13_Phase3,8.0,7.0,8.0,7.0,7.0,6.0697813,5.3441157,5.658171,5.4035344,5.6959095
P7_V13_Phase30,6.0,5.0,6.0,5.0,6.0,6.071609,5.345782,5.658936,5.4060073,5.697218
P7_V13_Phase31,7.0,6.0,6.0,7.0,6.0,6.0675774,5.342747,5.6552215,5.403481,5.694216
P7_V13_Phase32,4.0,3.0,3.0,4.0,3.0,6.0677447,5.343555,5.6545987,5.4029016,5.6937695
P7_V13_Phase33,4.0,3.0,2.0,3.0,4.0,6.066223,5.3406553,5.652969,5.4025126,5.691784
P7_V13_Phase34,7.0,6.0,6.0,7.0,6.0,6.070385,5.344275,5.6584086,5.405324,5.695491
P7_V13_Phase35,5.0,4.0,5.0,4.0,5.0,6.066634,5.3383436,5.656065,5.4038997,5.690453
P7_V13_Phase36,7.0,7.0,6.0,6.0,7.0,6.0687466,5.343973,5.6564283,5.403385,5.695226
P7_V13_Phase37,7.0,6.0,7.0,6.0,7.0,6.066593,5.341392,5.6549163,5.4043865,5.6902504
P7_V13_Phase38,4.0,3.0,3.0,4.0,3.0,6.0667076,5.3411455,5.654441,5.4010053,5.6923475
P7_V13_Phase39,2.0,1.0,2.0,1.0,2.0,6.062844,5.338822,5.650873,5.397971,5.690037
P7_V13_Phase4,9.0,8.0,9.0,8.0,9.0,6.066903,5.341451,5.657353,5.4016304,5.6911173
P7_V13_Phase40,2.0,2.0,1.0,2.0,1.0,6.065466,5.3399773,5.653822,5.400028,5.6912165
P7_V13_Phase41,9.0,8.0,9.0,8.0,9.0,6.0708284,5.3440557,5.660014,5.4063873,5.696295
P7_V13_Phase42,9.0,8.0,9.0,8.0,9.0,6.0683064,5.341196,5.6572165,5.404515,5.6930275
P7_V13_Phase43,2.0,2.0,1.0,2.0,1.0,6.0667934,5.3406014,5.6545825,5.4021726,5.6923604
P7_V13_Phase44,9.0,8.0,9.0,8.0,9.0,6.067958,5.3419557,5.6563783,5.4032407,5.693683
P7_V13_Phase45,7.0,7.0,6.0,7.0,6.0,6.068472,5.341778,5.6586347,5.4043965,5.6938176
P7_V13_Phase46,7.0,7.0,6.0,6.0,7.0,6.0656853,5.34018,5.654248,5.401655,5.691001
P7_V13_Phase47,7.0,7.0,6.0,6.0,7.0,6.070265,5.342436,5.659581,5.4065514,5.695406
P7_V13_Phase48,7.0,7.0,6.0,6.0,7.0,6.0628824,5.3364334,5.6528907,5.3997974,5.6871376
P7_V13_Phase49,2.0,1.0,1.0,2.0,1.0,6.0694227,5.3415055,5.658534,5.405131,5.6937056
P7_V13_Phase5,7.0,7.0,6.0,6.0,7.0,6.0662007,5.33866,5.6532335,5.4029627,5.690521
P7_V13_Phase50,7.0,6.0,6.0,7.0,6.0,6.063407,5.338398,5.6525817,5.398315,5.689744
P7_V13_Phase51,7.0,6.0,7.0,6.0,7.0,6.0704203,5.34182,5.661618,5.4070516,5.694056
P7_V13_Phase52,5.0,4.0,3.0,4.0,5.0,6.072482,5.3443103,5.6624784,5.4079866,5.6966457
P7_V13_Phase53,7.0,7.0,6.0,6.0,7.0,6.0698667,5.342839,5.6611533,5.405623,5.693782
P7_V13_Phase54,4.0,4.0,2.0,3.0,4.0,6.0670614,5.3415093,5.6547813,5.402509,5.693331
P7_V13_Phase55,7.0,6.0,7.0,6.0,7.0,6.0687776,5.3430696,5.6555743,5.404003,5.693918
P7_V13_Phase56,7.0,6.0,6.0,7.0,6.0,6.066389,5.3413973,5.6536264,5.402586,5.692307
P7_V13_Phase57,9.0,8.0,9.0,8.0,9.0,6.0692244,5.3432918,5.656947,5.4039803,5.695095
P7_V13_Phase58,7.0,6.0,7.0,5.0,5.0,6.066104,5.34043,5.6537743,5.4037538,5.691064
P7_V13_Phase59,4.0,3.0,3.0,4.0,3.0,6.0672264,5.3417387,5.656014,5.402519,5.6933184
P7_V13_Phase6,7.0,6.0,7.0,6.0,7.0,6.0706964,5.3447394,5.6585245,5.405802,5.696064
P7_V13_Phase60,7.0,6.0,6.0,7.0,6.0,6.0682797,5.344299,5.6562,5.4025474,5.694825
P7_V13_Phase61,2.0,2.0,1.0,1.0,2.0,6.066346,5.341019,5.6545157,5.401945,5.6922407
P7_V13_Phase62,6.0,6.0,5.0,5.0,6.0,6.0666757,5.3405566,5.655227,5.4019413,5.6919804
P7_V13_Phase63,7.0,7.0,6.0,5.0,5.0,6.0684667,5.3429914,5.6578264,5.404602,5.6942635
P7_V13_Phase64,4.0,3.0,2.0,2.0,3.0,6.0682487,5.342083,5.6564083,5.4039474,5.6939535
P7_V13_Phase65,2.0,2.0,1.0,1.0,2.0,6.0685406,5.34137,5.656611,5.404219,5.6930914
P7_V13_Phase66,9.0,8.0,8.0,9.0,8.0,6.069684,5.3431478,5.657594,5.4046364,5.6951165
P7_V13_Phase67,3.0,3.0,2.0,2.0,3.0,6.0663824,5.340606,5.6546836,5.4028263,5.692587
P7_V13_Phase68,2.0,2.0,1.0,2.0,1.0,6.063843,5.3374095,5.652871,5.3998165,5.688599
P7_V13_Phase69,5.0,4.0,5.0,4.0,5.0,6.064171,5.338281,5.6540313,5.3988733,5.689577
P7_V13_Phase7,7.0,7.0,6.0,7.0,6.0,6.067908,5.3423524,5.657973,5.403534,5.6922903
P7_V13_Phase70,4.0,3.0,3.0,4.0,3.0,6.0627756,5.335388,5.652964,5.3998585,5.686653
P7_V13_Phase71,4.0,4.0,3.0,3.0,4.0,6.0703754,5.341537,5.6591935,5.4071407,5.693953
P7_V13_Phase72,7.0,7.0,6.0,6.0,7.0,6.069653,5.342023,5.659368,5.406288,5.693268
P7_V13_Phase73,7.0,6.0,7.0,6.0,7.0,6.0684376,5.3416705,5.6567626,5.4035325,5.693907
P7_V13_Phase74,5.0,4.0,3.0,4.0,5.0,6.0718527,5.3465257,5.659306,5.4057674,5.6969156
P7_V13_Phase75,7.0,6.0,7.0,6.0,7.0,6.064823,5.3361735,5.655745,5.403988,5.6873684
P7_V13_Phase76,7.0,7.0,6.0,6.0,7.0,6.0704584,5.3407283,5.6611896,5.4086924,5.6922064
P7_V13_Phase77,7.0,7.0,6.0,7.0,6.0,6.0685015,5.340881,5.657389,5.404846,5.692086
P7_V13_Phase78,9.0,8.0,8.0,9.0,8.0,6.0717573,5.344253,5.6605115,5.407033,5.6954107
P7_V13_Phase79,4.0,3.0,3.0,4.0,3.0,6.071209,5.344707,5.6598763,5.406026,5.69662
P7_V13_Phase8,4.0,3.0,2.0,3.0,4.0,6.0664697,5.339917,5.6552787,5.4022384,5.6916084
P7_V13_Phase80,9.0,8.0,8.0,9.0,8.0,6.067789,5.3413568,5.6569486,5.403234,5.6931367
P7_V13_Phase81,7.0,6.0,7.0,5.0,4.0,6.065554,5.3407273,5.6531386,5.4020963,5.6910925
P7_V13_Phase82,7.0,6.0,7.0,6.0,6.0,6.070053,5.3423233,5.6606526,5.406621,5.694229
P7_V13_Phase83,7.0,7.0,6.0,6.0,7.0,6.070048,5.343332,5.658278,5.4052134,5.694829
P7_V13_Phase84,9.0,8.0,8.0,9.0,8.0,6.067768,5.3428645,5.6562514,5.4030437,5.693004
P7_V13_Phase85,9.0,8.0,8.0,9.0,8.0,6.0712414,5.3429666,5.6596093,5.4072704,5.6948414
P7_V13_Phase86,8.0,7.0,7.0,8.0,7.0,6.068707,5.3410907,5.656901,5.404443,5.692975
P7_V13_Phase87,6.0,6.0,5.0,5.0,6.0,6.068632,5.3413444,5.6579704,5.4049616,5.6929626
P7_V13_Phase88,9.0,8.0,8.0,9.0,8.0,6.067144,5.3406205,5.6562896,5.4045377,5.6911535
P7_V13_Phase89,7.0,7.0,6.0,6.0,7.0,6.0678453,5.342034,5.656569,5.4027996,5.69242
P7_V13_Phase9,7.0,6.0,7.0,6.0,7.0,6.0668554,5.3395505,5.6570754,5.4039917,5.6901665
P7_V13_Phase90,7.0,6.0,6.0,7.0,6.0,6.068271,5.3410935,5.656755,5.4032707,5.692538
P7_V13_Phase91,7.0,7.0,6.0,6.0,7.0,6.0677643,5.34349,5.6562123,5.401939,5.6937623
P7_V13_Phase92,5.0,4.0,5.0,4.0,5.0,6.067228,5.343434,5.654919,5.4020195,5.6944003
P7_V13_Phase93,9.0,8.0,9.0,8.0,9.0,6.0675087,5.341699,5.656044,5.40419,5.692622
P7_V13_Phase94,7.0,7.0,6.0,7.0,6.0,6.068325,5.341326,5.6583047,5.403393,5.6912627
P7_V13_Phase95,7.0,7.0,6.0,6.0,7.0,6.0676107,5.341909,5.658015,5.4031353,5.6916
P7_V13_Phase96,9.0,8.0,8.0,9.0,8.0,6.0699177,5.3441024,5.6582627,5.405361,5.6959233
P7_V13_Phase98,8.0,7.0,8.0,7.0,8.0,6.0713253,5.34327,5.659633,5.4076366,5.6958127
P7_V13_Phase99,9.0,8.0,9.0,7.0,7.0,6.0687995,5.3425174,5.6575904,5.404073,5.6939535
P7_V14_Phase1,7.0,6.0,6.0,7.0,6.0,6.0671053,5.342752,5.6565595,5.401805,5.693332
P7_V14_Phase10,7.0,7.0,6.0,6.0,7.0,6.067874,5.341455,5.6565657,5.4052424,5.6916056
P7_V14_Phase11,9.0,8.0,8.0,9.0,8.0,6.074892,5.3480077,5.664787,5.409569,5.6994777
P7_V14_Phase12,9.0,8.0,9.0,7.0,8.0,6.0653057,5.340691,5.6527143,5.400217,5.691572
P7_V14_Phase13,7.0,7.0,6.0,6.0,7.0,6.065628,5.340759,5.653353,5.400144,5.691704
P7_V14_Phase14,7.0,6.0,6.0,7.0,6.0,6.0686264,5.3437276,5.6571326,5.403638,5.694998
P7_V14_Phase15,7.0,7.0,6.0,6.0,7.0,6.0698104,5.343858,5.657661,5.404352,5.695322
P7_V14_Phase16,7.0,7.0,6.0,6.0,7.0,6.0702715,5.345367,5.657795,5.4040575,5.695855
P7_V14_Phase17,6.0,5.0,6.0,5.0,5.0,6.071712,5.3470545,5.660169,5.4048066,5.698123
P7_V14_Phase18,9.0,8.0,9.0,7.0,8.0,6.070715,5.345873,5.658811,5.4047356,5.696801
P7_V14_Phase19,7.0,7.0,6.0,6.0,7.0,6.06826,5.343288,5.6559324,5.4032125,5.6942825
P7_V14_Phase2,7.0,6.0,6.0,7.0,6.0,6.0691147,5.343729,5.6572585,5.405195,5.6952043
P7_V14_Phase20,9.0,8.0,8.0,9.0,8.0,6.0667048,5.3401937,5.6558423,5.402996,5.691263
P7_V14_Phase21,9.0,8.0,8.0,9.0,8.0,6.0675483,5.3442593,5.6542153,5.4024477,5.6945605
P7_V14_Phase22,9.0,8.0,8.0,9.0,8.0,6.069953,5.344241,5.657208,5.4044685,5.695568
P7_V14_Phase23,6.0,6.0,5.0,5.0,6.0,6.068018,5.3439207,5.655295,5.4032745,5.6944575
P7_V14_Phase24,9.0,8.0,8.0,9.0,8.0,6.0671544,5.3434253,5.6546855,5.403137,5.6936026
P7_V14_Phase25,7.0,7.0,6.0,7.0,6.0,6.0673475,5.343305,5.6548204,5.4024763,5.6942
P7_V14_Phase26,7.0,6.0,7.0,6.0,6.0,6.062483,5.338897,5.650121,5.397691,5.688632
P7_V14_Phase27,9.0,8.0,8.0,9.0,8.0,6.0670557,5.3394413,5.6565495,5.404249,5.6902866
P7_V14_Phase28,7.0,7.0,6.0,7.0,6.0,6.064337,5.3391347,5.654784,5.3997946,5.6893573
P7_V14_Phase29,7.0,6.0,7.0,6.0,7.0,6.0665236,5.343138,5.653975,5.400668,5.692967
P7_V14_Phase3,7.0,6.0,6.0,7.0,6.0,6.0709605,5.3439965,5.65939,5.4066777,5.696162
P7_V14_Phase30,7.0,6.0,6.0,7.0,6.0,6.075783,5.3469615,5.6648145,5.4115224,5.6993976
P7_V14_Phase31,5.0,4.0,3.0,4.0,5.0,6.068391,5.344314,5.6563544,5.4035764,5.6953535
P7_V14_Phase4,8.0,7.0,7.0,8.0,7.0,6.0687413,5.3442297,5.657058,5.404097,5.694895
P7_V14_Phase5,7.0,7.0,6.0,6.0,7.0,6.070484,5.3447795,5.659085,5.4063187,5.6965494
P7_V14_Phase6,7.0,7.0,7.0,6.0,6.0,6.0664682,5.3409963,5.6547008,5.401288,5.692646
P7_V14_Phase7,9.0,8.0,9.0,8.0,8.0,6.0628943,5.3393836,5.6506233,5.397997,5.689519
P7_V14_Phase8,7.0,7.0,6.0,6.0,7.0,6.067093,5.3431764,5.654524,5.400921,5.693429
P7_V14_Phase9,5.0,4.0,5.0,4.0,4.0,6.0719147,5.3463483,5.6592946,5.405938,5.697507
P7_V15_Phase1,9.0,8.0,8.0,9.0,8.0,6.0630264,5.338197,5.6506724,5.3974657,5.689129
P7_V15_Phase10,8.0,7.0,7.0,8.0,7.0,6.0724063,5.3483977,5.6594424,5.40658,5.69826
P7_V15_Phase11,7.0,7.0,7.0,6.0,6.0,6.072116,5.346022,5.6595163,5.406483,5.69726
P7_V15_Phase12,5.0,4.0,5.0,3.0,4.0,6.065672,5.343148,5.652174,5.4011106,5.692812
P7_V15_Phase13,7.0,7.0,6.0,6.0,7.0,6.070606,5.346387,5.657615,5.404662,5.6967816
P7_V15_Phase14,7.0,7.0,6.0,7.0,6.0,6.072336,5.3468375,5.66101,5.4070883,5.697959
P7_V15_Phase15,7.0,7.0,7.0,6.0,6.0,6.0667534,5.3439903,5.653581,5.4024024,5.6934404
P7_V15_Phase16,7.0,6.0,6.0,6.0,7.0,6.0694237,5.3448734,5.6568065,5.4033065,5.6962976
P7_V15_Phase17,7.0,7.0,6.0,7.0,6.0,6.068649,5.3438325,5.656077,5.4032,5.6950474
P7_V15_Phase18,9.0,8.0,8.0,9.0,8.0,6.0709963,5.346322,5.6579537,5.4054327,5.6970305
P7_V15_Phase19,7.0,7.0,6.0,6.0,7.0,6.067906,5.3452463,5.655242,5.4023542,5.6946983
P7_V15_Phase2,7.0,7.0,6.0,7.0,6.0,6.069833,5.3467574,5.657039,5.4050584,5.6967525
P7_V15_Phase20,9.0,9.0,9.0,9.0,9.0,6.0644345,5.3357644,5.653917,5.399131,5.6864715
P7_V15_Phase3,9.0,8.0,9.0,8.0,9.0,6.0651836,5.341332,5.6522565,5.4015045,5.691719
P7_V15_Phase4,7.0,7.0,6.0,6.0,7.0,6.0660944,5.3439612,5.6532607,5.401258,5.6930857
P7_V15_Phase5,9.0,8.0,9.0,8.0,9.0,6.0708084,5.3453507,5.65778,5.4050508,5.6966243
P7_V15_Phase6,7.0,7.0,6.0,7.0,6.0,6.063958,5.3397236,5.653131,5.3987813,5.6899023
P7_V15_Phase7,7.0,7.0,6.0,6.0,7.0,6.0688343,5.3457913,5.655445,5.402091,5.6953754
P7_V15_Phase8,6.0,5.0,4.0,5.0,5.0,6.069536,5.344517,5.656093,5.404701,5.6956024
P7_V15_Phase9,7.0,7.0,6.0,6.0,7.0,6.066588,5.339968,5.655708,5.4042845,5.69084
P7_V16_Phase1,7.0,7.0,6.0,6.0,7.0,6.067133,5.342665,5.654796,5.4014945,5.6935034
P7_V16_Phase10,5.0,4.0,5.0,4.0,4.0,6.0700364,5.346296,5.657126,5.404935,5.696999
P7_V16_Phase11,3.0,3.0,1.0,2.0,3.0,6.0666876,5.343215,5.6540246,5.40152,5.6926
P7_V16_Phase12,7.0,6.0,7.0,6.0,6.0,6.0662127,5.3421054,5.6546392,5.4007626,5.69276
P7_V16_Phase13,8.0,8.0,7.0,8.0,7.0,6.0669894,5.3422914,5.655638,5.4032774,5.6936154
P7_V16_Phase14,8.0,7.0,7.0,8.0,7.0,6.0710907,5.3451676,5.6579885,5.4057646,5.6961045
P7_V16_Phase15,8.0,7.0,7.0,8.0,7.0,6.0705757,5.3459516,5.6581116,5.403735,5.696679
P7_V16_Phase16,6.0,5.0,6.0,4.0,5.0,6.0702486,5.344006,5.6573253,5.40619,5.694574
P7_V16_Phase17,9.0,9.0,9.0,8.0,9.0,6.0744047,5.349282,5.662295,5.4073515,5.7000017
P7_V16_Phase18,7.0,7.0,6.0,6.0,7.0,6.072169,5.346142,5.6597915,5.4061956,5.6975822
P7_V16_Phase19,8.0,8.0,7.0,7.0,8.0,6.0725307,5.34693,5.6596074,5.4060698,5.697524
P7_V16_Phase2,7.0,7.0,6.0,6.0,7.0,6.064894,5.341277,5.652048,5.401297,5.690917
P7_V16_Phase20,7.0,7.0,6.0,6.0,7.0,6.070811,5.3454256,5.6589456,5.405073,5.6969104
P7_V16_Phase21,5.0,4.0,4.0,3.0,4.0,6.0675282,5.3419414,5.654638,5.4039636,5.692917
P7_V16_Phase22,9.0,8.0,8.0,9.0,8.0,6.072541,5.3469043,5.660228,5.4060984,5.6981726
P7_V16_Phase23,8.0,8.0,7.0,8.0,7.0,6.071315,5.346072,5.6589985,5.4051914,5.69716
P7_V16_Phase24,9.0,9.0,8.0,9.0,8.0,6.068111,5.3452125,5.6564703,5.402134,5.6950526
P7_V16_Phase25,2.0,2.0,1.0,2.0,1.0,6.0690336,5.343369,5.657555,5.403701,5.6943107
P7_V16_Phase26,9.0,8.0,9.0,8.0,9.0,6.069309,5.3449063,5.657354,5.403124,5.6957855
P7_V16_Phase27,2.0,2.0,1.0,1.0,2.0,6.071129,5.3432264,5.6619616,5.4058065,5.693947
P7_V16_Phase28,8.0,7.0,8.0,7.0,7.0,6.0695105,5.34547,5.658711,5.403423,5.696418
P7_V16_Phase29,9.0,9.0,9.0,9.0,9.0,6.0669813,5.3427386,5.654643,5.402303,5.6933923
P7_V16_Phase3,7.0,7.0,6.0,6.0,7.0,6.0695763,5.3426437,5.658273,5.4054284,5.695122
P7_V16_Phase30,7.0,7.0,6.0,7.0,6.0,6.0654397,5.3409457,5.6536355,5.400045,5.6918335
P7_V16_Phase31,9.0,8.0,8.0,9.0,8.0,6.0695305,5.345489,5.6567955,5.403819,5.6957483
P7_V16_Phase32,8.0,7.0,7.0,8.0,7.0,6.074152,5.345788,5.6631627,5.409464,5.6978865
P7_V16_Phase33,7.0,7.0,6.0,6.0,7.0,6.068862,5.3451586,5.6574783,5.4036083,5.6949987
P7_V16_Phase34,7.0,7.0,6.0,6.0,7.0,6.068848,5.344807,5.6568675,5.402702,5.6954994
P7_V16_Phase35,9.0,8.0,9.0,7.0,8.0,6.0677967,5.3439174,5.655396,5.4037857,5.6941404
P7_V16_Phase36,7.0,7.0,6.0,7.0,6.0,6.0700336,5.3425384,5.658974,5.4069214,5.6939015
P7_V16_Phase37,9.0,8.0,8.0,9.0,8.0,6.069728,5.3450074,5.6585784,5.403922,5.6957626
P7_V16_Phase38,7.0,7.0,6.0,6.0,7.0,6.0712113,5.344049,5.658994,5.406479,5.695156
P7_V16_Phase39,9.0,9.0,9.0,8.0,9.0,6.0694847,5.3456774,5.6584477,5.4026146,5.695404
P7_V16_Phase4,9.0,8.0,8.0,9.0,8.0,6.0681295,5.344491,5.656153,5.4039793,5.6954274
P7_V16_Phase40,9.0,8.0,8.0,9.0,8.0,6.0702057,5.340858,5.6611047,5.404927,5.6929693
P7_V16_Phase41,9.0,9.0,9.0,8.0,9.0,6.0643215,5.3409185,5.65185,5.3997517,5.6913805
P7_V16_Phase42,9.0,8.0,8.0,9.0,8.0,6.0725536,5.3443103,5.6625223,5.408375,5.696974
P7_V16_Phase43,7.0,7.0,6.0,6.0,7.0,6.069755,5.345222,5.657763,5.403555,5.695757
P7_V16_Phase44,8.0,7.0,8.0,6.0,7.0,6.0677295,5.34276,5.656847,5.4011364,5.6923075
P7_V16_Phase45,4.0,3.0,3.0,4.0,3.0,6.0698805,5.3446517,5.6578517,5.404399,5.695592
P7_V16_Phase5,8.0,7.0,8.0,7.0,7.0,6.063304,5.338281,5.6520452,5.399749,5.6879873
P7_V16_Phase6,7.0,6.0,7.0,6.0,7.0,6.0653143,5.3413234,5.6535754,5.3989,5.692365
P7_V16_Phase7,7.0,7.0,6.0,6.0,7.0,6.072727,5.346809,5.660135,5.406302,5.698329
P7_V16_Phase8,6.0,5.0,6.0,5.0,6.0,6.0690546,5.3453517,5.655779,5.404129,5.695256
P7_V16_Phase9,7.0,7.0,6.0,6.0,7.0,6.069186,5.343265,5.659081,5.402648,5.6938143
P7_V17_Phase1,7.0,7.0,6.0,6.0,7.0,6.066128,5.3417764,5.654981,5.40084,5.6927643
P7_V17_Phase10,6.0,5.0,5.0,6.0,5.0,6.0745287,5.3492827,5.6638513,5.4075565,5.7000723
P7_V17_Phase11,8.0,7.0,7.0,8.0,7.0,6.0632534,5.3395348,5.6510625,5.398631,5.6904135
P7_V17_Phase12,7.0,6.0,7.0,5.0,6.0,6.070654,5.3457255,5.658565,5.4043503,5.697186
P7_V17_Phase13,7.0,7.0,6.0,6.0,7.0,6.0679026,5.343794,5.65463,5.402713,5.694081
P7_V17_Phase14,8.0,7.0,7.0,8.0,7.0,6.069909,5.344275,5.6584783,5.404928,5.6960273
P7_V17_Phase15,7.0,7.0,6.0,6.0,7.0,6.069593,5.3448663,5.657473,5.402899,5.6966114
P7_V17_Phase16,8.0,7.0,8.0,7.0,7.0,6.065076,5.3416824,5.652179,5.399237,5.692005
P7_V17_Phase17,6.0,6.0,6.0,4.0,5.0,6.072416,5.347733,5.661128,5.4064612,5.698762
P7_V17_Phase18,7.0,7.0,6.0,5.0,5.0,6.0702815,5.3442082,5.658237,5.404871,5.694787
P7_V17_Phase19,9.0,8.0,9.0,8.0,9.0,6.0681057,5.3421593,5.655755,5.403794,5.6932707
P7_V17_Phase2,7.0,6.0,7.0,6.0,6.0,6.066124,5.3428426,5.6539807,5.400545,5.693005
P7_V17_Phase20,7.0,7.0,6.0,6.0,7.0,6.070771,5.345284,5.658806,5.404664,5.6965895
P7_V17_Phase21,8.0,7.0,7.0,8.0,7.0,6.0695105,5.3441453,5.655826,5.4048133,5.695071
P7_V17_Phase22,9.0,9.0,8.0,9.0,8.0,6.067839,5.343661,5.6563406,5.400872,5.6947117
P7_V17_Phase23,7.0,7.0,6.0,6.0,7.0,6.067541,5.3457704,5.654491,5.402039,5.6947336
P7_V17_Phase24,8.0,7.0,8.0,6.0,7.0,6.0691175,5.344373,5.6567063,5.404009,5.695317
P7_V17_Phase25,8.0,8.0,7.0,7.0,8.0,6.0694666,5.343801,5.657224,5.404138,5.6946597
P7_V17_Phase26,7.0,6.0,7.0,6.0,6.0,6.068613,5.34566,5.6554513,5.4036317,5.695468
P7_V17_Phase27,2.0,2.0,1.0,2.0,1.0,6.0658045,5.3436174,5.653669,5.400578,5.693531
P7_V17_Phase3,9.0,8.0,8.0,9.0,8.0,6.071896,5.346514,5.6596904,5.407018,5.6981316
P7_V17_Phase4,7.0,7.0,6.0,6.0,7.0,6.0753317,5.348146,5.663151,5.409559,5.6987195
P7_V17_Phase5,8.0,7.0,8.0,7.0,8.0,6.0690756,5.343004,5.657891,5.404953,5.6953034
P7_V17_Phase6,8.0,7.0,8.0,7.0,7.0,6.0694056,5.340796,5.6599684,5.4078016,5.6924267
P7_V17_Phase7,8.0,8.0,7.0,8.0,7.0,6.067607,5.342524,5.6562657,5.4039183,5.694231
P7_V17_Phase8,8.0,7.0,8.0,7.0,7.0,6.0731106,5.3465514,5.6607747,5.406625,5.698476
P7_V17_Phase9,6.0,5.0,5.0,4.0,5.0,6.069556,5.3427434,5.6577315,5.4048557,5.695056
P7_V18_Phase1,9.0,8.0,9.0,8.0,9.0,6.067252,5.3442526,5.654838,5.4017024,5.6941442
P7_V18_Phase10,8.0,7.0,7.0,6.0,7.0,6.062069,5.3387523,5.6491876,5.3976674,5.6889305
P7_V18_Phase11,9.0,8.0,9.0,9.0,9.0,6.0670075,5.343352,5.654659,5.403047,5.693835
P7_V18_Phase12,8.0,7.0,8.0,7.0,7.0,6.0674477,5.344095,5.6546288,5.403179,5.6944876
P7_V18_Phase13,8.0,7.0,8.0,6.0,7.0,6.068269,5.3415523,5.657016,5.403469,5.6931343
P7_V18_Phase14,9.0,8.0,9.0,7.0,8.0,6.0715103,5.346749,5.6582046,5.405213,5.6972504
P7_V18_Phase15,8.0,7.0,8.0,7.0,8.0,6.0642624,5.33992,5.652202,5.400238,5.690745
P7_V18_Phase16,9.0,8.0,8.0,9.0,8.0,6.070592,5.3460493,5.658882,5.4045725,5.697133
P7_V18_Phase17,7.0,7.0,6.0,6.0,7.0,6.0701556,5.343087,5.6588693,5.40493,5.6946287
P7_V18_Phase18,9.0,8.0,8.0,9.0,8.0,6.0618258,5.337004,5.6515613,5.399289,5.6861277
P7_V18_Phase19,7.0,7.0,6.0,7.0,6.0,6.068715,5.342216,5.6575217,5.405963,5.694083
P7_V18_Phase2,9.0,8.0,9.0,8.0,9.0,6.0681386,5.3441086,5.6556745,5.402754,5.6946487
P7_V18_Phase20,7.0,7.0,6.0,6.0,7.0,6.070296,5.344236,5.6586137,5.405799,5.695839
P7_V18_Phase21,7.0,7.0,6.0,7.0,6.0,6.067767,5.342081,5.655595,5.4036055,5.6922727
P7_V18_Phase22,9.0,8.0,8.0,9.0,8.0,6.0653725,5.340986,5.6532836,5.4002213,5.6922345
P7_V18_Phase23,8.0,7.0,8.0,7.0,8.0,6.070099,5.344902,5.6567845,5.4043684,5.695858
P7_V18_Phase24,7.0,6.0,6.0,7.0,6.0,6.0714645,5.3427625,5.6606646,5.407756,5.6944036
P7_V18_Phase25,8.0,7.0,7.0,8.0,7.0,6.0604706,5.3330665,5.6513433,5.396721,5.6837015
P7_V18_Phase26,8.0,7.0,7.0,8.0,7.0,6.065275,5.3412395,5.653038,5.4013,5.691658
P7_V18_Phase27,9.0,9.0,9.0,8.0,9.0,6.0723934,5.346561,5.661122,5.4079237,5.6981783
P7_V18_Phase28,9.0,9.0,8.0,8.0,9.0,6.0626287,5.340771,5.6509814,5.397885,5.6898375
P7_V18_Phase29,9.0,8.0,8.0,9.0,8.0,6.069463,5.3447833,5.656474,5.40381,5.6956644
P7_V18_Phase3,7.0,6.0,6.0,7.0,7.0,6.072089,5.346085,5.6600246,5.407291,5.697343
P7_V18_Phase30,9.0,8.0,8.0,9.0,8.0,6.0698833,5.343909,5.6575527,5.404459,5.6952457
P7_V18_Phase31,9.0,9.0,8.0,9.0,8.0,6.0648346,5.340392,5.6530876,5.3997526,5.6914806
P7_V18_Phase32,8.0,7.0,8.0,7.0,7.0,6.0695815,5.343305,5.6568418,5.404894,5.695092
P7_V18_Phase33,7.0,6.0,7.0,6.0,6.0,6.067252,5.343651,5.655085,5.403819,5.69413
P7_V18_Phase34,8.0,7.0,8.0,7.0,8.0,6.0672164,5.3432,5.6556897,5.4014206,5.693846
P7_V18_Phase35,9.0,8.0,8.0,9.0,8.0,6.0606604,5.3342485,5.6544824,5.397953,5.6841097
P7_V18_Phase36,9.0,9.0,8.0,8.0,9.0,6.0684824,5.343201,5.6568856,5.405468,5.693628
P7_V18_Phase37,4.0,3.0,2.0,3.0,4.0,6.0694437,5.344311,5.6571984,5.4040194,5.6954947
P7_V18_Phase4,4.0,3.0,3.0,4.0,4.0,6.0645213,5.34034,5.652181,5.400351,5.69141
P7_V18_Phase5,7.0,6.0,7.0,6.0,6.0,6.0624228,5.338315,5.649693,5.3975735,5.6883717
P7_V18_Phase6,7.0,7.0,6.0,6.0,7.0,6.0697327,5.342853,5.6588297,5.4053526,5.6945353
P7_V18_Phase7,8.0,7.0,7.0,8.0,7.0,6.06715,5.342103,5.6547375,5.4008665,5.69355
P7_V18_Phase8,8.0,7.0,8.0,7.0,8.0,6.0681486,5.3445144,5.6569095,5.4036183,5.69561
P7_V18_Phase9,9.0,8.0,9.0,8.0,9.0,6.0666685,5.3416944,5.653564,5.4020987,5.6928444
P7_V19_Phase1,8.0,7.0,8.0,7.0,7.0,6.0688324,5.3419147,5.6574683,5.4041147,5.6930876
P7_V19_Phase10,9.0,9.0,8.0,8.0,9.0,6.0694923,5.3439074,5.6567397,5.405919,5.6954403
P7_V19_Phase11,8.0,7.0,8.0,7.0,7.0,6.0682645,5.3427672,5.656307,5.402556,5.693677
P7_V19_Phase12,5.0,4.0,5.0,4.0,5.0,6.0684614,5.3422613,5.6577473,5.4046345,5.6944776
P7_V19_Phase13,7.0,7.0,6.0,6.0,7.0,6.065959,5.3414874,5.653027,5.401328,5.6918273
P7_V19_Phase14,2.0,2.0,1.0,2.0,1.0,6.0691786,5.343163,5.657734,5.4056826,5.694399
P7_V19_Phase15,9.0,8.0,8.0,9.0,8.0,6.069185,5.3416877,5.659701,5.406496,5.6929064
P7_V19_Phase16,9.0,8.0,8.0,9.0,8.0,6.073512,5.3448105,5.664003,5.4094954,5.6973743
P7_V19_Phase17,2.0,1.0,1.0,2.0,1.0,6.0672016,5.339707,5.658876,5.404514,5.690918
P7_V19_Phase18,8.0,8.0,7.0,8.0,7.0,6.0641623,5.3390813,5.6525073,5.3990846,5.689476
P7_V19_Phase19,9.0,8.0,8.0,9.0,8.0,6.066786,5.3382273,5.658776,5.40357,5.6897216
P7_V19_Phase2,5.0,4.0,5.0,4.0,4.0,6.0680985,5.3431077,5.656523,5.4033704,5.6943674
P7_V19_Phase20,6.0,5.0,6.0,5.0,5.0,6.0704823,5.341433,5.6621785,5.408203,5.69403
P7_V19_Phase21,4.0,3.0,2.0,3.0,4.0,6.06627,5.340997,5.653703,5.4026384,5.691347
P7_V19_Phase22,4.0,3.0,3.0,4.0,3.0,6.070366,5.3439264,5.659136,5.406453,5.696115
P7_V19_Phase23,9.0,8.0,8.0,9.0,8.0,6.071334,5.342914,5.6615667,5.408296,5.696044
P7_V19_Phase24,4.0,3.0,4.0,3.0,4.0,6.072255,5.346049,5.661101,5.4076557,5.696967
P7_V19_Phase25,3.0,2.0,3.0,2.0,3.0,6.067032,5.341307,5.6553807,5.4023876,5.692805
P7_V19_Phase26,6.0,6.0,5.0,5.0,6.0,6.069909,5.34462,5.6589003,5.4055247,5.6952477
P7_V19_Phase27,6.0,5.0,5.0,6.0,5.0,6.0716667,5.3443475,5.66226,5.4078264,5.6954255
P7_V19_Phase28,2.0,1.0,2.0,1.0,2.0,6.052692,5.3280873,5.65204,5.3928986,5.6778603
P7_V19_Phase29,2.0,1.0,2.0,1.0,2.0,6.066766,5.341434,5.656097,5.4030843,5.6917315
P7_V19_Phase3,7.0,7.0,6.0,7.0,6.0,6.067682,5.3424854,5.65599,5.402191,5.6940165
P7_V19_Phase30,2.0,2.0,1.0,2.0,1.0,6.071025,5.344987,5.6585884,5.4051075,5.6960177
P7_V19_Phase31,2.0,2.0,1.0,1.0,2.0,6.070121,5.3439164,5.6583185,5.4046946,5.6960278
P7_V19_Phase32,2.0,2.0,1.0,2.0,1.0,6.0675297,5.3430505,5.655604,5.402827,5.6945457
P7_V19_Phase33,9.0,8.0,9.0,8.0,9.0,6.0641336,5.3407683,5.6520905,5.398623,5.6911297
P7_V19_Phase34,9.0,8.0,8.0,9.0,8.0,6.0672655,5.342765,5.6561255,5.401386,5.6941137
P7_V19_Phase35,2.0,2.0,1.0,2.0,1.0,6.066271,5.34178,5.6543684,5.4018164,5.691699
P7_V19_Phase36,7.0,7.0,6.0,7.0,6.0,6.071267,5.3477125,5.6592317,5.4059744,5.697856
P7_V19_Phase4,8.0,7.0,8.0,7.0,8.0,6.0663757,5.341517,5.6553774,5.4022484,5.691803
P7_V19_Phase5,2.0,2.0,1.0,2.0,1.0,6.0695667,5.3437552,5.657147,5.4042172,5.694371
P7_V19_Phase6,2.0,2.0,1.0,2.0,1.0,6.063325,5.337622,5.653087,5.399042,5.6883836
P7_V19_Phase7,8.0,7.0,8.0,7.0,8.0,6.0638866,5.3365088,5.6533465,5.402073,5.6872168
P7_V19_Phase8,9.0,9.0,8.0,9.0,8.0,6.0688877,5.343013,5.6604533,5.4052014,5.693516
P7_V19_Phase9,9.0,8.0,9.0,8.0,9.0,6.06501,5.340447,5.6536536,5.4002414,5.6909833
P7_V1_Phase1,2.0,2.0,0.0,2.0,2.0,6.0621805,5.33978,5.6500373,5.3977976,5.6896152
P7_V1_Phase10,5.0,4.0,5.0,4.0,5.0,6.0694957,5.343266,5.6599283,5.406028,5.6937647
P7_V1_Phase100,7.0,7.0,6.0,6.0,7.0,6.0677414,5.3420863,5.6558957,5.4040623,5.6927776
P7_V1_Phase101,8.0,7.0,7.0,8.0,7.0,6.063014,5.33231,5.6532245,5.4035425,5.6836147
P7_V1_Phase102,8.0,7.0,7.0,8.0,7.0,6.06583,5.3380575,5.6539526,5.406526,5.688857
P7_V1_Phase103,9.0,8.0,9.0,7.0,7.0,6.06528,5.340474,5.6534247,5.400426,5.689929
P7_V1_Phase104,9.0,8.0,9.0,7.0,7.0,6.068408,5.3409905,5.6581473,5.404394,5.692734
P7_V1_Phase105,7.0,7.0,6.0,6.0,7.0,6.067968,5.340901,5.65799,5.4044075,5.6923304
P7_V1_Phase106,9.0,8.0,8.0,9.0,8.0,6.0653133,5.3384833,5.653323,5.4007387,5.690237
P7_V1_Phase107,9.0,9.0,8.0,8.0,9.0,6.067295,5.341576,5.6548986,5.403429,5.692479
P7_V1_Phase108,2.0,1.0,2.0,1.0,1.0,6.0662756,5.3424683,5.653811,5.401609,5.692814
P7_V1_Phase109,7.0,6.0,7.0,6.0,7.0,6.0656023,5.3416276,5.653079,5.401819,5.691785
P7_V1_Phase11,5.0,5.0,4.0,5.0,4.0,6.070875,5.3470664,5.659025,5.40533,5.6974087
P7_V1_Phase110,6.0,6.0,4.0,5.0,4.0,6.070056,5.344623,5.6587634,5.405631,5.695574
P7_V1_Phase111,7.0,7.0,6.0,6.0,7.0,6.0675354,5.342439,5.655681,5.4028645,5.693221
P7_V1_Phase112,4.0,3.0,2.0,3.0,4.0,6.0688457,5.3450246,5.6561227,5.4049664,5.6955786
P7_V1_Phase113,5.0,4.0,4.0,5.0,4.0,6.070303,5.3435707,5.659223,5.4065275,5.6956034
P7_V1_Phase114,6.0,5.0,5.0,6.0,6.0,6.0692487,5.3428464,5.6571736,5.40481,5.694735
P7_V1_Phase115,7.0,7.0,6.0,6.0,7.0,6.0680537,5.341708,5.658761,5.4042892,5.6920033
P7_V1_Phase116,7.0,6.0,6.0,7.0,6.0,6.0573845,5.3240895,5.6519413,5.399834,5.6761894
P7_V1_Phase117,5.0,5.0,3.0,5.0,5.0,6.0698857,5.3430076,5.6593404,5.406166,5.694133
P7_V1_Phase118,7.0,6.0,6.0,7.0,6.0,6.067271,5.3406653,5.656508,5.4028006,5.6925306
P7_V1_Phase119,9.0,8.0,8.0,9.0,8.0,6.0688877,5.342971,5.6564765,5.4049187,5.693637
P7_V1_Phase12,7.0,7.0,6.0,7.0,6.0,6.0689697,5.342419,5.6584716,5.40392,5.6933947
P7_V1_Phase120,7.0,6.0,6.0,7.0,6.0,6.0685835,5.3420515,5.655115,5.4032044,5.6933403
P7_V1_Phase121,7.0,6.0,5.0,6.0,7.0,6.0717163,5.343102,5.661402,5.40751,5.6945963
P7_V1_Phase122,9.0,8.0,7.0,8.0,9.0,6.066139,5.3425217,5.653153,5.401005,5.692999
P7_V1_Phase123,9.0,8.0,8.0,9.0,8.0,6.0720954,5.345505,5.660061,5.4065514,5.6973314
P7_V1_Phase124,7.0,7.0,6.0,6.0,7.0,6.0707297,5.344666,5.6594315,5.406242,5.6955023
P7_V1_Phase125,8.0,7.0,8.0,7.0,7.0,6.068159,5.3405194,5.6607776,5.4034557,5.6914005
P7_V1_Phase126,6.0,5.0,5.0,6.0,6.0,6.0680685,5.343564,5.655845,5.4035764,5.694298
P7_V1_Phase127,5.0,4.0,5.0,4.0,4.0,6.0664053,5.340791,5.6538105,5.4026713,5.6919727
P7_V1_Phase128,7.0,6.0,7.0,6.0,6.0,6.067388,5.340686,5.655603,5.4040284,5.6916656
P7_V1_Phase129,9.0,8.0,9.0,8.0,8.0,6.0647154,5.3398747,5.652721,5.399482,5.691196
P7_V1_Phase13,7.0,7.0,6.0,7.0,6.0,6.06279,5.336744,5.650908,5.399534,5.687584
P7_V1_Phase130,4.0,3.0,3.0,4.0,3.0,6.060152,5.334305,5.650312,5.397023,5.68439
P7_V1_Phase131,4.0,3.0,3.0,4.0,3.0,6.067505,5.341467,5.655545,5.402921,5.6932015
P7_V1_Phase132,5.0,5.0,4.0,4.0,5.0,6.068141,5.3421855,5.656042,5.404232,5.6937733
P7_V1_Phase133,7.0,7.0,6.0,6.0,7.0,6.068817,5.342978,5.657837,5.4047623,5.694787
P7_V1_Phase134,7.0,6.0,6.0,7.0,7.0,6.075717,5.3474965,5.6653695,5.410681,5.700269
P7_V1_Phase135,7.0,7.0,7.0,5.0,6.0,6.068127,5.3416066,5.6576123,5.404191,5.693068
P7_V1_Phase136,7.0,6.0,7.0,6.0,7.0,6.068424,5.341678,5.6565113,5.4056654,5.693384
P7_V1_Phase137,9.0,8.0,8.0,9.0,8.0,6.064446,5.338216,5.653893,5.40324,5.6877346
P7_V1_Phase138,9.0,8.0,8.0,9.0,8.0,6.0679054,5.34052,5.657294,5.404437,5.692274
P7_V1_Phase139,7.0,6.0,6.0,7.0,6.0,6.070419,5.344649,5.6591825,5.4056497,5.6963825
P7_V1_Phase14,6.0,6.0,5.0,5.0,6.0,6.067938,5.342832,5.656768,5.403183,5.6936846
P7_V1_Phase140,9.0,8.0,8.0,9.0,8.0,6.068433,5.342511,5.656302,5.4038353,5.691762
P7_V1_Phase141,5.0,4.0,5.0,4.0,4.0,6.067109,5.3390746,5.6570477,5.404195,5.69046
P7_V1_Phase142,5.0,4.0,4.0,5.0,4.0,6.068772,5.3424,5.657099,5.403567,5.694607
P7_V1_Phase15,6.0,6.0,5.0,5.0,6.0,6.0687194,5.3421464,5.656896,5.4050827,5.6940517
P7_V1_Phase16,2.0,2.0,1.0,1.0,2.0,6.068946,5.3433185,5.6574836,5.404739,5.6949368
P7_V1_Phase17,2.0,1.0,1.0,2.0,1.0,6.067455,5.34126,5.655576,5.403981,5.6916814
P7_V1_Phase18,7.0,6.0,7.0,6.0,6.0,6.067247,5.3411183,5.6566777,5.404275,5.6919127
P7_V1_Phase19,7.0,7.0,7.0,5.0,6.0,6.0721874,5.3470325,5.6595254,5.405715,5.6982107
P7_V1_Phase2,6.0,6.0,5.0,6.0,5.0,6.0668764,5.341686,5.655309,5.4016647,5.6930523
P7_V1_Phase20,7.0,7.0,7.0,5.0,6.0,6.0666447,5.3408127,5.6538844,5.4028606,5.6915293
P7_V1_Phase21,7.0,7.0,6.0,7.0,6.0,6.0657067,5.3426213,5.6536264,5.3990707,5.6929607
P7_V1_Phase22,7.0,7.0,6.0,6.0,7.0,6.0676556,5.3411345,5.65553,5.4038644,5.6922398
P7_V1_Phase23,9.0,8.0,8.0,9.0,8.0,6.0662475,5.3352947,5.654796,5.4049544,5.687766
P7_V1_Phase24,8.0,7.0,8.0,6.0,7.0,6.0668874,5.3405304,5.6545997,5.4035344,5.691324
P7_V1_Phase25,9.0,8.0,9.0,8.0,8.0,6.068701,5.3400564,5.6580424,5.405983,5.6922216
P7_V1_Phase26,7.0,7.0,6.0,6.0,7.0,6.067687,5.3407226,5.6560826,5.403447,5.6932163
P7_V1_Phase27,7.0,7.0,6.0,6.0,7.0,6.0713873,5.3444552,5.6584735,5.405258,5.6957617
P7_V1_Phase28,2.0,2.0,1.0,1.0,2.0,6.0725737,5.343819,5.6631064,5.409061,5.696227
P7_V1_Phase29,6.0,6.0,5.0,5.0,6.0,6.0688305,5.3415112,5.6567254,5.404657,5.6933513
P7_V1_Phase3,8.0,7.0,8.0,7.0,7.0,6.0697813,5.3441157,5.658171,5.4035344,5.6959095
P7_V1_Phase30,6.0,5.0,6.0,5.0,6.0,6.071609,5.345782,5.658936,5.4060073,5.697218
P7_V1_Phase31,7.0,6.0,6.0,7.0,6.0,6.0675774,5.342747,5.6552215,5.403481,5.694216
P7_V1_Phase32,4.0,3.0,3.0,4.0,3.0,6.0677447,5.343555,5.6545987,5.4029016,5.6937695
P7_V1_Phase33,4.0,3.0,2.0,3.0,4.0,6.066223,5.3406553,5.652969,5.4025126,5.691784
P7_V1_Phase34,7.0,6.0,6.0,7.0,6.0,6.070385,5.344275,5.6584086,5.405324,5.695491
P7_V1_Phase35,5.0,4.0,5.0,4.0,5.0,6.066634,5.3383436,5.656065,5.4038997,5.690453
P7_V1_Phase36,7.0,7.0,6.0,6.0,7.0,6.0687466,5.343973,5.6564283,5.403385,5.695226
P7_V1_Phase37,7.0,6.0,7.0,6.0,7.0,6.066593,5.341392,5.6549163,5.4043865,5.6902504
P7_V1_Phase38,4.0,3.0,3.0,4.0,3.0,6.0667076,5.3411455,5.654441,5.4010053,5.6923475
P7_V1_Phase39,2.0,1.0,2.0,1.0,2.0,6.062844,5.338822,5.650873,5.397971,5.690037
P7_V1_Phase4,9.0,8.0,9.0,8.0,9.0,6.066903,5.341451,5.657353,5.4016304,5.6911173
P7_V1_Phase40,2.0,2.0,1.0,2.0,1.0,6.065466,5.3399773,5.653822,5.400028,5.6912165
P7_V1_Phase41,9.0,8.0,9.0,8.0,9.0,6.0708284,5.3440557,5.660014,5.4063873,5.696295
P7_V1_Phase42,9.0,8.0,9.0,8.0,9.0,6.0683064,5.341196,5.6572165,5.404515,5.6930275
P7_V1_Phase43,2.0,2.0,1.0,2.0,1.0,6.0667934,5.3406014,5.6545825,5.4021726,5.6923604
P7_V1_Phase44,9.0,8.0,9.0,8.0,9.0,6.067958,5.3419557,5.6563783,5.4032407,5.693683
P7_V1_Phase45,7.0,7.0,6.0,7.0,6.0,6.068472,5.341778,5.6586347,5.4043965,5.6938176
P7_V1_Phase46,7.0,7.0,6.0,6.0,7.0,6.0656853,5.34018,5.654248,5.401655,5.691001
P7_V1_Phase47,7.0,7.0,6.0,6.0,7.0,6.070265,5.342436,5.659581,5.4065514,5.695406
P7_V1_Phase48,7.0,7.0,6.0,6.0,7.0,6.0628824,5.3364334,5.6528907,5.3997974,5.6871376
P7_V1_Phase49,2.0,1.0,1.0,2.0,1.0,6.0694227,5.3415055,5.658534,5.405131,5.6937056
P7_V1_Phase5,7.0,7.0,6.0,6.0,7.0,6.0662007,5.33866,5.6532335,5.4029627,5.690521
P7_V1_Phase50,7.0,6.0,6.0,7.0,6.0,6.063407,5.338398,5.6525817,5.398315,5.689744
P7_V1_Phase51,7.0,6.0,7.0,6.0,7.0,6.0704203,5.34182,5.661618,5.4070516,5.694056
P7_V1_Phase52,5.0,4.0,3.0,4.0,5.0,6.072482,5.3443103,5.6624784,5.4079866,5.6966457
P7_V1_Phase53,7.0,7.0,6.0,6.0,7.0,6.0698667,5.342839,5.6611533,5.405623,5.693782
P7_V1_Phase54,4.0,4.0,2.0,3.0,4.0,6.0670614,5.3415093,5.6547813,5.402509,5.693331
P7_V1_Phase55,7.0,6.0,7.0,6.0,7.0,6.0687776,5.3430696,5.6555743,5.404003,5.693918
P7_V1_Phase56,7.0,6.0,6.0,7.0,6.0,6.066389,5.3413973,5.6536264,5.402586,5.692307
P7_V1_Phase57,9.0,8.0,9.0,8.0,9.0,6.0692244,5.3432918,5.656947,5.4039803,5.695095
P7_V1_Phase58,7.0,6.0,7.0,5.0,5.0,6.066104,5.34043,5.6537743,5.4037538,5.691064
P7_V1_Phase59,4.0,3.0,3.0,4.0,3.0,6.0672264,5.3417387,5.656014,5.402519,5.6933184
P7_V1_Phase6,7.0,6.0,7.0,6.0,7.0,6.0706964,5.3447394,5.6585245,5.405802,5.696064
P7_V1_Phase60,7.0,6.0,6.0,7.0,6.0,6.0682797,5.344299,5.6562,5.4025474,5.694825
P7_V1_Phase61,2.0,2.0,1.0,1.0,2.0,6.066346,5.341019,5.6545157,5.401945,5.6922407
P7_V1_Phase62,6.0,6.0,5.0,5.0,6.0,6.0666757,5.3405566,5.655227,5.4019413,5.6919804
P7_V1_Phase63,7.0,7.0,6.0,5.0,5.0,6.0684667,5.3429914,5.6578264,5.404602,5.6942635
P7_V1_Phase64,4.0,3.0,2.0,2.0,3.0,6.0682487,5.342083,5.6564083,5.4039474,5.6939535
P7_V1_Phase65,2.0,2.0,1.0,1.0,2.0,6.0685406,5.34137,5.656611,5.404219,5.6930914
P7_V1_Phase66,9.0,8.0,8.0,9.0,8.0,6.069684,5.3431478,5.657594,5.4046364,5.6951165
P7_V1_Phase67,3.0,3.0,2.0,2.0,3.0,6.0663824,5.340606,5.6546836,5.4028263,5.692587
P7_V1_Phase68,2.0,2.0,1.0,2.0,1.0,6.063843,5.3374095,5.652871,5.3998165,5.688599
P7_V1_Phase69,5.0,4.0,5.0,4.0,5.0,6.064171,5.338281,5.6540313,5.3988733,5.689577
P7_V1_Phase7,7.0,7.0,6.0,7.0,6.0,6.067908,5.3423524,5.657973,5.403534,5.6922903
P7_V1_Phase70,4.0,3.0,3.0,4.0,3.0,6.0627756,5.335388,5.652964,5.3998585,5.686653
P7_V1_Phase71,4.0,4.0,3.0,3.0,4.0,6.0703754,5.341537,5.6591935,5.4071407,5.693953
P7_V1_Phase72,7.0,7.0,6.0,6.0,7.0,6.069653,5.342023,5.659368,5.406288,5.693268
P7_V1_Phase73,7.0,6.0,7.0,6.0,7.0,6.0684376,5.3416705,5.6567626,5.4035325,5.693907
P7_V1_Phase74,5.0,4.0,3.0,4.0,5.0,6.0718527,5.3465257,5.659306,5.4057674,5.6969156
P7_V1_Phase75,7.0,6.0,7.0,6.0,7.0,6.064823,5.3361735,5.655745,5.403988,5.6873684
P7_V1_Phase76,7.0,7.0,6.0,6.0,7.0,6.0704584,5.3407283,5.6611896,5.4086924,5.6922064
P7_V1_Phase77,7.0,7.0,6.0,7.0,6.0,6.0685015,5.340881,5.657389,5.404846,5.692086
P7_V1_Phase78,9.0,8.0,8.0,9.0,8.0,6.0717573,5.344253,5.6605115,5.407033,5.6954107
P7_V1_Phase79,4.0,3.0,3.0,4.0,3.0,6.071209,5.344707,5.6598763,5.406026,5.69662
P7_V1_Phase8,4.0,3.0,2.0,3.0,4.0,6.0664697,5.339917,5.6552787,5.4022384,5.6916084
P7_V1_Phase80,9.0,8.0,8.0,9.0,8.0,6.067789,5.3413568,5.6569486,5.403234,5.6931367
P7_V1_Phase81,7.0,6.0,7.0,5.0,4.0,6.065554,5.3407273,5.6531386,5.4020963,5.6910925
P7_V1_Phase82,7.0,6.0,7.0,6.0,6.0,6.070053,5.3423233,5.6606526,5.406621,5.694229
P7_V1_Phase83,7.0,7.0,6.0,6.0,7.0,6.070048,5.343332,5.658278,5.4052134,5.694829
P7_V1_Phase84,9.0,8.0,8.0,9.0,8.0,6.067768,5.3428645,5.6562514,5.4030437,5.693004
P7_V1_Phase85,9.0,8.0,8.0,9.0,8.0,6.0712414,5.3429666,5.6596093,5.4072704,5.6948414
P7_V1_Phase86,8.0,7.0,7.0,8.0,7.0,6.068707,5.3410907,5.656901,5.404443,5.692975
P7_V1_Phase87,6.0,6.0,5.0,5.0,6.0,6.068632,5.3413444,5.6579704,5.4049616,5.6929626
P7_V1_Phase88,9.0,8.0,8.0,9.0,8.0,6.067144,5.3406205,5.6562896,5.4045377,5.6911535
P7_V1_Phase89,7.0,7.0,6.0,6.0,7.0,6.0678453,5.342034,5.656569,5.4027996,5.69242
P7_V1_Phase9,7.0,6.0,7.0,6.0,7.0,6.0668554,5.3395505,5.6570754,5.4039917,5.6901665
P7_V1_Phase90,7.0,6.0,6.0,7.0,6.0,6.068271,5.3410935,5.656755,5.4032707,5.692538
P7_V1_Phase91,7.0,7.0,6.0,6.0,7.0,6.0677643,5.34349,5.6562123,5.401939,5.6937623
P7_V1_Phase92,5.0,4.0,5.0,4.0,5.0,6.067228,5.343434,5.654919,5.4020195,5.6944003
P7_V1_Phase93,9.0,8.0,9.0,8.0,9.0,6.0675087,5.341699,5.656044,5.40419,5.692622
P7_V1_Phase94,7.0,7.0,6.0,7.0,6.0,6.068325,5.341326,5.6583047,5.403393,5.6912627
P7_V1_Phase95,7.0,7.0,6.0,6.0,7.0,6.0676107,5.341909,5.658015,5.4031353,5.6916
P7_V1_Phase96,9.0,8.0,8.0,9.0,8.0,6.0699177,5.3441024,5.6582627,5.405361,5.6959233
P7_V1_Phase98,8.0,7.0,8.0,7.0,8.0,6.0713253,5.34327,5.659633,5.4076366,5.6958127
P7_V1_Phase99,9.0,8.0,9.0,7.0,7.0,6.0687995,5.3425174,5.6575904,5.404073,5.6939535
P7_V20_Phase1,6.0,5.0,5.0,6.0,6.0,6.070941,5.344913,5.6606097,5.4055576,5.696293
P7_V20_Phase10,9.0,8.0,8.0,9.0,8.0,6.0728326,5.343699,5.661442,5.4090796,5.6959667
P7_V20_Phase11,1.0,0.0,1.0,0.0,1.0,6.069543,5.342922,5.6593604,5.4070024,5.6949043
P7_V20_Phase12,1.0,0.0,1.0,0.0,1.0,6.0587254,5.3310485,5.6526575,5.3977237,5.682267
P7_V20_Phase13,2.0,2.0,1.0,1.0,2.0,6.0671577,5.339924,5.6567426,5.4045634,5.6917048
P7_V20_Phase14,1.0,1.0,0.0,1.0,0.0,6.066769,5.341637,5.6543202,5.4032707,5.692874
P7_V20_Phase15,2.0,1.0,1.0,2.0,1.0,6.0694275,5.343114,5.658136,5.4051266,5.6951227
P7_V20_Phase16,7.0,7.0,6.0,6.0,7.0,6.0675116,5.340797,5.656652,5.4029913,5.692093
P7_V20_Phase17,8.0,7.0,7.0,8.0,7.0,6.0679793,5.341985,5.6556344,5.4019094,5.6920495
P7_V20_Phase18,7.0,6.0,7.0,6.0,6.0,6.0680265,5.342524,5.6572757,5.403083,5.6926713
P7_V20_Phase19,8.0,8.0,7.0,7.0,8.0,6.067171,5.3402715,5.655423,5.4031563,5.6919107
P7_V20_Phase2,7.0,7.0,6.0,6.0,7.0,6.0671816,5.342835,5.6555214,5.402353,5.692724
P7_V20_Phase20,5.0,4.0,4.0,3.0,4.0,6.0719376,5.346026,5.6600366,5.405345,5.6980286
P7_V20_Phase21,7.0,7.0,6.0,6.0,7.0,6.067667,5.344225,5.6550574,5.401545,5.6944427
P7_V20_Phase3,8.0,7.0,8.0,7.0,7.0,6.0689015,5.344871,5.6572347,5.403114,5.694888
P7_V20_Phase4,9.0,8.0,8.0,9.0,8.0,6.069497,5.3450565,5.657861,5.4034643,5.695129
P7_V20_Phase5,7.0,7.0,6.0,6.0,7.0,6.071356,5.346768,5.6592627,5.405184,5.6975327
P7_V20_Phase6,8.0,7.0,7.0,8.0,7.0,6.0702066,5.344792,5.6586556,5.4046564,5.695171
P7_V20_Phase7,2.0,2.0,1.0,1.0,2.0,6.070511,5.3444304,5.659865,5.406699,5.694524
P7_V20_Phase8,6.0,5.0,5.0,6.0,5.0,6.065733,5.340319,5.655335,5.4014893,5.690407
P7_V20_Phase9,2.0,1.0,0.0,1.0,2.0,6.0695143,5.34207,5.659326,5.405465,5.6944323
P7_V2_Phase1,7.0,6.0,6.0,7.0,6.0,6.06063,5.3360353,5.650698,5.396441,5.6860886
P7_V2_Phase10,9.0,8.0,9.0,8.0,8.0,6.066812,5.341123,5.65426,5.40413,5.691498
P7_V2_Phase11,7.0,7.0,6.0,6.0,7.0,6.0697145,5.345961,5.657659,5.403056,5.696417
P7_V2_Phase12,7.0,7.0,6.0,6.0,7.0,6.0679336,5.340938,5.657286,5.4033985,5.691807
P7_V2_Phase13,7.0,7.0,6.0,6.0,7.0,6.070723,5.3456883,5.658481,5.4043255,5.6970253
P7_V2_Phase14,5.0,4.0,4.0,3.0,4.0,6.072319,5.3433533,5.661981,5.40876,5.6963224
P7_V2_Phase15,9.0,8.0,8.0,9.0,8.0,6.0658307,5.341724,5.653559,5.399984,5.692484
P7_V2_Phase16,8.0,7.0,8.0,6.0,6.0,6.0731525,5.3478665,5.6614037,5.405438,5.698555
P7_V2_Phase17,4.0,4.0,3.0,3.0,4.0,6.069277,5.3446574,5.656361,5.4041634,5.6954875
P7_V2_Phase18,9.0,8.0,9.0,8.0,9.0,6.0676785,5.3385034,5.6571355,5.4054155,5.6898584
P7_V2_Phase19,8.0,7.0,7.0,8.0,7.0,6.0731153,5.3454075,5.6619077,5.4069405,5.696567
P7_V2_Phase2,9.0,8.0,8.0,9.0,8.0,6.0666924,5.3434176,5.653463,5.401235,5.6926312
P7_V2_Phase20,9.0,8.0,9.0,8.0,9.0,6.0654664,5.342344,5.6532536,5.39977,5.6928396
P7_V2_Phase21,9.0,9.0,8.0,9.0,8.0,6.0701685,5.3467264,5.6573415,5.404394,5.696848
P7_V2_Phase22,9.0,9.0,8.0,9.0,8.0,6.067656,5.342015,5.656288,5.4020667,5.692582
P7_V2_Phase23,8.0,8.0,7.0,6.0,7.0,6.07111,5.34721,5.658735,5.4043303,5.697511
P7_V2_Phase24,5.0,4.0,4.0,5.0,5.0,6.070793,5.3450603,5.658783,5.4044504,5.6964192
P7_V2_Phase25,6.0,6.0,4.0,5.0,6.0,6.067716,5.3440595,5.6562915,5.4007635,5.694304
P7_V2_Phase26,9.0,8.0,9.0,7.0,8.0,6.067582,5.3442216,5.655067,5.400073,5.6936893
P7_V2_Phase27,9.0,8.0,9.0,7.0,8.0,6.066122,5.3417215,5.653844,5.4002385,5.6916685
P7_V2_Phase28,9.0,8.0,9.0,8.0,9.0,6.073236,5.3484635,5.661576,5.4071817,5.699158
P7_V2_Phase29,9.0,9.0,9.0,9.0,9.0,6.0650816,5.3416114,5.651677,5.400084,5.6915436
P7_V2_Phase3,7.0,7.0,6.0,6.0,7.0,6.062023,5.339159,5.649944,5.397789,5.6883764
P7_V2_Phase30,9.0,8.0,8.0,9.0,8.0,6.0689735,5.3445964,5.6561575,5.4036303,5.695073
P7_V2_Phase4,8.0,7.0,7.0,8.0,7.0,6.0699577,5.345516,5.6584287,5.404816,5.6951694
P7_V2_Phase5,9.0,8.0,8.0,9.0,8.0,6.066964,5.34314,5.653659,5.401992,5.6930676
P7_V2_Phase6,9.0,8.0,9.0,8.0,8.0,6.068946,5.344908,5.657276,5.403449,5.6950073
P7_V2_Phase7,9.0,8.0,8.0,9.0,8.0,6.0644555,5.339751,5.6524816,5.3984585,5.690377
P7_V2_Phase8,7.0,7.0,6.0,7.0,6.0,6.0705185,5.3450103,5.6593704,5.4050255,5.6965113
P7_V2_Phase9,8.0,7.0,7.0,8.0,7.0,6.071959,5.3455567,5.659926,5.40641,5.6978116
P7_V3_Phase1,7.0,6.0,6.0,7.0,6.0,6.0671053,5.342752,5.6565595,5.401805,5.693332
P7_V3_Phase10,7.0,7.0,6.0,6.0,7.0,6.067874,5.341455,5.6565657,5.4052424,5.6916056
P7_V3_Phase11,9.0,8.0,8.0,9.0,8.0,6.074892,5.3480077,5.664787,5.409569,5.6994777
P7_V3_Phase12,9.0,8.0,9.0,7.0,8.0,6.0653057,5.340691,5.6527143,5.400217,5.691572
P7_V3_Phase13,7.0,7.0,6.0,6.0,7.0,6.065628,5.340759,5.653353,5.400144,5.691704
P7_V3_Phase14,7.0,6.0,6.0,7.0,6.0,6.0686264,5.3437276,5.6571326,5.403638,5.694998
P7_V3_Phase15,7.0,7.0,6.0,6.0,7.0,6.0698104,5.343858,5.657661,5.404352,5.695322
P7_V3_Phase16,7.0,7.0,6.0,6.0,7.0,6.0702715,5.345367,5.657795,5.4040575,5.695855
P7_V3_Phase17,6.0,5.0,6.0,5.0,5.0,6.071712,5.3470545,5.660169,5.4048066,5.698123
P7_V3_Phase18,9.0,8.0,9.0,7.0,8.0,6.070715,5.345873,5.658811,5.4047356,5.696801
P7_V3_Phase19,7.0,7.0,6.0,6.0,7.0,6.06826,5.343288,5.6559324,5.4032125,5.6942825
P7_V3_Phase2,7.0,6.0,6.0,7.0,6.0,6.0691147,5.343729,5.6572585,5.405195,5.6952043
P7_V3_Phase20,9.0,8.0,8.0,9.0,8.0,6.0667048,5.3401937,5.6558423,5.402996,5.691263
P7_V3_Phase21,9.0,8.0,8.0,9.0,8.0,6.0675483,5.3442593,5.6542153,5.4024477,5.6945605
P7_V3_Phase22,9.0,8.0,8.0,9.0,8.0,6.069953,5.344241,5.657208,5.4044685,5.695568
P7_V3_Phase23,6.0,6.0,5.0,5.0,6.0,6.068018,5.3439207,5.655295,5.4032745,5.6944575
P7_V3_Phase24,9.0,8.0,8.0,9.0,8.0,6.0671544,5.3434253,5.6546855,5.403137,5.6936026
P7_V3_Phase25,7.0,7.0,6.0,7.0,6.0,6.0673475,5.343305,5.6548204,5.4024763,5.6942
P7_V3_Phase26,7.0,6.0,7.0,6.0,6.0,6.062483,5.338897,5.650121,5.397691,5.688632
P7_V3_Phase27,9.0,8.0,8.0,9.0,8.0,6.0670557,5.3394413,5.6565495,5.404249,5.6902866
P7_V3_Phase28,7.0,7.0,6.0,7.0,6.0,6.064337,5.3391347,5.654784,5.3997946,5.6893573
P7_V3_Phase29,7.0,6.0,7.0,6.0,7.0,6.0665236,5.343138,5.653975,5.400668,5.692967
P7_V3_Phase3,7.0,6.0,6.0,7.0,6.0,6.0709605,5.3439965,5.65939,5.4066777,5.696162
P7_V3_Phase30,7.0,6.0,6.0,7.0,6.0,6.075783,5.3469615,5.6648145,5.4115224,5.6993976
P7_V3_Phase31,5.0,4.0,3.0,4.0,5.0,6.068391,5.344314,5.6563544,5.4035764,5.6953535
P7_V3_Phase4,8.0,7.0,7.0,8.0,7.0,6.0687413,5.3442297,5.657058,5.404097,5.694895
P7_V3_Phase5,7.0,7.0,6.0,6.0,7.0,6.070484,5.3447795,5.659085,5.4063187,5.6965494
P7_V3_Phase6,7.0,7.0,7.0,6.0,6.0,6.0664682,5.3409963,5.6547008,5.401288,5.692646
P7_V3_Phase7,9.0,8.0,9.0,8.0,8.0,6.0637655,5.3403764,5.651486,5.3987436,5.690648
P7_V3_Phase8,7.0,7.0,6.0,6.0,7.0,6.067093,5.3431764,5.654524,5.400921,5.693429
P7_V3_Phase9,5.0,4.0,5.0,4.0,4.0,6.0719147,5.3463483,5.6592946,5.405938,5.697507
P7_V4_Phase1,6.0,5.0,5.0,6.0,5.0,6.06661,5.3414254,5.6556315,5.4022393,5.6920695
P7_V4_Phase10,5.0,5.0,4.0,4.0,5.0,6.067815,5.342485,5.6568413,5.4033337,5.6928854
P7_V4_Phase11,9.0,8.0,9.0,8.0,8.0,6.0670524,5.341598,5.6551805,5.402065,5.6924467
P7_V4_Phase12,9.0,8.0,9.0,7.0,8.0,6.066578,5.3404603,5.655099,5.4019465,5.6921277
P7_V4_Phase13,7.0,7.0,6.0,6.0,7.0,6.067587,5.3423553,5.656035,5.4043474,5.693862
P7_V4_Phase14,9.0,8.0,8.0,9.0,8.0,6.069414,5.342775,5.6583576,5.404143,5.695491
P7_V4_Phase15,7.0,7.0,6.0,6.0,7.0,6.068874,5.342958,5.6562133,5.405402,5.693904
P7_V4_Phase16,9.0,8.0,8.0,9.0,8.0,6.0708504,5.345918,5.6598086,5.405533,5.697283
P7_V4_Phase17,2.0,2.0,1.0,2.0,2.0,6.0670195,5.341752,5.6547103,5.4030924,5.693413
P7_V4_Phase18,9.0,8.0,8.0,9.0,9.0,6.0673456,5.34232,5.656125,5.403281,5.6932974
P7_V4_Phase19,7.0,6.0,6.0,7.0,7.0,6.0701957,5.3432593,5.65918,5.4059277,5.695281
P7_V4_Phase2,6.0,5.0,5.0,6.0,5.0,6.0643897,5.340591,5.6523304,5.3998375,5.6913166
P7_V4_Phase20,7.0,7.0,6.0,6.0,7.0,6.069174,5.3426995,5.658675,5.406478,5.694037
P7_V4_Phase21,6.0,5.0,6.0,3.0,4.0,6.0646296,5.3410406,5.651526,5.398546,5.6911893
P7_V4_Phase22,7.0,7.0,6.0,6.0,7.0,6.069744,5.343945,5.657808,5.405607,5.695836
P7_V4_Phase23,9.0,9.0,9.0,8.0,8.0,6.068369,5.3437896,5.6555076,5.4015784,5.6947794
P7_V4_Phase24,9.0,9.0,9.0,8.0,9.0,6.0666103,5.341816,5.654866,5.401821,5.69304
P7_V4_Phase25,7.0,7.0,6.0,6.0,7.0,6.0723896,5.3439956,5.6614275,5.408342,5.6969976
P7_V4_Phase26,6.0,5.0,6.0,5.0,5.0,6.0682592,5.340537,5.6588163,5.4043417,5.691496
P7_V4_Phase27,7.0,7.0,6.0,7.0,6.0,6.0673294,5.3436465,5.654951,5.4028034,5.6943493
P7_V4_Phase28,6.0,5.0,5.0,6.0,5.0,6.070101,5.345183,5.658359,5.403676,5.696372
P7_V4_Phase29,9.0,8.0,9.0,8.0,9.0,6.066441,5.3434715,5.652783,5.401909,5.6930575
P7_V4_Phase3,7.0,7.0,6.0,6.0,7.0,6.0690527,5.339673,5.6581445,5.4066343,5.6920156
P7_V4_Phase30,7.0,6.0,6.0,7.0,6.0,6.0683956,5.3449626,5.656635,5.4038544,5.6953487
P7_V4_Phase31,7.0,6.0,7.0,4.0,5.0,6.071786,5.34347,5.6610346,5.408256,5.6949472
P7_V4_Phase32,9.0,8.0,9.0,8.0,9.0,6.0669045,5.3415246,5.6547055,5.402085,5.6923294
P7_V4_Phase33,9.0,8.0,9.0,8.0,8.0,6.0663013,5.338426,5.6565933,5.4021206,5.690324
P7_V4_Phase34,4.0,3.0,4.0,3.0,3.0,6.0684075,5.3430567,5.6564937,5.4038,5.694402
P7_V4_Phase35,7.0,6.0,7.0,6.0,6.0,6.0655055,5.3430457,5.653029,5.400694,5.692757
P7_V4_Phase36,9.0,8.0,8.0,9.0,8.0,6.0673666,5.3410735,5.6556926,5.4025593,5.6920085
P7_V4_Phase4,6.0,6.0,5.0,5.0,6.0,6.068469,5.342423,5.6590924,5.4040833,5.692649
P7_V4_Phase5,7.0,6.0,6.0,7.0,6.0,6.0680313,5.343262,5.655233,5.4030294,5.694439
P7_V4_Phase6,7.0,7.0,6.0,6.0,7.0,6.065235,5.337621,5.6555257,5.402502,5.6875005
P7_V4_Phase7,7.0,6.0,6.0,7.0,6.0,6.0658607,5.337666,5.656555,5.4032273,5.689735
P7_V4_Phase8,7.0,7.0,6.0,6.0,7.0,6.0690494,5.3430324,5.656957,5.404377,5.693968
P7_V4_Phase9,5.0,4.0,3.0,4.0,5.0,6.0696855,5.3432164,5.6576934,5.4060574,5.6954293
P7_V5_Phase1,9.0,8.0,8.0,9.0,8.0,6.0630264,5.338197,5.6506724,5.3974657,5.689129
P7_V5_Phase10,8.0,7.0,7.0,8.0,7.0,6.0724063,5.3483977,5.6594424,5.40658,5.69826
P7_V5_Phase11,7.0,7.0,7.0,6.0,6.0,6.072116,5.346022,5.6595163,5.406483,5.69726
P7_V5_Phase12,5.0,4.0,5.0,3.0,4.0,6.065672,5.343148,5.652174,5.4011106,5.692812
P7_V5_Phase13,7.0,7.0,6.0,6.0,7.0,6.070606,5.346387,5.657615,5.404662,5.6967816
P7_V5_Phase14,7.0,7.0,6.0,7.0,6.0,6.072336,5.3468375,5.66101,5.4070883,5.697959
P7_V5_Phase15,7.0,7.0,7.0,6.0,6.0,6.0667534,5.3439903,5.653581,5.4024024,5.6934404
P7_V5_Phase16,7.0,6.0,6.0,6.0,7.0,6.0694237,5.3448734,5.6568065,5.4033065,5.6962976
P7_V5_Phase17,7.0,7.0,6.0,7.0,6.0,6.068649,5.3438325,5.656077,5.4032,5.6950474
P7_V5_Phase18,9.0,8.0,8.0,9.0,8.0,6.0709963,5.346322,5.6579537,5.4054327,5.6970305
P7_V5_Phase19,7.0,7.0,6.0,6.0,7.0,6.067906,5.3452463,5.655242,5.4023542,5.6946983
P7_V5_Phase2,7.0,7.0,6.0,7.0,6.0,6.069833,5.3467574,5.657039,5.4050584,5.6967525
P7_V5_Phase20,9.0,9.0,9.0,9.0,9.0,6.0644345,5.3357644,5.653917,5.399131,5.6864715
P7_V5_Phase3,9.0,8.0,9.0,8.0,9.0,6.0651836,5.341332,5.6522565,5.4015045,5.691719
P7_V5_Phase4,7.0,7.0,6.0,6.0,7.0,6.0660944,5.3439612,5.6532607,5.401258,5.6930857
P7_V5_Phase5,9.0,8.0,9.0,8.0,9.0,6.0708084,5.3453507,5.65778,5.4050508,5.6966243
P7_V5_Phase6,7.0,7.0,6.0,7.0,6.0,6.063958,5.3397236,5.653131,5.3987813,5.6899023
P7_V5_Phase7,7.0,7.0,6.0,6.0,7.0,6.0688343,5.3457913,5.655445,5.402091,5.6953754
P7_V5_Phase8,6.0,5.0,4.0,5.0,5.0,6.069536,5.344517,5.656093,5.404701,5.6956024
P7_V5_Phase9,7.0,7.0,6.0,6.0,7.0,6.066588,5.339968,5.655708,5.4042845,5.69084
P7_V6_Phase1,9.0,8.0,8.0,9.0,8.0,6.0639234,5.3394766,5.650971,5.398988,5.690258
P7_V6_Phase10,7.0,7.0,6.0,7.0,6.0,6.070665,5.344894,5.6594405,5.404956,5.696392
P7_V6_Phase11,7.0,7.0,6.0,6.0,7.0,6.0711856,5.346803,5.6591325,5.4065266,5.697839
P7_V6_Phase12,9.0,8.0,9.0,8.0,9.0,6.0710516,5.346449,5.6594825,5.4049873,5.6968627
P7_V6_Phase13,7.0,7.0,7.0,6.0,6.0,6.0681295,5.3413587,5.657592,5.403257,5.6933575
P7_V6_Phase14,5.0,4.0,5.0,4.0,5.0,6.0653653,5.3338957,5.656571,5.4058065,5.6864114
P7_V6_Phase15,7.0,7.0,6.0,7.0,6.0,6.060335,5.328835,5.6464944,5.4061785,5.682732
P7_V6_Phase16,7.0,7.0,6.0,6.0,7.0,6.067108,5.337767,5.6581626,5.4045935,5.688549
P7_V6_Phase17,7.0,7.0,6.0,6.0,6.0,6.069503,5.343519,5.65732,5.4049263,5.6951237
P7_V6_Phase18,7.0,7.0,6.0,7.0,6.0,6.062561,5.3395553,5.649525,5.398953,5.689019
P7_V6_Phase19,7.0,7.0,6.0,7.0,6.0,6.0704746,5.3433857,5.658767,5.4054117,5.6958237
P7_V6_Phase2,9.0,8.0,8.0,9.0,8.0,6.0635586,5.340347,5.6501102,5.399888,5.6903763
P7_V6_Phase20,5.0,4.0,4.0,5.0,5.0,6.0660534,5.3398156,5.65462,5.400927,5.6905985
P7_V6_Phase21,9.0,8.0,8.0,9.0,8.0,6.067588,5.3394065,5.660039,5.4036336,5.689786
P7_V6_Phase22,7.0,7.0,7.0,5.0,6.0,6.0684133,5.3428288,5.657476,5.4036264,5.6943693
P7_V6_Phase23,7.0,7.0,6.0,6.0,7.0,6.0635633,5.3396173,5.650803,5.399675,5.690343
P7_V6_Phase24,6.0,5.0,6.0,5.0,5.0,6.0643454,5.3402286,5.6517835,5.4000072,5.6898627
P7_V6_Phase25,7.0,6.0,7.0,6.0,6.0,6.074135,5.348227,5.662643,5.406943,5.699238
P7_V6_Phase26,7.0,7.0,6.0,6.0,7.0,6.066233,5.340674,5.655234,5.4029675,5.690853
P7_V6_Phase27,9.0,8.0,8.0,9.0,8.0,6.064493,5.33905,5.6529584,5.4008017,5.689103
P7_V6_Phase28,7.0,7.0,6.0,7.0,6.0,6.064789,5.339499,5.65247,5.4024286,5.688464
P7_V6_Phase29,9.0,8.0,8.0,9.0,8.0,6.06852,5.34407,5.6560507,5.404085,5.6951103
P7_V6_Phase3,7.0,7.0,6.0,6.0,7.0,6.068761,5.343904,5.6558313,5.4039083,5.695256
P7_V6_Phase30,7.0,7.0,6.0,6.0,7.0,6.071604,5.343349,5.660787,5.4062147,5.694665
P7_V6_Phase31,2.0,2.0,1.0,2.0,1.0,6.0702286,5.3417125,5.660628,5.405933,5.6932163
P7_V6_Phase4,9.0,8.0,8.0,9.0,8.0,6.0675993,5.3421364,5.6561894,5.4036446,5.693446
P7_V6_Phase5,7.0,7.0,6.0,6.0,7.0,6.066125,5.340524,5.654245,5.401238,5.6921935
P7_V6_Phase6,7.0,6.0,6.0,7.0,6.0,6.068545,5.3446374,5.6557937,5.4030375,5.6949387
P7_V6_Phase7,9.0,8.0,8.0,9.0,8.0,6.063792,5.337132,5.6535583,5.40085,5.6870594
P7_V6_Phase8,9.0,8.0,9.0,7.0,6.0,6.0697427,5.3420844,5.6592917,5.4063234,5.694132
P7_V6_Phase9,7.0,6.0,7.0,6.0,6.0,6.0704165,5.3448844,5.657652,5.4052305,5.6957145
P7_V7_Phase1,7.0,7.0,6.0,7.0,6.0,6.0653443,5.3424916,5.652999,5.3991575,5.6926074
P7_V7_Phase2,7.0,6.0,7.0,5.0,6.0,6.0752573,5.348212,5.663349,5.408969,5.7003946
P7_V7_Phase3,9.0,8.0,8.0,8.0,9.0,6.0718317,5.3462567,5.659668,5.406747,5.6976357
P7_V7_Phase4,8.0,7.0,8.0,7.0,7.0,6.0683546,5.343278,5.6566377,5.4027762,5.695076
P7_V7_Phase5,7.0,7.0,6.0,6.0,7.0,6.0707655,5.346102,5.658652,5.406089,5.697201
P7_V7_Phase6,9.0,9.0,8.0,8.0,9.0,6.068325,5.3449116,5.65532,5.4043245,5.695381
P7_V7_Phase7,7.0,6.0,7.0,5.0,5.0,6.0673876,5.3425927,5.6553593,5.4010177,5.693359
P7_V7_Phase8,2.0,2.0,1.0,2.0,1.0,6.067912,5.342977,5.6564937,5.4030666,5.6938696
P7_V8_Phase1,7.0,7.0,6.0,7.0,6.0,6.0661144,5.341058,5.6541724,5.4022694,5.691429
P7_V8_Phase10,4.0,3.0,2.0,3.0,4.0,6.068372,5.344659,5.656964,5.4029436,5.694475
P7_V8_Phase11,7.0,6.0,7.0,6.0,7.0,6.0694046,5.3444085,5.6581054,5.4038043,5.695369
P7_V8_Phase12,7.0,6.0,6.0,7.0,6.0,6.0703,5.3438396,5.6592937,5.4058647,5.696099
P7_V8_Phase13,8.0,7.0,7.0,8.0,7.0,6.072382,5.3472333,5.6600432,5.4058986,5.6986637
P7_V8_Phase14,8.0,8.0,7.0,7.0,8.0,6.061798,5.338138,5.6498675,5.3986473,5.688207
P7_V8_Phase15,9.0,8.0,9.0,8.0,9.0,6.071493,5.3458834,5.6596456,5.406049,5.6972275
P7_V8_Phase16,9.0,9.0,8.0,8.0,9.0,6.058693,5.3359666,5.6489477,5.3957844,5.6841087
P7_V8_Phase17,9.0,8.0,8.0,9.0,8.0,6.070058,5.3448615,5.6587567,5.4041243,5.696153
P7_V8_Phase18,7.0,7.0,6.0,6.0,7.0,6.070333,5.345778,5.658936,5.4044642,5.6970606
P7_V8_Phase19,6.0,5.0,4.0,5.0,6.0,6.0654593,5.3411584,5.6540966,5.400885,5.6923356
P7_V8_Phase2,7.0,7.0,6.0,6.0,7.0,6.0666265,5.3401093,5.6587133,5.401593,5.6904235
P7_V8_Phase20,7.0,7.0,6.0,5.0,6.0,6.066402,5.3423476,5.6532955,5.4010787,5.6929283
P7_V8_Phase3,9.0,8.0,8.0,9.0,8.0,6.069151,5.3439155,5.657135,5.404839,5.694725
P7_V8_Phase4,9.0,8.0,8.0,9.0,8.0,6.0691547,5.3408265,5.660196,5.4061155,5.691581
P7_V8_Phase5,7.0,7.0,6.0,6.0,7.0,6.0696297,5.3426065,5.6582265,5.4053082,5.6937304
P7_V8_Phase6,5.0,5.0,4.0,4.0,5.0,6.064875,5.341253,5.6516623,5.3998938,5.6915293
P7_V8_Phase7,7.0,7.0,6.0,6.0,7.0,6.06676,5.342488,5.65453,5.4018836,5.6932206
P7_V8_Phase8,7.0,7.0,6.0,6.0,7.0,6.064357,5.340268,5.653129,5.3989344,5.6908545
P7_V8_Phase9,7.0,6.0,7.0,6.0,7.0,6.0616198,5.3366246,5.6496835,5.396633,5.6877394
P7_V9_Phase1,7.0,7.0,6.0,6.0,7.0,6.0651135,5.34131,5.6536517,5.399642,5.691901
P7_V9_Phase10,7.0,6.0,7.0,6.0,7.0,6.0660415,5.3441663,5.653786,5.400696,5.6936812
P7_V9_Phase11,6.0,6.0,6.0,5.0,6.0,6.0676155,5.344359,5.655337,5.402177,5.694206
P7_V9_Phase12,9.0,9.0,9.0,9.0,9.0,6.066128,5.3405614,5.654884,5.400753,5.6926055
P7_V9_Phase13,7.0,6.0,5.0,6.0,6.0,6.062009,5.3356614,5.653074,5.3983126,5.685565
P7_V9_Phase14,9.0,8.0,9.0,8.0,9.0,6.068033,5.3442187,5.657004,5.4015775,5.6949186
P7_V9_Phase15,7.0,7.0,6.0,6.0,7.0,6.065501,5.341905,5.6531253,5.399897,5.6919203
P7_V9_Phase16,9.0,8.0,8.0,9.0,8.0,6.0647206,5.3406405,5.6532035,5.401309,5.690422
P7_V9_Phase17,9.0,8.0,8.0,9.0,8.0,6.072278,5.346439,5.659801,5.4060907,5.698236
P7_V9_Phase18,7.0,6.0,7.0,5.0,5.0,6.0739956,5.3479714,5.664478,5.4085097,5.6998405
P7_V9_Phase19,9.0,8.0,8.0,9.0,8.0,6.0685196,5.344088,5.656711,5.4017906,5.694526
P7_V9_Phase2,7.0,7.0,6.0,6.0,7.0,6.066284,5.3444457,5.6538415,5.4017067,5.693858
P7_V9_Phase20,7.0,7.0,6.0,6.0,7.0,6.0685577,5.3452973,5.658566,5.4024334,5.693817
P7_V9_Phase21,5.0,4.0,3.0,4.0,5.0,6.0723815,5.3498864,5.6594214,5.406482,5.6997757
P7_V9_Phase3,8.0,7.0,8.0,7.0,7.0,6.069729,5.3442645,5.6577506,5.404769,5.694924
P7_V9_Phase4,9.0,8.0,8.0,9.0,8.0,6.068367,5.3428855,5.656775,5.4030495,5.694621
P7_V9_Phase5,7.0,7.0,6.0,6.0,7.0,6.0653315,5.3369875,5.6583724,5.403944,5.68876
P7_V9_Phase6,9.0,8.0,8.0,9.0,9.0,6.069211,5.3445663,5.656329,5.4043217,5.6954527
P7_V9_Phase7,9.0,8.0,8.0,9.0,8.0,6.060567,5.3366218,5.649468,5.39655,5.687131
P7_V9_Phase8,7.0,7.0,6.0,6.0,7.0,6.0703773,5.345207,5.6588273,5.4045534,5.695856
P7_V9_Phase9,9.0,8.0,9.0,7.0,6.0,6.0652776,5.3404374,5.6527505,5.4010773,5.6921406
P8_V1_Phase1,3.0,2.0,2.0,3.0,3.0,6.0673146,5.3402443,5.6554356,5.403858,5.6913404
P8_V1_Phase10,2.0,2.0,1.0,2.0,2.0,6.068497,5.34311,5.656639,5.4047,5.6944876
P8_V1_Phase11,2.0,1.0,2.0,1.0,1.0,6.0654197,5.339359,5.655333,5.4018126,5.6900296
P8_V1_Phase12,3.0,2.0,3.0,1.0,2.0,6.069683,5.340684,5.658462,5.4070234,5.692317
P8_V1_Phase13,3.0,3.0,2.0,3.0,3.0,6.068428,5.339809,5.6582656,5.4056277,5.6907425
P8_V1_Phase14,2.0,2.0,1.0,2.0,2.0,6.068991,5.343454,5.656143,5.404131,5.694675
P8_V1_Phase15,2.0,1.0,0.0,1.0,2.0,6.0674524,5.340208,5.6584144,5.4038467,5.691378
P8_V1_Phase16,2.0,1.0,2.0,1.0,2.0,6.0678697,5.3429465,5.656077,5.4040604,5.6938677
P8_V1_Phase17,2.0,1.0,2.0,1.0,2.0,6.068932,5.3437886,5.6568856,5.404082,5.6952467
P8_V1_Phase18,2.0,2.0,1.0,2.0,2.0,6.0693083,5.3421025,5.6593843,5.4054484,5.693611
P8_V1_Phase19,2.0,2.0,1.0,2.0,2.0,6.066062,5.3416066,5.6552367,5.402236,5.6926064
P8_V1_Phase2,5.0,5.0,4.0,4.0,5.0,6.0734963,5.3460054,5.6639376,5.4104176,5.6985655
P8_V1_Phase20,2.0,1.0,2.0,1.0,1.0,6.072507,5.346976,5.6606174,5.4071455,5.698612
P8_V1_Phase21,2.0,1.0,2.0,1.0,2.0,6.071027,5.341008,5.662723,5.408666,5.6929793
P8_V1_Phase22,2.0,2.0,1.0,1.0,2.0,6.070796,5.3442016,5.659166,5.406374,5.69605
P8_V1_Phase23,2.0,1.0,1.0,2.0,2.0,6.0704947,5.3458767,5.661228,5.4052477,5.6965084
P8_V1_Phase24,2.0,1.0,1.0,2.0,1.0,6.0665674,5.3420978,5.6534247,5.4027104,5.692721
P8_V1_Phase25,2.0,1.0,0.0,1.0,2.0,6.0668945,5.341796,5.655006,5.401232,5.6936216
P8_V1_Phase26,2.0,2.0,1.0,2.0,1.0,6.060483,5.3367143,5.6481724,5.396827,5.6870575
P8_V1_Phase27,2.0,2.0,1.0,2.0,2.0,6.0681944,5.34343,5.6566596,5.402807,5.694607
P8_V1_Phase28,2.0,1.0,2.0,1.0,1.0,6.0658655,5.337754,5.656053,5.4033012,5.688469
P8_V1_Phase29,2.0,1.0,2.0,1.0,2.0,6.0692234,5.34211,5.6607146,5.4053946,5.692337
P8_V1_Phase3,2.0,2.0,1.0,2.0,2.0,6.063544,5.3415775,5.650986,5.3983045,5.6910324
P8_V1_Phase30,2.0,2.0,1.0,2.0,1.0,6.067178,5.340547,5.6566978,5.404783,5.692382
P8_V1_Phase31,2.0,2.0,1.0,2.0,1.0,6.071,5.343886,5.6600356,5.406613,5.6958585
P8_V1_Phase32,4.0,3.0,2.0,3.0,4.0,6.0661983,5.342209,5.654541,5.4007015,5.6928234
P8_V1_Phase33,3.0,3.0,1.0,2.0,3.0,6.069352,5.3423915,5.657883,5.4054294,5.694229
P8_V1_Phase34,2.0,2.0,1.0,2.0,1.0,6.0678964,5.3436446,5.6549473,5.402588,5.6944013
P8_V1_Phase35,2.0,2.0,1.0,2.0,2.0,6.0614104,5.337484,5.6494403,5.3980403,5.6881037
P8_V1_Phase36,2.0,1.0,2.0,1.0,2.0,6.0690002,5.342957,5.658062,5.4046655,5.6949058
P8_V1_Phase37,3.0,2.0,3.0,2.0,3.0,6.0703754,5.3460793,5.657537,5.4046154,5.696826
P8_V1_Phase38,2.0,2.0,1.0,2.0,2.0,6.068017,5.34121,5.6566424,5.4041066,5.6932454
P8_V1_Phase39,2.0,1.0,2.0,1.0,1.0,6.0650434,5.34037,5.6533065,5.4004793,5.690958
P8_V1_Phase4,2.0,2.0,1.0,2.0,1.0,6.0718403,5.347264,5.659524,5.405082,5.6978984
P8_V1_Phase40,2.0,1.0,2.0,1.0,2.0,6.0695753,5.341711,5.658501,5.405876,5.694607
P8_V1_Phase41,2.0,2.0,1.0,2.0,1.0,6.0651636,5.3403277,5.652516,5.400735,5.691537
P8_V1_Phase42,2.0,1.0,1.0,0.0,0.0,6.0655212,5.3412848,5.652944,5.4003887,5.6920366
P8_V1_Phase5,2.0,1.0,2.0,1.0,1.0,6.0692935,5.3439193,5.657553,5.4059925,5.6951733
P8_V1_Phase6,2.0,1.0,2.0,1.0,2.0,6.0698385,5.3442864,5.6595407,5.405205,5.6946154
P8_V1_Phase7,5.0,4.0,5.0,4.0,5.0,6.0646276,5.337984,5.6554217,5.401659,5.6883736
P8_V1_Phase8,2.0,1.0,1.0,2.0,2.0,6.0663934,5.3399987,5.654823,5.401796,5.691749
P8_V1_Phase9,2.0,1.0,2.0,1.0,2.0,6.0686502,5.3393927,5.6581707,5.406068,5.692424
P8_V2_Phase1,2.0,1.0,0.0,1.0,2.0,6.0660405,5.3415694,5.654193,5.4009614,5.6924415
P8_V2_Phase10,2.0,1.0,2.0,1.0,2.0,6.0703053,5.3424907,5.6602163,5.4061117,5.693666
P8_V2_Phase2,2.0,1.0,2.0,1.0,2.0,6.0659714,5.34186,5.653655,5.4009624,5.6929655
P8_V2_Phase3,2.0,1.0,2.0,1.0,2.0,6.070183,5.3404555,5.661513,5.407719,5.6930914
P8_V2_Phase4,5.0,4.0,5.0,4.0,4.0,6.0713997,5.346483,5.659743,5.4054775,5.6981053
P8_V2_Phase5,2.0,1.0,1.0,2.0,2.0,6.0668254,5.3431334,5.654828,5.4026346,5.693625
P8_V2_Phase6,2.0,1.0,2.0,1.0,2.0,6.064231,5.3377967,5.6523895,5.4001527,5.689901
P8_V2_Phase7,2.0,1.0,2.0,1.0,2.0,6.0690193,5.343127,5.656367,5.4034715,5.69474
P8_V2_Phase8,2.0,1.0,2.0,1.0,1.0,6.0652847,5.340814,5.653387,5.401889,5.6910696
P8_V2_Phase9,4.0,3.0,4.0,2.0,2.0,6.0726833,5.34524,5.6627536,5.408746,5.69722
P8_V3_Phase1,4.0,4.0,3.0,4.0,3.0,6.07132,5.3449135,5.660929,5.407017,5.6952333
P8_V3_Phase10,2.0,1.0,1.0,2.0,1.0,6.0672827,5.3419557,5.655038,5.403014,5.692903
P8_V3_Phase11,2.0,1.0,2.0,1.0,2.0,6.067567,5.3418136,5.65603,5.4031024,5.69326
P8_V3_Phase12,2.0,2.0,1.0,1.0,2.0,6.0702453,5.3433337,5.660598,5.4052715,5.694222
P8_V3_Phase13,2.0,1.0,0.0,1.0,1.0,6.0683904,5.3428664,5.6564474,5.402886,5.6943865
P8_V3_Phase14,2.0,1.0,1.0,2.0,1.0,6.070799,5.344585,5.6594787,5.407282,5.6966376
P8_V3_Phase15,2.0,1.0,0.0,1.0,2.0,6.0734673,5.346474,5.6633577,5.409314,5.6980166
P8_V3_Phase16,2.0,2.0,0.0,2.0,1.0,6.0705395,5.342505,5.661363,5.407695,5.6940155
P8_V3_Phase17,1.0,1.0,0.0,1.0,1.0,6.0672793,5.3431115,5.65618,5.403228,5.693836
P8_V3_Phase2,2.0,2.0,0.0,1.0,1.0,6.0687776,5.343181,5.658426,5.4052258,5.694628
P8_V3_Phase21,1.0,1.0,0.0,1.0,1.0,6.069089,5.343003,5.657932,5.4051447,5.694367
P8_V3_Phase22,2.0,1.0,1.0,2.0,1.0,6.0672693,5.342376,5.6556034,5.4032907,5.6932197
P8_V3_Phase23,2.0,2.0,0.0,2.0,2.0,6.0678816,5.3416724,5.656442,5.4048324,5.693106
P8_V3_Phase24,2.0,1.0,1.0,1.0,2.0,6.066785,5.341147,5.65539,5.4037137,5.6927896
P8_V3_Phase25,4.0,3.0,2.0,3.0,4.0,6.062913,5.3368444,5.649855,5.399122,5.6879263
P8_V3_Phase26,2.0,1.0,1.0,2.0,2.0,6.066221,5.340056,5.6559796,5.4027834,5.6906643
P8_V3_Phase27,5.0,5.0,4.0,4.0,5.0,6.068103,5.3415112,5.656677,5.4041357,5.693207
P8_V3_Phase29,2.0,1.0,0.0,1.0,2.0,6.0661306,5.3381305,5.6556306,5.4031267,5.6899624
P8_V3_Phase3,2.0,1.0,0.0,1.0,1.0,6.0678186,5.340636,5.656572,5.405117,5.691991
P8_V3_Phase30,0.0,0.0,0.0,0.0,0.0,6.068784,5.3432097,5.657003,5.403839,5.6942077
P8_V3_Phase31,4.0,3.0,3.0,4.0,3.0,6.0691514,5.344192,5.657725,5.404471,5.695535
P8_V3_Phase32,2.0,2.0,1.0,2.0,1.0,6.067664,5.341432,5.656244,5.40327,5.693272
P8_V3_Phase33,2.0,1.0,1.0,2.0,1.0,6.0675535,5.342102,5.6559777,5.4051147,5.693922
P8_V3_Phase34,1.0,1.0,0.0,1.0,1.0,6.0664334,5.338925,5.6571026,5.404148,5.690051
P8_V3_Phase35,2.0,1.0,0.0,1.0,2.0,6.06608,5.341643,5.654094,5.402158,5.6918535
P8_V3_Phase36,1.0,1.0,0.0,1.0,1.0,6.068655,5.3437214,5.6561427,5.4035897,5.6946583
P8_V3_Phase37,2.0,2.0,0.0,1.0,2.0,6.06956,5.3412395,5.659798,5.4064956,5.6928935
P8_V3_Phase38,2.0,1.0,0.0,1.0,2.0,6.063415,5.3395276,5.6517563,5.4006166,5.6900725
P8_V3_Phase39,1.0,1.0,0.0,1.0,1.0,6.0701694,5.3437905,5.6593013,5.407051,5.695031
P8_V3_Phase4,2.0,1.0,0.0,1.0,1.0,6.06853,5.34168,5.657563,5.405711,5.6927695
P8_V3_Phase40,2.0,2.0,1.0,1.0,1.0,6.069353,5.3425326,5.6579175,5.4068947,5.693103
P8_V3_Phase41,3.0,2.0,2.0,3.0,3.0,6.06829,5.341248,5.6564455,5.40485,5.692878
P8_V3_Phase42,4.0,3.0,4.0,3.0,4.0,6.068492,5.3425913,5.656979,5.4048347,5.6943235
P8_V3_Phase43,4.0,3.0,3.0,4.0,4.0,6.07062,5.3443,5.6586137,5.4067297,5.696291
P8_V3_Phase44,2.0,2.0,1.0,1.0,2.0,6.070648,5.3445096,5.659337,5.407132,5.696436
P8_V3_Phase45,2.0,2.0,0.0,1.0,2.0,6.0662446,5.3420987,5.6541867,5.402531,5.692771
P8_V3_Phase46,2.0,1.0,0.0,1.0,1.0,6.069688,5.343744,5.658578,5.4063463,5.695554
P8_V3_Phase47,1.0,0.0,0.0,1.0,1.0,6.0660944,5.3394055,5.6558,5.403343,5.689622
P8_V3_Phase48,5.0,4.0,4.0,5.0,5.0,6.0682716,5.3436313,5.656794,5.4030848,5.6946135
P8_V3_Phase49,2.0,2.0,1.0,2.0,2.0,6.0699587,5.3441854,5.6575704,5.4051313,5.695718
P8_V3_Phase5,1.0,1.0,0.0,1.0,1.0,6.065655,5.340125,5.6548796,5.4023995,5.691886
P8_V3_Phase50,4.0,4.0,3.0,3.0,4.0,6.068547,5.342605,5.6584554,5.404237,5.6930513
P8_V3_Phase51,2.0,1.0,1.0,2.0,2.0,6.0705595,5.3447747,5.659566,5.4067264,5.696588
P8_V3_Phase52,7.0,6.0,6.0,7.0,7.0,6.067513,5.3400884,5.6584654,5.404967,5.6912413
P8_V3_Phase53,1.0,1.0,0.0,1.0,1.0,6.07086,5.3448567,5.659024,5.406024,5.696609
P8_V3_Phase54,4.0,3.0,2.0,3.0,4.0,6.073101,5.3483624,5.661477,5.4068108,5.699295
P8_V3_Phase55,2.0,1.0,1.0,2.0,2.0,6.0667114,5.3414807,5.65509,5.401642,5.692783
P8_V3_Phase56,2.0,2.0,1.0,2.0,1.0,6.0634933,5.3357825,5.6526055,5.4032526,5.6865544
P8_V3_Phase57,2.0,1.0,2.0,1.0,1.0,6.0658183,5.3400636,5.6544385,5.400533,5.691161
P8_V3_Phase6,2.0,2.0,1.0,2.0,2.0,6.06653,5.3420014,5.6545587,5.4029245,5.693
P8_V3_Phase7,2.0,1.0,1.0,2.0,2.0,6.0664916,5.341127,5.654242,5.403074,5.692871
P8_V3_Phase8,2.0,2.0,1.0,1.0,2.0,6.0673227,5.3418,5.655388,5.402318,5.6935234
P8_V3_Phase9,2.0,2.0,1.0,1.0,2.0,6.0671034,5.341147,5.655748,5.4030685,5.6924086
P8_V4_Phase1,2.0,1.0,2.0,1.0,1.0,6.0591917,5.333337,5.651222,5.397784,5.683263
P8_V4_Phase2,2.0,2.0,1.0,2.0,2.0,6.070875,5.343679,5.659405,5.406664,5.6957035
P8_V4_Phase3,4.0,3.0,2.0,3.0,3.0,6.068943,5.3434634,5.656424,5.404396,5.6948977
P8_V4_Phase4,2.0,1.0,2.0,1.0,2.0,6.0690374,5.3424163,5.6577487,5.4046073,5.693714
P8_V4_Phase5,2.0,2.0,1.0,2.0,1.0,6.0708876,5.3447924,5.6599245,5.4066505,5.6968474
P8_V4_Phase6,3.0,2.0,3.0,2.0,3.0,6.0666046,5.341844,5.6547937,5.4026804,5.692712
P8_V4_Phase7,2.0,2.0,1.0,1.0,2.0,6.0698586,5.344071,5.658349,5.404993,5.6956587
P8_V4_Phase8,2.0,1.0,1.0,2.0,1.0,6.0676823,5.341398,5.6562195,5.4041424,5.6931887
P8_V5_Phase1,4.0,3.0,4.0,3.0,4.0,6.070298,5.3457227,5.6576905,5.4057283,5.696693
P8_V5_Phase2,2.0,1.0,2.0,1.0,2.0,6.0699472,5.3450713,5.6575794,5.404095,5.696228
P8_V5_Phase3,2.0,1.0,0.0,1.0,0.0,6.0652847,5.340857,5.6545157,5.4008775,5.690468
P8_V5_Phase4,2.0,1.0,2.0,1.0,1.0,6.0679865,5.342037,5.656391,5.403698,5.6935086
P8_V5_Phase5,2.0,2.0,1.0,1.0,2.0,6.067117,5.340512,5.6558886,5.403397,5.69263
P8_V5_Phase6,2.0,2.0,1.0,1.0,2.0,6.0654516,5.340121,5.652812,5.400979,5.691706
P8_V6_Phase1,3.0,2.0,2.0,3.0,3.0,6.0722404,5.3449154,5.660175,5.407257,5.697056
P8_V6_Phase2,2.0,1.0,2.0,1.0,1.0,6.0688825,5.343614,5.655989,5.403808,5.6949234
P8_V6_Phase3,2.0,1.0,1.0,2.0,2.0,6.0668116,5.3412004,5.655296,5.402167,5.6925726
P8_V6_Phase4,2.0,2.0,1.0,2.0,1.0,6.0661135,5.3403745,5.654051,5.401916,5.6917353
P8_V6_Phase5,2.0,2.0,1.0,2.0,1.0,6.069791,5.343535,5.657722,5.405589,5.6954947
P8_V6_Phase6,2.0,1.0,2.0,1.0,1.0,6.066802,5.3419113,5.6546597,5.4034853,5.692841
P8_V6_Phase7,2.0,1.0,1.0,2.0,2.0,6.06905,5.3427596,5.6567674,5.4060106,5.694833
P8_V6_Phase8,2.0,1.0,1.0,2.0,1.0,6.0648255,5.340071,5.652555,5.40125,5.6909018
P8_V7_Phase1,2.0,1.0,2.0,1.0,2.0,6.066429,5.3443904,5.653573,5.400128,5.6934214
P8_V7_Phase10,2.0,2.0,1.0,1.0,2.0,6.066722,5.341999,5.654271,5.400009,5.692624
P8_V7_Phase11,2.0,2.0,1.0,1.0,2.0,6.066043,5.3422046,5.653156,5.401083,5.692741
P8_V7_Phase12,2.0,1.0,1.0,2.0,2.0,6.070419,5.346082,5.6576552,5.403742,5.696363
P8_V7_Phase13,2.0,1.0,2.0,1.0,2.0,6.0703855,5.3458657,5.6585774,5.40421,5.6966195
P8_V7_Phase14,2.0,2.0,1.0,1.0,2.0,6.064473,5.3401604,5.6525717,5.3987904,5.690569
P8_V7_Phase15,3.0,3.0,1.0,2.0,3.0,6.0731497,5.3476777,5.661459,5.4062285,5.699031
P8_V7_Phase16,2.0,1.0,2.0,1.0,1.0,6.0705385,5.3470235,5.658388,5.404355,5.697322
P8_V7_Phase17,2.0,1.0,0.0,1.0,1.0,6.068457,5.3434567,5.6565228,5.4038363,5.694463
P8_V7_Phase18,2.0,2.0,1.0,1.0,2.0,6.0678816,5.34158,5.6555734,5.4018965,5.6931777
P8_V7_Phase19,2.0,1.0,2.0,1.0,1.0,6.0708513,5.344074,5.659079,5.406391,5.6961484
P8_V7_Phase2,2.0,1.0,2.0,1.0,1.0,6.069246,5.344169,5.65667,5.4031644,5.695389
P8_V7_Phase20,2.0,2.0,1.0,1.0,1.0,6.066113,5.341583,5.6527815,5.402218,5.69223
P8_V7_Phase3,2.0,2.0,1.0,1.0,2.0,6.0717163,5.347147,5.6594296,5.4056435,5.6977987
P8_V7_Phase4,2.0,1.0,2.0,1.0,1.0,6.0658946,5.3433795,5.651813,5.4006834,5.6928864
P8_V7_Phase5,2.0,1.0,2.0,1.0,2.0,6.065569,5.3419876,5.653051,5.399914,5.6924596
P8_V7_Phase6,2.0,1.0,2.0,1.0,1.0,6.06686,5.3415003,5.65493,5.402051,5.693157
P8_V7_Phase7,1.0,0.0,1.0,0.0,1.0,6.066248,5.342858,5.6543565,5.4012337,5.6931214
P8_V7_Phase8,2.0,1.0,2.0,1.0,2.0,6.0714283,5.346294,5.659644,5.405762,5.697798
P8_V7_Phase9,2.0,2.0,1.0,1.0,2.0,6.0711784,5.3460364,5.6604047,5.4061394,5.6969852
P9_V1_Phase1,2.0,2.0,1.0,2.0,2.0,6.0665603,5.3413086,5.65476,5.402956,5.6927557
P9_V1_Phase10,4.0,3.0,4.0,3.0,4.0,6.0694575,5.3438315,5.65674,5.4042664,5.695263
P9_V1_Phase11,3.0,2.0,3.0,2.0,2.0,6.0598927,5.336453,5.6490903,5.3970537,5.6862445
P9_V1_Phase12,2.0,1.0,2.0,1.0,2.0,6.068108,5.343018,5.6563964,5.40291,5.693737
P9_V1_Phase13,2.0,1.0,1.0,2.0,1.0,6.065522,5.341568,5.652336,5.402805,5.691847
P9_V1_Phase14,5.0,4.0,4.0,5.0,5.0,6.0712214,5.3443537,5.6596437,5.4067307,5.6963086
P9_V1_Phase15,2.0,1.0,1.0,0.0,1.0,6.0630326,5.338536,5.650542,5.399031,5.6890526
P9_V1_Phase16,4.0,4.0,3.0,3.0,4.0,6.071662,5.347485,5.6590576,5.405017,5.6979036
P9_V1_Phase17,4.0,3.0,2.0,3.0,4.0,6.0655375,5.3411374,5.65373,5.4012656,5.692461
P9_V1_Phase18,2.0,2.0,1.0,2.0,1.0,6.0704174,5.3462596,5.657998,5.4028273,5.6969023
P9_V1_Phase19,7.0,6.0,6.0,7.0,6.0,6.0707703,5.34447,5.659785,5.407086,5.6954784
P9_V1_Phase2,5.0,4.0,5.0,4.0,4.0,6.0654554,5.3391123,5.654905,5.401403,5.690683
P9_V1_Phase20,2.0,1.0,2.0,1.0,2.0,6.067858,5.3403077,5.658262,5.4049416,5.6922545
P9_V1_Phase21,6.0,5.0,6.0,5.0,6.0,6.0756655,5.347715,5.6631007,5.4114323,5.700317
P9_V1_Phase22,2.0,2.0,1.0,1.0,2.0,6.070649,5.346331,5.6582837,5.404928,5.6964135
P9_V1_Phase23,4.0,3.0,3.0,4.0,3.0,6.0705633,5.3416967,5.662639,5.4068155,5.693247
P9_V1_Phase24,7.0,7.0,6.0,6.0,7.0,6.0685763,5.3413253,5.6573567,5.4041843,5.6937666
P9_V1_Phase25,6.0,5.0,6.0,5.0,6.0,6.0650005,5.339475,5.6533217,5.4012995,5.69049
P9_V1_Phase26,2.0,1.0,2.0,1.0,1.0,6.0699496,5.3411093,5.6592994,5.4076204,5.6929855
P9_V1_Phase27,2.0,1.0,1.0,2.0,1.0,6.070817,5.3429704,5.6601553,5.4068766,5.695918
P9_V1_Phase28,2.0,1.0,1.0,2.0,1.0,6.0678616,5.343408,5.6562505,5.4037557,5.693775
P9_V1_Phase29,2.0,2.0,0.0,2.0,2.0,6.0688815,5.3435874,5.6559205,5.40411,5.693549
P9_V1_Phase3,5.0,4.0,4.0,5.0,4.0,6.0676637,5.340855,5.656326,5.4048743,5.691621
P9_V1_Phase30,2.0,1.0,2.0,1.0,1.0,6.0685377,5.3430114,5.6578054,5.40504,5.6943207
P9_V1_Phase31,4.0,3.0,4.0,3.0,4.0,6.071879,5.3423557,5.6619444,5.4086084,5.6952763
P9_V1_Phase32,2.0,2.0,1.0,1.0,2.0,6.065747,5.3431726,5.6526346,5.3997064,5.6925297
P9_V1_Phase33,5.0,4.0,5.0,3.0,3.0,6.0732136,5.34798,5.6617465,5.406886,5.6983957
P9_V1_Phase34,2.0,1.0,2.0,0.0,0.0,6.06525,5.3414974,5.652491,5.3989725,5.6922727
P9_V1_Phase35,2.0,1.0,2.0,1.0,2.0,6.067569,5.342758,5.6555085,5.4042196,5.6932135
P9_V1_Phase36,4.0,3.0,3.0,4.0,4.0,6.0672026,5.3417997,5.655561,5.4024224,5.692965
P9_V1_Phase4,2.0,1.0,2.0,1.0,2.0,6.0646596,5.3394394,5.652743,5.400443,5.689641
P9_V1_Phase5,2.0,1.0,1.0,2.0,1.0,6.0702677,5.3468957,5.6577477,5.4053793,5.6974545
P9_V1_Phase6,3.0,2.0,2.0,3.0,3.0,6.0678077,5.342148,5.6578135,5.4050817,5.6933246
P9_V1_Phase7,2.0,2.0,1.0,2.0,1.0,6.0658884,5.3408256,5.65575,5.4018574,5.692262
P9_V1_Phase8,2.0,1.0,1.0,2.0,1.0,6.06498,5.34015,5.652452,5.400472,5.690939
P9_V1_Phase9,2.0,1.0,1.0,2.0,1.0,6.067814,5.343779,5.6556435,5.4022713,5.6941476
P9_V2_Phase1,2.0,1.0,0.0,1.0,2.0,6.0728436,5.345322,5.661899,5.4076457,5.6978006
P9_V2_Phase10,1.0,0.0,1.0,0.0,1.0,6.066465,5.341877,5.6529355,5.402156,5.692383
P9_V2_Phase11,2.0,1.0,1.0,2.0,1.0,6.0680265,5.3413525,5.6563244,5.4045577,5.6923776
P9_V2_Phase12,1.0,1.0,0.0,1.0,0.0,6.0734205,5.3489575,5.662131,5.406552,5.6992655
P9_V2_Phase13,2.0,1.0,2.0,1.0,2.0,6.0694947,5.341129,5.659625,5.404719,5.6923165
P9_V2_Phase14,1.0,1.0,0.0,1.0,0.0,6.0700307,5.341643,5.660693,5.4073687,5.6923923
P9_V2_Phase15,2.0,1.0,2.0,1.0,2.0,6.0751934,5.3442783,5.664387,5.411515,5.6962814
P9_V2_Phase16,2.0,2.0,1.0,2.0,1.0,6.061988,5.3366365,5.653451,5.400361,5.6866984
P9_V2_Phase17,2.0,2.0,0.0,2.0,2.0,6.069292,5.345062,5.656776,5.4041443,5.6956863
P9_V2_Phase18,2.0,2.0,1.0,2.0,1.0,6.0649405,5.3401446,5.652947,5.4008694,5.6913495
P9_V2_Phase2,1.0,1.0,0.0,1.0,1.0,6.069004,5.343983,5.6563544,5.4040365,5.6954813
P9_V2_Phase20,2.0,1.0,1.0,2.0,1.0,6.0672336,5.336347,5.6607356,5.407411,5.687544
P9_V2_Phase21,2.0,2.0,1.0,1.0,2.0,6.0659647,5.342238,5.6540275,5.401927,5.6927514
P9_V2_Phase22,1.0,1.0,0.0,1.0,0.0,6.0674863,5.3439,5.6557474,5.402685,5.6942205
P9_V2_Phase23,2.0,1.0,1.0,2.0,1.0,6.072217,5.3445067,5.662045,5.4085445,5.6962647
P9_V2_Phase24,2.0,1.0,1.0,2.0,1.0,6.0665255,5.3410053,5.6558976,5.4019375,5.69118
P9_V2_Phase25,2.0,1.0,2.0,1.0,0.0,6.0748224,5.34887,5.663124,5.4081125,5.6997275
P9_V2_Phase26,2.0,1.0,1.0,2.0,2.0,6.0712357,5.3483624,5.6592793,5.40569,5.698535
P9_V2_Phase27,2.0,1.0,2.0,1.0,1.0,6.0726595,5.348514,5.660864,5.406541,5.699559
P9_V2_Phase28,2.0,1.0,1.0,2.0,1.0,6.068218,5.3430986,5.65709,5.402648,5.694571
P9_V2_Phase29,2.0,1.0,1.0,0.0,0.0,6.0707116,5.3416033,5.6613555,5.4079275,5.692991
P9_V2_Phase3,1.0,1.0,0.0,1.0,0.0,6.0702996,5.3433585,5.658342,5.4049006,5.694488
P9_V2_Phase30,4.0,3.0,4.0,3.0,3.0,6.068993,5.3446383,5.655416,5.404768,5.694986
P9_V2_Phase31,2.0,2.0,1.0,1.0,2.0,6.0702515,5.3459954,5.6585193,5.405266,5.6970115
P9_V2_Phase32,2.0,1.0,0.0,1.0,2.0,6.070339,5.346518,5.6589465,5.404171,5.697204
P9_V2_Phase33,2.0,2.0,0.0,1.0,2.0,6.068784,5.342737,5.657931,5.4044714,5.694846
P9_V2_Phase34,2.0,1.0,2.0,1.0,2.0,6.0785785,5.3499894,5.669287,5.4128685,5.7028112
P9_V2_Phase4,2.0,1.0,1.0,2.0,1.0,6.070264,5.344176,5.6597934,5.4047565,5.6951256
P9_V2_Phase5,2.0,1.0,1.0,2.0,1.0,6.0684185,5.3446527,5.656055,5.4045143,5.6954994
P9_V2_Phase6,1.0,0.0,1.0,0.0,1.0,6.0726867,5.350304,5.66246,5.4043226,5.6994753
P9_V2_Phase7,1.0,1.0,0.0,1.0,0.0,6.0650096,5.3404326,5.652882,5.400229,5.69187
P9_V2_Phase8,1.0,1.0,0.0,0.0,1.0,6.068058,5.3431826,5.655747,5.403977,5.694433
P9_V2_Phase9,2.0,1.0,1.0,2.0,1.0,6.071016,5.3452363,5.6602964,5.4066124,5.6971292
P9_V3_Phase1,3.0,2.0,3.0,3.0,2.0,6.068363,5.342831,5.6561375,5.403305,5.694356
P9_V3_Phase10,2.0,1.0,1.0,2.0,1.0,6.069807,5.344645,5.6583853,5.405223,5.695557
P9_V3_Phase11,2.0,1.0,1.0,2.0,2.0,6.0643086,5.341008,5.6515307,5.4007797,5.6907854
P9_V3_Phase12,2.0,2.0,1.0,1.0,2.0,6.0675426,5.3421082,5.6555943,5.4033175,5.6937504
P9_V3_Phase13,2.0,2.0,1.0,1.0,2.0,6.071901,5.3471017,5.6603675,5.4057274,5.697383
P9_V3_Phase2,2.0,2.0,1.0,1.0,2.0,6.0684915,5.3410163,5.656877,5.40373,5.693373
P9_V3_Phase3,2.0,1.0,2.0,1.0,1.0,6.0693803,5.344056,5.6574645,5.4035025,5.695483
P9_V3_Phase4,2.0,2.0,1.0,2.0,1.0,6.0680714,5.3421865,5.6564293,5.403049,5.6934476
P9_V3_Phase5,2.0,1.0,1.0,2.0,1.0,6.063818,5.3403325,5.6512914,5.3990135,5.6906633
P9_V3_Phase6,2.0,2.0,1.0,1.0,2.0,6.066707,5.3430853,5.654425,5.402424,5.6927166
P9_V3_Phase7,2.0,1.0,2.0,1.0,2.0,6.0686984,5.343188,5.656217,5.404939,5.694336
P9_V3_Phase8,2.0,1.0,2.0,1.0,1.0,6.062332,5.338622,5.6490774,5.397353,5.688841
P9_V3_Phase9,2.0,1.0,2.0,1.0,1.0,6.067083,5.3421483,5.655724,5.401422,5.6938114
P9_V4_Phase1,4.0,4.0,3.0,4.0,3.0,6.07132,5.3449135,5.660929,5.407017,5.6952333
P9_V4_Phase10,2.0,1.0,1.0,2.0,1.0,6.0672827,5.3419557,5.655038,5.403014,5.692903
P9_V4_Phase11,2.0,1.0,2.0,1.0,2.0,6.067567,5.3418136,5.65603,5.4031024,5.69326
P9_V4_Phase12,2.0,2.0,1.0,1.0,2.0,6.0702453,5.3433337,5.660598,5.4052715,5.694222
P9_V4_Phase13,2.0,1.0,0.0,1.0,1.0,6.0683904,5.3428664,5.6564474,5.402886,5.6943865
P9_V4_Phase14,2.0,1.0,1.0,2.0,1.0,6.070799,5.344585,5.6594787,5.407282,5.6966376
P9_V4_Phase15,2.0,1.0,0.0,1.0,2.0,6.0734673,5.346474,5.6633577,5.409314,5.6980166
P9_V4_Phase16,2.0,2.0,0.0,2.0,1.0,6.0705395,5.342505,5.661363,5.407695,5.6940155
P9_V4_Phase17,1.0,1.0,0.0,1.0,1.0,6.0672793,5.3431115,5.65618,5.403228,5.693836
P9_V4_Phase2,2.0,2.0,0.0,1.0,1.0,6.0687776,5.343181,5.658426,5.4052258,5.694628
P9_V4_Phase21,1.0,1.0,0.0,1.0,1.0,6.069089,5.343003,5.657932,5.4051447,5.694367
P9_V4_Phase22,2.0,1.0,1.0,2.0,1.0,6.0672693,5.342376,5.6556034,5.4032907,5.6932197
P9_V4_Phase23,2.0,2.0,0.0,2.0,2.0,6.0678816,5.3416724,5.656442,5.4048324,5.693106
P9_V4_Phase24,2.0,1.0,1.0,1.0,2.0,6.066785,5.341147,5.65539,5.4037137,5.6927896
P9_V4_Phase25,4.0,3.0,2.0,3.0,4.0,6.062913,5.3368444,5.649855,5.399122,5.6879263
P9_V4_Phase26,2.0,1.0,1.0,2.0,2.0,6.066221,5.340056,5.6559796,5.4027834,5.6906643
P9_V4_Phase27,5.0,5.0,4.0,4.0,5.0,6.068103,5.3415112,5.656677,5.4041357,5.693207
P9_V4_Phase29,2.0,1.0,0.0,1.0,2.0,6.0661306,5.3381305,5.6556306,5.4031267,5.6899624
P9_V4_Phase3,2.0,1.0,0.0,1.0,1.0,6.0678186,5.340636,5.656572,5.405117,5.691991
P9_V4_Phase30,0.0,0.0,0.0,0.0,0.0,6.068784,5.3432097,5.657003,5.403839,5.6942077
P9_V4_Phase31,4.0,3.0,3.0,4.0,3.0,6.0691514,5.344192,5.657725,5.404471,5.695535
P9_V4_Phase32,2.0,2.0,1.0,2.0,1.0,6.067664,5.341432,5.656244,5.40327,5.693272
P9_V4_Phase33,2.0,1.0,1.0,2.0,1.0,6.0675535,5.342102,5.6559777,5.4051147,5.693922
P9_V4_Phase34,1.0,1.0,0.0,1.0,1.0,6.0664334,5.338925,5.6571026,5.404148,5.690051
P9_V4_Phase35,2.0,1.0,0.0,1.0,2.0,6.06608,5.341643,5.654094,5.402158,5.6918535
P9_V4_Phase36,1.0,1.0,0.0,1.0,1.0,6.068655,5.3437214,5.6561427,5.4035897,5.6946583
P9_V4_Phase37,2.0,2.0,0.0,1.0,2.0,6.06956,5.3412395,5.659798,5.4064956,5.6928935
P9_V4_Phase38,2.0,1.0,0.0,1.0,2.0,6.063415,5.3395276,5.6517563,5.4006166,5.6900725
P9_V4_Phase39,1.0,1.0,0.0,1.0,1.0,6.0701694,5.3437905,5.6593013,5.407051,5.695031
P9_V4_Phase4,2.0,1.0,0.0,1.0,1.0,6.06853,5.34168,5.657563,5.405711,5.6927695
P9_V4_Phase40,2.0,2.0,1.0,1.0,1.0,6.069353,5.3425326,5.6579175,5.4068947,5.693103
P9_V4_Phase41,3.0,2.0,2.0,3.0,3.0,6.06829,5.341248,5.6564455,5.40485,5.692878
P9_V4_Phase42,4.0,3.0,4.0,3.0,4.0,6.068492,5.3425913,5.656979,5.4048347,5.6943235
P9_V4_Phase43,4.0,3.0,3.0,4.0,4.0,6.07062,5.3443,5.6586137,5.4067297,5.696291
P9_V4_Phase44,2.0,2.0,1.0,1.0,2.0,6.070648,5.3445096,5.659337,5.407132,5.696436
P9_V4_Phase45,2.0,2.0,0.0,1.0,2.0,6.0662446,5.3420987,5.6541867,5.402531,5.692771
P9_V4_Phase46,2.0,1.0,0.0,1.0,1.0,6.069688,5.343744,5.658578,5.4063463,5.695554
P9_V4_Phase47,1.0,0.0,0.0,1.0,1.0,6.0660944,5.3394055,5.6558,5.403343,5.689622
P9_V4_Phase48,5.0,4.0,4.0,5.0,5.0,6.0682716,5.3436313,5.656794,5.4030848,5.6946135
P9_V4_Phase49,2.0,2.0,1.0,2.0,2.0,6.0699587,5.3441854,5.6575704,5.4051313,5.695718
P9_V4_Phase5,1.0,1.0,0.0,1.0,1.0,6.065655,5.340125,5.6548796,5.4023995,5.691886
P9_V4_Phase50,4.0,4.0,3.0,3.0,4.0,6.068547,5.342605,5.6584554,5.404237,5.6930513
P9_V4_Phase51,2.0,1.0,1.0,2.0,2.0,6.0705595,5.3447747,5.659566,5.4067264,5.696588
P9_V4_Phase52,7.0,6.0,6.0,7.0,7.0,6.067513,5.3400884,5.6584654,5.404967,5.6912413
P9_V4_Phase53,1.0,1.0,0.0,1.0,1.0,6.07086,5.3448567,5.659024,5.406024,5.696609
P9_V4_Phase54,4.0,3.0,2.0,3.0,4.0,6.073101,5.3483624,5.661477,5.4068108,5.699295
P9_V4_Phase55,2.0,1.0,1.0,2.0,2.0,6.0667114,5.3414807,5.65509,5.401642,5.692783
P9_V4_Phase56,2.0,2.0,1.0,2.0,1.0,6.0634933,5.3357825,5.6526055,5.4032526,5.6865544
P9_V4_Phase57,2.0,1.0,2.0,1.0,1.0,6.0658183,5.3400636,5.6544385,5.400533,5.691161
P9_V4_Phase6,2.0,2.0,1.0,2.0,2.0,6.06653,5.3420014,5.6545587,5.4029245,5.693
P9_V4_Phase7,2.0,1.0,1.0,2.0,2.0,6.0664916,5.341127,5.654242,5.403074,5.692871
P9_V4_Phase8,2.0,2.0,1.0,1.0,2.0,6.0673227,5.3418,5.655388,5.402318,5.6935234
P9_V4_Phase9,2.0,2.0,1.0,1.0,2.0,6.0671034,5.341147,5.655748,5.4030685,5.6924086
P9_V5_Phase1,3.0,2.0,2.0,3.0,2.0,6.070827,5.346765,5.658421,5.404601,5.6975427
P9_V5_Phase10,2.0,1.0,1.0,2.0,1.0,6.06839,5.3418593,5.6579757,5.4058485,5.693116
P9_V5_Phase11,5.0,4.0,4.0,5.0,4.0,6.066903,5.3406224,5.6556983,5.403176,5.6915636
P9_V5_Phase12,4.0,3.0,2.0,3.0,3.0,6.066711,5.3409133,5.656141,5.4036074,5.691229
P9_V5_Phase13,3.0,3.0,2.0,2.0,3.0,6.0697355,5.342949,5.6588826,5.406659,5.694446
P9_V5_Phase14,3.0,2.0,3.0,1.0,1.0,6.0708637,5.346454,5.6600165,5.4049225,5.695962
P9_V5_Phase15,3.0,3.0,2.0,2.0,3.0,6.0677066,5.343307,5.6552606,5.4025364,5.6934824
P9_V5_Phase16,5.0,4.0,4.0,5.0,4.0,6.0660105,5.3405294,5.6546574,5.4001455,5.691249
P9_V5_Phase17,7.0,6.0,6.0,7.0,6.0,6.065363,5.3427114,5.6524963,5.400577,5.6924043
P9_V5_Phase18,2.0,1.0,2.0,1.0,1.0,6.0681767,5.3437347,5.6549516,5.402939,5.693759
P9_V5_Phase19,7.0,6.0,7.0,6.0,6.0,6.06565,5.341858,5.653196,5.40016,5.692191
P9_V5_Phase2,7.0,7.0,6.0,6.0,7.0,6.0697975,5.341581,5.6587853,5.405633,5.693957
P9_V5_Phase20,5.0,4.0,5.0,4.0,4.0,6.068224,5.3426957,5.656132,5.402398,5.693954
P9_V5_Phase21,2.0,1.0,2.0,1.0,2.0,6.066415,5.340817,5.65459,5.402813,5.6923795
P9_V5_Phase22,5.0,4.0,5.0,4.0,4.0,6.072539,5.346104,5.661629,5.408901,5.6977267
P9_V5_Phase23,7.0,6.0,6.0,7.0,6.0,6.0712743,5.347036,5.659081,5.406271,5.697933
P9_V5_Phase24,2.0,2.0,1.0,2.0,1.0,6.0703926,5.343153,5.6595683,5.4072227,5.694654
P9_V5_Phase25,7.0,7.0,6.0,6.0,7.0,6.0722885,5.3432975,5.6611066,5.408943,5.6964884
P9_V5_Phase26,2.0,2.0,1.0,1.0,2.0,6.0719624,5.3452086,5.660435,5.4068584,5.6962423
P9_V5_Phase27,7.0,6.0,7.0,5.0,5.0,6.0682025,5.3424664,5.657063,5.40312,5.693241
P9_V5_Phase28,5.0,4.0,5.0,4.0,5.0,6.0723777,5.3438487,5.662096,5.4089994,5.6968927
P9_V5_Phase29,2.0,2.0,1.0,2.0,1.0,6.067538,5.343389,5.6552253,5.4025474,5.694187
P9_V5_Phase3,7.0,7.0,6.0,6.0,7.0,6.0712824,5.3437943,5.660518,5.407468,5.696327
P9_V5_Phase30,2.0,2.0,1.0,2.0,1.0,6.071278,5.3448935,5.6593575,5.406392,5.6968184
P9_V5_Phase31,2.0,1.0,2.0,1.0,2.0,6.068317,5.3418665,5.6572423,5.4039693,5.693596
P9_V5_Phase32,7.0,7.0,6.0,6.0,7.0,6.0670853,5.3404975,5.6563582,5.403541,5.6917877
P9_V5_Phase33,7.0,7.0,6.0,6.0,7.0,6.0718923,5.3438287,5.66228,5.4075613,5.695282
P9_V5_Phase34,4.0,3.0,4.0,3.0,3.0,6.073109,5.344669,5.66283,5.408906,5.6982875
P9_V5_Phase35,7.0,6.0,7.0,4.0,4.0,6.0660954,5.341738,5.654271,5.402922,5.690836
P9_V5_Phase36,4.0,3.0,4.0,3.0,3.0,6.070694,5.3444176,5.659082,5.4058437,5.6949544
P9_V5_Phase37,4.0,3.0,4.0,2.0,2.0,6.0738335,5.34645,5.6647277,5.4104576,5.6981463
P9_V5_Phase38,8.0,7.0,7.0,8.0,7.0,6.0678086,5.3397307,5.658788,5.404166,5.6917324
P9_V5_Phase39,2.0,2.0,1.0,1.0,2.0,6.067846,5.3411083,5.6592894,5.405847,5.691041
P9_V5_Phase4,3.0,2.0,2.0,3.0,3.0,6.0705605,5.344073,5.6591077,5.407793,5.695526
P9_V5_Phase40,2.0,1.0,2.0,1.0,2.0,6.0699224,5.3438945,5.658528,5.40619,5.6954713
P9_V5_Phase41,7.0,6.0,6.0,7.0,6.0,6.0704393,5.3462524,5.6574254,5.404612,5.69674
P9_V5_Phase42,2.0,2.0,1.0,1.0,2.0,6.071257,5.344104,5.6600685,5.4071007,5.6963224
P9_V5_Phase43,2.0,1.0,2.0,1.0,1.0,6.068405,5.3418746,5.657782,5.4049716,5.694742
P9_V5_Phase44,2.0,1.0,2.0,1.0,1.0,6.071648,5.3441567,5.660185,5.4077463,5.696315
P9_V5_Phase45,6.0,6.0,6.0,5.0,5.0,6.066644,5.343762,5.655429,5.401867,5.692299
P9_V5_Phase46,6.0,5.0,6.0,5.0,5.0,6.072672,5.342578,5.6631465,5.4083605,5.6949763
P9_V5_Phase47,2.0,2.0,1.0,2.0,1.0,6.0666656,5.3418407,5.65494,5.402416,5.6927423
P9_V5_Phase48,2.0,2.0,1.0,1.0,2.0,6.066404,5.3430085,5.6551304,5.4014463,5.6933575
P9_V5_Phase49,2.0,2.0,1.0,2.0,1.0,6.068443,5.3445992,5.65696,5.4035425,5.694479
P9_V5_Phase5,7.0,6.0,6.0,7.0,6.0,6.069468,5.34243,5.6582494,5.406047,5.694287
P9_V5_Phase50,4.0,3.0,4.0,2.0,2.0,6.0692043,5.342573,5.657907,5.404559,5.694865
P9_V5_Phase51,4.0,3.0,2.0,3.0,3.0,6.0764294,5.3500853,5.6669025,5.411316,5.701825
P9_V5_Phase52,8.0,7.0,8.0,6.0,6.0,6.067624,5.340467,5.656593,5.403694,5.6919155
P9_V5_Phase53,7.0,6.0,6.0,7.0,6.0,6.069681,5.3382115,5.6588025,5.406757,5.6907206
P9_V5_Phase54,7.0,7.0,6.0,6.0,7.0,6.069402,5.34159,5.65877,5.406186,5.6928654
P9_V5_Phase55,2.0,2.0,1.0,2.0,1.0,6.0700483,5.3426795,5.6585317,5.407407,5.6953754
P9_V5_Phase56,2.0,2.0,1.0,2.0,1.0,6.0661287,5.341578,5.6537633,5.402397,5.6922936
P9_V5_Phase57,7.0,7.0,6.0,6.0,5.0,6.067218,5.3371387,5.6595254,5.4060116,5.6900415
P9_V5_Phase58,2.0,1.0,2.0,1.0,2.0,6.0696344,5.3406525,5.662555,5.406122,5.6912594
P9_V5_Phase59,2.0,1.0,2.0,1.0,2.0,6.0678854,5.3421855,5.655908,5.4044566,5.693463
P9_V5_Phase6,5.0,5.0,4.0,4.0,5.0,6.072217,5.3472333,5.659789,5.4066687,5.6979237
P9_V5_Phase60,3.0,2.0,2.0,3.0,2.0,6.0722485,5.3446403,5.6612573,5.408121,5.6973486
P9_V5_Phase61,2.0,1.0,1.0,2.0,1.0,6.0687437,5.341534,5.657095,5.405121,5.6934905
P9_V5_Phase62,7.0,6.0,6.0,7.0,6.0,6.069684,5.341023,5.660894,5.406044,5.6930633
P9_V5_Phase63,7.0,6.0,7.0,6.0,5.0,6.0701933,5.3437357,5.658795,5.4074826,5.695673
P9_V5_Phase64,7.0,7.0,6.0,6.0,7.0,6.066617,5.3407183,5.6553197,5.402718,5.6925154
P9_V5_Phase7,5.0,4.0,4.0,5.0,4.0,6.0710573,5.346727,5.6592073,5.4043965,5.6973395
P9_V5_Phase8,7.0,6.0,6.0,7.0,6.0,6.061091,5.336491,5.656157,5.3983893,5.685789
P9_V5_Phase9,2.0,2.0,1.0,2.0,1.0,6.0716267,5.34687,5.6594768,5.406666,5.6980276
P9_V6_Phase1,2.0,1.0,2.0,1.0,2.0,6.069309,5.3450565,5.657457,5.4029837,5.6956654
P9_V6_Phase2,2.0,1.0,1.0,2.0,1.0,6.071034,5.34455,5.659743,5.4067,5.6967883
P9_V6_Phase3,2.0,1.0,1.0,2.0,1.0,6.068903,5.343376,5.6574464,5.4046974,5.6942015
P9_V6_Phase4,2.0,1.0,1.0,2.0,1.0,6.066765,5.3401885,5.655909,5.403543,5.691264
P9_V6_Phase5,2.0,2.0,1.0,1.0,0.0,6.0717597,5.3462205,5.6598926,5.405457,5.6971645
P9_V6_Phase6,2.0,1.0,2.0,1.0,1.0,6.0673637,5.3442874,5.6548786,5.4031343,5.694641
